品类,标准合同一级科目,标准合同二级科目,标准合同名称,标准合同编号,,,,,,,,,,,,,,,,,,,,,,,,,,,,,,,,,,,
专业分包,EPC设计费,甲指土建EPC设计费,甲指土建EPC设计合同,BZSJ-001,,,,,,,,,,,,,,,,,,,,,,,,,,,,,,,,,,,
专业分包,专业工程暂估,土建专业工程暂估,土建专业工程暂估合同,BZZYZG-003,,,,,,,,,,,,,,,,,,,,,,,,,,,,,,,,,,,
专业分包,专业工程暂估,机电专业工程暂估,机电专业工程暂估合同,BZZYZG-002,,,,,,,,,,,,,,,,,,,,,,,,,,,,,,,,,,,
专业分包,企业管理费,咨询服务费,物料验收系统供货及安装合同,BZKB-098,,,,,,,,,,,,,,,,,,,,,,,,,,,,,,,,,,,
专业分包,企业管理费,咨询服务费,礼仪服务分包合同,BZKB-080,,,,,,,,,,,,,,,,,,,,,,,,,,,,,,,,,,,
专业分包,其他收入,总承包服务费,总承包服务分包合同,BZQTSR-002,,,,,,,,,,,,,,,,,,,,,,,,,,,,,,,,,,,
专业分包,勘察设计费,甲指土建勘察费,甲指土建勘察合同,BZSJ-010,,,,,,,,,,,,,,,,,,,,,,,,,,,,,,,,,,,
专业分包,勘察设计费,甲指土建设计费,甲指土建设计合同,BZSJ-005,,,,,,,,,,,,,,,,,,,,,,,,,,,,,,,,,,,
专业分包,土建分包工程费,主体结构工程费,屋顶拉索施工分包合同,BZFJ-046,,,,,,,,,,,,,,,,,,,,,,,,,,,,,,,,,,,
专业分包,土建分包工程费,主体结构工程费,结构剪力墙螺杆洞封堵分包合同,BZFJ-165,,,,,,,,,,,,,,,,,,,,,,,,,,,,,,,,,,,
专业分包,土建分包工程费,主体结构工程费,脚手架工程分包合同,BZKB-049,,,,,,,,,,,,,,,,,,,,,,,,,,,,,,,,,,,
专业分包,土建分包工程费,主体结构工程费,预制构件施工分包合同,BZFJ-086,,,,,,,,,,,,,,,,,,,,,,,,,,,,,,,,,,,
专业分包,土建分包工程费,主体结构工程费,预应力施工分包合同,BZFJ-020,,,,,,,,,,,,,,,,,,,,,,,,,,,,,,,,,,,
专业分包,土建分包工程费,二次结构及粗装修工程费,二次结构及粗装修分包合同,BZFJ-057,,,,,,,,,,,,,,,,,,,,,,,,,,,,,,,,,,,
专业分包,土建分包工程费,二次结构及粗装修工程费,安石粉施工分包合同,BZFJ-058,,,,,,,,,,,,,,,,,,,,,,,,,,,,,,,,,,,
专业分包,土建分包工程费,二次结构及粗装修工程费,排气道供货及安装合同,BZFJ-059,,,,,,,,,,,,,,,,,,,,,,,,,,,,,,,,,,,
专业分包,土建分包工程费,二次结构及粗装修工程费,轻质隔墙供货及安装合同,BZFJ-061,,,,,,,,,,,,,,,,,,,,,,,,,,,,,,,,,,,
专业分包,土建分包工程费,二次结构及粗装修工程费,轻集料混凝土分包合同,BZFJ-031,,,,,,,,,,,,,,,,,,,,,,,,,,,,,,,,,,,
专业分包,土建分包工程费,二次结构及粗装修工程费,预制设备基础分包合同,BZFJ-163,,,,,,,,,,,,,,,,,,,,,,,,,,,,,,,,,,,
专业分包,土建分包工程费,交安工程费,交安工程分包合同,BZFJ-091,,,,,,,,,,,,,,,,,,,,,,,,,,,,,,,,,,,
专业分包,土建分包工程费,交安工程费,机械车位施工分包合同,BZFJ-130,,,,,,,,,,,,,,,,,,,,,,,,,,,,,,,,,,,
专业分包,土建分包工程费,人防工程费,人防设施供货及安装合同,BZFJ-068,,,,,,,,,,,,,,,,,,,,,,,,,,,,,,,,,,,
专业分包,土建分包工程费,保修费,保修合同,BZFJ-138,,,,,,,,,,,,,,,,,,,,,,,,,,,,,,,,,,,
专业分包,土建分包工程费,保温节能工程费,保温工程分包合同,BZFJ-084,,,,,,,,,,,,,,,,,,,,,,,,,,,,,,,,,,,
专业分包,土建分包工程费,保温节能工程费,泡沫混凝土供货及施工合同,BZFJ-055,,,,,,,,,,,,,,,,,,,,,,,,,,,,,,,,,,,
专业分包,土建分包工程费,其他零星工程费,防火封堵分包合同,BZFJ-122,,,,,,,,,,,,,,,,,,,,,,,,,,,,,,,,,,,
专业分包,土建分包工程费,创优工程费,创优工程合同,BZKB-147,,,,,,,,,,,,,,,,,,,,,,,,,,,,,,,,,,,
专业分包,土建分包工程费,土石方工程费,回填工程分包合同,BZFJ-002,,,,,,,,,,,,,,,,,,,,,,,,,,,,,,,,,,,
专业分包,土建分包工程费,土石方工程费,土石方工程分包合同,BZFJ-001,,,,,,,,,,,,,,,,,,,,,,,,,,,,,,,,,,,
专业分包,土建分包工程费,地基处理与边坡支护工程费,地下连续墙施工分包合同,BZFJ-008,,,,,,,,,,,,,,,,,,,,,,,,,,,,,,,,,,,
专业分包,土建分包工程费,地基处理与边坡支护工程费,地基强夯分包合同,BZFJ-100,,,,,,,,,,,,,,,,,,,,,,,,,,,,,,,,,,,
专业分包,土建分包工程费,地基处理与边坡支护工程费,基础换填分包合同,BZFJ-099,,,,,,,,,,,,,,,,,,,,,,,,,,,,,,,,,,,
专业分包,土建分包工程费,地基处理与边坡支护工程费,旋喷桩施工分包合同,BZFJ-012,,,,,,,,,,,,,,,,,,,,,,,,,,,,,,,,,,,
专业分包,土建分包工程费,地基处理与边坡支护工程费,水泥搅拌桩施工分包合同,BZFJ-013,,,,,,,,,,,,,,,,,,,,,,,,,,,,,,,,,,,
专业分包,土建分包工程费,地基处理与边坡支护工程费,水泥粉煤灰碎石桩施工分包合同,BZFJ-014,,,,,,,,,,,,,,,,,,,,,,,,,,,,,,,,,,,
专业分包,土建分包工程费,地基处理与边坡支护工程费,注浆地基施工分包合同,BZFJ-096,,,,,,,,,,,,,,,,,,,,,,,,,,,,,,,,,,,
专业分包,土建分包工程费,地基处理与边坡支护工程费,边坡支护工程分包合同,BZFJ-006,,,,,,,,,,,,,,,,,,,,,,,,,,,,,,,,,,,
专业分包,土建分包工程费,地基处理与边坡支护工程费,钢支撑施工分包合同,BZFJ-077,,,,,,,,,,,,,,,,,,,,,,,,,,,,,,,,,,,
专业分包,土建分包工程费,地基处理与边坡支护工程费,钢支撑租赁合同,BZFJ-009,,,,,,,,,,,,,,,,,,,,,,,,,,,,,,,,,,,
专业分包,土建分包工程费,地基处理与边坡支护工程费,钢板桩施工分包合同,BZFJ-098,,,,,,,,,,,,,,,,,,,,,,,,,,,,,,,,,,,
专业分包,土建分包工程费,地基处理与边坡支护工程费,钢筋混凝土支撑分包合同,BZFJ-010,,,,,,,,,,,,,,,,,,,,,,,,,,,,,,,,,,,
专业分包,土建分包工程费,地基处理与边坡支护工程费,钻孔灌注桩（围护桩）施工分包合同,BZFJ-097,,,,,,,,,,,,,,,,,,,,,,,,,,,,,,,,,,,
专业分包,土建分包工程费,基坑降水工程费,降水工程分包合同,BZFJ-005,,,,,,,,,,,,,,,,,,,,,,,,,,,,,,,,,,,
专业分包,土建分包工程费,外装修工程费,外墙涂料施工分包合同,BZFJ-073,,,,,,,,,,,,,,,,,,,,,,,,,,,,,,,,,,,
专业分包,土建分包工程费,外装修工程费,外墙贴砖分包合同,BZFJ-107,,,,,,,,,,,,,,,,,,,,,,,,,,,,,,,,,,,
专业分包,土建分包工程费,外装修工程费,屋面瓦施工分包合同,BZFJ-035,,,,,,,,,,,,,,,,,,,,,,,,,,,,,,,,,,,
专业分包,土建分包工程费,外装修工程费,幕墙分包合同,BZFJ-074,,,,,,,,,,,,,,,,,,,,,,,,,,,,,,,,,,,
专业分包,土建分包工程费,工程保障服务费,竣工收尾分包合同,BZFJ-139,,,,,,,,,,,,,,,,,,,,,,,,,,,,,,,,,,,
专业分包,土建分包工程费,建筑地坪工程费,地坪施工分包合同,BZFJ-063,,,,,,,,,,,,,,,,,,,,,,,,,,,,,,,,,,,
专业分包,土建分包工程费,总平土建工程费,VI视觉识别系统分包合同,BZFJ-140,,,,,,,,,,,,,,,,,,,,,,,,,,,,,,,,,,,
专业分包,土建分包工程费,总平土建工程费,体育设施供货及安装合同,BZYL-005,,,,,,,,,,,,,,,,,,,,,,,,,,,,,,,,,,,
专业分包,土建分包工程费,总平土建工程费,古建筑施工分包合同,BZFJ-148,,,,,,,,,,,,,,,,,,,,,,,,,,,,,,,,,,,
专业分包,土建分包工程费,总平土建工程费,园路工程分包合同,BZYL-006,,,,,,,,,,,,,,,,,,,,,,,,,,,,,,,,,,,
专业分包,土建分包工程费,总平土建工程费,景观工程分包合同,BZYL-007,,,,,,,,,,,,,,,,,,,,,,,,,,,,,,,,,,,
专业分包,土建分包工程费,总平土建工程费,正式道路工程分包合同,BZYL-001,,,,,,,,,,,,,,,,,,,,,,,,,,,,,,,,,,,
专业分包,土建分包工程费,总平土建工程费,绿化养护服务合同,BZYL-009,,,,,,,,,,,,,,,,,,,,,,,,,,,,,,,,,,,
专业分包,土建分包工程费,总平土建工程费,绿化工程分包合同,BZYL-002,,,,,,,,,,,,,,,,,,,,,,,,,,,,,,,,,,,
专业分包,土建分包工程费,拆改加固工程费,加固改造工程分包合同,BZFJ-029,,,,,,,,,,,,,,,,,,,,,,,,,,,,,,,,,,,
专业分包,土建分包工程费,拆改加固工程费,拆除工程分包合同,BZFJ-092,,,,,,,,,,,,,,,,,,,,,,,,,,,,,,,,,,,
专业分包,土建分包工程费,桩基础工程费,抗浮锚杆施工分包合同,BZFJ-004,,,,,,,,,,,,,,,,,,,,,,,,,,,,,,,,,,,
专业分包,土建分包工程费,桩基础工程费,钻孔灌注桩（正式桩）分包合同,BZFJ-015,,,,,,,,,,,,,,,,,,,,,,,,,,,,,,,,,,,
专业分包,土建分包工程费,桩基础工程费,预制混凝土桩施工分包合同,BZFJ-016,,,,,,,,,,,,,,,,,,,,,,,,,,,,,,,,,,,
专业分包,土建分包工程费,洁净工程费,洁净工程分包合同,BZFJ-167,,,,,,,,,,,,,,,,,,,,,,,,,,,,,,,,,,,
专业分包,土建分包工程费,精装修工程费,墙柱面与隔断施工分包合同,BZFJ-037,,,,,,,,,,,,,,,,,,,,,,,,,,,,,,,,,,,
专业分包,土建分包工程费,精装修工程费,天棚工程施工分包合同,BZFJ-033,,,,,,,,,,,,,,,,,,,,,,,,,,,,,,,,,,,
专业分包,土建分包工程费,精装修工程费,楼地面施工分包合同,BZFJ-018,,,,,,,,,,,,,,,,,,,,,,,,,,,,,,,,,,,
专业分包,土建分包工程费,精装修工程费,精装修分包合同,BZFJ-069,,,,,,,,,,,,,,,,,,,,,,,,,,,,,,,,,,,
专业分包,土建分包工程费,金属结构工程费,压型钢板施工分包合同,BZFJ-042,,,,,,,,,,,,,,,,,,,,,,,,,,,,,,,,,,,
专业分包,土建分包工程费,金属结构工程费,膜结构分包合同,BZFJ-164,,,,,,,,,,,,,,,,,,,,,,,,,,,,,,,,,,,
专业分包,土建分包工程费,金属结构工程费,钢爬梯供货及安装合同,BZFJ-045,,,,,,,,,,,,,,,,,,,,,,,,,,,,,,,,,,,
专业分包,土建分包工程费,金属结构工程费,钢结构专用吊车租赁及服务合同,BZKB-095,,,,,,,,,,,,,,,,,,,,,,,,,,,,,,,,,,,
专业分包,土建分包工程费,金属结构工程费,钢结构墙板供货及安装合同,BZFJ-038,,,,,,,,,,,,,,,,,,,,,,,,,,,,,,,,,,,
专业分包,土建分包工程费,金属结构工程费,钢结构工程分包合同,BZFJ-036,,,,,,,,,,,,,,,,,,,,,,,,,,,,,,,,,,,
专业分包,土建分包工程费,金属结构工程费,钢结构防火涂料施工分包合同,BZFJ-039,,,,,,,,,,,,,,,,,,,,,,,,,,,,,,,,,,,
专业分包,土建分包工程费,金属装饰工程费,变形缝施工分包合同,BZFJ-146,,,,,,,,,,,,,,,,,,,,,,,,,,,,,,,,,,,
专业分包,土建分包工程费,金属装饰工程费,栏杆扶手供货及安装合同,BZFJ-066,,,,,,,,,,,,,,,,,,,,,,,,,,,,,,,,,,,
专业分包,土建分包工程费,金属装饰工程费,百叶门窗供货及安装合同,BZFJ-078,,,,,,,,,,,,,,,,,,,,,,,,,,,,,,,,,,,
专业分包,土建分包工程费,金属装饰工程费,钢结构加工制作分包合同,BZFJ-183,,,,,,,,,,,,,,,,,,,,,,,,,,,,,,,,,,,
专业分包,土建分包工程费,门窗工程费,塑钢门窗供货及安装合同,BZFJ-102,,,,,,,,,,,,,,,,,,,,,,,,,,,,,,,,,,,
专业分包,土建分包工程费,门窗工程费,木质门窗供货及安装合同,BZFJ-104,,,,,,,,,,,,,,,,,,,,,,,,,,,,,,,,,,,
专业分包,土建分包工程费,门窗工程费,泄爆及抗爆系统分包合同,BZFJ-154,,,,,,,,,,,,,,,,,,,,,,,,,,,,,,,,,,,
专业分包,土建分包工程费,门窗工程费,特种门窗供货及安装合同,BZFJ-105,,,,,,,,,,,,,,,,,,,,,,,,,,,,,,,,,,,
专业分包,土建分包工程费,门窗工程费,金属门窗供货及安装合同,BZFJ-101,,,,,,,,,,,,,,,,,,,,,,,,,,,,,,,,,,,
专业分包,土建分包工程费,门窗工程费,防火门窗供货及安装合同,BZFJ-103,,,,,,,,,,,,,,,,,,,,,,,,,,,,,,,,,,,
专业分包,土建分包工程费,防水防腐工程费,疏水层施工分包合同,BZFJ-166,,,,,,,,,,,,,,,,,,,,,,,,,,,,,,,,,,,
专业分包,土建分包工程费,防水防腐工程费,防水堵漏分包合同,BZFJ-177,,,,,,,,,,,,,,,,,,,,,,,,,,,,,,,,,,,
专业分包,土建分包工程费,防水防腐工程费,防水工程分包合同,BZFJ-032,,,,,,,,,,,,,,,,,,,,,,,,,,,,,,,,,,,
专业分包,土建分包工程费,防水防腐工程费,防腐工程分包合同,BZFJ-175,,,,,,,,,,,,,,,,,,,,,,,,,,,,,,,,,,,
专业分包,土建材料采购费,商品混凝土采购费,沥青混凝土采购合同,BZFJ-155,,,,,,,,,,,,,,,,,,,,,,,,,,,,,,,,,,,
专业分包,土建材料采购费,油漆涂料类材料采购费,路面标识涂料采购合同,BZFJ-156,,,,,,,,,,,,,,,,,,,,,,,,,,,,,,,,,,,
专业分包,土建材料采购费,金属类材料采购费,栏杆扶手材料采购合同,BZFJ-119,,,,,,,,,,,,,,,,,,,,,,,,,,,,,,,,,,,
专业分包,土建材料采购费,金属类材料采购费,百叶门窗材料采购合同,BZFJ-147,,,,,,,,,,,,,,,,,,,,,,,,,,,,,,,,,,,
专业分包,土建材料采购费,钢结构构件采购费,钢结构成品采购合同,BZFJ-128,,,,,,,,,,,,,,,,,,,,,,,,,,,,,,,,,,,
专业分包,土建材料采购费,钢结构构件采购费,零星钢构件采购合同,BZFJ-017,,,,,,,,,,,,,,,,,,,,,,,,,,,,,,,,,,,
专业分包,土建材料采购费,门窗材料采购费,塑钢门窗材料采购合同,BZFJ-056,,,,,,,,,,,,,,,,,,,,,,,,,,,,,,,,,,,
专业分包,土建材料采购费,门窗材料采购费,木质门窗材料采购合同,BZFJ-143,,,,,,,,,,,,,,,,,,,,,,,,,,,,,,,,,,,
专业分包,土建材料采购费,门窗材料采购费,金属门窗材料采购合同,BZFJ-144,,,,,,,,,,,,,,,,,,,,,,,,,,,,,,,,,,,
专业分包,基础设施分包工程费,主体结构工程费,保修合同,BZJCSS-245,,,,,,,,,,,,,,,,,,,,,,,,,,,,,,,,,,,
专业分包,基础设施分包工程费,主体结构工程费,外脚手架租赁搭拆分包合同,BZJCSS-042,,,,,,,,,,,,,,,,,,,,,,,,,,,,,,,,,,,
专业分包,基础设施分包工程费,主体结构工程费,应急抢险工程分包合同,BZJCSS-101,,,,,,,,,,,,,,,,,,,,,,,,,,,,,,,,,,,
专业分包,基础设施分包工程费,主体结构工程费,活动板房采购及安装合同,BZJCSS-242,,,,,,,,,,,,,,,,,,,,,,,,,,,,,,,,,,,
专业分包,基础设施分包工程费,主体结构工程费,竣工收尾分包合同,BZJCSS-244,,,,,,,,,,,,,,,,,,,,,,,,,,,,,,,,,,,
专业分包,基础设施分包工程费,主体结构工程费,综合接地分包合同,BZJCSS-102,,,,,,,,,,,,,,,,,,,,,,,,,,,,,,,,,,,
专业分包,基础设施分包工程费,主体结构工程费,预制构件安装分包合同,BZJCSS-100,,,,,,,,,,,,,,,,,,,,,,,,,,,,,,,,,,,
专业分包,基础设施分包工程费,二次结构及粗装修工程费,安石粉供货及施工合同,BZJCSS-215,,,,,,,,,,,,,,,,,,,,,,,,,,,,,,,,,,,
专业分包,基础设施分包工程费,二次结构及粗装修工程费,粗装修分包合同,BZJCSS-041,,,,,,,,,,,,,,,,,,,,,,,,,,,,,,,,,,,
专业分包,基础设施分包工程费,二次结构及粗装修工程费,轻质隔墙分包合同,BZJCSS-039,,,,,,,,,,,,,,,,,,,,,,,,,,,,,,,,,,,
专业分包,基础设施分包工程费,二次结构及粗装修工程费,轻集料混凝土分包合同,BZJCSS-214,,,,,,,,,,,,,,,,,,,,,,,,,,,,,,,,,,,
专业分包,基础设施分包工程费,交通工程费,交安工程分包合同,BZJCSS-010,,,,,,,,,,,,,,,,,,,,,,,,,,,,,,,,,,,
专业分包,基础设施分包工程费,交通工程费,交通导改工程分包合同,BZJCSS-060,,,,,,,,,,,,,,,,,,,,,,,,,,,,,,,,,,,
专业分包,基础设施分包工程费,交通工程费,交通疏解工程分包合同,BZJCSS-061,,,,,,,,,,,,,,,,,,,,,,,,,,,,,,,,,,,
专业分包,基础设施分包工程费,人防工程费,人防设备分包合同,BZJCSS-037,,,,,,,,,,,,,,,,,,,,,,,,,,,,,,,,,,,
专业分包,基础设施分包工程费,保温节能工程费,保温施工分包合同,BZJCSS-050,,,,,,,,,,,,,,,,,,,,,,,,,,,,,,,,,,,
专业分包,基础设施分包工程费,保温节能工程费,无机纤维喷涂施工分包合同,BZJCSS-048,,,,,,,,,,,,,,,,,,,,,,,,,,,,,,,,,,,
专业分包,基础设施分包工程费,保温节能工程费,泡沫混凝土施工分包合同,BZJCSS-049,,,,,,,,,,,,,,,,,,,,,,,,,,,,,,,,,,,
专业分包,基础设施分包工程费,创优工程费,创优工程合同,BZKB-149,,,,,,,,,,,,,,,,,,,,,,,,,,,,,,,,,,,
专业分包,基础设施分包工程费,园林景观工程费,回填土（种植土）工程分包合同,BZJCSS-058,,,,,,,,,,,,,,,,,,,,,,,,,,,,,,,,,,,
专业分包,基础设施分包工程费,园林景观工程费,园林景观工程分包合同,BZJCSS-053,,,,,,,,,,,,,,,,,,,,,,,,,,,,,,,,,,,
专业分包,基础设施分包工程费,园林景观工程费,园路、桥假山工程分包合同,BZJCSS-056,,,,,,,,,,,,,,,,,,,,,,,,,,,,,,,,,,,
专业分包,基础设施分包工程费,园林景观工程费,栽植花木分包合同,BZJCSS-052,,,,,,,,,,,,,,,,,,,,,,,,,,,,,,,,,,,
专业分包,基础设施分包工程费,园林景观工程费,绿地喷灌分包合同,BZJCSS-055,,,,,,,,,,,,,,,,,,,,,,,,,,,,,,,,,,,
专业分包,基础设施分包工程费,土石方工程费,回填土工程分包合同,BZJCSS-084,,,,,,,,,,,,,,,,,,,,,,,,,,,,,,,,,,,
专业分包,基础设施分包工程费,土石方工程费,土石方工程分包合同,BZJCSS-001,,,,,,,,,,,,,,,,,,,,,,,,,,,,,,,,,,,
专业分包,基础设施分包工程费,土石方工程费,场地清理分包合同,BZJCSS-089,,,,,,,,,,,,,,,,,,,,,,,,,,,,,,,,,,,
专业分包,基础设施分包工程费,土石方工程费,采空区工程分包合同,BZJCSS-002,,,,,,,,,,,,,,,,,,,,,,,,,,,,,,,,,,,
专业分包,基础设施分包工程费,地基处理工程费,CFG桩分包合同,BZJCSS-081,,,,,,,,,,,,,,,,,,,,,,,,,,,,,,,,,,,
专业分包,基础设施分包工程费,地基处理工程费,地基压密注浆分包合同,BZJCSS-092,,,,,,,,,,,,,,,,,,,,,,,,,,,,,,,,,,,
专业分包,基础设施分包工程费,地基处理工程费,搅拌桩分包合同,BZJCSS-091,,,,,,,,,,,,,,,,,,,,,,,,,,,,,,,,,,,
专业分包,基础设施分包工程费,地基处理工程费,旋喷桩分包合同,BZJCSS-080,,,,,,,,,,,,,,,,,,,,,,,,,,,,,,,,,,,
专业分包,基础设施分包工程费,地基处理工程费,碎石桩分包合同,BZJCSS-057,,,,,,,,,,,,,,,,,,,,,,,,,,,,,,,,,,,
专业分包,基础设施分包工程费,基坑与边坡支护工程费,土钉墙、喷锚护坡分包合同,BZJCSS-029,,,,,,,,,,,,,,,,,,,,,,,,,,,,,,,,,,,
专业分包,基础设施分包工程费,基坑与边坡支护工程费,地下连续墙分包合同,BZJCSS-033,,,,,,,,,,,,,,,,,,,,,,,,,,,,,,,,,,,
专业分包,基础设施分包工程费,基坑与边坡支护工程费,钢支撑安装拆除分包合同,BZJCSS-030,,,,,,,,,,,,,,,,,,,,,,,,,,,,,,,,,,,
专业分包,基础设施分包工程费,基坑与边坡支护工程费,钢板桩分包合同,BZJCSS-003,,,,,,,,,,,,,,,,,,,,,,,,,,,,,,,,,,,
专业分包,基础设施分包工程费,基坑与边坡支护工程费,钢格构柱及支撑桩分包合同,BZJCSS-031,,,,,,,,,,,,,,,,,,,,,,,,,,,,,,,,,,,
专业分包,基础设施分包工程费,基坑与边坡支护工程费,钢筋混凝土支撑拆除分包合同,BZJCSS-032,,,,,,,,,,,,,,,,,,,,,,,,,,,,,,,,,,,
专业分包,基础设施分包工程费,基坑降水工程费,降水分包合同,BZJCSS-034,,,,,,,,,,,,,,,,,,,,,,,,,,,,,,,,,,,
专业分包,基础设施分包工程费,外装修工程费,外墙涂料施工分包合同,BZJCSS-104,,,,,,,,,,,,,,,,,,,,,,,,,,,,,,,,,,,
专业分包,基础设施分包工程费,外装修工程费,外墙贴砖分包合同,BZJCSS-106,,,,,,,,,,,,,,,,,,,,,,,,,,,,,,,,,,,
专业分包,基础设施分包工程费,外装修工程费,屋面瓦施工合同,BZJCSS-103,,,,,,,,,,,,,,,,,,,,,,,,,,,,,,,,,,,
专业分包,基础设施分包工程费,外装修工程费,幕墙分包合同,BZJCSS-105,,,,,,,,,,,,,,,,,,,,,,,,,,,,,,,,,,,
专业分包,基础设施分包工程费,岸堤整治工程费,岸堤整治工程分包合同,BZJCSS-095,,,,,,,,,,,,,,,,,,,,,,,,,,,,,,,,,,,
专业分包,基础设施分包工程费,建筑地坪工程费,建筑地坪分包合同,BZJCSS-213,,,,,,,,,,,,,,,,,,,,,,,,,,,,,,,,,,,
专业分包,基础设施分包工程费,拆除工程费,加固改造工程分包合同,BZJCSS-076,,,,,,,,,,,,,,,,,,,,,,,,,,,,,,,,,,,
专业分包,基础设施分包工程费,拆除工程费,拆除护栏合同,BZJCSS-088,,,,,,,,,,,,,,,,,,,,,,,,,,,,,,,,,,,
专业分包,基础设施分包工程费,拆除工程费,拆除旧路基路面合同,BZJCSS-087,,,,,,,,,,,,,,,,,,,,,,,,,,,,,,,,,,,
专业分包,基础设施分包工程费,拆除工程费,拆除管网、设备分包合同,BZJCSS-099,,,,,,,,,,,,,,,,,,,,,,,,,,,,,,,,,,,
专业分包,基础设施分包工程费,拆除工程费,拆除结构物合同,BZJCSS-086,,,,,,,,,,,,,,,,,,,,,,,,,,,,,,,,,,,
专业分包,基础设施分包工程费,拆除工程费,植筋、开洞施工合同,BZJCSS-077,,,,,,,,,,,,,,,,,,,,,,,,,,,,,,,,,,,
专业分包,基础设施分包工程费,桥涵工程费,伸缩缝加工及安装合同,BZJCSS-072,,,,,,,,,,,,,,,,,,,,,,,,,,,,,,,,,,,
专业分包,基础设施分包工程费,桥涵工程费,悬索、钢拉杆分包合同,BZJCSS-069,,,,,,,,,,,,,,,,,,,,,,,,,,,,,,,,,,,
专业分包,基础设施分包工程费,桥涵工程费,桥面系分包合同,BZJCSS-093,,,,,,,,,,,,,,,,,,,,,,,,,,,,,,,,,,,
专业分包,基础设施分包工程费,桥涵工程费,涵洞工程分包合同,BZJCSS-014,,,,,,,,,,,,,,,,,,,,,,,,,,,,,,,,,,,
专业分包,基础设施分包工程费,桥涵工程费,箱梁、T梁预制、安装分包合同,BZJCSS-070,,,,,,,,,,,,,,,,,,,,,,,,,,,,,,,,,,,
专业分包,基础设施分包工程费,桥涵工程费,边坡防护工程分包合同,BZJCSS-011,,,,,,,,,,,,,,,,,,,,,,,,,,,,,,,,,,,
专业分包,基础设施分包工程费,桥涵工程费,钢箱梁工程分包合同,BZJCSS-015,,,,,,,,,,,,,,,,,,,,,,,,,,,,,,,,,,,
专业分包,基础设施分包工程费,桥涵工程费,隔声屏障加工及安装合同,BZJCSS-018,,,,,,,,,,,,,,,,,,,,,,,,,,,,,,,,,,,
专业分包,基础设施分包工程费,桩基础工程费,圆木桩分包合同,BZJCSS-090,,,,,,,,,,,,,,,,,,,,,,,,,,,,,,,,,,,
专业分包,基础设施分包工程费,桩基础工程费,挖孔桩工程合同,BZJCSS-013,,,,,,,,,,,,,,,,,,,,,,,,,,,,,,,,,,,
专业分包,基础设施分包工程费,桩基础工程费,桩后压浆分包合同,BZJCSS-025,,,,,,,,,,,,,,,,,,,,,,,,,,,,,,,,,,,
专业分包,基础设施分包工程费,桩基础工程费,钻孔灌注桩分包合同,BZJCSS-012,,,,,,,,,,,,,,,,,,,,,,,,,,,,,,,,,,,
专业分包,基础设施分包工程费,桩基础工程费,预制钢筋混凝土桩分包合同,BZJCSS-082,,,,,,,,,,,,,,,,,,,,,,,,,,,,,,,,,,,
专业分包,基础设施分包工程费,水处理工程费,垃圾站施工分包合同,BZJCSS-022,,,,,,,,,,,,,,,,,,,,,,,,,,,,,,,,,,,
专业分包,基础设施分包工程费,水处理工程费,水处理构筑物分包合同,BZJCSS-021,,,,,,,,,,,,,,,,,,,,,,,,,,,,,,,,,,,
专业分包,基础设施分包工程费,水处理工程费,水处理设备分包合同,BZJCSS-083,,,,,,,,,,,,,,,,,,,,,,,,,,,,,,,,,,,
专业分包,基础设施分包工程费,清淤工程费,清淤工程分包合同,BZJCSS-075,,,,,,,,,,,,,,,,,,,,,,,,,,,,,,,,,,,
专业分包,基础设施分包工程费,生态修复工程费,生态修复工程分包合同,BZJCSS-094,,,,,,,,,,,,,,,,,,,,,,,,,,,,,,,,,,,
专业分包,基础设施分包工程费,电力工程费,弱电工程分包合同,BZJCSS-020,,,,,,,,,,,,,,,,,,,,,,,,,,,,,,,,,,,
专业分包,基础设施分包工程费,电力工程费,电力工程分包合同,BZJCSS-019,,,,,,,,,,,,,,,,,,,,,,,,,,,,,,,,,,,
专业分包,基础设施分包工程费,盾构出渣工程费,盾构渣土外运工程分包合同,BZJCSS-062,,,,,,,,,,,,,,,,,,,,,,,,,,,,,,,,,,,
专业分包,基础设施分包工程费,盾构掘进施工费,盾构区间堵漏工程分包合同,BZJCSS-217,,,,,,,,,,,,,,,,,,,,,,,,,,,,,,,,,,,
专业分包,基础设施分包工程费,盾构掘进施工费,盾构区间管片修补工程分包合同,BZJCSS-216,,,,,,,,,,,,,,,,,,,,,,,,,,,,,,,,,,,
专业分包,基础设施分包工程费,盾构掘进施工费,盾构联络通道工程分包合同,BZJCSS-028,,,,,,,,,,,,,,,,,,,,,,,,,,,,,,,,,,,
专业分包,基础设施分包工程费,盾构掘进施工费,隧道应急抢险工程分包合同,BZJCSS-218,,,,,,,,,,,,,,,,,,,,,,,,,,,,,,,,,,,
专业分包,基础设施分包工程费,盾构洞门加固施工费,大管棚施工分包合同,BZJCSS-064,,,,,,,,,,,,,,,,,,,,,,,,,,,,,,,,,,,
专业分包,基础设施分包工程费,盾构洞门加固施工费,盾构洞门冷冻法加固工程分包合同,BZJCSS-219,,,,,,,,,,,,,,,,,,,,,,,,,,,,,,,,,,,
专业分包,基础设施分包工程费,盾构洞门加固施工费,袖阀管施工分包合同,BZJCSS-063,,,,,,,,,,,,,,,,,,,,,,,,,,,,,,,,,,,
专业分包,基础设施分包工程费,盾构风险源加固施工费,钢管隔离桩分包合同,BZJCSS-065,,,,,,,,,,,,,,,,,,,,,,,,,,,,,,,,,,,
专业分包,基础设施分包工程费,盾构风险源加固施工费,预留孔注浆分包合同,BZJCSS-066,,,,,,,,,,,,,,,,,,,,,,,,,,,,,,,,,,,
专业分包,基础设施分包工程费,管线迁改施工费,管线切改分包合同（电力、燃气、给水、通信、排水、电力、热力等）,BZJCSS-220,,,,,,,,,,,,,,,,,,,,,,,,,,,,,,,,,,,
专业分包,基础设施分包工程费,管网工程费,给水、排水、污水、消防水工程分包合同,BZJCSS-059,,,,,,,,,,,,,,,,,,,,,,,,,,,,,,,,,,,
专业分包,基础设施分包工程费,管网工程费,通风空调分包合同,BZJCSS-079,,,,,,,,,,,,,,,,,,,,,,,,,,,,,,,,,,,
专业分包,基础设施分包工程费,管网工程费,顶管分包合同,BZJCSS-097,,,,,,,,,,,,,,,,,,,,,,,,,,,,,,,,,,,
专业分包,基础设施分包工程费,精装修工程费,墙柱面装饰与隔断工程分包合同,BZJCSS-109,,,,,,,,,,,,,,,,,,,,,,,,,,,,,,,,,,,
专业分包,基础设施分包工程费,精装修工程费,天棚工程分包合同,BZJCSS-108,,,,,,,,,,,,,,,,,,,,,,,,,,,,,,,,,,,
专业分包,基础设施分包工程费,精装修工程费,楼地面装饰工程分包合同,BZJCSS-107,,,,,,,,,,,,,,,,,,,,,,,,,,,,,,,,,,,
专业分包,基础设施分包工程费,精装修工程费,精装修分包合同,BZJCSS-110,,,,,,,,,,,,,,,,,,,,,,,,,,,,,,,,,,,
专业分包,基础设施分包工程费,精装修工程费,门窗工程分包合同,BZJCSS-193,,,,,,,,,,,,,,,,,,,,,,,,,,,,,,,,,,,
专业分包,基础设施分包工程费,试验费（公路）,中心试验室分包合同,BZKB-106,,,,,,,,,,,,,,,,,,,,,,,,,,,,,,,,,,,
专业分包,基础设施分包工程费,路灯工程费,照明工程分包合同,BZJCSS-051,,,,,,,,,,,,,,,,,,,,,,,,,,,,,,,,,,,
专业分包,基础设施分包工程费,道路工程费,人行道施工分包合同,BZJCSS-009,,,,,,,,,,,,,,,,,,,,,,,,,,,,,,,,,,,
专业分包,基础设施分包工程费,道路工程费,路基工程分包合同,BZJCSS-027,,,,,,,,,,,,,,,,,,,,,,,,,,,,,,,,,,,
专业分包,基础设施分包工程费,道路工程费,路面基层、底基层工程合同,BZJCSS-007,,,,,,,,,,,,,,,,,,,,,,,,,,,,,,,,,,,
专业分包,基础设施分包工程费,道路工程费,路面工程分包合同,BZJCSS-026,,,,,,,,,,,,,,,,,,,,,,,,,,,,,,,,,,,
专业分包,基础设施分包工程费,道路工程费,重夯、强夯工程分包合同,BZJCSS-008,,,,,,,,,,,,,,,,,,,,,,,,,,,,,,,,,,,
专业分包,基础设施分包工程费,金属结构工程费,压型钢板安装分包合同,BZJCSS-043,,,,,,,,,,,,,,,,,,,,,,,,,,,,,,,,,,,
专业分包,基础设施分包工程费,金属结构工程费,钢爬梯加工制造运输安装合同,BZJCSS-044,,,,,,,,,,,,,,,,,,,,,,,,,,,,,,,,,,,
专业分包,基础设施分包工程费,金属结构工程费,钢结构加工制作分包合同,BZJCSS-017,,,,,,,,,,,,,,,,,,,,,,,,,,,,,,,,,,,
专业分包,基础设施分包工程费,金属结构工程费,钢结构加工制作安装分包合同,BZJCSS-016,,,,,,,,,,,,,,,,,,,,,,,,,,,,,,,,,,,
专业分包,基础设施分包工程费,金属结构工程费,钢结构安装分包合同,BZJCSS-004,,,,,,,,,,,,,,,,,,,,,,,,,,,,,,,,,,,
专业分包,基础设施分包工程费,金属结构工程费,钢结构涂料分包合同,BZJCSS-005,,,,,,,,,,,,,,,,,,,,,,,,,,,,,,,,,,,
专业分包,基础设施分包工程费,金属装饰工程费,栏杆扶手供货安装合同,BZJCSS-047,,,,,,,,,,,,,,,,,,,,,,,,,,,,,,,,,,,
专业分包,基础设施分包工程费,金属装饰工程费,栏杆类供货安装合同,BZJCSS-046,,,,,,,,,,,,,,,,,,,,,,,,,,,,,,,,,,,
专业分包,基础设施分包工程费,金属装饰工程费,铝合金百叶供货安装合同,BZJCSS-045,,,,,,,,,,,,,,,,,,,,,,,,,,,,,,,,,,,
专业分包,基础设施分包工程费,钢筋加工工程费,钢筋加工及安装分包合同,BZJCSS-078,,,,,,,,,,,,,,,,,,,,,,,,,,,,,,,,,,,
专业分包,基础设施分包工程费,钢筋加工工程费,预应力分包合同,BZJCSS-023,,,,,,,,,,,,,,,,,,,,,,,,,,,,,,,,,,,
专业分包,基础设施分包工程费,防水工程费,刚性防水分包合同,BZJCSS-067,,,,,,,,,,,,,,,,,,,,,,,,,,,,,,,,,,,
专业分包,基础设施分包工程费,防水工程费,卷材类防水分包合同,BZJCSS-036,,,,,,,,,,,,,,,,,,,,,,,,,,,,,,,,,,,
专业分包,基础设施分包工程费,防水工程费,涂膜类防水分包合同,BZJCSS-035,,,,,,,,,,,,,,,,,,,,,,,,,,,,,,,,,,,
专业分包,基础设施分包工程费,防水工程费,防水堵漏分包合同,BZJCSS-246,,,,,,,,,,,,,,,,,,,,,,,,,,,,,,,,,,,
专业分包,基础设施分包工程费,防水工程费,防腐工程分包合同,BZJCSS-243,,,,,,,,,,,,,,,,,,,,,,,,,,,,,,,,,,,
专业分包,基础设施分包工程费,隧道工程费,拖拉管分包合同,BZJCSS-071,,,,,,,,,,,,,,,,,,,,,,,,,,,,,,,,,,,
专业分包,基础设施分包工程费,隧道工程费,暗挖工程分包合同,BZJCSS-098,,,,,,,,,,,,,,,,,,,,,,,,,,,,,,,,,,,
专业分包,安装分包工程费,人防工程费,人防工程分包合同,BZAZ-023,,,,,,,,,,,,,,,,,,,,,,,,,,,,,,,,,,,
专业分包,安装分包工程费,保温工程费,空调水保温工程分包合同,BZAZ-007,,,,,,,,,,,,,,,,,,,,,,,,,,,,,,,,,,,
专业分包,安装分包工程费,保温工程费,给排水保温工程分包合同,BZAZ-005,,,,,,,,,,,,,,,,,,,,,,,,,,,,,,,,,,,
专业分包,安装分包工程费,保温工程费,通风保温工程分包合同,BZAZ-006,,,,,,,,,,,,,,,,,,,,,,,,,,,,,,,,,,,
专业分包,安装分包工程费,分体空调工程费,分体空调、VRV供应及安装分包合同,BZAZ-027,,,,,,,,,,,,,,,,,,,,,,,,,,,,,,,,,,,
专业分包,安装分包工程费,创优工程费,创优工程合同,BZKB-148,,,,,,,,,,,,,,,,,,,,,,,,,,,,,,,,,,,
专业分包,安装分包工程费,医疗气体工程费,医疗气体工程分包合同,BZAZ-024,,,,,,,,,,,,,,,,,,,,,,,,,,,,,,,,,,,
专业分包,安装分包工程费,医疗管道工程费,医疗管道分包合同,BZAZ-136,,,,,,,,,,,,,,,,,,,,,,,,,,,,,,,,,,,
专业分包,安装分包工程费,太阳能系统工程费,太阳能工程分包合同,BZAZ-014,,,,,,,,,,,,,,,,,,,,,,,,,,,,,,,,,,,
专业分包,安装分包工程费,小市政工程费,小市政工程分包合同,BZAZ-012,,,,,,,,,,,,,,,,,,,,,,,,,,,,,,,,,,,
专业分包,安装分包工程费,工艺管道工程费,工艺管道分包合同,BZAZ-030,,,,,,,,,,,,,,,,,,,,,,,,,,,,,,,,,,,
专业分包,安装分包工程费,弱电工程费,弱电工程分包合同,BZAZ-010,,,,,,,,,,,,,,,,,,,,,,,,,,,,,,,,,,,
专业分包,安装分包工程费,柴发系统工程费,柴油发电机分包合同,BZAZ-029,,,,,,,,,,,,,,,,,,,,,,,,,,,,,,,,,,,
专业分包,安装分包工程费,消防工程费,消防水分包合同,BZAZ-008,,,,,,,,,,,,,,,,,,,,,,,,,,,,,,,,,,,
专业分包,安装分包工程费,消防工程费,消防电分包合同,BZAZ-009,,,,,,,,,,,,,,,,,,,,,,,,,,,,,,,,,,,
专业分包,安装分包工程费,热力工程费,热力工程分包合同,BZAZ-016,,,,,,,,,,,,,,,,,,,,,,,,,,,,,,,,,,,
专业分包,安装分包工程费,热通道工程费,热通道工程分包合同,BZAZ-025,,,,,,,,,,,,,,,,,,,,,,,,,,,,,,,,,,,
专业分包,安装分包工程费,燃气工程费,燃气工程分包合同,BZAZ-013,,,,,,,,,,,,,,,,,,,,,,,,,,,,,,,,,,,
专业分包,安装分包工程费,电梯工程费,电梯分包合同,BZAZ-011,,,,,,,,,,,,,,,,,,,,,,,,,,,,,,,,,,,
专业分包,安装分包工程费,电气工程费,变配电分包合同,BZAZ-180,,,,,,,,,,,,,,,,,,,,,,,,,,,,,,,,,,,
专业分包,安装分包工程费,电气工程费,电气分包合同,BZAZ-001,,,,,,,,,,,,,,,,,,,,,,,,,,,,,,,,,,,
专业分包,安装分包工程费,管道工程费,空调水分包合同,BZAZ-003,,,,,,,,,,,,,,,,,,,,,,,,,,,,,,,,,,,
专业分包,安装分包工程费,管道工程费,给排水分包合同,BZAZ-002,,,,,,,,,,,,,,,,,,,,,,,,,,,,,,,,,,,
专业分包,安装分包工程费,精装修工程费,功能性地板供货安装合同,BZAZ-020,,,,,,,,,,,,,,,,,,,,,,,,,,,,,,,,,,,
专业分包,安装分包工程费,精装修工程费,吊顶类分包合同,BZAZ-018,,,,,,,,,,,,,,,,,,,,,,,,,,,,,,,,,,,
专业分包,安装分包工程费,精装修工程费,壁纸、地毯等供货安装合同,BZAZ-022,,,,,,,,,,,,,,,,,,,,,,,,,,,,,,,,,,,
专业分包,安装分包工程费,精装修工程费,成品隔断供货安装合同,BZAZ-019,,,,,,,,,,,,,,,,,,,,,,,,,,,,,,,,,,,
专业分包,安装分包工程费,精装修工程费,精装修分包合同,BZAZ-021,,,,,,,,,,,,,,,,,,,,,,,,,,,,,,,,,,,
专业分包,安装分包工程费,虹吸雨水工程费,虹吸雨水分包合同,BZAZ-028,,,,,,,,,,,,,,,,,,,,,,,,,,,,,,,,,,,
专业分包,安装分包工程费,通风工程费,通风分包合同,BZAZ-004,,,,,,,,,,,,,,,,,,,,,,,,,,,,,,,,,,,
专业分包,安装分包工程费,采暖工程费,采暖工程分包合同,BZAZ-015,,,,,,,,,,,,,,,,,,,,,,,,,,,,,,,,,,,
专业分包,安装材料采购费,柴发采购费,柴发供货合同,BZAZ-034,,,,,,,,,,,,,,,,,,,,,,,,,,,,,,,,,,,
专业分包,安装材料采购费,热通道采购费,热通道采购合同,BZAZ-100,,,,,,,,,,,,,,,,,,,,,,,,,,,,,,,,,,,
专业分包,工程建设其他费,临时场地准备费,临时场地准备合同,BZKB-135,,,,,,,,,,,,,,,,,,,,,,,,,,,,,,,,,,,
专业分包,工程建设其他费,市政公用设施费,市政公用设施合同,BZKB-134,,,,,,,,,,,,,,,,,,,,,,,,,,,,,,,,,,,
专业分包,施工技术措施费,其他零星机械费,水平运输机械租赁及服务合同,BZKB-029,,,,,,,,,,,,,,,,,,,,,,,,,,,,,,,,,,,
专业分包,施工技术措施费,围堰工程费,围堰工程分包合同,BZKB-118,,,,,,,,,,,,,,,,,,,,,,,,,,,,,,,,,,,
专业分包,施工技术措施费,垂直运输机械费,吊车租赁及服务合同,BZKB-028,,,,,,,,,,,,,,,,,,,,,,,,,,,,,,,,,,,
专业分包,施工技术措施费,垂直运输机械费,施工升降机租赁及服务合同,BZKB-025,,,,,,,,,,,,,,,,,,,,,,,,,,,,,,,,,,,
专业分包,施工技术措施费,垂直运输机械费,起重机械分包合同,BZAZ-143,,,,,,,,,,,,,,,,,,,,,,,,,,,,,,,,,,,
专业分包,施工技术措施费,大临设施费,便道便桥分包合同,BZKB-115,,,,,,,,,,,,,,,,,,,,,,,,,,,,,,,,,,,
专业分包,施工技术措施费,大型机械安拆费,升降机安拆分包合同,BZKB-102,,,,,,,,,,,,,,,,,,,,,,,,,,,,,,,,,,,
专业分包,施工技术措施费,大型机械安拆费,塔吊安拆分包合同,BZKB-024,,,,,,,,,,,,,,,,,,,,,,,,,,,,,,,,,,,
专业分包,施工技术措施费,大型机械安拆费,物料提升机安拆分包合同,BZKB-030,,,,,,,,,,,,,,,,,,,,,,,,,,,,,,,,,,,
专业分包,施工技术措施费,大型机械安拆费,龙门吊安拆分包合同,BZJCSS-236,,,,,,,,,,,,,,,,,,,,,,,,,,,,,,,,,,,
专业分包,施工技术措施费,非实体周转架料体系,爬架租赁及服务合同,BZKB-053,,,,,,,,,,,,,,,,,,,,,,,,,,,,,,,,,,,
专业分包,施工技术措施费,非实体模板背楞体系,木方齿接分包合同,BZKB-041,,,,,,,,,,,,,,,,,,,,,,,,,,,,,,,,,,,
专业分包,施工技术措施费,非实体模板背楞体系,爬模安拆合同,BZKB-145,,,,,,,,,,,,,,,,,,,,,,,,,,,,,,,,,,,
专业分包,施工技术措施费,非实体模板背楞体系,爬模租赁及服务合同,BZKB-039,,,,,,,,,,,,,,,,,,,,,,,,,,,,,,,,,,,
专业分包,施工技术措施费,非实体模板背楞体系,膜壳安装合同,BZKB-154,,,,,,,,,,,,,,,,,,,,,,,,,,,,,,,,,,,
专业分包,施工技术措施费,非实体模板背楞体系,钢模板加工分包合同,BZKB-040,,,,,,,,,,,,,,,,,,,,,,,,,,,,,,,,,,,
专业分包,施工技术措施费,非实体模板背楞体系,铝模板安拆合同,BZKB-146,,,,,,,,,,,,,,,,,,,,,,,,,,,,,,,,,,,
专业分包,施工组织措施费,临时设施费,临建拆除工程分包合同,BZKB-120,,,,,,,,,,,,,,,,,,,,,,,,,,,,,,,,,,,
专业分包,施工组织措施费,临时设施费,临建施工分包合同,BZKB-007,,,,,,,,,,,,,,,,,,,,,,,,,,,,,,,,,,,
专业分包,施工组织措施费,临时设施费,临建绿化分包合同,BZKB-016,,,,,,,,,,,,,,,,,,,,,,,,,,,,,,,,,,,
专业分包,施工组织措施费,临时设施费,临建苗木采购合同,BZKB-085,,,,,,,,,,,,,,,,,,,,,,,,,,,,,,,,,,,
专业分包,施工组织措施费,临时设施费,临时供暖租赁合同,BZKB-012,,,,,,,,,,,,,,,,,,,,,,,,,,,,,,,,,,,
专业分包,施工组织措施费,临时设施费,临时场地租赁合同,BZKB-013,,,,,,,,,,,,,,,,,,,,,,,,,,,,,,,,,,,
专业分包,施工组织措施费,临时设施费,临时大门围挡供货及安装合同,BZKB-003,,,,,,,,,,,,,,,,,,,,,,,,,,,,,,,,,,,
专业分包,施工组织措施费,临时设施费,临时活动厕所供货及安装合同,BZKB-010,,,,,,,,,,,,,,,,,,,,,,,,,,,,,,,,,,,
专业分包,施工组织措施费,临时设施费,临水临电工程分包合同,BZKB-009,,,,,,,,,,,,,,,,,,,,,,,,,,,,,,,,,,,
专业分包,施工组织措施费,临时设施费,其他临建材料供货及安装合同（仅限临时设施费科目下未包含的标准合同）,BZKB-081,,,,,,,,,,,,,,,,,,,,,,,,,,,,,,,,,,,
专业分包,施工组织措施费,临时设施费,汽车衡采购合同,BZKB-092,,,,,,,,,,,,,,,,,,,,,,,,,,,,,,,,,,,
专业分包,施工组织措施费,临时设施费,活动板房供货及安装合同,BZKB-097,,,,,,,,,,,,,,,,,,,,,,,,,,,,,,,,,,,
专业分包,施工组织措施费,临时设施费,视频监控系统供货及安装合同,BZKB-008,,,,,,,,,,,,,,,,,,,,,,,,,,,,,,,,,,,
专业分包,施工组织措施费,临时设施费,门禁、物料验收系统供货及安装合同,BZKB-005,,,,,,,,,,,,,,,,,,,,,,,,,,,,,,,,,,,
专业分包,施工组织措施费,安全施工费,施工电梯门供货及安装合同,BZKB-035,,,,,,,,,,,,,,,,,,,,,,,,,,,,,,,,,,,
专业分包,施工组织措施费,安全施工费,智慧数字展馆供货及安装合同,BZKB-126,,,,,,,,,,,,,,,,,,,,,,,,,,,,,,,,,,,
专业分包,施工组织措施费,安全施工费,标准化设施供货及安装合同,BZKB-093,,,,,,,,,,,,,,,,,,,,,,,,,,,,,,,,,,,
专业分包,施工组织措施费,安全施工费,高压防护工程分包合同,BZKB-073,,,,,,,,,,,,,,,,,,,,,,,,,,,,,,,,,,,
专业分包,施工组织措施费,文明施工费,CI标志标牌供货及安装合同,BZKB-014,,,,,,,,,,,,,,,,,,,,,,,,,,,,,,,,,,,
专业分包,施工组织措施费,文明施工费,保洁服务合同,BZKB-069,,,,,,,,,,,,,,,,,,,,,,,,,,,,,,,,,,,
专业分包,施工组织措施费,环境保护费,防尘设施（设备）供货及安装合同,BZKB-087,,,,,,,,,,,,,,,,,,,,,,,,,,,,,,,,,,,
专业分包,暂列金额,土建暂列金额,土建暂列金额,BZZL-003,,,,,,,,,,,,,,,,,,,,,,,,,,,,,,,,,,,
专业分包,暂列金额,机电暂列金额,机电暂列金额,BZZL-002,,,,,,,,,,,,,,,,,,,,,,,,,,,,,,,,,,,
专业服务,EPC设计费,甲指机电EPC设计费,甲指机电EPC设计合同,BZSJ-002,,,,,,,,,,,,,,,,,,,,,,,,,,,,,,,,,,,
专业服务,EPC设计费,自施土建EPC设计费,自施土建EPC设计合同,BZSJ-003,,,,,,,,,,,,,,,,,,,,,,,,,,,,,,,,,,,
专业服务,EPC设计费,自施机电EPC设计费,自施机电EPC设计合同,BZSJ-004,,,,,,,,,,,,,,,,,,,,,,,,,,,,,,,,,,,
专业服务,企业管理费,企业管理费收入,企业管理费收入,BZKB-104,,,,,,,,,,,,,,,,,,,,,,,,,,,,,,,,,,,
专业服务,企业管理费,保险费,保险合同,BZQYGL-005,,,,,,,,,,,,,,,,,,,,,,,,,,,,,,,,,,,
专业服务,企业管理费,其他费用,专项费用合同,BZQYGL-010,,,,,,,,,,,,,,,,,,,,,,,,,,,,,,,,,,,
专业服务,企业管理费,印花税,印花税合同,BZQYGL-007,,,,,,,,,,,,,,,,,,,,,,,,,,,,,,,,,,,
专业服务,企业管理费,咨询服务费,咨询服务合同,BZKB-086,,,,,,,,,,,,,,,,,,,,,,,,,,,,,,,,,,,
专业服务,企业管理费,咨询服务费,建设项目招标代理合同,BZKB-077,,,,,,,,,,,,,,,,,,,,,,,,,,,,,,,,,,,
专业服务,企业管理费,咨询服务费,海关服务合同,BZKB-137,,,,,,,,,,,,,,,,,,,,,,,,,,,,,,,,,,,
专业服务,企业管理费,咨询服务费,造价咨询分包合同,BZKB-078,,,,,,,,,,,,,,,,,,,,,,,,,,,,,,,,,,,
专业服务,企业管理费,工程测量费,测量分包合同,BZKB-055,,,,,,,,,,,,,,,,,,,,,,,,,,,,,,,,,,,
专业服务,企业管理费,常规检测费,常规检测试验服务合同,BZKB-058,,,,,,,,,,,,,,,,,,,,,,,,,,,,,,,,,,,
专业服务,企业管理费,常规检测费,常规检测试验服务合同（财务报销）,BZQYGL-017,,,,,,,,,,,,,,,,,,,,,,,,,,,,,,,,,,,
专业服务,企业管理费,担保费,担保费合同,BZQYGL-003,,,,,,,,,,,,,,,,,,,,,,,,,,,,,,,,,,,
专业服务,企业管理费,招投标费,招投标费合同,BZQYGL-011,,,,,,,,,,,,,,,,,,,,,,,,,,,,,,,,,,,
专业服务,企业管理费,施工资料费,工程资料服务合同,BZKB-057,,,,,,,,,,,,,,,,,,,,,,,,,,,,,,,,,,,
专业服务,企业管理费,水电费,水电费代缴分包合同,BZQYGL-013,,,,,,,,,,,,,,,,,,,,,,,,,,,,,,,,,,,
专业服务,企业管理费,水电费,水电费合同,BZQYGL-002,,,,,,,,,,,,,,,,,,,,,,,,,,,,,,,,,,,
专业服务,企业管理费,深化设计费,BIM顾问服务合同,BZKB-076,,,,,,,,,,,,,,,,,,,,,,,,,,,,,,,,,,,
专业服务,企业管理费,现场经费,业务招待费,BZXCJF-007,,,,,,,,,,,,,,,,,,,,,,,,,,,,,,,,,,,
专业服务,企业管理费,现场经费,产业工人培训服务合同,BZQYGL-015,,,,,,,,,,,,,,,,,,,,,,,,,,,,,,,,,,,
专业服务,企业管理费,现场经费,党团活动经费,BZXCJF-010,,,,,,,,,,,,,,,,,,,,,,,,,,,,,,,,,,,
专业服务,企业管理费,现场经费,其他间接费用,BZXCJF-012,,,,,,,,,,,,,,,,,,,,,,,,,,,,,,,,,,,
专业服务,企业管理费,现场经费,办公设备租赁合同,BZXCJF-013,,,,,,,,,,,,,,,,,,,,,,,,,,,,,,,,,,,
专业服务,企业管理费,现场经费,办公费,BZXCJF-005,,,,,,,,,,,,,,,,,,,,,,,,,,,,,,,,,,,
专业服务,企业管理费,现场经费,劳动保险和职工福利费,BZXCJF-002,,,,,,,,,,,,,,,,,,,,,,,,,,,,,,,,,,,
专业服务,企业管理费,现场经费,固定资产、无形资产使用费,BZXCJF-008,,,,,,,,,,,,,,,,,,,,,,,,,,,,,,,,,,,
专业服务,企业管理费,现场经费,奖金,BZQYGL-009,,,,,,,,,,,,,,,,,,,,,,,,,,,,,,,,,,,
专业服务,企业管理费,现场经费,安全生产费,BZXCJF-011,,,,,,,,,,,,,,,,,,,,,,,,,,,,,,,,,,,
专业服务,企业管理费,现场经费,宣传视频制作及画册印刷分包合同,BZKB-083,,,,,,,,,,,,,,,,,,,,,,,,,,,,,,,,,,,
专业服务,企业管理费,现场经费,工会经费,BZXCJF-003,,,,,,,,,,,,,,,,,,,,,,,,,,,,,,,,,,,
专业服务,企业管理费,现场经费,差旅交通费,BZXCJF-006,,,,,,,,,,,,,,,,,,,,,,,,,,,,,,,,,,,
专业服务,企业管理费,现场经费,总部服务费,BZQYGL-016,,,,,,,,,,,,,,,,,,,,,,,,,,,,,,,,,,,
专业服务,企业管理费,现场经费,打印复印服务合同,BZQYGL-018,,,,,,,,,,,,,,,,,,,,,,,,,,,,,,,,,,,
专业服务,企业管理费,现场经费,物业管理服务合同,BZKB-089,,,,,,,,,,,,,,,,,,,,,,,,,,,,,,,,,,,
专业服务,企业管理费,现场经费,物业费,BZXCJF-009,,,,,,,,,,,,,,,,,,,,,,,,,,,,,,,,,,,
专业服务,企业管理费,现场经费,班车租赁及服务合同,BZKB-079,,,,,,,,,,,,,,,,,,,,,,,,,,,,,,,,,,,
专业服务,企业管理费,现场经费,管理人员工资,BZXCJF-001,,,,,,,,,,,,,,,,,,,,,,,,,,,,,,,,,,,
专业服务,企业管理费,现场经费,职工教育经费,BZXCJF-004,,,,,,,,,,,,,,,,,,,,,,,,,,,,,,,,,,,
专业服务,企业管理费,现场经费,造价软件租赁合同,BZQYGL-014,,,,,,,,,,,,,,,,,,,,,,,,,,,,,,,,,,,
专业服务,企业管理费,营业税,营业税合同,BZQYGL-008,,,,,,,,,,,,,,,,,,,,,,,,,,,,,,,,,,,
专业服务,企业管理费,资金占用费,资金占用合同,BZQYGL-006,,,,,,,,,,,,,,,,,,,,,,,,,,,,,,,,,,,
专业服务,企业管理费,附加税,附加税合同,BZQYGL-004,,,,,,,,,,,,,,,,,,,,,,,,,,,,,,,,,,,
专业服务,其他支出,总承包管理费,总承包管理分包合同,BZJCSS-237,,,,,,,,,,,,,,,,,,,,,,,,,,,,,,,,,,,
专业服务,其他收入,规费,规费合同,BZQTSR-001,,,,,,,,,,,,,,,,,,,,,,,,,,,,,,,,,,,
专业服务,其他收入,零星工程暂估费,零星工程暂估费,BZQTSR-003,,,,,,,,,,,,,,,,,,,,,,,,,,,,,,,,,,,
专业服务,勘察设计费,甲指机电设计费,甲指机电设计合同,BZSJ-006,,,,,,,,,,,,,,,,,,,,,,,,,,,,,,,,,,,
专业服务,勘察设计费,自施土建勘察费,自施土建勘察合同,BZSJ-009,,,,,,,,,,,,,,,,,,,,,,,,,,,,,,,,,,,
专业服务,勘察设计费,自施土建设计费,自施土建设计合同,BZSJ-007,,,,,,,,,,,,,,,,,,,,,,,,,,,,,,,,,,,
专业服务,勘察设计费,自施机电设计费,自施机电设计合同,BZSJ-008,,,,,,,,,,,,,,,,,,,,,,,,,,,,,,,,,,,
专业服务,土建分包工程费,主体结构工程费,混凝土采购分包合同（已签合同结转专用）,BZFJ-007,,,,,,,,,,,,,,,,,,,,,,,,,,,,,,,,,,,
专业服务,土建分包工程费,其他实体检测费,沉降观测服务合同,BZKB-056,,,,,,,,,,,,,,,,,,,,,,,,,,,,,,,,,,,
专业服务,土建分包工程费,其他实体检测费,第三方试验服务合同,BZKB-059,,,,,,,,,,,,,,,,,,,,,,,,,,,,,,,,,,,
专业服务,土建分包工程费,其他实体检测费,结构类检测分包合同,BZKB-060,,,,,,,,,,,,,,,,,,,,,,,,,,,,,,,,,,,
专业服务,土建分包工程费,创优工程费,创优工程合同,BZKB-147,,,,,,,,,,,,,,,,,,,,,,,,,,,,,,,,,,,
专业服务,土建分包工程费,地基处理与边坡支护工程费,基坑监测服务合同,BZFJ-157,,,,,,,,,,,,,,,,,,,,,,,,,,,,,,,,,,,
专业服务,土建分包工程费,地基处理与边坡支护工程费,岩土工程深化设计分包合同,BZFJ-129,,,,,,,,,,,,,,,,,,,,,,,,,,,,,,,,,,,
专业服务,土建分包工程费,外装修工程费,幕墙设计分包合同,BZFJ-135,,,,,,,,,,,,,,,,,,,,,,,,,,,,,,,,,,,
专业服务,土建分包工程费,总平土建工程费,绿化养护服务合同,BZYL-009,,,,,,,,,,,,,,,,,,,,,,,,,,,,,,,,,,,
专业服务,土建分包工程费,总平土建工程费,绿化景观设计合同,BZYL-003,,,,,,,,,,,,,,,,,,,,,,,,,,,,,,,,,,,
专业服务,土建分包工程费,桩基础工程费,桩基检测服务合同,BZKB-062,,,,,,,,,,,,,,,,,,,,,,,,,,,,,,,,,,,
专业服务,土建分包工程费,精装修工程费,精装修深化设计服务合同,BZFJ-176,,,,,,,,,,,,,,,,,,,,,,,,,,,,,,,,,,,
专业服务,土建分包工程费,金属结构工程费,钢结构工程管理分包合同,BZFJ-041,,,,,,,,,,,,,,,,,,,,,,,,,,,,,,,,,,,
专业服务,土建分包工程费,金属结构工程费,钢结构技术顾问服务分包合同,BZFJ-040,,,,,,,,,,,,,,,,,,,,,,,,,,,,,,,,,,,
专业服务,土建分包工程费,金属结构工程费,钢结构提升技术服务分包合同,BZFJ-171,,,,,,,,,,,,,,,,,,,,,,,,,,,,,,,,,,,
专业服务,土建分包工程费,金属结构工程费,钢结构深化设计服务合同,BZFJ-044,,,,,,,,,,,,,,,,,,,,,,,,,,,,,,,,,,,
专业服务,土建分包工程费,金属结构工程费,钢结构类检测分包合同,BZKB-061,,,,,,,,,,,,,,,,,,,,,,,,,,,,,,,,,,,
专业服务,基础设施分包工程费,交通工程费,交安工程分包合同,BZJCSS-010,,,,,,,,,,,,,,,,,,,,,,,,,,,,,,,,,,,
专业服务,基础设施分包工程费,创优工程费,创优工程合同,BZKB-149,,,,,,,,,,,,,,,,,,,,,,,,,,,,,,,,,,,
专业服务,基础设施分包工程费,园林景观工程费,绿化景观设计合同,BZJCSS-054,,,,,,,,,,,,,,,,,,,,,,,,,,,,,,,,,,,
专业服务,基础设施分包工程费,管网工程费,给水、排水、污水、消防水工程分包合同,BZJCSS-059,,,,,,,,,,,,,,,,,,,,,,,,,,,,,,,,,,,
专业服务,基础设施分包工程费,试验费（公路）,中心试验室分包合同,BZKB-106,,,,,,,,,,,,,,,,,,,,,,,,,,,,,,,,,,,
专业服务,基础设施分包工程费,金属结构工程费,钢结构技术顾问服务分包合同,BZJCSS-006,,,,,,,,,,,,,,,,,,,,,,,,,,,,,,,,,,,
专业服务,增值税额,土建增值税额,土建增值税,BZZZS-001,,,,,,,,,,,,,,,,,,,,,,,,,,,,,,,,,,,
专业服务,增值税额,机电增值税额,机电增值税,BZZZS-002,,,,,,,,,,,,,,,,,,,,,,,,,,,,,,,,,,,
专业服务,安装分包工程费,BIM深化设计工程费,BIM深化分包合同,BZAZ-137,,,,,,,,,,,,,,,,,,,,,,,,,,,,,,,,,,,
专业服务,安装分包工程费,保温工程费,通风保温工程分包合同,BZAZ-006,,,,,,,,,,,,,,,,,,,,,,,,,,,,,,,,,,,
专业服务,安装分包工程费,创优工程费,创优工程合同,BZKB-148,,,,,,,,,,,,,,,,,,,,,,,,,,,,,,,,,,,
专业服务,安装分包工程费,材料检测工程费,材料检测分包合同,BZAZ-139,,,,,,,,,,,,,,,,,,,,,,,,,,,,,,,,,,,
专业服务,安装分包工程费,消防工程费,消防电分包合同,BZAZ-009,,,,,,,,,,,,,,,,,,,,,,,,,,,,,,,,,,,
专业服务,安装分包工程费,防雷检测工程费,防雷检测分包合同,BZAZ-138,,,,,,,,,,,,,,,,,,,,,,,,,,,,,,,,,,,
专业服务,工程建设其他费,临时场地准备费,临时场地准备合同,BZKB-135,,,,,,,,,,,,,,,,,,,,,,,,,,,,,,,,,,,
专业服务,工程建设其他费,工程定位复测费,工程定位复测合同,BZKB-138,,,,,,,,,,,,,,,,,,,,,,,,,,,,,,,,,,,
专业服务,工程建设其他费,市政公用设施费,市政公用设施合同,BZKB-134,,,,,,,,,,,,,,,,,,,,,,,,,,,,,,,,,,,
专业服务,工程建设其他费,扰民费,扰民合同,BZKB-133,,,,,,,,,,,,,,,,,,,,,,,,,,,,,,,,,,,
专业服务,工程建设其他费,水土保持监测费,水土保持监测合同,BZKB-139,,,,,,,,,,,,,,,,,,,,,,,,,,,,,,,,,,,
专业服务,施工技术措施费,其他零星机械费,汽车衡检修服务合同,BZKB-034,,,,,,,,,,,,,,,,,,,,,,,,,,,,,,,,,,,
专业服务,施工技术措施费,其他零星机械费,物流运输服务合同,BZKB-052,,,,,,,,,,,,,,,,,,,,,,,,,,,,,,,,,,,
专业服务,施工技术措施费,垂直运输机械费,塔吊检测服务合同,BZKB-032,,,,,,,,,,,,,,,,,,,,,,,,,,,,,,,,,,,
专业服务,施工技术措施费,大临设施费,预制场分包合同,BZKB-117,,,,,,,,,,,,,,,,,,,,,,,,,,,,,,,,,,,
专业服务,施工组织措施费,临时设施费,临时办公区、生活区房屋租赁合同,BZKB-132,,,,,,,,,,,,,,,,,,,,,,,,,,,,,,,,,,,
专业服务,施工组织措施费,临时设施费,临时占路合同,BZKB-015,,,,,,,,,,,,,,,,,,,,,,,,,,,,,,,,,,,
专业服务,施工组织措施费,临时设施费,临时场地租赁合同,BZKB-013,,,,,,,,,,,,,,,,,,,,,,,,,,,,,,,,,,,
专业服务,施工组织措施费,临时设施费,仓储服务合同,BZKB-155,,,,,,,,,,,,,,,,,,,,,,,,,,,,,,,,,,,
专业服务,施工组织措施费,临时设施费,视频监控系统供货及安装合同,BZKB-008,,,,,,,,,,,,,,,,,,,,,,,,,,,,,,,,,,,
专业服务,施工组织措施费,临时设施费,门禁、物料验收系统供货及安装合同,BZKB-005,,,,,,,,,,,,,,,,,,,,,,,,,,,,,,,,,,,
专业服务,施工组织措施费,临时设施费,除害合同,BZKB-127,,,,,,,,,,,,,,,,,,,,,,,,,,,,,,,,,,,
专业服务,施工组织措施费,冬雨季施工增加费,冬雨季施工增加费合同,BZKB-108,,,,,,,,,,,,,,,,,,,,,,,,,,,,,,,,,,,
专业服务,施工组织措施费,地上、地下设施、建筑物的临时保护设施,临时保护分包合同,BZKB-064,,,,,,,,,,,,,,,,,,,,,,,,,,,,,,,,,,,
专业服务,施工组织措施费,境外施工组织,出口代理合同,BZKB-142,,,,,,,,,,,,,,,,,,,,,,,,,,,,,,,,,,,
专业服务,施工组织措施费,境外施工组织,境外机票购买合同,BZKB-141,,,,,,,,,,,,,,,,,,,,,,,,,,,,,,,,,,,
专业服务,施工组织措施费,境外施工组织,清关代理合同,BZKB-143,,,,,,,,,,,,,,,,,,,,,,,,,,,,,,,,,,,
专业服务,施工组织措施费,夜间施工增加费,夜间施工增加费合同,BZKB-111,,,,,,,,,,,,,,,,,,,,,,,,,,,,,,,,,,,
专业服务,施工组织措施费,安全文明施工费扣减,安全文明施工费扣减,BZKB-136,,,,,,,,,,,,,,,,,,,,,,,,,,,,,,,,,,,
专业服务,施工组织措施费,安全施工费,智慧数字展馆供货及安装合同,BZKB-126,,,,,,,,,,,,,,,,,,,,,,,,,,,,,,,,,,,
专业服务,施工组织措施费,安全施工费,消防保卫服务合同,BZKB-071,,,,,,,,,,,,,,,,,,,,,,,,,,,,,,,,,,,
专业服务,施工组织措施费,安全施工费,警卫服务合同,BZKB-070,,,,,,,,,,,,,,,,,,,,,,,,,,,,,,,,,,,
专业服务,施工组织措施费,已完工程及设备保护费,成品保护分包合同,BZKB-066,,,,,,,,,,,,,,,,,,,,,,,,,,,,,,,,,,,
专业服务,施工组织措施费,常态化防控费用,常态化防控合同,BZKB-144,,,,,,,,,,,,,,,,,,,,,,,,,,,,,,,,,,,
专业服务,施工组织措施费,文明施工费,临时厕所清抽合同,BZKB-011,,,,,,,,,,,,,,,,,,,,,,,,,,,,,,,,,,,
专业服务,施工组织措施费,文明施工费,保洁服务合同,BZKB-069,,,,,,,,,,,,,,,,,,,,,,,,,,,,,,,,,,,
专业服务,施工组织措施费,文明施工费,洒水车租赁及服务合同,BZJCSS-203,,,,,,,,,,,,,,,,,,,,,,,,,,,,,,,,,,,
专业服务,施工组织措施费,环境保护费,危险废物处置服务合同,BZFJ-184,,,,,,,,,,,,,,,,,,,,,,,,,,,,,,,,,,,
专业服务,施工组织措施费,环境保护费,垃圾清运服务合同,BZKB-072,,,,,,,,,,,,,,,,,,,,,,,,,,,,,,,,,,,
专业服务,施工组织措施费,环境保护费,污水处理服务合同,BZKB-157,,,,,,,,,,,,,,,,,,,,,,,,,,,,,,,,,,,
专业服务,施工组织措施费,非夜间施工照明,非夜间施工照明分包合同,BZKB-110,,,,,,,,,,,,,,,,,,,,,,,,,,,,,,,,,,,
专业服务,运营费,运营费,运营费,BZJCSS-238,,,,,,,,,,,,,,,,,,,,,,,,,,,,,,,,,,,
劳务分包,土建分包工程费,主体结构工程费,屋顶拉索施工分包合同,BZFJ-046,,,,,,,,,,,,,,,,,,,,,,,,,,,,,,,,,,,
劳务分包,土建分包工程费,主体结构工程费,模板工程劳务分包合同,BZFJ-181,,,,,,,,,,,,,,,,,,,,,,,,,,,,,,,,,,,
劳务分包,土建分包工程费,主体结构工程费,混凝土工程劳务分包合同,BZFJ-182,,,,,,,,,,,,,,,,,,,,,,,,,,,,,,,,,,,
劳务分包,土建分包工程费,主体结构工程费,现场文明施工分包合同,BZKB-074,,,,,,,,,,,,,,,,,,,,,,,,,,,,,,,,,,,
劳务分包,土建分包工程费,主体结构工程费,结构剪力墙螺杆洞封堵分包合同,BZFJ-165,,,,,,,,,,,,,,,,,,,,,,,,,,,,,,,,,,,
劳务分包,土建分包工程费,主体结构工程费,结构劳务分包合同,BZFJ-019,,,,,,,,,,,,,,,,,,,,,,,,,,,,,,,,,,,
劳务分包,土建分包工程费,主体结构工程费,脚手架工程分包合同,BZKB-049,,,,,,,,,,,,,,,,,,,,,,,,,,,,,,,,,,,
劳务分包,土建分包工程费,主体结构工程费,钢筋外加工分包合同,BZFJ-137,,,,,,,,,,,,,,,,,,,,,,,,,,,,,,,,,,,
劳务分包,土建分包工程费,主体结构工程费,钢筋工程劳务分包合同,BZFJ-179,,,,,,,,,,,,,,,,,,,,,,,,,,,,,,,,,,,
劳务分包,土建分包工程费,主体结构工程费,预制构件施工分包合同,BZFJ-086,,,,,,,,,,,,,,,,,,,,,,,,,,,,,,,,,,,
劳务分包,土建分包工程费,主体结构工程费,预应力施工分包合同,BZFJ-020,,,,,,,,,,,,,,,,,,,,,,,,,,,,,,,,,,,
劳务分包,土建分包工程费,二次结构及粗装修工程费,二次结构及粗装修分包合同,BZFJ-057,,,,,,,,,,,,,,,,,,,,,,,,,,,,,,,,,,,
劳务分包,土建分包工程费,二次结构及粗装修工程费,轻质隔墙供货及安装合同,BZFJ-061,,,,,,,,,,,,,,,,,,,,,,,,,,,,,,,,,,,
劳务分包,土建分包工程费,二次结构及粗装修工程费,轻集料混凝土分包合同,BZFJ-031,,,,,,,,,,,,,,,,,,,,,,,,,,,,,,,,,,,
劳务分包,土建分包工程费,二次结构及粗装修工程费,预制设备基础分包合同,BZFJ-163,,,,,,,,,,,,,,,,,,,,,,,,,,,,,,,,,,,
劳务分包,土建分包工程费,土石方工程费,回填工程分包合同,BZFJ-002,,,,,,,,,,,,,,,,,,,,,,,,,,,,,,,,,,,
劳务分包,土建分包工程费,土石方工程费,土石方工程分包合同,BZFJ-001,,,,,,,,,,,,,,,,,,,,,,,,,,,,,,,,,,,
劳务分包,土建分包工程费,地基处理与边坡支护工程费,钢筋混凝土支撑分包合同,BZFJ-010,,,,,,,,,,,,,,,,,,,,,,,,,,,,,,,,,,,
劳务分包,土建分包工程费,外装修工程费,外墙涂料施工分包合同,BZFJ-073,,,,,,,,,,,,,,,,,,,,,,,,,,,,,,,,,,,
劳务分包,土建分包工程费,外装修工程费,外墙贴砖分包合同,BZFJ-107,,,,,,,,,,,,,,,,,,,,,,,,,,,,,,,,,,,
劳务分包,土建分包工程费,外装修工程费,屋面瓦施工分包合同,BZFJ-035,,,,,,,,,,,,,,,,,,,,,,,,,,,,,,,,,,,
劳务分包,土建分包工程费,外装修工程费,幕墙分包合同,BZFJ-074,,,,,,,,,,,,,,,,,,,,,,,,,,,,,,,,,,,
劳务分包,土建分包工程费,工程保障服务费,竣工收尾分包合同,BZFJ-139,,,,,,,,,,,,,,,,,,,,,,,,,,,,,,,,,,,
劳务分包,土建分包工程费,总平土建工程费,园路工程分包合同,BZYL-006,,,,,,,,,,,,,,,,,,,,,,,,,,,,,,,,,,,
劳务分包,土建分包工程费,总平土建工程费,正式道路工程分包合同,BZYL-001,,,,,,,,,,,,,,,,,,,,,,,,,,,,,,,,,,,
劳务分包,土建分包工程费,拆改加固工程费,拆除工程分包合同,BZFJ-092,,,,,,,,,,,,,,,,,,,,,,,,,,,,,,,,,,,
劳务分包,土建分包工程费,精装修工程费,墙柱面与隔断施工分包合同,BZFJ-037,,,,,,,,,,,,,,,,,,,,,,,,,,,,,,,,,,,
劳务分包,土建分包工程费,精装修工程费,天棚工程施工分包合同,BZFJ-033,,,,,,,,,,,,,,,,,,,,,,,,,,,,,,,,,,,
劳务分包,土建分包工程费,精装修工程费,楼地面施工分包合同,BZFJ-018,,,,,,,,,,,,,,,,,,,,,,,,,,,,,,,,,,,
劳务分包,土建分包工程费,精装修工程费,精装修分包合同,BZFJ-069,,,,,,,,,,,,,,,,,,,,,,,,,,,,,,,,,,,
劳务分包,土建分包工程费,金属结构工程费,压型钢板施工分包合同,BZFJ-042,,,,,,,,,,,,,,,,,,,,,,,,,,,,,,,,,,,
劳务分包,土建分包工程费,金属结构工程费,钢结构工程分包合同,BZFJ-036,,,,,,,,,,,,,,,,,,,,,,,,,,,,,,,,,,,
劳务分包,土建分包工程费,金属结构工程费,钢结构防火涂料施工分包合同,BZFJ-039,,,,,,,,,,,,,,,,,,,,,,,,,,,,,,,,,,,
劳务分包,土建分包工程费,门窗工程费,塑钢门窗供货及安装合同,BZFJ-102,,,,,,,,,,,,,,,,,,,,,,,,,,,,,,,,,,,
劳务分包,土建分包工程费,防水防腐工程费,防水工程分包合同,BZFJ-032,,,,,,,,,,,,,,,,,,,,,,,,,,,,,,,,,,,
劳务分包,基础设施分包工程费,主体结构工程费,保修合同,BZJCSS-245,,,,,,,,,,,,,,,,,,,,,,,,,,,,,,,,,,,
劳务分包,基础设施分包工程费,主体结构工程费,外脚手架租赁搭拆分包合同,BZJCSS-042,,,,,,,,,,,,,,,,,,,,,,,,,,,,,,,,,,,
劳务分包,基础设施分包工程费,主体结构工程费,应急抢险工程分包合同,BZJCSS-101,,,,,,,,,,,,,,,,,,,,,,,,,,,,,,,,,,,
劳务分包,基础设施分包工程费,主体结构工程费,竣工收尾分包合同,BZJCSS-244,,,,,,,,,,,,,,,,,,,,,,,,,,,,,,,,,,,
劳务分包,基础设施分包工程费,主体结构工程费,结构分包合同,BZJCSS-038,,,,,,,,,,,,,,,,,,,,,,,,,,,,,,,,,,,
劳务分包,基础设施分包工程费,主体结构工程费,预制构件安装分包合同,BZJCSS-100,,,,,,,,,,,,,,,,,,,,,,,,,,,,,,,,,,,
劳务分包,基础设施分包工程费,二次结构及粗装修工程费,砌筑工程分包合同,BZJCSS-040,,,,,,,,,,,,,,,,,,,,,,,,,,,,,,,,,,,
劳务分包,基础设施分包工程费,二次结构及粗装修工程费,粗装修分包合同,BZJCSS-041,,,,,,,,,,,,,,,,,,,,,,,,,,,,,,,,,,,
劳务分包,基础设施分包工程费,二次结构及粗装修工程费,轻质隔墙分包合同,BZJCSS-039,,,,,,,,,,,,,,,,,,,,,,,,,,,,,,,,,,,
劳务分包,基础设施分包工程费,二次结构及粗装修工程费,轻集料混凝土分包合同,BZJCSS-214,,,,,,,,,,,,,,,,,,,,,,,,,,,,,,,,,,,
劳务分包,基础设施分包工程费,交通工程费,交安工程分包合同,BZJCSS-010,,,,,,,,,,,,,,,,,,,,,,,,,,,,,,,,,,,
劳务分包,基础设施分包工程费,交通工程费,交通导改工程分包合同,BZJCSS-060,,,,,,,,,,,,,,,,,,,,,,,,,,,,,,,,,,,
劳务分包,基础设施分包工程费,交通工程费,交通疏解工程分包合同,BZJCSS-061,,,,,,,,,,,,,,,,,,,,,,,,,,,,,,,,,,,
劳务分包,基础设施分包工程费,人防工程费,人防设备分包合同,BZJCSS-037,,,,,,,,,,,,,,,,,,,,,,,,,,,,,,,,,,,
劳务分包,基础设施分包工程费,保温节能工程费,泡沫混凝土施工分包合同,BZJCSS-049,,,,,,,,,,,,,,,,,,,,,,,,,,,,,,,,,,,
劳务分包,基础设施分包工程费,园林景观工程费,回填土（种植土）工程分包合同,BZJCSS-058,,,,,,,,,,,,,,,,,,,,,,,,,,,,,,,,,,,
劳务分包,基础设施分包工程费,园林景观工程费,园林景观工程分包合同,BZJCSS-053,,,,,,,,,,,,,,,,,,,,,,,,,,,,,,,,,,,
劳务分包,基础设施分包工程费,土石方工程费,回填土工程分包合同,BZJCSS-084,,,,,,,,,,,,,,,,,,,,,,,,,,,,,,,,,,,
劳务分包,基础设施分包工程费,土石方工程费,土石方工程分包合同,BZJCSS-001,,,,,,,,,,,,,,,,,,,,,,,,,,,,,,,,,,,
劳务分包,基础设施分包工程费,土石方工程费,场地清理分包合同,BZJCSS-089,,,,,,,,,,,,,,,,,,,,,,,,,,,,,,,,,,,
劳务分包,基础设施分包工程费,土石方工程费,采空区工程分包合同,BZJCSS-002,,,,,,,,,,,,,,,,,,,,,,,,,,,,,,,,,,,
劳务分包,基础设施分包工程费,地基处理工程费,CFG桩分包合同,BZJCSS-081,,,,,,,,,,,,,,,,,,,,,,,,,,,,,,,,,,,
劳务分包,基础设施分包工程费,基坑与边坡支护工程费,地下连续墙分包合同,BZJCSS-033,,,,,,,,,,,,,,,,,,,,,,,,,,,,,,,,,,,
劳务分包,基础设施分包工程费,基坑与边坡支护工程费,钢支撑安装拆除分包合同,BZJCSS-030,,,,,,,,,,,,,,,,,,,,,,,,,,,,,,,,,,,
劳务分包,基础设施分包工程费,基坑与边坡支护工程费,钢筋混凝土支撑拆除分包合同,BZJCSS-032,,,,,,,,,,,,,,,,,,,,,,,,,,,,,,,,,,,
劳务分包,基础设施分包工程费,外装修工程费,外墙涂料施工分包合同,BZJCSS-104,,,,,,,,,,,,,,,,,,,,,,,,,,,,,,,,,,,
劳务分包,基础设施分包工程费,外装修工程费,外墙贴砖分包合同,BZJCSS-106,,,,,,,,,,,,,,,,,,,,,,,,,,,,,,,,,,,
劳务分包,基础设施分包工程费,外装修工程费,屋面瓦施工合同,BZJCSS-103,,,,,,,,,,,,,,,,,,,,,,,,,,,,,,,,,,,
劳务分包,基础设施分包工程费,岸堤整治工程费,岸堤整治工程分包合同,BZJCSS-095,,,,,,,,,,,,,,,,,,,,,,,,,,,,,,,,,,,
劳务分包,基础设施分包工程费,建筑地坪工程费,建筑地坪分包合同,BZJCSS-213,,,,,,,,,,,,,,,,,,,,,,,,,,,,,,,,,,,
劳务分包,基础设施分包工程费,拆除工程费,加固改造工程分包合同,BZJCSS-076,,,,,,,,,,,,,,,,,,,,,,,,,,,,,,,,,,,
劳务分包,基础设施分包工程费,拆除工程费,拆除护栏合同,BZJCSS-088,,,,,,,,,,,,,,,,,,,,,,,,,,,,,,,,,,,
劳务分包,基础设施分包工程费,拆除工程费,拆除旧路基路面合同,BZJCSS-087,,,,,,,,,,,,,,,,,,,,,,,,,,,,,,,,,,,
劳务分包,基础设施分包工程费,拆除工程费,拆除管网、设备分包合同,BZJCSS-099,,,,,,,,,,,,,,,,,,,,,,,,,,,,,,,,,,,
劳务分包,基础设施分包工程费,拆除工程费,拆除结构物合同,BZJCSS-086,,,,,,,,,,,,,,,,,,,,,,,,,,,,,,,,,,,
劳务分包,基础设施分包工程费,桥涵工程费,悬索、钢拉杆分包合同,BZJCSS-069,,,,,,,,,,,,,,,,,,,,,,,,,,,,,,,,,,,
劳务分包,基础设施分包工程费,桥涵工程费,桥梁主体结构分包合同,BZJCSS-073,,,,,,,,,,,,,,,,,,,,,,,,,,,,,,,,,,,
劳务分包,基础设施分包工程费,桥涵工程费,桥面系分包合同,BZJCSS-093,,,,,,,,,,,,,,,,,,,,,,,,,,,,,,,,,,,
劳务分包,基础设施分包工程费,桥涵工程费,涵洞工程分包合同,BZJCSS-014,,,,,,,,,,,,,,,,,,,,,,,,,,,,,,,,,,,
劳务分包,基础设施分包工程费,桥涵工程费,砌筑工程分包合同,BZJCSS-074,,,,,,,,,,,,,,,,,,,,,,,,,,,,,,,,,,,
劳务分包,基础设施分包工程费,桥涵工程费,箱梁、T梁预制、安装分包合同,BZJCSS-070,,,,,,,,,,,,,,,,,,,,,,,,,,,,,,,,,,,
劳务分包,基础设施分包工程费,桥涵工程费,边坡防护工程分包合同,BZJCSS-011,,,,,,,,,,,,,,,,,,,,,,,,,,,,,,,,,,,
劳务分包,基础设施分包工程费,桥涵工程费,钢箱梁工程分包合同,BZJCSS-015,,,,,,,,,,,,,,,,,,,,,,,,,,,,,,,,,,,
劳务分包,基础设施分包工程费,桩基础工程费,挖孔桩工程合同,BZJCSS-013,,,,,,,,,,,,,,,,,,,,,,,,,,,,,,,,,,,
劳务分包,基础设施分包工程费,桩基础工程费,钻孔灌注桩分包合同,BZJCSS-012,,,,,,,,,,,,,,,,,,,,,,,,,,,,,,,,,,,
劳务分包,基础设施分包工程费,桩基础工程费,预制钢筋混凝土桩分包合同,BZJCSS-082,,,,,,,,,,,,,,,,,,,,,,,,,,,,,,,,,,,
劳务分包,基础设施分包工程费,水处理工程费,垃圾站施工分包合同,BZJCSS-022,,,,,,,,,,,,,,,,,,,,,,,,,,,,,,,,,,,
劳务分包,基础设施分包工程费,水处理工程费,水处理构筑物分包合同,BZJCSS-021,,,,,,,,,,,,,,,,,,,,,,,,,,,,,,,,,,,
劳务分包,基础设施分包工程费,水处理工程费,水处理设备分包合同,BZJCSS-083,,,,,,,,,,,,,,,,,,,,,,,,,,,,,,,,,,,
劳务分包,基础设施分包工程费,清淤工程费,清淤工程分包合同,BZJCSS-075,,,,,,,,,,,,,,,,,,,,,,,,,,,,,,,,,,,
劳务分包,基础设施分包工程费,电力工程费,弱电工程分包合同,BZJCSS-020,,,,,,,,,,,,,,,,,,,,,,,,,,,,,,,,,,,
劳务分包,基础设施分包工程费,电力工程费,电力工程分包合同,BZJCSS-019,,,,,,,,,,,,,,,,,,,,,,,,,,,,,,,,,,,
劳务分包,基础设施分包工程费,盾构出渣工程费,盾构渣土外运工程分包合同,BZJCSS-062,,,,,,,,,,,,,,,,,,,,,,,,,,,,,,,,,,,
劳务分包,基础设施分包工程费,盾构掘进施工费,盾构区间掘进工程劳务分包合同,BZJCSS-024,,,,,,,,,,,,,,,,,,,,,,,,,,,,,,,,,,,
劳务分包,基础设施分包工程费,盾构掘进施工费,盾构联络通道工程分包合同,BZJCSS-028,,,,,,,,,,,,,,,,,,,,,,,,,,,,,,,,,,,
劳务分包,基础设施分包工程费,盾构洞门加固施工费,袖阀管施工分包合同,BZJCSS-063,,,,,,,,,,,,,,,,,,,,,,,,,,,,,,,,,,,
劳务分包,基础设施分包工程费,管网工程费,给水、排水、污水、消防水工程分包合同,BZJCSS-059,,,,,,,,,,,,,,,,,,,,,,,,,,,,,,,,,,,
劳务分包,基础设施分包工程费,管网工程费,通风空调分包合同,BZJCSS-079,,,,,,,,,,,,,,,,,,,,,,,,,,,,,,,,,,,
劳务分包,基础设施分包工程费,管网工程费,顶管分包合同,BZJCSS-097,,,,,,,,,,,,,,,,,,,,,,,,,,,,,,,,,,,
劳务分包,基础设施分包工程费,精装修工程费,墙柱面装饰与隔断工程分包合同,BZJCSS-109,,,,,,,,,,,,,,,,,,,,,,,,,,,,,,,,,,,
劳务分包,基础设施分包工程费,精装修工程费,天棚工程分包合同,BZJCSS-108,,,,,,,,,,,,,,,,,,,,,,,,,,,,,,,,,,,
劳务分包,基础设施分包工程费,精装修工程费,楼地面装饰工程分包合同,BZJCSS-107,,,,,,,,,,,,,,,,,,,,,,,,,,,,,,,,,,,
劳务分包,基础设施分包工程费,精装修工程费,精装修分包合同,BZJCSS-110,,,,,,,,,,,,,,,,,,,,,,,,,,,,,,,,,,,
劳务分包,基础设施分包工程费,道路工程费,人行道施工分包合同,BZJCSS-009,,,,,,,,,,,,,,,,,,,,,,,,,,,,,,,,,,,
劳务分包,基础设施分包工程费,道路工程费,路基工程分包合同,BZJCSS-027,,,,,,,,,,,,,,,,,,,,,,,,,,,,,,,,,,,
劳务分包,基础设施分包工程费,道路工程费,路面基层、底基层工程合同,BZJCSS-007,,,,,,,,,,,,,,,,,,,,,,,,,,,,,,,,,,,
劳务分包,基础设施分包工程费,道路工程费,路面工程分包合同,BZJCSS-026,,,,,,,,,,,,,,,,,,,,,,,,,,,,,,,,,,,
劳务分包,基础设施分包工程费,金属结构工程费,压型钢板安装分包合同,BZJCSS-043,,,,,,,,,,,,,,,,,,,,,,,,,,,,,,,,,,,
劳务分包,基础设施分包工程费,金属结构工程费,钢结构加工制作分包合同,BZJCSS-017,,,,,,,,,,,,,,,,,,,,,,,,,,,,,,,,,,,
劳务分包,基础设施分包工程费,金属结构工程费,钢结构加工制作安装分包合同,BZJCSS-016,,,,,,,,,,,,,,,,,,,,,,,,,,,,,,,,,,,
劳务分包,基础设施分包工程费,金属结构工程费,钢结构安装分包合同,BZJCSS-004,,,,,,,,,,,,,,,,,,,,,,,,,,,,,,,,,,,
劳务分包,基础设施分包工程费,金属结构工程费,钢结构涂料分包合同,BZJCSS-005,,,,,,,,,,,,,,,,,,,,,,,,,,,,,,,,,,,
劳务分包,基础设施分包工程费,钢筋加工工程费,钢筋加工及安装分包合同,BZJCSS-078,,,,,,,,,,,,,,,,,,,,,,,,,,,,,,,,,,,
劳务分包,基础设施分包工程费,钢筋加工工程费,预应力分包合同,BZJCSS-023,,,,,,,,,,,,,,,,,,,,,,,,,,,,,,,,,,,
劳务分包,基础设施分包工程费,防水工程费,刚性防水分包合同,BZJCSS-067,,,,,,,,,,,,,,,,,,,,,,,,,,,,,,,,,,,
劳务分包,基础设施分包工程费,防水工程费,卷材类防水分包合同,BZJCSS-036,,,,,,,,,,,,,,,,,,,,,,,,,,,,,,,,,,,
劳务分包,基础设施分包工程费,防水工程费,涂膜类防水分包合同,BZJCSS-035,,,,,,,,,,,,,,,,,,,,,,,,,,,,,,,,,,,
劳务分包,基础设施分包工程费,防水工程费,防水堵漏分包合同,BZJCSS-246,,,,,,,,,,,,,,,,,,,,,,,,,,,,,,,,,,,
劳务分包,基础设施分包工程费,隧道工程费,暗挖工程分包合同,BZJCSS-098,,,,,,,,,,,,,,,,,,,,,,,,,,,,,,,,,,,
劳务分包,安装分包工程费,保温工程费,空调水保温工程分包合同,BZAZ-007,,,,,,,,,,,,,,,,,,,,,,,,,,,,,,,,,,,
劳务分包,安装分包工程费,保温工程费,给排水保温工程分包合同,BZAZ-005,,,,,,,,,,,,,,,,,,,,,,,,,,,,,,,,,,,
劳务分包,安装分包工程费,保温工程费,通风保温工程分包合同,BZAZ-006,,,,,,,,,,,,,,,,,,,,,,,,,,,,,,,,,,,
劳务分包,安装分包工程费,分体空调工程费,分体空调、VRV供应及安装分包合同,BZAZ-027,,,,,,,,,,,,,,,,,,,,,,,,,,,,,,,,,,,
劳务分包,安装分包工程费,医疗气体工程费,医疗气体工程分包合同,BZAZ-024,,,,,,,,,,,,,,,,,,,,,,,,,,,,,,,,,,,
劳务分包,安装分包工程费,医疗管道工程费,医疗管道分包合同,BZAZ-136,,,,,,,,,,,,,,,,,,,,,,,,,,,,,,,,,,,
劳务分包,安装分包工程费,小市政工程费,小市政工程分包合同,BZAZ-012,,,,,,,,,,,,,,,,,,,,,,,,,,,,,,,,,,,
劳务分包,安装分包工程费,工艺管道工程费,工艺管道分包合同,BZAZ-030,,,,,,,,,,,,,,,,,,,,,,,,,,,,,,,,,,,
劳务分包,安装分包工程费,弱电工程费,弱电工程分包合同,BZAZ-010,,,,,,,,,,,,,,,,,,,,,,,,,,,,,,,,,,,
劳务分包,安装分包工程费,柴发系统工程费,柴油发电机分包合同,BZAZ-029,,,,,,,,,,,,,,,,,,,,,,,,,,,,,,,,,,,
劳务分包,安装分包工程费,消防工程费,消防水分包合同,BZAZ-008,,,,,,,,,,,,,,,,,,,,,,,,,,,,,,,,,,,
劳务分包,安装分包工程费,消防工程费,消防电分包合同,BZAZ-009,,,,,,,,,,,,,,,,,,,,,,,,,,,,,,,,,,,
劳务分包,安装分包工程费,热力工程费,热力工程分包合同,BZAZ-016,,,,,,,,,,,,,,,,,,,,,,,,,,,,,,,,,,,
劳务分包,安装分包工程费,热通道工程费,热通道工程分包合同,BZAZ-025,,,,,,,,,,,,,,,,,,,,,,,,,,,,,,,,,,,
劳务分包,安装分包工程费,燃气工程费,燃气工程分包合同,BZAZ-013,,,,,,,,,,,,,,,,,,,,,,,,,,,,,,,,,,,
劳务分包,安装分包工程费,电梯工程费,电梯分包合同,BZAZ-011,,,,,,,,,,,,,,,,,,,,,,,,,,,,,,,,,,,
劳务分包,安装分包工程费,电气工程费,电气分包合同,BZAZ-001,,,,,,,,,,,,,,,,,,,,,,,,,,,,,,,,,,,
劳务分包,安装分包工程费,管道工程费,空调水分包合同,BZAZ-003,,,,,,,,,,,,,,,,,,,,,,,,,,,,,,,,,,,
劳务分包,安装分包工程费,管道工程费,给排水分包合同,BZAZ-002,,,,,,,,,,,,,,,,,,,,,,,,,,,,,,,,,,,
劳务分包,安装分包工程费,精装修工程费,功能性地板供货安装合同,BZAZ-020,,,,,,,,,,,,,,,,,,,,,,,,,,,,,,,,,,,
劳务分包,安装分包工程费,精装修工程费,吊顶类分包合同,BZAZ-018,,,,,,,,,,,,,,,,,,,,,,,,,,,,,,,,,,,
劳务分包,安装分包工程费,精装修工程费,壁纸、地毯等供货安装合同,BZAZ-022,,,,,,,,,,,,,,,,,,,,,,,,,,,,,,,,,,,
劳务分包,安装分包工程费,精装修工程费,成品隔断供货安装合同,BZAZ-019,,,,,,,,,,,,,,,,,,,,,,,,,,,,,,,,,,,
劳务分包,安装分包工程费,精装修工程费,精装修分包合同,BZAZ-021,,,,,,,,,,,,,,,,,,,,,,,,,,,,,,,,,,,
劳务分包,安装分包工程费,虹吸雨水工程费,虹吸雨水分包合同,BZAZ-028,,,,,,,,,,,,,,,,,,,,,,,,,,,,,,,,,,,
劳务分包,安装分包工程费,通风工程费,通风分包合同,BZAZ-004,,,,,,,,,,,,,,,,,,,,,,,,,,,,,,,,,,,
劳务分包,安装分包工程费,采暖工程费,采暖工程分包合同,BZAZ-015,,,,,,,,,,,,,,,,,,,,,,,,,,,,,,,,,,,
劳务分包,安装材料采购费,热通道采购费,热通道采购合同,BZAZ-100,,,,,,,,,,,,,,,,,,,,,,,,,,,,,,,,,,,
劳务分包,工程建设其他费,临时场地准备费,临时场地准备合同,BZKB-135,,,,,,,,,,,,,,,,,,,,,,,,,,,,,,,,,,,
劳务分包,施工技术措施费,垂直运输机械费,机械操作工合同,BZKB-140,,,,,,,,,,,,,,,,,,,,,,,,,,,,,,,,,,,
劳务分包,施工技术措施费,垂直运输机械费,起重机械分包合同,BZAZ-143,,,,,,,,,,,,,,,,,,,,,,,,,,,,,,,,,,,
劳务分包,施工技术措施费,大型机械安拆费,升降机安拆分包合同,BZKB-102,,,,,,,,,,,,,,,,,,,,,,,,,,,,,,,,,,,
劳务分包,施工技术措施费,拌合站设备费,搅拌站设备合同,BZKB-063,,,,,,,,,,,,,,,,,,,,,,,,,,,,,,,,,,,
劳务分包,施工技术措施费,非实体模板背楞体系,爬模安拆合同,BZKB-145,,,,,,,,,,,,,,,,,,,,,,,,,,,,,,,,,,,
劳务分包,施工技术措施费,非实体模板背楞体系,膜壳安装合同,BZKB-154,,,,,,,,,,,,,,,,,,,,,,,,,,,,,,,,,,,
劳务分包,施工组织措施费,临时设施费,临建施工分包合同,BZKB-007,,,,,,,,,,,,,,,,,,,,,,,,,,,,,,,,,,,
劳务分包,施工组织措施费,临时设施费,临水临电工程分包合同,BZKB-009,,,,,,,,,,,,,,,,,,,,,,,,,,,,,,,,,,,
劳务分包,施工组织措施费,地上、地下设施、建筑物的临时保护设施,临时保护分包合同,BZKB-064,,,,,,,,,,,,,,,,,,,,,,,,,,,,,,,,,,,
劳务分包,施工组织措施费,安全施工费,标准化设施供货及安装合同,BZKB-093,,,,,,,,,,,,,,,,,,,,,,,,,,,,,,,,,,,
劳务分包,施工组织措施费,已完工程及设备保护费,成品保护分包合同,BZKB-066,,,,,,,,,,,,,,,,,,,,,,,,,,,,,,,,,,,
物资,企业管理费,现场经费,办公设备租赁合同,BZXCJF-013,,,,,,,,,,,,,,,,,,,,,,,,,,,,,,,,,,,
物资,企业管理费,零星采购费-MRO,零星材料合同,BZKB-101,,,,,,,,,,,,,,,,,,,,,,,,,,,,,,,,,,,
物资,土建分包工程费,主体结构工程费,境外中小型机具采购合同,BZFJ-158,,,,,,,,,,,,,,,,,,,,,,,,,,,,,,,,,,,
物资,土建分包工程费,主体结构工程费,境外辅材采购合同,BZFJ-159,,,,,,,,,,,,,,,,,,,,,,,,,,,,,,,,,,,
物资,土建分包工程费,主体结构工程费,混凝土采购分包合同（已签合同结转专用）,BZFJ-007,,,,,,,,,,,,,,,,,,,,,,,,,,,,,,,,,,,
物资,土建分包工程费,主体结构工程费,钢筋外加工分包合同,BZFJ-137,,,,,,,,,,,,,,,,,,,,,,,,,,,,,,,,,,,
物资,土建分包工程费,二次结构及粗装修工程费,境外中小型机具采购合同,BZFJ-160,,,,,,,,,,,,,,,,,,,,,,,,,,,,,,,,,,,
物资,土建分包工程费,二次结构及粗装修工程费,境外辅材采购合同,BZFJ-161,,,,,,,,,,,,,,,,,,,,,,,,,,,,,,,,,,,
物资,土建分包工程费,二次结构及粗装修工程费,排气道供货及安装合同,BZFJ-059,,,,,,,,,,,,,,,,,,,,,,,,,,,,,,,,,,,
物资,土建分包工程费,人防工程费,人防设施供货及安装合同,BZFJ-068,,,,,,,,,,,,,,,,,,,,,,,,,,,,,,,,,,,
物资,土建分包工程费,土石方工程费,回填工程分包合同,BZFJ-002,,,,,,,,,,,,,,,,,,,,,,,,,,,,,,,,,,,
物资,土建分包工程费,地基处理与边坡支护工程费,钢支撑租赁合同,BZFJ-009,,,,,,,,,,,,,,,,,,,,,,,,,,,,,,,,,,,
物资,土建分包工程费,总平土建工程费,体育设施供货及安装合同,BZYL-005,,,,,,,,,,,,,,,,,,,,,,,,,,,,,,,,,,,
物资,土建材料采购费,五金配件类材料采购费,门窗五金采购合同,BZFJ-079,,,,,,,,,,,,,,,,,,,,,,,,,,,,,,,,,,,
物资,土建材料采购费,保温材料采购费,保温水泥制品采购合同,BZFJ-134,,,,,,,,,,,,,,,,,,,,,,,,,,,,,,,,,,,
物资,土建材料采购费,保温材料采购费,保温绝热材料采购合同,BZFJ-080,,,,,,,,,,,,,,,,,,,,,,,,,,,,,,,,,,,
物资,土建材料采购费,保温材料采购费,无机隔热材料采购合同,BZFJ-133,,,,,,,,,,,,,,,,,,,,,,,,,,,,,,,,,,,
物资,土建材料采购费,其他材料采购费,PVC倒角条采购合同,BZKB-128,,,,,,,,,,,,,,,,,,,,,,,,,,,,,,,,,,,
物资,土建材料采购费,其他材料采购费,土工布采购合同,BZFJ-123,,,,,,,,,,,,,,,,,,,,,,,,,,,,,,,,,,,
物资,土建材料采购费,古建筑装饰材料采购费,屋面瓦采购合同,BZFJ-125,,,,,,,,,,,,,,,,,,,,,,,,,,,,,,,,,,,
物资,土建材料采购费,商品混凝土采购费,外加剂采购合同,BZFJ-028,,,,,,,,,,,,,,,,,,,,,,,,,,,,,,,,,,,
物资,土建材料采购费,商品混凝土采购费,沥青混凝土采购合同,BZFJ-155,,,,,,,,,,,,,,,,,,,,,,,,,,,,,,,,,,,
物资,土建材料采购费,商品混凝土采购费,混凝土泵管采购合同,BZFJ-121,,,,,,,,,,,,,,,,,,,,,,,,,,,,,,,,,,,
物资,土建材料采购费,商品混凝土采购费,预拌混凝土采购合同,BZFJ-027,,,,,,,,,,,,,,,,,,,,,,,,,,,,,,,,,,,
物资,土建材料采购费,幕墙材料采购费,玻璃幕墙材料采购合同,BZFJ-149,,,,,,,,,,,,,,,,,,,,,,,,,,,,,,,,,,,
物资,土建材料采购费,幕墙材料采购费,石材幕墙材料采购合同,BZFJ-151,,,,,,,,,,,,,,,,,,,,,,,,,,,,,,,,,,,
物资,土建材料采购费,幕墙材料采购费,组合幕墙材料采购合同,BZFJ-152,,,,,,,,,,,,,,,,,,,,,,,,,,,,,,,,,,,
物资,土建材料采购费,幕墙材料采购费,金属板幕墙材料采购合同,BZFJ-150,,,,,,,,,,,,,,,,,,,,,,,,,,,,,,,,,,,
物资,土建材料采购费,水泥砂石料采购费,水泥稳定碎石采购合同,BZFJ-185,,,,,,,,,,,,,,,,,,,,,,,,,,,,,,,,,,,
物资,土建材料采购费,水泥砂石料采购费,水泥采购合同,BZFJ-162,,,,,,,,,,,,,,,,,,,,,,,,,,,,,,,,,,,
物资,土建材料采购费,水泥砂石料采购费,级配砂石采购合同,BZFJ-003,,,,,,,,,,,,,,,,,,,,,,,,,,,,,,,,,,,
物资,土建材料采购费,油漆涂料类材料采购费,涂料采购合同,BZFJ-071,,,,,,,,,,,,,,,,,,,,,,,,,,,,,,,,,,,
物资,土建材料采购费,油漆涂料类材料采购费,腻子采购合同,BZFJ-090,,,,,,,,,,,,,,,,,,,,,,,,,,,,,,,,,,,
物资,土建材料采购费,油漆涂料类材料采购费,路面标识涂料采购合同,BZFJ-156,,,,,,,,,,,,,,,,,,,,,,,,,,,,,,,,,,,
物资,土建材料采购费,洁净材料采购费,洁净材料采购合同,BZFJ-168,,,,,,,,,,,,,,,,,,,,,,,,,,,,,,,,,,,
物资,土建材料采购费,砌块砖块采购费,砌块采购合同,BZFJ-052,,,,,,,,,,,,,,,,,,,,,,,,,,,,,,,,,,,
物资,土建材料采购费,砌块砖块采购费,砖块采购合同,BZFJ-172,,,,,,,,,,,,,,,,,,,,,,,,,,,,,,,,,,,
物资,土建材料采购费,苗木景观采购费,景观小品采购合同,BZYL-008,,,,,,,,,,,,,,,,,,,,,,,,,,,,,,,,,,,
物资,土建材料采购费,苗木景观采购费,苗木采购合同,BZYL-004,,,,,,,,,,,,,,,,,,,,,,,,,,,,,,,,,,,
物资,土建材料采购费,装修材料采购费,仿金属板材采购合同,BZFJ-114,,,,,,,,,,,,,,,,,,,,,,,,,,,,,,,,,,,
物资,土建材料采购费,装修材料采购费,其他地板材料采购合同,BZFJ-064,,,,,,,,,,,,,,,,,,,,,,,,,,,,,,,,,,,
物资,土建材料采购费,装修材料采购费,吊顶材料采购合同,BZKB-130,,,,,,,,,,,,,,,,,,,,,,,,,,,,,,,,,,,
物资,土建材料采购费,装修材料采购费,吸声材料采购合同,BZFJ-109,,,,,,,,,,,,,,,,,,,,,,,,,,,,,,,,,,,
物资,土建材料采购费,装修材料采购费,塑料地板采购合同,BZFJ-060,,,,,,,,,,,,,,,,,,,,,,,,,,,,,,,,,,,
物资,土建材料采购费,装修材料采购费,塑料板材采购合同,BZFJ-117,,,,,,,,,,,,,,,,,,,,,,,,,,,,,,,,,,,
物资,土建材料采购费,装修材料采购费,复合板材采购合同,BZFJ-113,,,,,,,,,,,,,,,,,,,,,,,,,,,,,,,,,,,
物资,土建材料采购费,装修材料采购费,家具采购合同,BZFJ-132,,,,,,,,,,,,,,,,,,,,,,,,,,,,,,,,,,,
物资,土建材料采购费,装修材料采购费,木质地板采购合同,BZFJ-082,,,,,,,,,,,,,,,,,,,,,,,,,,,,,,,,,,,
物资,土建材料采购费,装修材料采购费,植物纤维板材采购合同,BZFJ-116,,,,,,,,,,,,,,,,,,,,,,,,,,,,,,,,,,,
物资,土建材料采购费,装修材料采购费,水泥板材采购合同,BZFJ-108,,,,,,,,,,,,,,,,,,,,,,,,,,,,,,,,,,,
物资,土建材料采购费,装修材料采购费,瓷砖材料采购合同,BZFJ-111,,,,,,,,,,,,,,,,,,,,,,,,,,,,,,,,,,,
物资,土建材料采购费,装修材料采购费,石材采购合同,BZFJ-110,,,,,,,,,,,,,,,,,,,,,,,,,,,,,,,,,,,
物资,土建材料采购费,装修材料采购费,石膏类板材采购合同,BZFJ-115,,,,,,,,,,,,,,,,,,,,,,,,,,,,,,,,,,,
物资,土建材料采购费,装修材料采购费,胶黏材料采购合同,BZFJ-118,,,,,,,,,,,,,,,,,,,,,,,,,,,,,,,,,,,
物资,土建材料采购费,装修材料采购费,装饰玻璃材料采购合同,BZFJ-081,,,,,,,,,,,,,,,,,,,,,,,,,,,,,,,,,,,
物资,土建材料采购费,装修材料采购费,软装材料采购合同,BZFJ-076,,,,,,,,,,,,,,,,,,,,,,,,,,,,,,,,,,,
物资,土建材料采购费,金属类材料采购费,减震器采购合同,BZFJ-180,,,,,,,,,,,,,,,,,,,,,,,,,,,,,,,,,,,
物资,土建材料采购费,金属类材料采购费,变形缝采购合同,BZFJ-127,,,,,,,,,,,,,,,,,,,,,,,,,,,,,,,,,,,
物资,土建材料采购费,金属类材料采购费,栏杆扶手材料采购合同,BZFJ-119,,,,,,,,,,,,,,,,,,,,,,,,,,,,,,,,,,,
物资,土建材料采购费,金属类材料采购费,百叶门窗材料采购合同,BZFJ-147,,,,,,,,,,,,,,,,,,,,,,,,,,,,,,,,,,,
物资,土建材料采购费,金属类材料采购费,装饰金属材料采购合同,BZFJ-178,,,,,,,,,,,,,,,,,,,,,,,,,,,,,,,,,,,
物资,土建材料采购费,金属类材料采购费,铸铁制品采购合同,BZFJ-120,,,,,,,,,,,,,,,,,,,,,,,,,,,,,,,,,,,
物资,土建材料采购费,金属类材料采购费,防坠落生命线系统装置采购合同,BZFJ-186,,,,,,,,,,,,,,,,,,,,,,,,,,,,,,,,,,,
物资,土建材料采购费,钢筋钢绞线采购费,钢筋半成品采购合同,BZFJ-136,,,,,,,,,,,,,,,,,,,,,,,,,,,,,,,,,,,
物资,土建材料采购费,钢筋钢绞线采购费,钢筋原材采购合同,BZFJ-023,,,,,,,,,,,,,,,,,,,,,,,,,,,,,,,,,,,
物资,土建材料采购费,钢筋钢绞线采购费,钢筋套筒采购合同,BZFJ-025,,,,,,,,,,,,,,,,,,,,,,,,,,,,,,,,,,,
物资,土建材料采购费,钢筋钢绞线采购费,钢绞线采购合同,BZFJ-022,,,,,,,,,,,,,,,,,,,,,,,,,,,,,,,,,,,
物资,土建材料采购费,钢筋钢绞线采购费,铁制品采购合同,BZFJ-024,,,,,,,,,,,,,,,,,,,,,,,,,,,,,,,,,,,
物资,土建材料采购费,钢结构构件采购费,压型钢板采购合同,BZFJ-085,,,,,,,,,,,,,,,,,,,,,,,,,,,,,,,,,,,
物资,土建材料采购费,钢结构构件采购费,焊钉采购合同,BZFJ-049,,,,,,,,,,,,,,,,,,,,,,,,,,,,,,,,,,,
物资,土建材料采购费,钢结构构件采购费,螺栓采购合同,BZFJ-048,,,,,,,,,,,,,,,,,,,,,,,,,,,,,,,,,,,
物资,土建材料采购费,钢结构构件采购费,钢筋连接器采购合同,BZFJ-050,,,,,,,,,,,,,,,,,,,,,,,,,,,,,,,,,,,
物资,土建材料采购费,钢结构构件采购费,钢结构原材采购合同,BZFJ-047,,,,,,,,,,,,,,,,,,,,,,,,,,,,,,,,,,,
物资,土建材料采购费,钢结构构件采购费,钢结构墙板材料采购合同,BZFJ-075,,,,,,,,,,,,,,,,,,,,,,,,,,,,,,,,,,,
物资,土建材料采购费,钢结构构件采购费,钢结构成品采购合同,BZFJ-128,,,,,,,,,,,,,,,,,,,,,,,,,,,,,,,,,,,
物资,土建材料采购费,钢结构构件采购费,零星钢构件采购合同,BZFJ-017,,,,,,,,,,,,,,,,,,,,,,,,,,,,,,,,,,,
物资,土建材料采购费,门窗材料采购费,塑钢门窗材料采购合同,BZFJ-056,,,,,,,,,,,,,,,,,,,,,,,,,,,,,,,,,,,
物资,土建材料采购费,门窗材料采购费,木质门窗材料采购合同,BZFJ-143,,,,,,,,,,,,,,,,,,,,,,,,,,,,,,,,,,,
物资,土建材料采购费,门窗材料采购费,特种门窗材料采购合同,BZFJ-141,,,,,,,,,,,,,,,,,,,,,,,,,,,,,,,,,,,
物资,土建材料采购费,门窗材料采购费,金属门窗材料采购合同,BZFJ-144,,,,,,,,,,,,,,,,,,,,,,,,,,,,,,,,,,,
物资,土建材料采购费,门窗材料采购费,防火门窗材料采购合同,BZFJ-145,,,,,,,,,,,,,,,,,,,,,,,,,,,,,,,,,,,
物资,土建材料采购费,防水材料采购费,排水板采购合同,BZFJ-124,,,,,,,,,,,,,,,,,,,,,,,,,,,,,,,,,,,
物资,土建材料采购费,防水材料采购费,止水带采购合同,BZFJ-112,,,,,,,,,,,,,,,,,,,,,,,,,,,,,,,,,,,
物资,土建材料采购费,防水材料采购费,防水材料采购合同,BZFJ-034,,,,,,,,,,,,,,,,,,,,,,,,,,,,,,,,,,,
物资,土建材料采购费,预制构件采购费,基础预制构件采购合同,BZFJ-170,,,,,,,,,,,,,,,,,,,,,,,,,,,,,,,,,,,
物资,土建材料采购费,预制构件采购费,市政预制构件采购合同,BZFJ-169,,,,,,,,,,,,,,,,,,,,,,,,,,,,,,,,,,,
物资,土建材料采购费,预制构件采购费,建筑预制构件采购合同,BZFJ-153,,,,,,,,,,,,,,,,,,,,,,,,,,,,,,,,,,,
物资,土建材料采购费,预制构件采购费,改性石膏空心隔墙板采购合同,BZFJ-173,,,,,,,,,,,,,,,,,,,,,,,,,,,,,,,,,,,
物资,土建材料采购费,预制构件采购费,灌浆料采购合同,BZFJ-094,,,,,,,,,,,,,,,,,,,,,,,,,,,,,,,,,,,
物资,土建材料采购费,预制构件采购费,结构预制构件采购合同,BZFJ-087,,,,,,,,,,,,,,,,,,,,,,,,,,,,,,,,,,,
物资,土建材料采购费,预制构件采购费,蒸压加气混凝土条板采购合同,BZFJ-089,,,,,,,,,,,,,,,,,,,,,,,,,,,,,,,,,,,
物资,土建材料采购费,预制构件采购费,钢筋陶粒混凝土轻质墙板采购合同,BZFJ-174,,,,,,,,,,,,,,,,,,,,,,,,,,,,,,,,,,,
物资,土建材料采购费,预拌砂浆采购费,功能砂浆采购合同,BZFJ-126,,,,,,,,,,,,,,,,,,,,,,,,,,,,,,,,,,,
物资,土建材料采购费,预拌砂浆采购费,干混砂浆采购合同,BZFJ-053,,,,,,,,,,,,,,,,,,,,,,,,,,,,,,,,,,,
物资,土建材料采购费,预拌砂浆采购费,湿拌砂浆采购合同,BZFJ-093,,,,,,,,,,,,,,,,,,,,,,,,,,,,,,,,,,,
物资,基础设施分包工程费,主体结构工程费,活动板房采购及安装合同,BZJCSS-242,,,,,,,,,,,,,,,,,,,,,,,,,,,,,,,,,,,
物资,基础设施分包工程费,桥涵工程费,伸缩缝加工及安装合同,BZJCSS-072,,,,,,,,,,,,,,,,,,,,,,,,,,,,,,,,,,,
物资,基础设施分包工程费,桥涵工程费,隔声屏障加工及安装合同,BZJCSS-018,,,,,,,,,,,,,,,,,,,,,,,,,,,,,,,,,,,
物资,基础设施分包工程费,水处理工程费,水处理设备分包合同,BZJCSS-083,,,,,,,,,,,,,,,,,,,,,,,,,,,,,,,,,,,
物资,基础设施分包工程费,金属结构工程费,钢爬梯加工制造运输安装合同,BZJCSS-044,,,,,,,,,,,,,,,,,,,,,,,,,,,,,,,,,,,
物资,基础设施分包工程费,金属装饰工程费,栏杆扶手供货安装合同,BZJCSS-047,,,,,,,,,,,,,,,,,,,,,,,,,,,,,,,,,,,
物资,基础设施分包工程费,金属装饰工程费,栏杆类供货安装合同,BZJCSS-046,,,,,,,,,,,,,,,,,,,,,,,,,,,,,,,,,,,
物资,基础设施分包工程费,金属装饰工程费,铝合金百叶供货安装合同,BZJCSS-045,,,,,,,,,,,,,,,,,,,,,,,,,,,,,,,,,,,
物资,基础设施材料采购费,五金配件类材料采购费,门窗五金供货合同,BZJCSS-168,,,,,,,,,,,,,,,,,,,,,,,,,,,,,,,,,,,
物资,基础设施材料采购费,交安工程材料费,交安工程材料合同,BZJCSS-116,,,,,,,,,,,,,,,,,,,,,,,,,,,,,,,,,,,
物资,基础设施材料采购费,保温材料采购费,保温类材料供货合同,BZJCSS-158,,,,,,,,,,,,,,,,,,,,,,,,,,,,,,,,,,,
物资,基础设施材料采购费,商品混凝土采购费,外加剂供货合同,BZJCSS-140,,,,,,,,,,,,,,,,,,,,,,,,,,,,,,,,,,,
物资,基础设施材料采购费,商品混凝土采购费,预拌混凝土供应合同-结构混凝土,BZJCSS-139,,,,,,,,,,,,,,,,,,,,,,,,,,,,,,,,,,,
物资,基础设施材料采购费,地材采购费,土工格栅采购合同,BZJCSS-239,,,,,,,,,,,,,,,,,,,,,,,,,,,,,,,,,,,
物资,基础设施材料采购费,地材采购费,土方采购合同,BZJCSS-185,,,,,,,,,,,,,,,,,,,,,,,,,,,,,,,,,,,
物资,基础设施材料采购费,地材采购费,水泥稳定碎石采购合同,BZJCSS-170,,,,,,,,,,,,,,,,,,,,,,,,,,,,,,,,,,,
物资,基础设施材料采购费,地材采购费,水泥采购合同,BZJCSS-194,,,,,,,,,,,,,,,,,,,,,,,,,,,,,,,,,,,
物资,基础设施材料采购费,地材采购费,生石灰采购合同,BZJCSS-192,,,,,,,,,,,,,,,,,,,,,,,,,,,,,,,,,,,
物资,基础设施材料采购费,地材采购费,矿渣材料采购合同,BZJCSS-171,,,,,,,,,,,,,,,,,,,,,,,,,,,,,,,,,,,
物资,基础设施材料采购费,地材采购费,砖渣采购合同,BZJCSS-211,,,,,,,,,,,,,,,,,,,,,,,,,,,,,,,,,,,
物资,基础设施材料采购费,地材采购费,粉煤灰供货合同,BZJCSS-210,,,,,,,,,,,,,,,,,,,,,,,,,,,,,,,,,,,
物资,基础设施材料采购费,地材采购费,级配砂石采购合同,BZJCSS-152,,,,,,,,,,,,,,,,,,,,,,,,,,,,,,,,,,,
物资,基础设施材料采购费,型钢采购费,型钢供货合同,BZJCSS-183,,,,,,,,,,,,,,,,,,,,,,,,,,,,,,,,,,,
物资,基础设施材料采购费,型钢采购费,钢便桥材料采购合同,BZJCSS-181,,,,,,,,,,,,,,,,,,,,,,,,,,,,,,,,,,,
物资,基础设施材料采购费,声测管采购费,声测管供货合同,BZJCSS-190,,,,,,,,,,,,,,,,,,,,,,,,,,,,,,,,,,,
物资,基础设施材料采购费,工艺工程采购费,阀门供货合同,BZJCSS-177,,,,,,,,,,,,,,,,,,,,,,,,,,,,,,,,,,,
物资,基础设施材料采购费,工艺工程采购费,高低压配电柜（箱）供货合同,BZJCSS-118,,,,,,,,,,,,,,,,,,,,,,,,,,,,,,,,,,,
物资,基础设施材料采购费,桥涵工程材料采购费,临时及零星钢材供货合同,BZJCSS-180,,,,,,,,,,,,,,,,,,,,,,,,,,,,,,,,,,,
物资,基础设施材料采购费,桥涵工程材料采购费,伸缩缝供货合同,BZJCSS-179,,,,,,,,,,,,,,,,,,,,,,,,,,,,,,,,,,,
物资,基础设施材料采购费,桥涵工程材料采购费,悬索、钢拉杆材料采购合同,BZJCSS-191,,,,,,,,,,,,,,,,,,,,,,,,,,,,,,,,,,,
物资,基础设施材料采购费,桥涵工程材料采购费,护坡工程物资采购合同,BZJCSS-117,,,,,,,,,,,,,,,,,,,,,,,,,,,,,,,,,,,
物资,基础设施材料采购费,桥涵工程材料采购费,桥梁支座采购合同,BZJCSS-175,,,,,,,,,,,,,,,,,,,,,,,,,,,,,,,,,,,
物资,基础设施材料采购费,桩基础材料采购费,圆木桩采购合同,BZJCSS-195,,,,,,,,,,,,,,,,,,,,,,,,,,,,,,,,,,,
物资,基础设施材料采购费,止水带采购费,止水螺栓、止水带、止水条供货合同,BZJCSS-154,,,,,,,,,,,,,,,,,,,,,,,,,,,,,,,,,,,
物资,基础设施材料采购费,沥青混凝土采购费,路面材料采购合同,BZJCSS-113,,,,,,,,,,,,,,,,,,,,,,,,,,,,,,,,,,,
物资,基础设施材料采购费,油漆涂料类材料采购费,油漆涂料供货合同,BZJCSS-167,,,,,,,,,,,,,,,,,,,,,,,,,,,,,,,,,,,
物资,基础设施材料采购费,油漆涂料类材料采购费,腻子采购合同,BZJCSS-228,,,,,,,,,,,,,,,,,,,,,,,,,,,,,,,,,,,
物资,基础设施材料采购费,油脂、油品采购费,油脂、油品采购合同,BZJCSS-234,,,,,,,,,,,,,,,,,,,,,,,,,,,,,,,,,,,
物资,基础设施材料采购费,泡沫剂采购,泡沫剂采购合同,BZJCSS-188,,,,,,,,,,,,,,,,,,,,,,,,,,,,,,,,,,,
物资,基础设施材料采购费,玻璃类材料采购费,外立面玻璃幕墙采购合同,BZJCSS-165,,,,,,,,,,,,,,,,,,,,,,,,,,,,,,,,,,,
物资,基础设施材料采购费,电力工程采购费,仪器仪表供货合同,BZJCSS-134,,,,,,,,,,,,,,,,,,,,,,,,,,,,,,,,,,,
物资,基础设施材料采购费,电力工程采购费,弱电材料供货合同,BZJCSS-125,,,,,,,,,,,,,,,,,,,,,,,,,,,,,,,,,,,
物资,基础设施材料采购费,电力工程采购费,灯具供货合同,BZJCSS-130,,,,,,,,,,,,,,,,,,,,,,,,,,,,,,,,,,,
物资,基础设施材料采购费,电力工程采购费,电力工程材料设备采购合同,BZJCSS-120,,,,,,,,,,,,,,,,,,,,,,,,,,,,,,,,,,,
物资,基础设施材料采购费,电力工程采购费,电线电缆买卖合同,BZJCSS-129,,,,,,,,,,,,,,,,,,,,,,,,,,,,,,,,,,,
物资,基础设施材料采购费,电力工程采购费,电线管供货合同,BZJCSS-135,,,,,,,,,,,,,,,,,,,,,,,,,,,,,,,,,,,
物资,基础设施材料采购费,电力工程采购费,路灯专用箱式变电站采购合同,BZJCSS-133,,,,,,,,,,,,,,,,,,,,,,,,,,,,,,,,,,,
物资,基础设施材料采购费,电力工程采购费,路灯及信号灯采购合同,BZJCSS-131,,,,,,,,,,,,,,,,,,,,,,,,,,,,,,,,,,,
物资,基础设施材料采购费,电力工程采购费,配电箱采购合同,BZJCSS-132,,,,,,,,,,,,,,,,,,,,,,,,,,,,,,,,,,,
物资,基础设施材料采购费,电力工程采购费,防雷材料供货合同,BZJCSS-122,,,,,,,,,,,,,,,,,,,,,,,,,,,,,,,,,,,
物资,基础设施材料采购费,盾构管片材料采购费,管片采购合同,BZJCSS-184,,,,,,,,,,,,,,,,,,,,,,,,,,,,,,,,,,,
物资,基础设施材料采购费,石材类材料采购费,侧石采购合同,BZJCSS-114,,,,,,,,,,,,,,,,,,,,,,,,,,,,,,,,,,,
物资,基础设施材料采购费,石材类材料采购费,石材类材料供货合同,BZJCSS-166,,,,,,,,,,,,,,,,,,,,,,,,,,,,,,,,,,,
物资,基础设施材料采购费,石材类材料采购费,面砖采购合同,BZJCSS-115,,,,,,,,,,,,,,,,,,,,,,,,,,,,,,,,,,,
物资,基础设施材料采购费,砌块砖块采购费,砌块采购合同,BZJCSS-156,,,,,,,,,,,,,,,,,,,,,,,,,,,,,,,,,,,
物资,基础设施材料采购费,管材、玻璃钢采购费,井盖供货合同,BZJCSS-137,,,,,,,,,,,,,,,,,,,,,,,,,,,,,,,,,,,
物资,基础设施材料采购费,管材、玻璃钢采购费,塑料管买卖合同,BZJCSS-127,,,,,,,,,,,,,,,,,,,,,,,,,,,,,,,,,,,
物资,基础设施材料采购费,管材、玻璃钢采购费,复合管材及管件供货合同,BZJCSS-174,,,,,,,,,,,,,,,,,,,,,,,,,,,,,,,,,,,
物资,基础设施材料采购费,管材、玻璃钢采购费,混凝土管及预制构件买卖合同,BZJCSS-123,,,,,,,,,,,,,,,,,,,,,,,,,,,,,,,,,,,
物资,基础设施材料采购费,管材、玻璃钢采购费,玻璃钢盖板、钢盖板采购合同,BZJCSS-229,,,,,,,,,,,,,,,,,,,,,,,,,,,,,,,,,,,
物资,基础设施材料采购费,管材、玻璃钢采购费,玻璃钢管采购合同,BZJCSS-121,,,,,,,,,,,,,,,,,,,,,,,,,,,,,,,,,,,
物资,基础设施材料采购费,管材、玻璃钢采购费,电力工程材料采购合同,BZJCSS-119,,,,,,,,,,,,,,,,,,,,,,,,,,,,,,,,,,,
物资,基础设施材料采购费,管材、玻璃钢采购费,电力电缆保护管买卖合同,BZJCSS-128,,,,,,,,,,,,,,,,,,,,,,,,,,,,,,,,,,,
物资,基础设施材料采购费,管材、玻璃钢采购费,钢管供货合同,BZJCSS-173,,,,,,,,,,,,,,,,,,,,,,,,,,,,,,,,,,,
物资,基础设施材料采购费,管材、玻璃钢采购费,铸铁管及管件供货合同,BZJCSS-172,,,,,,,,,,,,,,,,,,,,,,,,,,,,,,,,,,,
物资,基础设施材料采购费,给排水工程材料费,给排水工程物资采购合同,BZJCSS-111,,,,,,,,,,,,,,,,,,,,,,,,,,,,,,,,,,,
物资,基础设施材料采购费,膨润土采购费,膨润土采购合同,BZJCSS-186,,,,,,,,,,,,,,,,,,,,,,,,,,,,,,,,,,,
物资,基础设施材料采购费,苗木景观采购费,亭廊屋面采购合同,BZJCSS-161,,,,,,,,,,,,,,,,,,,,,,,,,,,,,,,,,,,
物资,基础设施材料采购费,苗木景观采购费,假山石采购合同,BZJCSS-169,,,,,,,,,,,,,,,,,,,,,,,,,,,,,,,,,,,
物资,基础设施材料采购费,苗木景观采购费,原木、竹结构采购合同,BZJCSS-160,,,,,,,,,,,,,,,,,,,,,,,,,,,,,,,,,,,
物资,基础设施材料采购费,苗木景观采购费,喷泉采购合同,BZJCSS-162,,,,,,,,,,,,,,,,,,,,,,,,,,,,,,,,,,,
物资,基础设施材料采购费,苗木景观采购费,园林桌椅采购合同,BZJCSS-159,,,,,,,,,,,,,,,,,,,,,,,,,,,,,,,,,,,
物资,基础设施材料采购费,苗木景观采购费,花架采购合同,BZJCSS-164,,,,,,,,,,,,,,,,,,,,,,,,,,,,,,,,,,,
物资,基础设施材料采购费,苗木景观采购费,苗木采购合同,BZJCSS-163,,,,,,,,,,,,,,,,,,,,,,,,,,,,,,,,,,,
物资,基础设施材料采购费,装修材料采购费,卫生器具采购合同,BZJCSS-222,,,,,,,,,,,,,,,,,,,,,,,,,,,,,,,,,,,
物资,基础设施材料采购费,装修材料采购费,吸声材料采购合同,BZJCSS-224,,,,,,,,,,,,,,,,,,,,,,,,,,,,,,,,,,,
物资,基础设施材料采购费,装修材料采购费,水泥类板材采购合同,BZJCSS-223,,,,,,,,,,,,,,,,,,,,,,,,,,,,,,,,,,,
物资,基础设施材料采购费,装修材料采购费,瓷砖材料采购合同,BZJCSS-225,,,,,,,,,,,,,,,,,,,,,,,,,,,,,,,,,,,
物资,基础设施材料采购费,装修材料采购费,轻质条板材料采购合同,BZJCSS-221,,,,,,,,,,,,,,,,,,,,,,,,,,,,,,,,,,,
物资,基础设施材料采购费,装饰工程材料费,装饰工程材料采购合同,BZJCSS-176,,,,,,,,,,,,,,,,,,,,,,,,,,,,,,,,,,,
物资,基础设施材料采购费,试验室设备采购费,实验室设备采购合同,BZJCSS-189,,,,,,,,,,,,,,,,,,,,,,,,,,,,,,,,,,,
物资,基础设施材料采购费,路基材料采购费,路基处理材料采购合同,BZJCSS-112,,,,,,,,,,,,,,,,,,,,,,,,,,,,,,,,,,,
物资,基础设施材料采购费,轨道材料费,预埋槽道及配套T型螺栓采购合同,BZJCSS-187,,,,,,,,,,,,,,,,,,,,,,,,,,,,,,,,,,,
物资,基础设施材料采购费,钢板采购费,钢板采购合同,BZJCSS-182,,,,,,,,,,,,,,,,,,,,,,,,,,,,,,,,,,,
物资,基础设施材料采购费,钢筋钢绞线采购费,成品马镫等物资采购合同,BZJCSS-146,,,,,,,,,,,,,,,,,,,,,,,,,,,,,,,,,,,
物资,基础设施材料采购费,钢筋钢绞线采购费,波纹管供货合同,BZJCSS-136,,,,,,,,,,,,,,,,,,,,,,,,,,,,,,,,,,,
物资,基础设施材料采购费,钢筋钢绞线采购费,钢筋供应合同,BZJCSS-145,,,,,,,,,,,,,,,,,,,,,,,,,,,,,,,,,,,
物资,基础设施材料采购费,钢筋钢绞线采购费,钢筋接头供货合同,BZJCSS-144,,,,,,,,,,,,,,,,,,,,,,,,,,,,,,,,,,,
物资,基础设施材料采购费,钢筋钢绞线采购费,钢筋网片供货合同,BZJCSS-143,,,,,,,,,,,,,,,,,,,,,,,,,,,,,,,,,,,
物资,基础设施材料采购费,钢筋钢绞线采购费,钢筋连接器供货合同,BZJCSS-150,,,,,,,,,,,,,,,,,,,,,,,,,,,,,,,,,,,
物资,基础设施材料采购费,钢筋钢绞线采购费,锚具供货合同,BZJCSS-209,,,,,,,,,,,,,,,,,,,,,,,,,,,,,,,,,,,
物资,基础设施材料采购费,钢筋钢绞线采购费,预应力钢绞线供货合同,BZJCSS-142,,,,,,,,,,,,,,,,,,,,,,,,,,,,,,,,,,,
物资,基础设施材料采购费,钢结构构件采购费,压型钢板供货合同,BZJCSS-147,,,,,,,,,,,,,,,,,,,,,,,,,,,,,,,,,,,
物资,基础设施材料采购费,钢结构构件采购费,活动板房采购合同,BZJCSS-241,,,,,,,,,,,,,,,,,,,,,,,,,,,,,,,,,,,
物资,基础设施材料采购费,钢结构构件采购费,焊钉供货合同,BZJCSS-148,,,,,,,,,,,,,,,,,,,,,,,,,,,,,,,,,,,
物资,基础设施材料采购费,钢结构构件采购费,钢材供货合同,BZJCSS-151,,,,,,,,,,,,,,,,,,,,,,,,,,,,,,,,,,,
物资,基础设施材料采购费,钢结构构件采购费,高强螺栓供货合同,BZJCSS-149,,,,,,,,,,,,,,,,,,,,,,,,,,,,,,,,,,,
物资,基础设施材料采购费,防水材料采购费,防水卷材供货合同,BZJCSS-155,,,,,,,,,,,,,,,,,,,,,,,,,,,,,,,,,,,
物资,基础设施材料采购费,防腐材料采购费,防腐涂料采购合同,BZJCSS-196,,,,,,,,,,,,,,,,,,,,,,,,,,,,,,,,,,,
物资,基础设施材料采购费,预制构件采购费,预制构件供货合同,BZJCSS-153,,,,,,,,,,,,,,,,,,,,,,,,,,,,,,,,,,,
物资,基础设施材料采购费,预制构件采购费,预制构件灌浆料供货合同,BZJCSS-226,,,,,,,,,,,,,,,,,,,,,,,,,,,,,,,,,,,
物资,基础设施材料采购费,预拌砂浆采购费,干拌砂浆采购合同,BZJCSS-157,,,,,,,,,,,,,,,,,,,,,,,,,,,,,,,,,,,
物资,基础设施材料采购费,预拌砂浆采购费,湿拌砂浆采购合同,BZJCSS-227,,,,,,,,,,,,,,,,,,,,,,,,,,,,,,,,,,,
物资,安装分包工程费,保温工程费,空调水保温工程分包合同,BZAZ-007,,,,,,,,,,,,,,,,,,,,,,,,,,,,,,,,,,,
物资,安装分包工程费,柴发系统工程费,柴油发电机分包合同,BZAZ-029,,,,,,,,,,,,,,,,,,,,,,,,,,,,,,,,,,,
物资,安装分包工程费,精装修工程费,功能性地板供货安装合同,BZAZ-020,,,,,,,,,,,,,,,,,,,,,,,,,,,,,,,,,,,
物资,安装分包工程费,精装修工程费,壁纸、地毯等供货安装合同,BZAZ-022,,,,,,,,,,,,,,,,,,,,,,,,,,,,,,,,,,,
物资,安装分包工程费,虹吸雨水工程费,虹吸雨水分包合同,BZAZ-028,,,,,,,,,,,,,,,,,,,,,,,,,,,,,,,,,,,
物资,安装材料采购费,PDU采购费,PDU供货合同,BZAZ-190,,,,,,,,,,,,,,,,,,,,,,,,,,,,,,,,,,,
物资,安装材料采购费,不锈钢管及管件采购费,不锈钢管及管件供货合同,BZAZ-073,,,,,,,,,,,,,,,,,,,,,,,,,,,,,,,,,,,
物资,安装材料采购费,不锈钢管及管件采购费,厚壁不锈钢管及管件供货合同,BZAZ-134,,,,,,,,,,,,,,,,,,,,,,,,,,,,,,,,,,,
物资,安装材料采购费,不锈钢管及管件采购费,薄壁不锈钢管及管件供货合同,BZAZ-169,,,,,,,,,,,,,,,,,,,,,,,,,,,,,,,,,,,
物资,安装材料采购费,保温及绝热材料采购费,保温及绝热材料供货合同,BZAZ-066,,,,,,,,,,,,,,,,,,,,,,,,,,,,,,,,,,,
物资,安装材料采购费,储能材料设备采购费,储能材料设备供货合同,BZAZ-193,,,,,,,,,,,,,,,,,,,,,,,,,,,,,,,,,,,
物资,安装材料采购费,光伏材料设备采购费,光伏材料设备供货合同,BZAZ-192,,,,,,,,,,,,,,,,,,,,,,,,,,,,,,,,,,,
物资,安装材料采购费,减震器采购费,减震器供货合同,BZAZ-090,,,,,,,,,,,,,,,,,,,,,,,,,,,,,,,,,,,
物资,安装材料采购费,分集水器采购费,分集水器供货合同,BZAZ-039,,,,,,,,,,,,,,,,,,,,,,,,,,,,,,,,,,,
物资,安装材料采购费,卫生洁具及五金采购费,卫生洁具及五金供货合同,BZAZ-088,,,,,,,,,,,,,,,,,,,,,,,,,,,,,,,,,,,
物资,安装材料采购费,厨房材料设备采购费,厨房材料设备供货合同,BZAZ-188,,,,,,,,,,,,,,,,,,,,,,,,,,,,,,,,,,,
物资,安装材料采购费,垃圾处理材料设备采购费,垃圾处理材料设备供货合同,BZAZ-185,,,,,,,,,,,,,,,,,,,,,,,,,,,,,,,,,,,
物资,安装材料采购费,复合管材及管件采购费,保温管道及管件供货合同,BZAZ-133,,,,,,,,,,,,,,,,,,,,,,,,,,,,,,,,,,,
物资,安装材料采购费,复合管材及管件采购费,复合管材及管件供货合同,BZAZ-072,,,,,,,,,,,,,,,,,,,,,,,,,,,,,,,,,,,
物资,安装材料采购费,复合管材及管件采购费,涂塑管及管件供货合同,BZAZ-126,,,,,,,,,,,,,,,,,,,,,,,,,,,,,,,,,,,
物资,安装材料采购费,复合管材及管件采购费,铝合金衬塑管,BZAZ-127,,,,,,,,,,,,,,,,,,,,,,,,,,,,,,,,,,,
物资,安装材料采购费,小市政工程材料设备采购费,小市政工程材料设备供货合同,BZAZ-094,,,,,,,,,,,,,,,,,,,,,,,,,,,,,,,,,,,
物资,安装材料采购费,抗震支架采购费,抗震支架供货合同,BZAZ-095,,,,,,,,,,,,,,,,,,,,,,,,,,,,,,,,,,,
物资,安装材料采购费,抗震支架采购费,抗震支架及成品支架供货合同,BZAZ-176,,,,,,,,,,,,,,,,,,,,,,,,,,,,,,,,,,,
物资,安装材料采购费,散热器采购费,散热器供货合同,BZAZ-089,,,,,,,,,,,,,,,,,,,,,,,,,,,,,,,,,,,
物资,安装材料采购费,标识标牌采购费,标识标牌供货合同,BZAZ-195,,,,,,,,,,,,,,,,,,,,,,,,,,,,,,,,,,,
物资,安装材料采购费,桥架及配件采购费,桥架及配件供货合同,BZAZ-081,,,,,,,,,,,,,,,,,,,,,,,,,,,,,,,,,,,
物资,安装材料采购费,桥架及配件采购费,网格桥架及配件供货合同,BZAZ-152,,,,,,,,,,,,,,,,,,,,,,,,,,,,,,,,,,,
物资,安装材料采购费,桥架及配件采购费,走线架及配件供货合同,BZAZ-153,,,,,,,,,,,,,,,,,,,,,,,,,,,,,,,,,,,
物资,安装材料采购费,正式工程办公家具采购费,正式工程办公家具供货合同,BZAZ-197,,,,,,,,,,,,,,,,,,,,,,,,,,,,,,,,,,,
物资,安装材料采购费,母线及配件采购费,母线及配件供货合同,BZAZ-080,,,,,,,,,,,,,,,,,,,,,,,,,,,,,,,,,,,
物资,安装材料采购费,母线及配件采购费,铜母线及配件供货合同,BZAZ-173,,,,,,,,,,,,,,,,,,,,,,,,,,,,,,,,,,,
物资,安装材料采购费,母线及配件采购费,铝/铝合金母线及配件供货合同,BZAZ-151,,,,,,,,,,,,,,,,,,,,,,,,,,,,,,,,,,,
物资,安装材料采购费,水系统软接采购费,水系统软接供货合同,BZAZ-159,,,,,,,,,,,,,,,,,,,,,,,,,,,,,,,,,,,
物资,安装材料采购费,沟槽件采购费,沟槽件采购合同,BZAZ-102,,,,,,,,,,,,,,,,,,,,,,,,,,,,,,,,,,,
物资,安装材料采购费,洁净设备采购费,洁净设备供货合同,BZAZ-181,,,,,,,,,,,,,,,,,,,,,,,,,,,,,,,,,,,
物资,安装材料采购费,消声器/消声静压箱/静压箱采购费,消声器/消声静压箱/静压箱供货合同,BZAZ-187,,,,,,,,,,,,,,,,,,,,,,,,,,,,,,,,,,,
物资,安装材料采购费,消防材料采购费,消防材料供货合同,BZAZ-092,,,,,,,,,,,,,,,,,,,,,,,,,,,,,,,,,,,
物资,安装材料采购费,灯具开关插座采购费,应急灯具供货合同,BZAZ-146,,,,,,,,,,,,,,,,,,,,,,,,,,,,,,,,,,,
物资,安装材料采购费,灯具开关插座采购费,灯具开关插座供货合同,BZAZ-075,,,,,,,,,,,,,,,,,,,,,,,,,,,,,,,,,,,
物资,安装材料采购费,灯具开关插座采购费,精装区灯具开关插座供货合同,BZAZ-145,,,,,,,,,,,,,,,,,,,,,,,,,,,,,,,,,,,
物资,安装材料采购费,灯具开关插座采购费,路灯及景观照明灯具供货合同,BZAZ-147,,,,,,,,,,,,,,,,,,,,,,,,,,,,,,,,,,,
物资,安装材料采购费,灯具开关插座采购费,非精装区灯具开关插座供货合同,BZAZ-170,,,,,,,,,,,,,,,,,,,,,,,,,,,,,,,,,,,
物资,安装材料采购费,热水器采购费（电热水器、开水器）,热水器供货合同,BZAZ-047,,,,,,,,,,,,,,,,,,,,,,,,,,,,,,,,,,,
物资,安装材料采购费,热通道采购费,热通道采购合同,BZAZ-100,,,,,,,,,,,,,,,,,,,,,,,,,,,,,,,,,,,
物资,安装材料采购费,电线电缆及附属材料采购费,电线电缆及附属材料供货合同,BZAZ-076,,,,,,,,,,,,,,,,,,,,,,,,,,,,,,,,,,,
物资,安装材料采购费,电线电缆及附属材料采购费,电线电缆附属材料供货合同,BZAZ-150,,,,,,,,,,,,,,,,,,,,,,,,,,,,,,,,,,,
物资,安装材料采购费,电线电缆及附属材料采购费,铜材质电线电缆供货合同,BZAZ-171,,,,,,,,,,,,,,,,,,,,,,,,,,,,,,,,,,,
物资,安装材料采购费,电线电缆及附属材料采购费,铜材质高压电缆供货合同,BZAZ-148,,,,,,,,,,,,,,,,,,,,,,,,,,,,,,,,,,,
物资,安装材料采购费,电线电缆及附属材料采购费,铝及铝合金材质电线电缆供货合同,BZAZ-149,,,,,,,,,,,,,,,,,,,,,,,,,,,,,,,,,,,
物资,安装材料采购费,监控系统采购费,监控系统供货合同,BZAZ-096,,,,,,,,,,,,,,,,,,,,,,,,,,,,,,,,,,,
物资,安装材料采购费,租赁工程费,机械租赁,BZAZ-177,,,,,,,,,,,,,,,,,,,,,,,,,,,,,,,,,,,
物资,安装材料采购费,租赁工程费,物资租赁,BZAZ-178,,,,,,,,,,,,,,,,,,,,,,,,,,,,,,,,,,,
物资,安装材料采购费,线缆保护管及附件采购费,线缆保护管及附件供货合同,BZAZ-082,,,,,,,,,,,,,,,,,,,,,,,,,,,,,,,,,,,
物资,安装材料采购费,蒸汽材料设备采购费,蒸汽材料设备供货合同,BZAZ-183,,,,,,,,,,,,,,,,,,,,,,,,,,,,,,,,,,,
物资,安装材料采购费,蓄冰系统采购费,蓄冰系统供货合同,BZAZ-182,,,,,,,,,,,,,,,,,,,,,,,,,,,,,,,,,,,
物资,安装材料采购费,虹吸雨水采购费,虹吸雨水供货合同,BZAZ-189,,,,,,,,,,,,,,,,,,,,,,,,,,,,,,,,,,,
物资,安装材料采购费,装修材料采购费,轻质条板材料采购合同,BZAZ-099,,,,,,,,,,,,,,,,,,,,,,,,,,,,,,,,,,,
物资,安装材料采购费,装修材料采购费,防火板材料采购合同,BZAZ-098,,,,,,,,,,,,,,,,,,,,,,,,,,,,,,,,,,,
物资,安装材料采购费,计量仪表采购费,计量仪表供货合同,BZAZ-087,,,,,,,,,,,,,,,,,,,,,,,,,,,,,,,,,,,
物资,安装材料采购费,避雷针采购费,避雷针供货合同,BZAZ-079,,,,,,,,,,,,,,,,,,,,,,,,,,,,,,,,,,,
物资,安装材料采购费,钢型材采购费,钢型材供货合同,BZAZ-070,,,,,,,,,,,,,,,,,,,,,,,,,,,,,,,,,,,
物资,安装材料采购费,钢板材采购费,不锈钢板材供货合同,BZAZ-120,,,,,,,,,,,,,,,,,,,,,,,,,,,,,,,,,,,
物资,安装材料采购费,钢板材采购费,其他钢板供货合同,BZAZ-122,,,,,,,,,,,,,,,,,,,,,,,,,,,,,,,,,,,
物资,安装材料采购费,钢板材采购费,钢板材供货合同,BZAZ-068,,,,,,,,,,,,,,,,,,,,,,,,,,,,,,,,,,,
物资,安装材料采购费,钢板材采购费,铝板材供货合同,BZAZ-121,,,,,,,,,,,,,,,,,,,,,,,,,,,,,,,,,,,
物资,安装材料采购费,钢板材采购费,镀锌钢板材供货合同,BZAZ-168,,,,,,,,,,,,,,,,,,,,,,,,,,,,,,,,,,,
物资,安装材料采购费,钢管材采购费,碳钢管件,BZAZ-179,,,,,,,,,,,,,,,,,,,,,,,,,,,,,,,,,,,
物资,安装材料采购费,钢管材采购费,金属电线管,BZAZ-123,,,,,,,,,,,,,,,,,,,,,,,,,,,,,,,,,,,
物资,安装材料采购费,钢管材采购费,钢管材供货合同,BZAZ-069,,,,,,,,,,,,,,,,,,,,,,,,,,,,,,,,,,,
物资,安装材料采购费,钢结构采购费,钢结构供货合同,BZAZ-196,,,,,,,,,,,,,,,,,,,,,,,,,,,,,,,,,,,
物资,安装材料采购费,铜管及管件采购费,铜管及管件供货合同,BZAZ-074,,,,,,,,,,,,,,,,,,,,,,,,,,,,,,,,,,,
物资,安装材料采购费,铸铁管及管件采购费,灰铸铁管及管件供货合同,BZAZ-175,,,,,,,,,,,,,,,,,,,,,,,,,,,,,,,,,,,
物资,安装材料采购费,铸铁管及管件采购费,球墨铸铁管及管件供货合同,BZAZ-158,,,,,,,,,,,,,,,,,,,,,,,,,,,,,,,,,,,
物资,安装材料采购费,铸铁管及管件采购费,铸铁管及管件供货合同,BZAZ-086,,,,,,,,,,,,,,,,,,,,,,,,,,,,,,,,,,,
物资,安装材料采购费,阀门采购费,流体系统手动大阀门供货合同,BZAZ-110,,,,,,,,,,,,,,,,,,,,,,,,,,,,,,,,,,,
物资,安装材料采购费,阀门采购费,流体系统电动阀及平衡阀供货合同,BZAZ-119,,,,,,,,,,,,,,,,,,,,,,,,,,,,,,,,,,,
物资,安装材料采购费,阀门采购费,铜阀供货合同,BZAZ-167,,,,,,,,,,,,,,,,,,,,,,,,,,,,,,,,,,,
物资,安装材料采购费,阀门采购费,阀门供货合同,BZAZ-067,,,,,,,,,,,,,,,,,,,,,,,,,,,,,,,,,,,
物资,安装材料采购费,防火堵料采购费,防火堵料供货合同,BZAZ-078,,,,,,,,,,,,,,,,,,,,,,,,,,,,,,,,,,,
物资,安装材料采购费,防火堵料采购费,防火材料供货合同,BZAZ-172,,,,,,,,,,,,,,,,,,,,,,,,,,,,,,,,,,,
物资,安装材料采购费,防雷等电位接地采购费,防雷等电位接地供货合同,BZAZ-077,,,,,,,,,,,,,,,,,,,,,,,,,,,,,,,,,,,
物资,安装材料采购费,非金属管材及管件采购费,美标非金属管材及管件供货合同,BZAZ-124,,,,,,,,,,,,,,,,,,,,,,,,,,,,,,,,,,,
物资,安装材料采购费,非金属管材及管件采购费,非金属管材及管件供货合同,BZAZ-071,,,,,,,,,,,,,,,,,,,,,,,,,,,,,,,,,,,
物资,安装材料采购费,风口采购费,风口供货合同,BZAZ-085,,,,,,,,,,,,,,,,,,,,,,,,,,,,,,,,,,,
物资,安装材料采购费,风口采购费,风口风阀供货合同,BZAZ-157,,,,,,,,,,,,,,,,,,,,,,,,,,,,,,,,,,,
物资,安装材料采购费,风淋室、 货淋室采购费,风淋室、 货淋室采购合同,BZAZ-101,,,,,,,,,,,,,,,,,,,,,,,,,,,,,,,,,,,
物资,安装材料采购费,风电材料设备采购费,风电材料设备供货合同,BZAZ-191,,,,,,,,,,,,,,,,,,,,,,,,,,,,,,,,,,,
物资,安装材料采购费,风管及软风管采购费,复合风管供货合同,BZAZ-174,,,,,,,,,,,,,,,,,,,,,,,,,,,,,,,,,,,
物资,安装材料采购费,风管及软风管采购费,普通风管供货合同,BZAZ-154,,,,,,,,,,,,,,,,,,,,,,,,,,,,,,,,,,,
物资,安装材料采购费,风管及软风管采购费,软风管供货合同,BZAZ-155,,,,,,,,,,,,,,,,,,,,,,,,,,,,,,,,,,,
物资,安装材料采购费,风管及软风管采购费,风管及软风管供货合同,BZAZ-084,,,,,,,,,,,,,,,,,,,,,,,,,,,,,,,,,,,
物资,安装材料采购费,风管及软风管采购费,风管软接供货合同,BZAZ-156,,,,,,,,,,,,,,,,,,,,,,,,,,,,,,,,,,,
物资,安装材料采购费,风阀水阀执行器采购费,风阀水阀执行器供货合同,BZAZ-186,,,,,,,,,,,,,,,,,,,,,,,,,,,,,,,,,,,
物资,安装材料采购费,风阀采购费,风阀供货合同,BZAZ-083,,,,,,,,,,,,,,,,,,,,,,,,,,,,,,,,,,,
物资,工程建设其他费,市政公用设施费,市政公用设施合同,BZKB-134,,,,,,,,,,,,,,,,,,,,,,,,,,,,,,,,,,,
物资,施工技术措施费,其他零星机械费,变压器租赁合同,BZJCSS-206,,,,,,,,,,,,,,,,,,,,,,,,,,,,,,,,,,,
物资,施工技术措施费,其他零星机械费,汽车衡检修服务合同,BZKB-034,,,,,,,,,,,,,,,,,,,,,,,,,,,,,,,,,,,
物资,施工技术措施费,其他零星机械费,燃料采购合同（仅适用动臂塔吊）,BZKB-094,,,,,,,,,,,,,,,,,,,,,,,,,,,,,,,,,,,
物资,施工技术措施费,垂直运输机械费,大型机械预埋件采购合同,BZKB-100,,,,,,,,,,,,,,,,,,,,,,,,,,,,,,,,,,,
物资,施工技术措施费,大临设施费,贝雷片租赁合同,BZJCSS-207,,,,,,,,,,,,,,,,,,,,,,,,,,,,,,,,,,,
物资,施工技术措施费,盾构设备租赁费,盾构机及后配套租赁合同,BZKB-099,,,,,,,,,,,,,,,,,,,,,,,,,,,,,,,,,,,
物资,施工技术措施费,非实体周转架料体系,安全网采购合同,BZKB-091,,,,,,,,,,,,,,,,,,,,,,,,,,,,,,,,,,,
物资,施工技术措施费,非实体周转架料体系,定制类悬挑构件租赁合同,BZKB-153,,,,,,,,,,,,,,,,,,,,,,,,,,,,,,,,,,,
物资,施工技术措施费,非实体周转架料体系,成品紧固件租赁合同,BZKB-152,,,,,,,,,,,,,,,,,,,,,,,,,,,,,,,,,,,
物资,施工技术措施费,非实体周转架料体系,架料租赁合同,BZKB-048,,,,,,,,,,,,,,,,,,,,,,,,,,,,,,,,,,,
物资,施工技术措施费,非实体周转架料体系,架料采购合同,BZKB-054,,,,,,,,,,,,,,,,,,,,,,,,,,,,,,,,,,,
物资,施工技术措施费,非实体周转架料体系,爬架租赁及服务合同,BZKB-053,,,,,,,,,,,,,,,,,,,,,,,,,,,,,,,,,,,
物资,施工技术措施费,非实体周转架料体系,钢笆网片采购合同,BZKB-068,,,,,,,,,,,,,,,,,,,,,,,,,,,,,,,,,,,
物资,施工技术措施费,非实体模板背楞体系,型钢背楞租赁合同,BZKB-124,,,,,,,,,,,,,,,,,,,,,,,,,,,,,,,,,,,
物资,施工技术措施费,非实体模板背楞体系,对拉螺杆采购合同,BZKB-044,,,,,,,,,,,,,,,,,,,,,,,,,,,,,,,,,,,
物资,施工技术措施费,非实体模板背楞体系,快易收口网采购合同,BZKB-047,,,,,,,,,,,,,,,,,,,,,,,,,,,,,,,,,,,
物资,施工技术措施费,非实体模板背楞体系,木方齿接分包合同,BZKB-041,,,,,,,,,,,,,,,,,,,,,,,,,,,,,,,,,,,
物资,施工技术措施费,非实体模板背楞体系,木材采购合同,BZKB-042,,,,,,,,,,,,,,,,,,,,,,,,,,,,,,,,,,,
物资,施工技术措施费,非实体模板背楞体系,模壳租赁合同,BZKB-067,,,,,,,,,,,,,,,,,,,,,,,,,,,,,,,,,,,
物资,施工技术措施费,非实体模板背楞体系,模壳采购合同,BZKB-082,,,,,,,,,,,,,,,,,,,,,,,,,,,,,,,,,,,
物资,施工技术措施费,非实体模板背楞体系,混凝土预制模板采购合同,BZKB-151,,,,,,,,,,,,,,,,,,,,,,,,,,,,,,,,,,,
物资,施工技术措施费,非实体模板背楞体系,钢模板加工分包合同,BZKB-040,,,,,,,,,,,,,,,,,,,,,,,,,,,,,,,,,,,
物资,施工技术措施费,非实体模板背楞体系,钢模板租赁合同,BZKB-037,,,,,,,,,,,,,,,,,,,,,,,,,,,,,,,,,,,
物资,施工技术措施费,非实体模板背楞体系,钢模板采购合同,BZKB-045,,,,,,,,,,,,,,,,,,,,,,,,,,,,,,,,,,,
物资,施工技术措施费,非实体模板背楞体系,铝合金模板供货及回收合同,BZKB-004,,,,,,,,,,,,,,,,,,,,,,,,,,,,,,,,,,,
物资,施工技术措施费,非实体模板背楞体系,铝模板租赁合同,BZKB-065,,,,,,,,,,,,,,,,,,,,,,,,,,,,,,,,,,,
物资,施工组织措施费,临时设施费,临建混凝土采购合同,BZKB-022,,,,,,,,,,,,,,,,,,,,,,,,,,,,,,,,,,,
物资,施工组织措施费,临时设施费,临建苗木采购合同,BZKB-085,,,,,,,,,,,,,,,,,,,,,,,,,,,,,,,,,,,
物资,施工组织措施费,临时设施费,临时供暖租赁合同,BZKB-012,,,,,,,,,,,,,,,,,,,,,,,,,,,,,,,,,,,
物资,施工组织措施费,临时设施费,临时办公区、生活区房屋租赁合同,BZKB-132,,,,,,,,,,,,,,,,,,,,,,,,,,,,,,,,,,,
物资,施工组织措施费,临时设施费,临时场地租赁合同,BZKB-013,,,,,,,,,,,,,,,,,,,,,,,,,,,,,,,,,,,
物资,施工组织措施费,临时设施费,临时大门围挡供货及安装合同,BZKB-003,,,,,,,,,,,,,,,,,,,,,,,,,,,,,,,,,,,
物资,施工组织措施费,临时设施费,临时活动厕所供货及安装合同,BZKB-010,,,,,,,,,,,,,,,,,,,,,,,,,,,,,,,,,,,
物资,施工组织措施费,临时设施费,临时消防产品采购合同,BZKB-021,,,,,,,,,,,,,,,,,,,,,,,,,,,,,,,,,,,
物资,施工组织措施费,临时设施费,临水水泵采购合同,BZKB-020,,,,,,,,,,,,,,,,,,,,,,,,,,,,,,,,,,,
物资,施工组织措施费,临时设施费,临电电缆采购合同,BZKB-019,,,,,,,,,,,,,,,,,,,,,,,,,,,,,,,,,,,
物资,施工组织措施费,临时设施费,临电配电箱采购合同,BZKB-018,,,,,,,,,,,,,,,,,,,,,,,,,,,,,,,,,,,
物资,施工组织措施费,临时设施费,其他临建材料供货及安装合同（仅限临时设施费科目下未包含的标准合同）,BZKB-081,,,,,,,,,,,,,,,,,,,,,,,,,,,,,,,,,,,
物资,施工组织措施费,临时设施费,发电机租赁合同,BZKB-017,,,,,,,,,,,,,,,,,,,,,,,,,,,,,,,,,,,
物资,施工组织措施费,临时设施费,活动板房供货及安装合同,BZKB-097,,,,,,,,,,,,,,,,,,,,,,,,,,,,,,,,,,,
物资,施工组织措施费,临时设施费,活动板房租赁合同,BZKB-006,,,,,,,,,,,,,,,,,,,,,,,,,,,,,,,,,,,
物资,施工组织措施费,临时设施费,空调租赁合同,BZKB-123,,,,,,,,,,,,,,,,,,,,,,,,,,,,,,,,,,,
物资,施工组织措施费,临时设施费,钢板租赁合同,BZKB-096,,,,,,,,,,,,,,,,,,,,,,,,,,,,,,,,,,,
物资,施工组织措施费,临时设施费,门禁、物料验收系统供货及安装合同,BZKB-005,,,,,,,,,,,,,,,,,,,,,,,,,,,,,,,,,,,
物资,施工组织措施费,冬雨季施工增加费,冬雨季施工增加费合同,BZKB-108,,,,,,,,,,,,,,,,,,,,,,,,,,,,,,,,,,,
物资,施工组织措施费,安全施工费,安全用品采购合同,BZKB-156,,,,,,,,,,,,,,,,,,,,,,,,,,,,,,,,,,,
物资,施工组织措施费,安全施工费,施工电梯门供货及安装合同,BZKB-035,,,,,,,,,,,,,,,,,,,,,,,,,,,,,,,,,,,
物资,施工组织措施费,安全施工费,标准化设施供货及安装合同,BZKB-093,,,,,,,,,,,,,,,,,,,,,,,,,,,,,,,,,,,
物资,施工组织措施费,文明施工费,CI标志标牌供货及安装合同,BZKB-014,,,,,,,,,,,,,,,,,,,,,,,,,,,,,,,,,,,
物资,施工组织措施费,环境保护费,防尘设施（设备）供货及安装合同,BZKB-087,,,,,,,,,,,,,,,,,,,,,,,,,,,,,,,,,,,
设备,企业管理费,现场经费,办公设备租赁合同,BZXCJF-013,,,,,,,,,,,,,,,,,,,,,,,,,,,,,,,,,,,
设备,土建分包工程费,主体结构工程费,境外中小型机具采购合同,BZFJ-158,,,,,,,,,,,,,,,,,,,,,,,,,,,,,,,,,,,
设备,土建分包工程费,二次结构及粗装修工程费,境外中小型机具采购合同,BZFJ-160,,,,,,,,,,,,,,,,,,,,,,,,,,,,,,,,,,,
设备,土建分包工程费,交安工程费,机械车位施工分包合同,BZFJ-130,,,,,,,,,,,,,,,,,,,,,,,,,,,,,,,,,,,
设备,土建分包工程费,桩基础工程费,桩基机械租赁及服务合同,BZKB-129,,,,,,,,,,,,,,,,,,,,,,,,,,,,,,,,,,,
设备,土建分包工程费,金属结构工程费,钢结构专用吊车租赁及服务合同,BZKB-095,,,,,,,,,,,,,,,,,,,,,,,,,,,,,,,,,,,
设备,基础设施分包工程费,桥涵工程费,桥梁主体结构分包合同,BZJCSS-073,,,,,,,,,,,,,,,,,,,,,,,,,,,,,,,,,,,
设备,基础设施分包工程费,桩基础工程费,钻孔灌注桩分包合同,BZJCSS-012,,,,,,,,,,,,,,,,,,,,,,,,,,,,,,,,,,,
设备,基础设施分包工程费,道路工程费,大型机械设备租赁,BZJCSS-240,,,,,,,,,,,,,,,,,,,,,,,,,,,,,,,,,,,
设备,基础设施分包工程费,道路工程费,路基工程分包合同,BZJCSS-027,,,,,,,,,,,,,,,,,,,,,,,,,,,,,,,,,,,
设备,基础设施分包工程费,隧道工程费,暗挖工程分包合同,BZJCSS-098,,,,,,,,,,,,,,,,,,,,,,,,,,,,,,,,,,,
设备,基础设施材料采购费,人防工程采购费,人防设备采购合同,BZJCSS-208,,,,,,,,,,,,,,,,,,,,,,,,,,,,,,,,,,,
设备,基础设施材料采购费,工艺工程采购费,低压储气罐设备采购合同,BZJCSS-233,,,,,,,,,,,,,,,,,,,,,,,,,,,,,,,,,,,
设备,基础设施材料采购费,工艺工程采购费,低压空气压缩机设备采购合同,BZJCSS-232,,,,,,,,,,,,,,,,,,,,,,,,,,,,,,,,,,,
设备,基础设施材料采购费,工艺工程采购费,压力滤油机设备采购合同,BZJCSS-230,,,,,,,,,,,,,,,,,,,,,,,,,,,,,,,,,,,
设备,基础设施材料采购费,工艺工程采购费,曝气装置采购合同,BZJCSS-198,,,,,,,,,,,,,,,,,,,,,,,,,,,,,,,,,,,
设备,基础设施材料采购费,工艺工程采购费,水处理设备采购合同,BZJCSS-126,,,,,,,,,,,,,,,,,,,,,,,,,,,,,,,,,,,
设备,基础设施材料采购费,工艺工程采购费,水泵设备采购合同,BZJCSS-197,,,,,,,,,,,,,,,,,,,,,,,,,,,,,,,,,,,
设备,基础设施材料采购费,工艺工程采购费,真空滤油机设备采购合同,BZJCSS-231,,,,,,,,,,,,,,,,,,,,,,,,,,,,,,,,,,,
设备,基础设施材料采购费,工艺工程采购费,通风空调材料设备供货合同,BZJCSS-178,,,,,,,,,,,,,,,,,,,,,,,,,,,,,,,,,,,
设备,基础设施材料采购费,控制系统采购费,控制系统供货合同,BZJCSS-199,,,,,,,,,,,,,,,,,,,,,,,,,,,,,,,,,,,
设备,基础设施材料采购费,电力工程采购费,仪器仪表供货合同,BZJCSS-134,,,,,,,,,,,,,,,,,,,,,,,,,,,,,,,,,,,
设备,基础设施材料采购费,电力工程采购费,弱电设备供货合同,BZJCSS-124,,,,,,,,,,,,,,,,,,,,,,,,,,,,,,,,,,,
设备,基础设施材料采购费,电力工程采购费,电力工程材料设备采购合同,BZJCSS-120,,,,,,,,,,,,,,,,,,,,,,,,,,,,,,,,,,,
设备,基础设施材料采购费,电力工程采购费,路灯专用箱式变电站采购合同,BZJCSS-133,,,,,,,,,,,,,,,,,,,,,,,,,,,,,,,,,,,
设备,基础设施材料采购费,电力工程采购费,配电箱采购合同,BZJCSS-132,,,,,,,,,,,,,,,,,,,,,,,,,,,,,,,,,,,
设备,基础设施材料采购费,苗木景观采购费,亭廊屋面采购合同,BZJCSS-161,,,,,,,,,,,,,,,,,,,,,,,,,,,,,,,,,,,
设备,基础设施材料采购费,苗木景观采购费,喷泉采购合同,BZJCSS-162,,,,,,,,,,,,,,,,,,,,,,,,,,,,,,,,,,,
设备,基础设施材料采购费,苗木景观采购费,园林桌椅采购合同,BZJCSS-159,,,,,,,,,,,,,,,,,,,,,,,,,,,,,,,,,,,
设备,基础设施材料采购费,试验室设备采购费,实验室设备采购合同,BZJCSS-189,,,,,,,,,,,,,,,,,,,,,,,,,,,,,,,,,,,
设备,安装分包工程费,人防工程费,人防工程分包合同,BZAZ-023,,,,,,,,,,,,,,,,,,,,,,,,,,,,,,,,,,,
设备,安装材料采购费,VAV变风量、定风量采购费,VAV供货合同,BZAZ-058,,,,,,,,,,,,,,,,,,,,,,,,,,,,,,,,,,,
设备,安装材料采购费,人防工程采购费,人防设备供货合同,BZAZ-041,,,,,,,,,,,,,,,,,,,,,,,,,,,,,,,,,,,
设备,安装材料采购费,低压开关柜采购费,低压开关柜供货合同,BZAZ-032,,,,,,,,,,,,,,,,,,,,,,,,,,,,,,,,,,,
设备,安装材料采购费,低压开关柜采购费,高、低压开关柜供货合同,BZAZ-160,,,,,,,,,,,,,,,,,,,,,,,,,,,,,,,,,,,
设备,安装材料采购费,假负载采购费,假负载供货合同,BZAZ-194,,,,,,,,,,,,,,,,,,,,,,,,,,,,,,,,,,,
设备,安装材料采购费,储能材料设备采购费,储能材料设备供货合同,BZAZ-193,,,,,,,,,,,,,,,,,,,,,,,,,,,,,,,,,,,
设备,安装材料采购费,充电桩采购费,充电桩供货合同,BZAZ-097,,,,,,,,,,,,,,,,,,,,,,,,,,,,,,,,,,,
设备,安装材料采购费,光伏材料设备采购费,光伏材料设备供货合同,BZAZ-192,,,,,,,,,,,,,,,,,,,,,,,,,,,,,,,,,,,
设备,安装材料采购费,其他水暖设备采购费,其他水暖设备供货合同,BZAZ-049,,,,,,,,,,,,,,,,,,,,,,,,,,,,,,,,,,,
设备,安装材料采购费,其他热力设备采购费,其他热力设备供货合同,BZAZ-040,,,,,,,,,,,,,,,,,,,,,,,,,,,,,,,,,,,
设备,安装材料采购费,其他电气设备采购费,其他电气设备合同,BZAZ-035,,,,,,,,,,,,,,,,,,,,,,,,,,,,,,,,,,,
设备,安装材料采购费,其他通风空调设备采购费,其他通风空调设备供货合同,BZAZ-065,,,,,,,,,,,,,,,,,,,,,,,,,,,,,,,,,,,
设备,安装材料采购费,冷却塔采购费,冷却塔供货合同,BZAZ-051,,,,,,,,,,,,,,,,,,,,,,,,,,,,,,,,,,,
设备,安装材料采购费,冷水机组采购费,冷水机组供货合同,BZAZ-050,,,,,,,,,,,,,,,,,,,,,,,,,,,,,,,,,,,
设备,安装材料采购费,分体空调、VRV采购费,分体空调供货合同,BZAZ-059,,,,,,,,,,,,,,,,,,,,,,,,,,,,,,,,,,,
设备,安装材料采购费,分集水器采购费,分集水器供货合同,BZAZ-039,,,,,,,,,,,,,,,,,,,,,,,,,,,,,,,,,,,
设备,安装材料采购费,厨房材料设备采购费,厨房材料设备供货合同,BZAZ-188,,,,,,,,,,,,,,,,,,,,,,,,,,,,,,,,,,,
设备,安装材料采购费,变压器采购费,变压器供货合同,BZAZ-031,,,,,,,,,,,,,,,,,,,,,,,,,,,,,,,,,,,
设备,安装材料采购费,固定式电子秤采购费,固定式电子秤买卖合同,BZAZ-104,,,,,,,,,,,,,,,,,,,,,,,,,,,,,,,,,,,
设备,安装材料采购费,垃圾处理材料设备采购费,垃圾处理材料设备供货合同,BZAZ-185,,,,,,,,,,,,,,,,,,,,,,,,,,,,,,,,,,,
设备,安装材料采购费,容积式换热器采购费,容积式换热器供货合同,BZAZ-037,,,,,,,,,,,,,,,,,,,,,,,,,,,,,,,,,,,
设备,安装材料采购费,小市政工程材料设备采购费,小市政工程材料设备供货合同,BZAZ-094,,,,,,,,,,,,,,,,,,,,,,,,,,,,,,,,,,,
设备,安装材料采购费,应急电源采购费,应急电源供货合同,BZAZ-184,,,,,,,,,,,,,,,,,,,,,,,,,,,,,,,,,,,
设备,安装材料采购费,恒温恒湿、精密空调采购费,恒温恒湿供货合同,BZAZ-061,,,,,,,,,,,,,,,,,,,,,,,,,,,,,,,,,,,
设备,安装材料采购费,恒温恒湿、精密空调采购费,精密空调货合同,BZAZ-165,,,,,,,,,,,,,,,,,,,,,,,,,,,,,,,,,,,
设备,安装材料采购费,恒温恒湿、精密空调采购费,除湿/加湿/恒湿机供货合同,BZAZ-109,,,,,,,,,,,,,,,,,,,,,,,,,,,,,,,,,,,
设备,安装材料采购费,排污泵采购费,排污泵供货合同,BZAZ-046,,,,,,,,,,,,,,,,,,,,,,,,,,,,,,,,,,,
设备,安装材料采购费,板式换热器采购费,板式换热器供货合同,BZAZ-052,,,,,,,,,,,,,,,,,,,,,,,,,,,,,,,,,,,
设备,安装材料采购费,柴发采购费,柴发供货合同,BZAZ-034,,,,,,,,,,,,,,,,,,,,,,,,,,,,,,,,,,,
设备,安装材料采购费,水处理设备采购费（全程水处理、除垢仪、软水器等）,水处理设备供货合同,BZAZ-042,,,,,,,,,,,,,,,,,,,,,,,,,,,,,,,,,,,
设备,安装材料采购费,水泵、无负压供水设备采购费,水泵、无负压供水设备供货合同,BZAZ-045,,,,,,,,,,,,,,,,,,,,,,,,,,,,,,,,,,,
设备,安装材料采购费,水箱采购费,不锈钢水箱供货合同,BZAZ-161,,,,,,,,,,,,,,,,,,,,,,,,,,,,,,,,,,,
设备,安装材料采购费,水箱采购费,其他材质水箱,BZAZ-105,,,,,,,,,,,,,,,,,,,,,,,,,,,,,,,,,,,
设备,安装材料采购费,水箱采购费,水箱供货合同,BZAZ-044,,,,,,,,,,,,,,,,,,,,,,,,,,,,,,,,,,,
设备,安装材料采购费,油烟净化器采购费,油烟净化器供货合同,BZAZ-063,,,,,,,,,,,,,,,,,,,,,,,,,,,,,,,,,,,
设备,安装材料采购费,泳池热泵、泳池水处理采购费,泳池设备供货合同,BZAZ-064,,,,,,,,,,,,,,,,,,,,,,,,,,,,,,,,,,,
设备,安装材料采购费,洁净设备采购费,洁净设备供货合同,BZAZ-181,,,,,,,,,,,,,,,,,,,,,,,,,,,,,,,,,,,
设备,安装材料采购费,消防设备采购费,消防设备供货合同,BZAZ-091,,,,,,,,,,,,,,,,,,,,,,,,,,,,,,,,,,,
设备,安装材料采购费,液压升降工作平台,液压升降工作平台供货合同,BZAZ-103,,,,,,,,,,,,,,,,,,,,,,,,,,,,,,,,,,,
设备,安装材料采购费,热回收全热交换器采购费,热回收全热交换器供货合同,BZAZ-060,,,,,,,,,,,,,,,,,,,,,,,,,,,,,,,,,,,
设备,安装材料采购费,热水器采购费（电热水器、开水器）,热水器供货合同,BZAZ-047,,,,,,,,,,,,,,,,,,,,,,,,,,,,,,,,,,,
设备,安装材料采购费,热水器采购费（电热水器、开水器）,热水设备供货合同,BZAZ-162,,,,,,,,,,,,,,,,,,,,,,,,,,,,,,,,,,,
设备,安装材料采购费,热通道采购费,热通道采购合同,BZAZ-100,,,,,,,,,,,,,,,,,,,,,,,,,,,,,,,,,,,
设备,安装材料采购费,电梯设备采购费,电梯设备供货合同,BZAZ-093,,,,,,,,,,,,,,,,,,,,,,,,,,,,,,,,,,,
设备,安装材料采购费,监控系统采购费,监控系统供货合同,BZAZ-096,,,,,,,,,,,,,,,,,,,,,,,,,,,,,,,,,,,
设备,安装材料采购费,空气源热泵采购费,热泵供货合同,BZAZ-163,,,,,,,,,,,,,,,,,,,,,,,,,,,,,,,,,,,
设备,安装材料采购费,空气源热泵采购费,空气源热泵供货合同,BZAZ-053,,,,,,,,,,,,,,,,,,,,,,,,,,,,,,,,,,,
设备,安装材料采购费,空调机组、新风机组、风机盘管采购费,其他空调设备供货合同,BZAZ-107,,,,,,,,,,,,,,,,,,,,,,,,,,,,,,,,,,,
设备,安装材料采购费,空调机组、新风机组、风机盘管采购费,空调机组供货合同,BZAZ-056,,,,,,,,,,,,,,,,,,,,,,,,,,,,,,,,,,,
设备,安装材料采购费,空调机组、新风机组、风机盘管采购费,空调机组供货合同,BZAZ-106,,,,,,,,,,,,,,,,,,,,,,,,,,,,,,,,,,,
设备,安装材料采购费,空调机组、新风机组、风机盘管采购费,风机盘管供货合同,BZAZ-164,,,,,,,,,,,,,,,,,,,,,,,,,,,,,,,,,,,
设备,安装材料采购费,空调水泵采购费,空调水泵供货合同,BZAZ-054,,,,,,,,,,,,,,,,,,,,,,,,,,,,,,,,,,,
设备,安装材料采购费,紫外线消毒器、水箱自洁消毒器采购费,紫外线设备供货合同,BZAZ-043,,,,,,,,,,,,,,,,,,,,,,,,,,,,,,,,,,,
设备,安装材料采购费,膨胀罐采购费,膨胀罐供货合同,BZAZ-038,,,,,,,,,,,,,,,,,,,,,,,,,,,,,,,,,,,
设备,安装材料采购费,蓄冰系统采购费,蓄冰系统供货合同,BZAZ-182,,,,,,,,,,,,,,,,,,,,,,,,,,,,,,,,,,,
设备,安装材料采购费,蓄冷罐采购费,蓄冷罐供货合同,BZAZ-055,,,,,,,,,,,,,,,,,,,,,,,,,,,,,,,,,,,
设备,安装材料采购费,配电箱柜采购费,配电箱柜供货合同,BZAZ-033,,,,,,,,,,,,,,,,,,,,,,,,,,,,,,,,,,,
设备,安装材料采购费,锅炉采购费,锅炉供货合同,BZAZ-036,,,,,,,,,,,,,,,,,,,,,,,,,,,,,,,,,,,
设备,安装材料采购费,防火堵料采购费,防火堵料供货合同,BZAZ-078,,,,,,,,,,,,,,,,,,,,,,,,,,,,,,,,,,,
设备,安装材料采购费,隔油器、污水提升装置采购费,隔油器供货合同,BZAZ-048,,,,,,,,,,,,,,,,,,,,,,,,,,,,,,,,,,,
设备,安装材料采购费,静电过滤器、除臭装置过滤器采购费,空气处理设备供货合同,BZAZ-166,,,,,,,,,,,,,,,,,,,,,,,,,,,,,,,,,,,
设备,安装材料采购费,静电过滤器、除臭装置过滤器采购费,静电过滤器、除臭供货合同,BZAZ-062,,,,,,,,,,,,,,,,,,,,,,,,,,,,,,,,,,,
设备,安装材料采购费,风机采购费,排气扇供货合同,BZAZ-108,,,,,,,,,,,,,,,,,,,,,,,,,,,,,,,,,,,
设备,安装材料采购费,风机采购费,风机供货合同,BZAZ-057,,,,,,,,,,,,,,,,,,,,,,,,,,,,,,,,,,,
设备,安装材料采购费,风淋室、 货淋室采购费,风淋室、 货淋室采购合同,BZAZ-101,,,,,,,,,,,,,,,,,,,,,,,,,,,,,,,,,,,
设备,施工技术措施费,其他零星机械费,变压器租赁合同,BZJCSS-206,,,,,,,,,,,,,,,,,,,,,,,,,,,,,,,,,,,
设备,施工技术措施费,其他零星机械费,水平运输机械租赁及服务合同,BZKB-029,,,,,,,,,,,,,,,,,,,,,,,,,,,,,,,,,,,
设备,施工技术措施费,其他零星机械费,混凝土泵租赁及服务合同,BZKB-121,,,,,,,,,,,,,,,,,,,,,,,,,,,,,,,,,,,
设备,施工技术措施费,垂直运输机械费,吊篮租赁合同,BZKB-026,,,,,,,,,,,,,,,,,,,,,,,,,,,,,,,,,,,
设备,施工技术措施费,垂直运输机械费,吊车租赁及服务合同,BZKB-028,,,,,,,,,,,,,,,,,,,,,,,,,,,,,,,,,,,
设备,施工技术措施费,垂直运输机械费,塔吊检测服务合同,BZKB-032,,,,,,,,,,,,,,,,,,,,,,,,,,,,,,,,,,,
设备,施工技术措施费,垂直运输机械费,塔吊租赁及服务合同,BZKB-023,,,,,,,,,,,,,,,,,,,,,,,,,,,,,,,,,,,
设备,施工技术措施费,垂直运输机械费,大型机械采购合同,BZKB-036,,,,,,,,,,,,,,,,,,,,,,,,,,,,,,,,,,,
设备,施工技术措施费,垂直运输机械费,大型机械预埋件采购合同,BZKB-100,,,,,,,,,,,,,,,,,,,,,,,,,,,,,,,,,,,
设备,施工技术措施费,垂直运输机械费,施工升降机租赁及服务合同,BZKB-025,,,,,,,,,,,,,,,,,,,,,,,,,,,,,,,,,,,
设备,施工技术措施费,垂直运输机械费,物料提升机租赁及服务合同,BZKB-031,,,,,,,,,,,,,,,,,,,,,,,,,,,,,,,,,,,
设备,施工技术措施费,垂直运输机械费,起重机械采购合同,BZAZ-144,,,,,,,,,,,,,,,,,,,,,,,,,,,,,,,,,,,
设备,施工技术措施费,垂直运输机械费,龙门吊租赁及服务合同,BZJCSS-235,,,,,,,,,,,,,,,,,,,,,,,,,,,,,,,,,,,
设备,施工技术措施费,大型机械安拆费,升降机安拆分包合同,BZKB-102,,,,,,,,,,,,,,,,,,,,,,,,,,,,,,,,,,,
设备,施工技术措施费,大型机械安拆费,塔吊安拆分包合同,BZKB-024,,,,,,,,,,,,,,,,,,,,,,,,,,,,,,,,,,,
设备,施工技术措施费,大型机械安拆费,物料提升机安拆分包合同,BZKB-030,,,,,,,,,,,,,,,,,,,,,,,,,,,,,,,,,,,
设备,施工技术措施费,大型机械安拆费,龙门吊安拆分包合同,BZJCSS-236,,,,,,,,,,,,,,,,,,,,,,,,,,,,,,,,,,,
设备,施工技术措施费,拌合站设备费,搅拌站设备合同,BZKB-063,,,,,,,,,,,,,,,,,,,,,,,,,,,,,,,,,,,
设备,施工技术措施费,盾构设备租赁费,盾构机及后配套租赁合同,BZKB-099,,,,,,,,,,,,,,,,,,,,,,,,,,,,,,,,,,,
设备,施工技术措施费,非实体周转架料体系,爬架租赁及服务合同,BZKB-053,,,,,,,,,,,,,,,,,,,,,,,,,,,,,,,,,,,
设备,施工技术措施费,非实体模板背楞体系,爬模租赁及服务合同,BZKB-039,,,,,,,,,,,,,,,,,,,,,,,,,,,,,,,,,,,
设备,施工组织措施费,临时设施费,临时供暖租赁合同,BZKB-012,,,,,,,,,,,,,,,,,,,,,,,,,,,,,,,,,,,
设备,施工组织措施费,临时设施费,临水水泵采购合同,BZKB-020,,,,,,,,,,,,,,,,,,,,,,,,,,,,,,,,,,,
设备,施工组织措施费,临时设施费,汽车衡采购合同,BZKB-092,,,,,,,,,,,,,,,,,,,,,,,,,,,,,,,,,,,
设备,施工组织措施费,临时设施费,视频监控系统供货及安装合同,BZKB-008,,,,,,,,,,,,,,,,,,,,,,,,,,,,,,,,,,,
设备,施工组织措施费,临时设施费,门禁、物料验收系统供货及安装合同,BZKB-005,,,,,,,,,,,,,,,,,,,,,,,,,,,,,,,,,,,
设备,施工组织措施费,二次搬运费,场内运输分包合同,BZKB-109,,,,,,,,,,,,,,,,,,,,,,,,,,,,,,,,,,,
设备,施工组织措施费,安全施工费,施工电梯门供货及安装合同,BZKB-035,,,,,,,,,,,,,,,,,,,,,,,,,,,,,,,,,,,
设备,施工组织措施费,安全施工费,智慧数字展馆供货及安装合同,BZKB-126,,,,,,,,,,,,,,,,,,,,,,,,,,,,,,,,,,,
设备,施工组织措施费,文明施工费,洒水车租赁及服务合同,BZJCSS-203,,,,,,,,,,,,,,,,,,,,,,,,,,,,,,,,,,,
设备,施工组织措施费,环境保护费,防尘设施（设备）供货及安装合同,BZKB-087,,,,,,,,,,,,,,,,,,,,,,,,,,,,,,,,,,,
,,,,,,,,,,,,,,,,,,,,,,,,,,,,,,,,,,,,,,,
,,,,,,,,,,,,,,,,,,,,,,,,,,,,,,,,,,,,,,,
,,,,,,,,,,,,,,,,,,,,,,,,,,,,,,,,,,,,,,,
,,,,,,,,,,,,,,,,,,,,,,,,,,,,,,,,,,,,,,,
,,,,,,,,,,,,,,,,,,,,,,,,,,,,,,,,,,,,,,,
,,,,,,,,,,,,,,,,,,,,,,,,,,,,,,,,,,,,,,,
,,,,,,,,,,,,,,,,,,,,,,,,,,,,,,,,,,,,,,,
,,,,,,,,,,,,,,,,,,,,,,,,,,,,,,,,,,,,,,,
,,,,,,,,,,,,,,,,,,,,,,,,,,,,,,,,,,,,,,,
,,,,,,,,,,,,,,,,,,,,,,,,,,,,,,,,,,,,,,,
,,,,,,,,,,,,,,,,,,,,,,,,,,,,,,,,,,,,,,,
,,,,,,,,,,,,,,,,,,,,,,,,,,,,,,,,,,,,,,,
,,,,,,,,,,,,,,,,,,,,,,,,,,,,,,,,,,,,,,,
,,,,,,,,,,,,,,,,,,,,,,,,,,,,,,,,,,,,,,,
,,,,,,,,,,,,,,,,,,,,,,,,,,,,,,,,,,,,,,,
,,,,,,,,,,,,,,,,,,,,,,,,,,,,,,,,,,,,,,,
,,,,,,,,,,,,,,,,,,,,,,,,,,,,,,,,,,,,,,,
,,,,,,,,,,,,,,,,,,,,,,,,,,,,,,,,,,,,,,,
,,,,,,,,,,,,,,,,,,,,,,,,,,,,,,,,,,,,,,,
,,,,,,,,,,,,,,,,,,,,,,,,,,,,,,,,,,,,,,,
,,,,,,,,,,,,,,,,,,,,,,,,,,,,,,,,,,,,,,,
,,,,,,,,,,,,,,,,,,,,,,,,,,,,,,,,,,,,,,,
,,,,,,,,,,,,,,,,,,,,,,,,,,,,,,,,,,,,,,,
,,,,,,,,,,,,,,,,,,,,,,,,,,,,,,,,,,,,,,,
,,,,,,,,,,,,,,,,,,,,,,,,,,,,,,,,,,,,,,,
,,,,,,,,,,,,,,,,,,,,,,,,,,,,,,,,,,,,,,,
,,,,,,,,,,,,,,,,,,,,,,,,,,,,,,,,,,,,,,,
,,,,,,,,,,,,,,,,,,,,,,,,,,,,,,,,,,,,,,,
,,,,,,,,,,,,,,,,,,,,,,,,,,,,,,,,,,,,,,,
,,,,,,,,,,,,,,,,,,,,,,,,,,,,,,,,,,,,,,,
,,,,,,,,,,,,,,,,,,,,,,,,,,,,,,,,,,,,,,,
,,,,,,,,,,,,,,,,,,,,,,,,,,,,,,,,,,,,,,,
,,,,,,,,,,,,,,,,,,,,,,,,,,,,,,,,,,,,,,,
,,,,,,,,,,,,,,,,,,,,,,,,,,,,,,,,,,,,,,,
,,,,,,,,,,,,,,,,,,,,,,,,,,,,,,,,,,,,,,,
,,,,,,,,,,,,,,,,,,,,,,,,,,,,,,,,,,,,,,,
,,,,,,,,,,,,,,,,,,,,,,,,,,,,,,,,,,,,,,,
,,,,,,,,,,,,,,,,,,,,,,,,,,,,,,,,,,,,,,,
,,,,,,,,,,,,,,,,,,,,,,,,,,,,,,,,,,,,,,,
,,,,,,,,,,,,,,,,,,,,,,,,,,,,,,,,,,,,,,,
,,,,,,,,,,,,,,,,,,,,,,,,,,,,,,,,,,,,,,,
,,,,,,,,,,,,,,,,,,,,,,,,,,,,,,,,,,,,,,,
,,,,,,,,,,,,,,,,,,,,,,,,,,,,,,,,,,,,,,,
,,,,,,,,,,,,,,,,,,,,,,,,,,,,,,,,,,,,,,,
,,,,,,,,,,,,,,,,,,,,,,,,,,,,,,,,,,,,,,,
,,,,,,,,,,,,,,,,,,,,,,,,,,,,,,,,,,,,,,,
,,,,,,,,,,,,,,,,,,,,,,,,,,,,,,,,,,,,,,,
,,,,,,,,,,,,,,,,,,,,,,,,,,,,,,,,,,,,,,,
,,,,,,,,,,,,,,,,,,,,,,,,,,,,,,,,,,,,,,,
,,,,,,,,,,,,,,,,,,,,,,,,,,,,,,,,,,,,,,,
,,,,,,,,,,,,,,,,,,,,,,,,,,,,,,,,,,,,,,,
,,,,,,,,,,,,,,,,,,,,,,,,,,,,,,,,,,,,,,,
,,,,,,,,,,,,,,,,,,,,,,,,,,,,,,,,,,,,,,,
,,,,,,,,,,,,,,,,,,,,,,,,,,,,,,,,,,,,,,,
,,,,,,,,,,,,,,,,,,,,,,,,,,,,,,,,,,,,,,,
,,,,,,,,,,,,,,,,,,,,,,,,,,,,,,,,,,,,,,,
,,,,,,,,,,,,,,,,,,,,,,,,,,,,,,,,,,,,,,,
,,,,,,,,,,,,,,,,,,,,,,,,,,,,,,,,,,,,,,,
,,,,,,,,,,,,,,,,,,,,,,,,,,,,,,,,,,,,,,,
,,,,,,,,,,,,,,,,,,,,,,,,,,,,,,,,,,,,,,,
,,,,,,,,,,,,,,,,,,,,,,,,,,,,,,,,,,,,,,,
,,,,,,,,,,,,,,,,,,,,,,,,,,,,,,,,,,,,,,,
,,,,,,,,,,,,,,,,,,,,,,,,,,,,,,,,,,,,,,,
,,,,,,,,,,,,,,,,,,,,,,,,,,,,,,,,,,,,,,,
,,,,,,,,,,,,,,,,,,,,,,,,,,,,,,,,,,,,,,,
,,,,,,,,,,,,,,,,,,,,,,,,,,,,,,,,,,,,,,,
,,,,,,,,,,,,,,,,,,,,,,,,,,,,,,,,,,,,,,,
,,,,,,,,,,,,,,,,,,,,,,,,,,,,,,,,,,,,,,,
,,,,,,,,,,,,,,,,,,,,,,,,,,,,,,,,,,,,,,,
,,,,,,,,,,,,,,,,,,,,,,,,,,,,,,,,,,,,,,,
,,,,,,,,,,,,,,,,,,,,,,,,,,,,,,,,,,,,,,,
,,,,,,,,,,,,,,,,,,,,,,,,,,,,,,,,,,,,,,,
,,,,,,,,,,,,,,,,,,,,,,,,,,,,,,,,,,,,,,,
,,,,,,,,,,,,,,,,,,,,,,,,,,,,,,,,,,,,,,,
,,,,,,,,,,,,,,,,,,,,,,,,,,,,,,,,,,,,,,,
,,,,,,,,,,,,,,,,,,,,,,,,,,,,,,,,,,,,,,,
,,,,,,,,,,,,,,,,,,,,,,,,,,,,,,,,,,,,,,,
,,,,,,,,,,,,,,,,,,,,,,,,,,,,,,,,,,,,,,,
,,,,,,,,,,,,,,,,,,,,,,,,,,,,,,,,,,,,,,,
,,,,,,,,,,,,,,,,,,,,,,,,,,,,,,,,,,,,,,,
,,,,,,,,,,,,,,,,,,,,,,,,,,,,,,,,,,,,,,,
,,,,,,,,,,,,,,,,,,,,,,,,,,,,,,,,,,,,,,,
,,,,,,,,,,,,,,,,,,,,,,,,,,,,,,,,,,,,,,,
,,,,,,,,,,,,,,,,,,,,,,,,,,,,,,,,,,,,,,,
,,,,,,,,,,,,,,,,,,,,,,,,,,,,,,,,,,,,,,,
,,,,,,,,,,,,,,,,,,,,,,,,,,,,,,,,,,,,,,,
,,,,,,,,,,,,,,,,,,,,,,,,,,,,,,,,,,,,,,,
,,,,,,,,,,,,,,,,,,,,,,,,,,,,,,,,,,,,,,,
,,,,,,,,,,,,,,,,,,,,,,,,,,,,,,,,,,,,,,,
,,,,,,,,,,,,,,,,,,,,,,,,,,,,,,,,,,,,,,,
,,,,,,,,,,,,,,,,,,,,,,,,,,,,,,,,,,,,,,,
,,,,,,,,,,,,,,,,,,,,,,,,,,,,,,,,,,,,,,,
,,,,,,,,,,,,,,,,,,,,,,,,,,,,,,,,,,,,,,,
,,,,,,,,,,,,,,,,,,,,,,,,,,,,,,,,,,,,,,,
,,,,,,,,,,,,,,,,,,,,,,,,,,,,,,,,,,,,,,,
,,,,,,,,,,,,,,,,,,,,,,,,,,,,,,,,,,,,,,,
,,,,,,,,,,,,,,,,,,,,,,,,,,,,,,,,,,,,,,,
,,,,,,,,,,,,,,,,,,,,,,,,,,,,,,,,,,,,,,,
,,,,,,,,,,,,,,,,,,,,,,,,,,,,,,,,,,,,,,,
,,,,,,,,,,,,,,,,,,,,,,,,,,,,,,,,,,,,,,,
,,,,,,,,,,,,,,,,,,,,,,,,,,,,,,,,,,,,,,,
,,,,,,,,,,,,,,,,,,,,,,,,,,,,,,,,,,,,,,,
,,,,,,,,,,,,,,,,,,,,,,,,,,,,,,,,,,,,,,,
,,,,,,,,,,,,,,,,,,,,,,,,,,,,,,,,,,,,,,,
,,,,,,,,,,,,,,,,,,,,,,,,,,,,,,,,,,,,,,,
,,,,,,,,,,,,,,,,,,,,,,,,,,,,,,,,,,,,,,,
,,,,,,,,,,,,,,,,,,,,,,,,,,,,,,,,,,,,,,,
,,,,,,,,,,,,,,,,,,,,,,,,,,,,,,,,,,,,,,,
,,,,,,,,,,,,,,,,,,,,,,,,,,,,,,,,,,,,,,,
,,,,,,,,,,,,,,,,,,,,,,,,,,,,,,,,,,,,,,,
,,,,,,,,,,,,,,,,,,,,,,,,,,,,,,,,,,,,,,,
,,,,,,,,,,,,,,,,,,,,,,,,,,,,,,,,,,,,,,,
,,,,,,,,,,,,,,,,,,,,,,,,,,,,,,,,,,,,,,,
,,,,,,,,,,,,,,,,,,,,,,,,,,,,,,,,,,,,,,,
,,,,,,,,,,,,,,,,,,,,,,,,,,,,,,,,,,,,,,,
,,,,,,,,,,,,,,,,,,,,,,,,,,,,,,,,,,,,,,,
,,,,,,,,,,,,,,,,,,,,,,,,,,,,,,,,,,,,,,,
,,,,,,,,,,,,,,,,,,,,,,,,,,,,,,,,,,,,,,,
,,,,,,,,,,,,,,,,,,,,,,,,,,,,,,,,,,,,,,,
,,,,,,,,,,,,,,,,,,,,,,,,,,,,,,,,,,,,,,,
,,,,,,,,,,,,,,,,,,,,,,,,,,,,,,,,,,,,,,,
,,,,,,,,,,,,,,,,,,,,,,,,,,,,,,,,,,,,,,,
,,,,,,,,,,,,,,,,,,,,,,,,,,,,,,,,,,,,,,,
,,,,,,,,,,,,,,,,,,,,,,,,,,,,,,,,,,,,,,,
,,,,,,,,,,,,,,,,,,,,,,,,,,,,,,,,,,,,,,,
,,,,,,,,,,,,,,,,,,,,,,,,,,,,,,,,,,,,,,,
,,,,,,,,,,,,,,,,,,,,,,,,,,,,,,,,,,,,,,,
,,,,,,,,,,,,,,,,,,,,,,,,,,,,,,,,,,,,,,,
,,,,,,,,,,,,,,,,,,,,,,,,,,,,,,,,,,,,,,,
,,,,,,,,,,,,,,,,,,,,,,,,,,,,,,,,,,,,,,,
,,,,,,,,,,,,,,,,,,,,,,,,,,,,,,,,,,,,,,,
,,,,,,,,,,,,,,,,,,,,,,,,,,,,,,,,,,,,,,,
,,,,,,,,,,,,,,,,,,,,,,,,,,,,,,,,,,,,,,,
,,,,,,,,,,,,,,,,,,,,,,,,,,,,,,,,,,,,,,,
,,,,,,,,,,,,,,,,,,,,,,,,,,,,,,,,,,,,,,,
,,,,,,,,,,,,,,,,,,,,,,,,,,,,,,,,,,,,,,,
,,,,,,,,,,,,,,,,,,,,,,,,,,,,,,,,,,,,,,,
,,,,,,,,,,,,,,,,,,,,,,,,,,,,,,,,,,,,,,,
,,,,,,,,,,,,,,,,,,,,,,,,,,,,,,,,,,,,,,,
,,,,,,,,,,,,,,,,,,,,,,,,,,,,,,,,,,,,,,,
,,,,,,,,,,,,,,,,,,,,,,,,,,,,,,,,,,,,,,,
,,,,,,,,,,,,,,,,,,,,,,,,,,,,,,,,,,,,,,,
,,,,,,,,,,,,,,,,,,,,,,,,,,,,,,,,,,,,,,,
,,,,,,,,,,,,,,,,,,,,,,,,,,,,,,,,,,,,,,,
,,,,,,,,,,,,,,,,,,,,,,,,,,,,,,,,,,,,,,,
,,,,,,,,,,,,,,,,,,,,,,,,,,,,,,,,,,,,,,,
,,,,,,,,,,,,,,,,,,,,,,,,,,,,,,,,,,,,,,,
,,,,,,,,,,,,,,,,,,,,,,,,,,,,,,,,,,,,,,,
,,,,,,,,,,,,,,,,,,,,,,,,,,,,,,,,,,,,,,,
,,,,,,,,,,,,,,,,,,,,,,,,,,,,,,,,,,,,,,,
,,,,,,,,,,,,,,,,,,,,,,,,,,,,,,,,,,,,,,,
,,,,,,,,,,,,,,,,,,,,,,,,,,,,,,,,,,,,,,,
,,,,,,,,,,,,,,,,,,,,,,,,,,,,,,,,,,,,,,,
,,,,,,,,,,,,,,,,,,,,,,,,,,,,,,,,,,,,,,,
,,,,,,,,,,,,,,,,,,,,,,,,,,,,,,,,,,,,,,,
,,,,,,,,,,,,,,,,,,,,,,,,,,,,,,,,,,,,,,,
,,,,,,,,,,,,,,,,,,,,,,,,,,,,,,,,,,,,,,,
,,,,,,,,,,,,,,,,,,,,,,,,,,,,,,,,,,,,,,,
,,,,,,,,,,,,,,,,,,,,,,,,,,,,,,,,,,,,,,,
,,,,,,,,,,,,,,,,,,,,,,,,,,,,,,,,,,,,,,,
,,,,,,,,,,,,,,,,,,,,,,,,,,,,,,,,,,,,,,,
,,,,,,,,,,,,,,,,,,,,,,,,,,,,,,,,,,,,,,,
,,,,,,,,,,,,,,,,,,,,,,,,,,,,,,,,,,,,,,,
,,,,,,,,,,,,,,,,,,,,,,,,,,,,,,,,,,,,,,,
,,,,,,,,,,,,,,,,,,,,,,,,,,,,,,,,,,,,,,,
,,,,,,,,,,,,,,,,,,,,,,,,,,,,,,,,,,,,,,,
,,,,,,,,,,,,,,,,,,,,,,,,,,,,,,,,,,,,,,,
,,,,,,,,,,,,,,,,,,,,,,,,,,,,,,,,,,,,,,,
,,,,,,,,,,,,,,,,,,,,,,,,,,,,,,,,,,,,,,,
,,,,,,,,,,,,,,,,,,,,,,,,,,,,,,,,,,,,,,,
,,,,,,,,,,,,,,,,,,,,,,,,,,,,,,,,,,,,,,,
,,,,,,,,,,,,,,,,,,,,,,,,,,,,,,,,,,,,,,,
,,,,,,,,,,,,,,,,,,,,,,,,,,,,,,,,,,,,,,,
,,,,,,,,,,,,,,,,,,,,,,,,,,,,,,,,,,,,,,,
,,,,,,,,,,,,,,,,,,,,,,,,,,,,,,,,,,,,,,,
,,,,,,,,,,,,,,,,,,,,,,,,,,,,,,,,,,,,,,,
,,,,,,,,,,,,,,,,,,,,,,,,,,,,,,,,,,,,,,,
,,,,,,,,,,,,,,,,,,,,,,,,,,,,,,,,,,,,,,,
,,,,,,,,,,,,,,,,,,,,,,,,,,,,,,,,,,,,,,,
,,,,,,,,,,,,,,,,,,,,,,,,,,,,,,,,,,,,,,,
,,,,,,,,,,,,,,,,,,,,,,,,,,,,,,,,,,,,,,,
,,,,,,,,,,,,,,,,,,,,,,,,,,,,,,,,,,,,,,,
,,,,,,,,,,,,,,,,,,,,,,,,,,,,,,,,,,,,,,,
,,,,,,,,,,,,,,,,,,,,,,,,,,,,,,,,,,,,,,,
,,,,,,,,,,,,,,,,,,,,,,,,,,,,,,,,,,,,,,,
,,,,,,,,,,,,,,,,,,,,,,,,,,,,,,,,,,,,,,,
,,,,,,,,,,,,,,,,,,,,,,,,,,,,,,,,,,,,,,,
,,,,,,,,,,,,,,,,,,,,,,,,,,,,,,,,,,,,,,,
,,,,,,,,,,,,,,,,,,,,,,,,,,,,,,,,,,,,,,,
,,,,,,,,,,,,,,,,,,,,,,,,,,,,,,,,,,,,,,,
,,,,,,,,,,,,,,,,,,,,,,,,,,,,,,,,,,,,,,,
,,,,,,,,,,,,,,,,,,,,,,,,,,,,,,,,,,,,,,,
,,,,,,,,,,,,,,,,,,,,,,,,,,,,,,,,,,,,,,,
,,,,,,,,,,,,,,,,,,,,,,,,,,,,,,,,,,,,,,,
,,,,,,,,,,,,,,,,,,,,,,,,,,,,,,,,,,,,,,,
,,,,,,,,,,,,,,,,,,,,,,,,,,,,,,,,,,,,,,,
,,,,,,,,,,,,,,,,,,,,,,,,,,,,,,,,,,,,,,,
,,,,,,,,,,,,,,,,,,,,,,,,,,,,,,,,,,,,,,,
,,,,,,,,,,,,,,,,,,,,,,,,,,,,,,,,,,,,,,,
,,,,,,,,,,,,,,,,,,,,,,,,,,,,,,,,,,,,,,,
,,,,,,,,,,,,,,,,,,,,,,,,,,,,,,,,,,,,,,,
,,,,,,,,,,,,,,,,,,,,,,,,,,,,,,,,,,,,,,,
,,,,,,,,,,,,,,,,,,,,,,,,,,,,,,,,,,,,,,,
,,,,,,,,,,,,,,,,,,,,,,,,,,,,,,,,,,,,,,,
,,,,,,,,,,,,,,,,,,,,,,,,,,,,,,,,,,,,,,,
,,,,,,,,,,,,,,,,,,,,,,,,,,,,,,,,,,,,,,,
,,,,,,,,,,,,,,,,,,,,,,,,,,,,,,,,,,,,,,,
,,,,,,,,,,,,,,,,,,,,,,,,,,,,,,,,,,,,,,,
,,,,,,,,,,,,,,,,,,,,,,,,,,,,,,,,,,,,,,,
,,,,,,,,,,,,,,,,,,,,,,,,,,,,,,,,,,,,,,,
,,,,,,,,,,,,,,,,,,,,,,,,,,,,,,,,,,,,,,,
,,,,,,,,,,,,,,,,,,,,,,,,,,,,,,,,,,,,,,,
,,,,,,,,,,,,,,,,,,,,,,,,,,,,,,,,,,,,,,,
,,,,,,,,,,,,,,,,,,,,,,,,,,,,,,,,,,,,,,,
,,,,,,,,,,,,,,,,,,,,,,,,,,,,,,,,,,,,,,,
,,,,,,,,,,,,,,,,,,,,,,,,,,,,,,,,,,,,,,,
,,,,,,,,,,,,,,,,,,,,,,,,,,,,,,,,,,,,,,,
,,,,,,,,,,,,,,,,,,,,,,,,,,,,,,,,,,,,,,,
,,,,,,,,,,,,,,,,,,,,,,,,,,,,,,,,,,,,,,,
,,,,,,,,,,,,,,,,,,,,,,,,,,,,,,,,,,,,,,,
,,,,,,,,,,,,,,,,,,,,,,,,,,,,,,,,,,,,,,,
,,,,,,,,,,,,,,,,,,,,,,,,,,,,,,,,,,,,,,,
,,,,,,,,,,,,,,,,,,,,,,,,,,,,,,,,,,,,,,,
,,,,,,,,,,,,,,,,,,,,,,,,,,,,,,,,,,,,,,,
,,,,,,,,,,,,,,,,,,,,,,,,,,,,,,,,,,,,,,,
,,,,,,,,,,,,,,,,,,,,,,,,,,,,,,,,,,,,,,,
,,,,,,,,,,,,,,,,,,,,,,,,,,,,,,,,,,,,,,,
,,,,,,,,,,,,,,,,,,,,,,,,,,,,,,,,,,,,,,,
,,,,,,,,,,,,,,,,,,,,,,,,,,,,,,,,,,,,,,,
,,,,,,,,,,,,,,,,,,,,,,,,,,,,,,,,,,,,,,,
,,,,,,,,,,,,,,,,,,,,,,,,,,,,,,,,,,,,,,,
,,,,,,,,,,,,,,,,,,,,,,,,,,,,,,,,,,,,,,,
,,,,,,,,,,,,,,,,,,,,,,,,,,,,,,,,,,,,,,,
,,,,,,,,,,,,,,,,,,,,,,,,,,,,,,,,,,,,,,,
,,,,,,,,,,,,,,,,,,,,,,,,,,,,,,,,,,,,,,,
,,,,,,,,,,,,,,,,,,,,,,,,,,,,,,,,,,,,,,,
,,,,,,,,,,,,,,,,,,,,,,,,,,,,,,,,,,,,,,,
,,,,,,,,,,,,,,,,,,,,,,,,,,,,,,,,,,,,,,,
,,,,,,,,,,,,,,,,,,,,,,,,,,,,,,,,,,,,,,,
,,,,,,,,,,,,,,,,,,,,,,,,,,,,,,,,,,,,,,,
,,,,,,,,,,,,,,,,,,,,,,,,,,,,,,,,,,,,,,,
,,,,,,,,,,,,,,,,,,,,,,,,,,,,,,,,,,,,,,,
,,,,,,,,,,,,,,,,,,,,,,,,,,,,,,,,,,,,,,,
,,,,,,,,,,,,,,,,,,,,,,,,,,,,,,,,,,,,,,,
,,,,,,,,,,,,,,,,,,,,,,,,,,,,,,,,,,,,,,,
,,,,,,,,,,,,,,,,,,,,,,,,,,,,,,,,,,,,,,,
,,,,,,,,,,,,,,,,,,,,,,,,,,,,,,,,,,,,,,,
,,,,,,,,,,,,,,,,,,,,,,,,,,,,,,,,,,,,,,,
,,,,,,,,,,,,,,,,,,,,,,,,,,,,,,,,,,,,,,,
,,,,,,,,,,,,,,,,,,,,,,,,,,,,,,,,,,,,,,,
,,,,,,,,,,,,,,,,,,,,,,,,,,,,,,,,,,,,,,,
,,,,,,,,,,,,,,,,,,,,,,,,,,,,,,,,,,,,,,,
,,,,,,,,,,,,,,,,,,,,,,,,,,,,,,,,,,,,,,,
,,,,,,,,,,,,,,,,,,,,,,,,,,,,,,,,,,,,,,,
,,,,,,,,,,,,,,,,,,,,,,,,,,,,,,,,,,,,,,,
,,,,,,,,,,,,,,,,,,,,,,,,,,,,,,,,,,,,,,,
,,,,,,,,,,,,,,,,,,,,,,,,,,,,,,,,,,,,,,,
,,,,,,,,,,,,,,,,,,,,,,,,,,,,,,,,,,,,,,,
,,,,,,,,,,,,,,,,,,,,,,,,,,,,,,,,,,,,,,,
,,,,,,,,,,,,,,,,,,,,,,,,,,,,,,,,,,,,,,,
,,,,,,,,,,,,,,,,,,,,,,,,,,,,,,,,,,,,,,,
,,,,,,,,,,,,,,,,,,,,,,,,,,,,,,,,,,,,,,,
,,,,,,,,,,,,,,,,,,,,,,,,,,,,,,,,,,,,,,,
,,,,,,,,,,,,,,,,,,,,,,,,,,,,,,,,,,,,,,,
,,,,,,,,,,,,,,,,,,,,,,,,,,,,,,,,,,,,,,,
,,,,,,,,,,,,,,,,,,,,,,,,,,,,,,,,,,,,,,,
,,,,,,,,,,,,,,,,,,,,,,,,,,,,,,,,,,,,,,,
,,,,,,,,,,,,,,,,,,,,,,,,,,,,,,,,,,,,,,,
,,,,,,,,,,,,,,,,,,,,,,,,,,,,,,,,,,,,,,,
,,,,,,,,,,,,,,,,,,,,,,,,,,,,,,,,,,,,,,,
,,,,,,,,,,,,,,,,,,,,,,,,,,,,,,,,,,,,,,,
,,,,,,,,,,,,,,,,,,,,,,,,,,,,,,,,,,,,,,,
,,,,,,,,,,,,,,,,,,,,,,,,,,,,,,,,,,,,,,,
,,,,,,,,,,,,,,,,,,,,,,,,,,,,,,,,,,,,,,,
,,,,,,,,,,,,,,,,,,,,,,,,,,,,,,,,,,,,,,,
,,,,,,,,,,,,,,,,,,,,,,,,,,,,,,,,,,,,,,,
,,,,,,,,,,,,,,,,,,,,,,,,,,,,,,,,,,,,,,,
,,,,,,,,,,,,,,,,,,,,,,,,,,,,,,,,,,,,,,,
,,,,,,,,,,,,,,,,,,,,,,,,,,,,,,,,,,,,,,,
,,,,,,,,,,,,,,,,,,,,,,,,,,,,,,,,,,,,,,,
,,,,,,,,,,,,,,,,,,,,,,,,,,,,,,,,,,,,,,,
,,,,,,,,,,,,,,,,,,,,,,,,,,,,,,,,,,,,,,,
,,,,,,,,,,,,,,,,,,,,,,,,,,,,,,,,,,,,,,,
,,,,,,,,,,,,,,,,,,,,,,,,,,,,,,,,,,,,,,,
,,,,,,,,,,,,,,,,,,,,,,,,,,,,,,,,,,,,,,,
,,,,,,,,,,,,,,,,,,,,,,,,,,,,,,,,,,,,,,,
,,,,,,,,,,,,,,,,,,,,,,,,,,,,,,,,,,,,,,,
,,,,,,,,,,,,,,,,,,,,,,,,,,,,,,,,,,,,,,,
,,,,,,,,,,,,,,,,,,,,,,,,,,,,,,,,,,,,,,,
,,,,,,,,,,,,,,,,,,,,,,,,,,,,,,,,,,,,,,,
,,,,,,,,,,,,,,,,,,,,,,,,,,,,,,,,,,,,,,,
,,,,,,,,,,,,,,,,,,,,,,,,,,,,,,,,,,,,,,,
,,,,,,,,,,,,,,,,,,,,,,,,,,,,,,,,,,,,,,,
,,,,,,,,,,,,,,,,,,,,,,,,,,,,,,,,,,,,,,,
,,,,,,,,,,,,,,,,,,,,,,,,,,,,,,,,,,,,,,,
,,,,,,,,,,,,,,,,,,,,,,,,,,,,,,,,,,,,,,,
,,,,,,,,,,,,,,,,,,,,,,,,,,,,,,,,,,,,,,,
,,,,,,,,,,,,,,,,,,,,,,,,,,,,,,,,,,,,,,,
,,,,,,,,,,,,,,,,,,,,,,,,,,,,,,,,,,,,,,,
,,,,,,,,,,,,,,,,,,,,,,,,,,,,,,,,,,,,,,,
,,,,,,,,,,,,,,,,,,,,,,,,,,,,,,,,,,,,,,,
,,,,,,,,,,,,,,,,,,,,,,,,,,,,,,,,,,,,,,,
,,,,,,,,,,,,,,,,,,,,,,,,,,,,,,,,,,,,,,,
,,,,,,,,,,,,,,,,,,,,,,,,,,,,,,,,,,,,,,,
,,,,,,,,,,,,,,,,,,,,,,,,,,,,,,,,,,,,,,,
,,,,,,,,,,,,,,,,,,,,,,,,,,,,,,,,,,,,,,,
,,,,,,,,,,,,,,,,,,,,,,,,,,,,,,,,,,,,,,,
,,,,,,,,,,,,,,,,,,,,,,,,,,,,,,,,,,,,,,,
,,,,,,,,,,,,,,,,,,,,,,,,,,,,,,,,,,,,,,,
,,,,,,,,,,,,,,,,,,,,,,,,,,,,,,,,,,,,,,,
,,,,,,,,,,,,,,,,,,,,,,,,,,,,,,,,,,,,,,,
,,,,,,,,,,,,,,,,,,,,,,,,,,,,,,,,,,,,,,,
,,,,,,,,,,,,,,,,,,,,,,,,,,,,,,,,,,,,,,,
,,,,,,,,,,,,,,,,,,,,,,,,,,,,,,,,,,,,,,,
,,,,,,,,,,,,,,,,,,,,,,,,,,,,,,,,,,,,,,,
,,,,,,,,,,,,,,,,,,,,,,,,,,,,,,,,,,,,,,,
,,,,,,,,,,,,,,,,,,,,,,,,,,,,,,,,,,,,,,,
,,,,,,,,,,,,,,,,,,,,,,,,,,,,,,,,,,,,,,,
,,,,,,,,,,,,,,,,,,,,,,,,,,,,,,,,,,,,,,,
,,,,,,,,,,,,,,,,,,,,,,,,,,,,,,,,,,,,,,,
,,,,,,,,,,,,,,,,,,,,,,,,,,,,,,,,,,,,,,,
,,,,,,,,,,,,,,,,,,,,,,,,,,,,,,,,,,,,,,,
,,,,,,,,,,,,,,,,,,,,,,,,,,,,,,,,,,,,,,,
,,,,,,,,,,,,,,,,,,,,,,,,,,,,,,,,,,,,,,,
,,,,,,,,,,,,,,,,,,,,,,,,,,,,,,,,,,,,,,,
,,,,,,,,,,,,,,,,,,,,,,,,,,,,,,,,,,,,,,,
,,,,,,,,,,,,,,,,,,,,,,,,,,,,,,,,,,,,,,,
,,,,,,,,,,,,,,,,,,,,,,,,,,,,,,,,,,,,,,,
,,,,,,,,,,,,,,,,,,,,,,,,,,,,,,,,,,,,,,,
,,,,,,,,,,,,,,,,,,,,,,,,,,,,,,,,,,,,,,,
,,,,,,,,,,,,,,,,,,,,,,,,,,,,,,,,,,,,,,,
,,,,,,,,,,,,,,,,,,,,,,,,,,,,,,,,,,,,,,,
,,,,,,,,,,,,,,,,,,,,,,,,,,,,,,,,,,,,,,,
,,,,,,,,,,,,,,,,,,,,,,,,,,,,,,,,,,,,,,,
,,,,,,,,,,,,,,,,,,,,,,,,,,,,,,,,,,,,,,,
,,,,,,,,,,,,,,,,,,,,,,,,,,,,,,,,,,,,,,,
,,,,,,,,,,,,,,,,,,,,,,,,,,,,,,,,,,,,,,,
,,,,,,,,,,,,,,,,,,,,,,,,,,,,,,,,,,,,,,,
,,,,,,,,,,,,,,,,,,,,,,,,,,,,,,,,,,,,,,,
,,,,,,,,,,,,,,,,,,,,,,,,,,,,,,,,,,,,,,,
,,,,,,,,,,,,,,,,,,,,,,,,,,,,,,,,,,,,,,,
,,,,,,,,,,,,,,,,,,,,,,,,,,,,,,,,,,,,,,,
,,,,,,,,,,,,,,,,,,,,,,,,,,,,,,,,,,,,,,,
,,,,,,,,,,,,,,,,,,,,,,,,,,,,,,,,,,,,,,,
,,,,,,,,,,,,,,,,,,,,,,,,,,,,,,,,,,,,,,,
,,,,,,,,,,,,,,,,,,,,,,,,,,,,,,,,,,,,,,,
,,,,,,,,,,,,,,,,,,,,,,,,,,,,,,,,,,,,,,,
,,,,,,,,,,,,,,,,,,,,,,,,,,,,,,,,,,,,,,,
,,,,,,,,,,,,,,,,,,,,,,,,,,,,,,,,,,,,,,,
,,,,,,,,,,,,,,,,,,,,,,,,,,,,,,,,,,,,,,,
,,,,,,,,,,,,,,,,,,,,,,,,,,,,,,,,,,,,,,,
,,,,,,,,,,,,,,,,,,,,,,,,,,,,,,,,,,,,,,,
,,,,,,,,,,,,,,,,,,,,,,,,,,,,,,,,,,,,,,,
,,,,,,,,,,,,,,,,,,,,,,,,,,,,,,,,,,,,,,,
,,,,,,,,,,,,,,,,,,,,,,,,,,,,,,,,,,,,,,,
,,,,,,,,,,,,,,,,,,,,,,,,,,,,,,,,,,,,,,,
,,,,,,,,,,,,,,,,,,,,,,,,,,,,,,,,,,,,,,,
,,,,,,,,,,,,,,,,,,,,,,,,,,,,,,,,,,,,,,,
,,,,,,,,,,,,,,,,,,,,,,,,,,,,,,,,,,,,,,,
,,,,,,,,,,,,,,,,,,,,,,,,,,,,,,,,,,,,,,,
,,,,,,,,,,,,,,,,,,,,,,,,,,,,,,,,,,,,,,,
,,,,,,,,,,,,,,,,,,,,,,,,,,,,,,,,,,,,,,,
,,,,,,,,,,,,,,,,,,,,,,,,,,,,,,,,,,,,,,,
,,,,,,,,,,,,,,,,,,,,,,,,,,,,,,,,,,,,,,,
,,,,,,,,,,,,,,,,,,,,,,,,,,,,,,,,,,,,,,,
,,,,,,,,,,,,,,,,,,,,,,,,,,,,,,,,,,,,,,,
,,,,,,,,,,,,,,,,,,,,,,,,,,,,,,,,,,,,,,,
,,,,,,,,,,,,,,,,,,,,,,,,,,,,,,,,,,,,,,,
,,,,,,,,,,,,,,,,,,,,,,,,,,,,,,,,,,,,,,,
,,,,,,,,,,,,,,,,,,,,,,,,,,,,,,,,,,,,,,,
,,,,,,,,,,,,,,,,,,,,,,,,,,,,,,,,,,,,,,,
,,,,,,,,,,,,,,,,,,,,,,,,,,,,,,,,,,,,,,,
,,,,,,,,,,,,,,,,,,,,,,,,,,,,,,,,,,,,,,,
,,,,,,,,,,,,,,,,,,,,,,,,,,,,,,,,,,,,,,,
,,,,,,,,,,,,,,,,,,,,,,,,,,,,,,,,,,,,,,,
,,,,,,,,,,,,,,,,,,,,,,,,,,,,,,,,,,,,,,,
,,,,,,,,,,,,,,,,,,,,,,,,,,,,,,,,,,,,,,,
,,,,,,,,,,,,,,,,,,,,,,,,,,,,,,,,,,,,,,,
,,,,,,,,,,,,,,,,,,,,,,,,,,,,,,,,,,,,,,,
,,,,,,,,,,,,,,,,,,,,,,,,,,,,,,,,,,,,,,,
,,,,,,,,,,,,,,,,,,,,,,,,,,,,,,,,,,,,,,,
,,,,,,,,,,,,,,,,,,,,,,,,,,,,,,,,,,,,,,,
,,,,,,,,,,,,,,,,,,,,,,,,,,,,,,,,,,,,,,,
,,,,,,,,,,,,,,,,,,,,,,,,,,,,,,,,,,,,,,,
,,,,,,,,,,,,,,,,,,,,,,,,,,,,,,,,,,,,,,,
,,,,,,,,,,,,,,,,,,,,,,,,,,,,,,,,,,,,,,,
,,,,,,,,,,,,,,,,,,,,,,,,,,,,,,,,,,,,,,,
,,,,,,,,,,,,,,,,,,,,,,,,,,,,,,,,,,,,,,,
,,,,,,,,,,,,,,,,,,,,,,,,,,,,,,,,,,,,,,,
,,,,,,,,,,,,,,,,,,,,,,,,,,,,,,,,,,,,,,,
,,,,,,,,,,,,,,,,,,,,,,,,,,,,,,,,,,,,,,,
,,,,,,,,,,,,,,,,,,,,,,,,,,,,,,,,,,,,,,,
,,,,,,,,,,,,,,,,,,,,,,,,,,,,,,,,,,,,,,,
,,,,,,,,,,,,,,,,,,,,,,,,,,,,,,,,,,,,,,,
,,,,,,,,,,,,,,,,,,,,,,,,,,,,,,,,,,,,,,,
,,,,,,,,,,,,,,,,,,,,,,,,,,,,,,,,,,,,,,,
,,,,,,,,,,,,,,,,,,,,,,,,,,,,,,,,,,,,,,,
,,,,,,,,,,,,,,,,,,,,,,,,,,,,,,,,,,,,,,,
,,,,,,,,,,,,,,,,,,,,,,,,,,,,,,,,,,,,,,,
,,,,,,,,,,,,,,,,,,,,,,,,,,,,,,,,,,,,,,,
,,,,,,,,,,,,,,,,,,,,,,,,,,,,,,,,,,,,,,,
,,,,,,,,,,,,,,,,,,,,,,,,,,,,,,,,,,,,,,,
,,,,,,,,,,,,,,,,,,,,,,,,,,,,,,,,,,,,,,,
,,,,,,,,,,,,,,,,,,,,,,,,,,,,,,,,,,,,,,,
,,,,,,,,,,,,,,,,,,,,,,,,,,,,,,,,,,,,,,,
,,,,,,,,,,,,,,,,,,,,,,,,,,,,,,,,,,,,,,,
,,,,,,,,,,,,,,,,,,,,,,,,,,,,,,,,,,,,,,,
,,,,,,,,,,,,,,,,,,,,,,,,,,,,,,,,,,,,,,,
,,,,,,,,,,,,,,,,,,,,,,,,,,,,,,,,,,,,,,,
,,,,,,,,,,,,,,,,,,,,,,,,,,,,,,,,,,,,,,,
,,,,,,,,,,,,,,,,,,,,,,,,,,,,,,,,,,,,,,,
,,,,,,,,,,,,,,,,,,,,,,,,,,,,,,,,,,,,,,,
,,,,,,,,,,,,,,,,,,,,,,,,,,,,,,,,,,,,,,,
,,,,,,,,,,,,,,,,,,,,,,,,,,,,,,,,,,,,,,,
,,,,,,,,,,,,,,,,,,,,,,,,,,,,,,,,,,,,,,,
,,,,,,,,,,,,,,,,,,,,,,,,,,,,,,,,,,,,,,,
,,,,,,,,,,,,,,,,,,,,,,,,,,,,,,,,,,,,,,,
,,,,,,,,,,,,,,,,,,,,,,,,,,,,,,,,,,,,,,,
,,,,,,,,,,,,,,,,,,,,,,,,,,,,,,,,,,,,,,,
,,,,,,,,,,,,,,,,,,,,,,,,,,,,,,,,,,,,,,,
,,,,,,,,,,,,,,,,,,,,,,,,,,,,,,,,,,,,,,,
,,,,,,,,,,,,,,,,,,,,,,,,,,,,,,,,,,,,,,,
,,,,,,,,,,,,,,,,,,,,,,,,,,,,,,,,,,,,,,,
,,,,,,,,,,,,,,,,,,,,,,,,,,,,,,,,,,,,,,,
,,,,,,,,,,,,,,,,,,,,,,,,,,,,,,,,,,,,,,,
,,,,,,,,,,,,,,,,,,,,,,,,,,,,,,,,,,,,,,,
,,,,,,,,,,,,,,,,,,,,,,,,,,,,,,,,,,,,,,,
,,,,,,,,,,,,,,,,,,,,,,,,,,,,,,,,,,,,,,,
,,,,,,,,,,,,,,,,,,,,,,,,,,,,,,,,,,,,,,,
,,,,,,,,,,,,,,,,,,,,,,,,,,,,,,,,,,,,,,,
,,,,,,,,,,,,,,,,,,,,,,,,,,,,,,,,,,,,,,,
,,,,,,,,,,,,,,,,,,,,,,,,,,,,,,,,,,,,,,,
,,,,,,,,,,,,,,,,,,,,,,,,,,,,,,,,,,,,,,,
,,,,,,,,,,,,,,,,,,,,,,,,,,,,,,,,,,,,,,,
,,,,,,,,,,,,,,,,,,,,,,,,,,,,,,,,,,,,,,,
,,,,,,,,,,,,,,,,,,,,,,,,,,,,,,,,,,,,,,,
,,,,,,,,,,,,,,,,,,,,,,,,,,,,,,,,,,,,,,,
,,,,,,,,,,,,,,,,,,,,,,,,,,,,,,,,,,,,,,,
,,,,,,,,,,,,,,,,,,,,,,,,,,,,,,,,,,,,,,,
,,,,,,,,,,,,,,,,,,,,,,,,,,,,,,,,,,,,,,,
,,,,,,,,,,,,,,,,,,,,,,,,,,,,,,,,,,,,,,,
,,,,,,,,,,,,,,,,,,,,,,,,,,,,,,,,,,,,,,,
,,,,,,,,,,,,,,,,,,,,,,,,,,,,,,,,,,,,,,,
,,,,,,,,,,,,,,,,,,,,,,,,,,,,,,,,,,,,,,,
,,,,,,,,,,,,,,,,,,,,,,,,,,,,,,,,,,,,,,,
,,,,,,,,,,,,,,,,,,,,,,,,,,,,,,,,,,,,,,,
,,,,,,,,,,,,,,,,,,,,,,,,,,,,,,,,,,,,,,,
,,,,,,,,,,,,,,,,,,,,,,,,,,,,,,,,,,,,,,,
,,,,,,,,,,,,,,,,,,,,,,,,,,,,,,,,,,,,,,,
,,,,,,,,,,,,,,,,,,,,,,,,,,,,,,,,,,,,,,,
,,,,,,,,,,,,,,,,,,,,,,,,,,,,,,,,,,,,,,,
,,,,,,,,,,,,,,,,,,,,,,,,,,,,,,,,,,,,,,,
,,,,,,,,,,,,,,,,,,,,,,,,,,,,,,,,,,,,,,,
,,,,,,,,,,,,,,,,,,,,,,,,,,,,,,,,,,,,,,,
,,,,,,,,,,,,,,,,,,,,,,,,,,,,,,,,,,,,,,,
,,,,,,,,,,,,,,,,,,,,,,,,,,,,,,,,,,,,,,,
,,,,,,,,,,,,,,,,,,,,,,,,,,,,,,,,,,,,,,,
,,,,,,,,,,,,,,,,,,,,,,,,,,,,,,,,,,,,,,,
,,,,,,,,,,,,,,,,,,,,,,,,,,,,,,,,,,,,,,,
,,,,,,,,,,,,,,,,,,,,,,,,,,,,,,,,,,,,,,,
,,,,,,,,,,,,,,,,,,,,,,,,,,,,,,,,,,,,,,,
,,,,,,,,,,,,,,,,,,,,,,,,,,,,,,,,,,,,,,,
,,,,,,,,,,,,,,,,,,,,,,,,,,,,,,,,,,,,,,,
,,,,,,,,,,,,,,,,,,,,,,,,,,,,,,,,,,,,,,,
,,,,,,,,,,,,,,,,,,,,,,,,,,,,,,,,,,,,,,,
,,,,,,,,,,,,,,,,,,,,,,,,,,,,,,,,,,,,,,,
,,,,,,,,,,,,,,,,,,,,,,,,,,,,,,,,,,,,,,,
,,,,,,,,,,,,,,,,,,,,,,,,,,,,,,,,,,,,,,,
,,,,,,,,,,,,,,,,,,,,,,,,,,,,,,,,,,,,,,,
,,,,,,,,,,,,,,,,,,,,,,,,,,,,,,,,,,,,,,,
,,,,,,,,,,,,,,,,,,,,,,,,,,,,,,,,,,,,,,,
,,,,,,,,,,,,,,,,,,,,,,,,,,,,,,,,,,,,,,,
,,,,,,,,,,,,,,,,,,,,,,,,,,,,,,,,,,,,,,,
,,,,,,,,,,,,,,,,,,,,,,,,,,,,,,,,,,,,,,,
,,,,,,,,,,,,,,,,,,,,,,,,,,,,,,,,,,,,,,,
,,,,,,,,,,,,,,,,,,,,,,,,,,,,,,,,,,,,,,,
,,,,,,,,,,,,,,,,,,,,,,,,,,,,,,,,,,,,,,,
,,,,,,,,,,,,,,,,,,,,,,,,,,,,,,,,,,,,,,,
,,,,,,,,,,,,,,,,,,,,,,,,,,,,,,,,,,,,,,,
,,,,,,,,,,,,,,,,,,,,,,,,,,,,,,,,,,,,,,,
,,,,,,,,,,,,,,,,,,,,,,,,,,,,,,,,,,,,,,,
,,,,,,,,,,,,,,,,,,,,,,,,,,,,,,,,,,,,,,,
,,,,,,,,,,,,,,,,,,,,,,,,,,,,,,,,,,,,,,,
,,,,,,,,,,,,,,,,,,,,,,,,,,,,,,,,,,,,,,,
,,,,,,,,,,,,,,,,,,,,,,,,,,,,,,,,,,,,,,,
,,,,,,,,,,,,,,,,,,,,,,,,,,,,,,,,,,,,,,,
,,,,,,,,,,,,,,,,,,,,,,,,,,,,,,,,,,,,,,,
,,,,,,,,,,,,,,,,,,,,,,,,,,,,,,,,,,,,,,,
,,,,,,,,,,,,,,,,,,,,,,,,,,,,,,,,,,,,,,,
,,,,,,,,,,,,,,,,,,,,,,,,,,,,,,,,,,,,,,,
,,,,,,,,,,,,,,,,,,,,,,,,,,,,,,,,,,,,,,,
,,,,,,,,,,,,,,,,,,,,,,,,,,,,,,,,,,,,,,,
,,,,,,,,,,,,,,,,,,,,,,,,,,,,,,,,,,,,,,,
,,,,,,,,,,,,,,,,,,,,,,,,,,,,,,,,,,,,,,,
,,,,,,,,,,,,,,,,,,,,,,,,,,,,,,,,,,,,,,,
,,,,,,,,,,,,,,,,,,,,,,,,,,,,,,,,,,,,,,,
,,,,,,,,,,,,,,,,,,,,,,,,,,,,,,,,,,,,,,,
,,,,,,,,,,,,,,,,,,,,,,,,,,,,,,,,,,,,,,,
,,,,,,,,,,,,,,,,,,,,,,,,,,,,,,,,,,,,,,,
,,,,,,,,,,,,,,,,,,,,,,,,,,,,,,,,,,,,,,,
,,,,,,,,,,,,,,,,,,,,,,,,,,,,,,,,,,,,,,,
,,,,,,,,,,,,,,,,,,,,,,,,,,,,,,,,,,,,,,,
,,,,,,,,,,,,,,,,,,,,,,,,,,,,,,,,,,,,,,,
,,,,,,,,,,,,,,,,,,,,,,,,,,,,,,,,,,,,,,,
,,,,,,,,,,,,,,,,,,,,,,,,,,,,,,,,,,,,,,,
,,,,,,,,,,,,,,,,,,,,,,,,,,,,,,,,,,,,,,,
,,,,,,,,,,,,,,,,,,,,,,,,,,,,,,,,,,,,,,,
,,,,,,,,,,,,,,,,,,,,,,,,,,,,,,,,,,,,,,,
,,,,,,,,,,,,,,,,,,,,,,,,,,,,,,,,,,,,,,,
,,,,,,,,,,,,,,,,,,,,,,,,,,,,,,,,,,,,,,,
,,,,,,,,,,,,,,,,,,,,,,,,,,,,,,,,,,,,,,,
,,,,,,,,,,,,,,,,,,,,,,,,,,,,,,,,,,,,,,,
,,,,,,,,,,,,,,,,,,,,,,,,,,,,,,,,,,,,,,,
,,,,,,,,,,,,,,,,,,,,,,,,,,,,,,,,,,,,,,,
,,,,,,,,,,,,,,,,,,,,,,,,,,,,,,,,,,,,,,,
,,,,,,,,,,,,,,,,,,,,,,,,,,,,,,,,,,,,,,,
,,,,,,,,,,,,,,,,,,,,,,,,,,,,,,,,,,,,,,,
,,,,,,,,,,,,,,,,,,,,,,,,,,,,,,,,,,,,,,,
,,,,,,,,,,,,,,,,,,,,,,,,,,,,,,,,,,,,,,,
,,,,,,,,,,,,,,,,,,,,,,,,,,,,,,,,,,,,,,,
,,,,,,,,,,,,,,,,,,,,,,,,,,,,,,,,,,,,,,,
,,,,,,,,,,,,,,,,,,,,,,,,,,,,,,,,,,,,,,,
,,,,,,,,,,,,,,,,,,,,,,,,,,,,,,,,,,,,,,,
,,,,,,,,,,,,,,,,,,,,,,,,,,,,,,,,,,,,,,,
,,,,,,,,,,,,,,,,,,,,,,,,,,,,,,,,,,,,,,,
,,,,,,,,,,,,,,,,,,,,,,,,,,,,,,,,,,,,,,,
,,,,,,,,,,,,,,,,,,,,,,,,,,,,,,,,,,,,,,,
,,,,,,,,,,,,,,,,,,,,,,,,,,,,,,,,,,,,,,,
,,,,,,,,,,,,,,,,,,,,,,,,,,,,,,,,,,,,,,,
,,,,,,,,,,,,,,,,,,,,,,,,,,,,,,,,,,,,,,,
,,,,,,,,,,,,,,,,,,,,,,,,,,,,,,,,,,,,,,,
,,,,,,,,,,,,,,,,,,,,,,,,,,,,,,,,,,,,,,,
,,,,,,,,,,,,,,,,,,,,,,,,,,,,,,,,,,,,,,,
,,,,,,,,,,,,,,,,,,,,,,,,,,,,,,,,,,,,,,,
,,,,,,,,,,,,,,,,,,,,,,,,,,,,,,,,,,,,,,,
,,,,,,,,,,,,,,,,,,,,,,,,,,,,,,,,,,,,,,,
,,,,,,,,,,,,,,,,,,,,,,,,,,,,,,,,,,,,,,,
,,,,,,,,,,,,,,,,,,,,,,,,,,,,,,,,,,,,,,,
,,,,,,,,,,,,,,,,,,,,,,,,,,,,,,,,,,,,,,,
,,,,,,,,,,,,,,,,,,,,,,,,,,,,,,,,,,,,,,,
,,,,,,,,,,,,,,,,,,,,,,,,,,,,,,,,,,,,,,,
,,,,,,,,,,,,,,,,,,,,,,,,,,,,,,,,,,,,,,,
,,,,,,,,,,,,,,,,,,,,,,,,,,,,,,,,,,,,,,,
,,,,,,,,,,,,,,,,,,,,,,,,,,,,,,,,,,,,,,,
,,,,,,,,,,,,,,,,,,,,,,,,,,,,,,,,,,,,,,,
,,,,,,,,,,,,,,,,,,,,,,,,,,,,,,,,,,,,,,,
,,,,,,,,,,,,,,,,,,,,,,,,,,,,,,,,,,,,,,,
,,,,,,,,,,,,,,,,,,,,,,,,,,,,,,,,,,,,,,,
,,,,,,,,,,,,,,,,,,,,,,,,,,,,,,,,,,,,,,,
,,,,,,,,,,,,,,,,,,,,,,,,,,,,,,,,,,,,,,,
,,,,,,,,,,,,,,,,,,,,,,,,,,,,,,,,,,,,,,,
,,,,,,,,,,,,,,,,,,,,,,,,,,,,,,,,,,,,,,,
,,,,,,,,,,,,,,,,,,,,,,,,,,,,,,,,,,,,,,,
,,,,,,,,,,,,,,,,,,,,,,,,,,,,,,,,,,,,,,,
,,,,,,,,,,,,,,,,,,,,,,,,,,,,,,,,,,,,,,,
,,,,,,,,,,,,,,,,,,,,,,,,,,,,,,,,,,,,,,,
,,,,,,,,,,,,,,,,,,,,,,,,,,,,,,,,,,,,,,,
,,,,,,,,,,,,,,,,,,,,,,,,,,,,,,,,,,,,,,,
,,,,,,,,,,,,,,,,,,,,,,,,,,,,,,,,,,,,,,,
,,,,,,,,,,,,,,,,,,,,,,,,,,,,,,,,,,,,,,,
,,,,,,,,,,,,,,,,,,,,,,,,,,,,,,,,,,,,,,,
,,,,,,,,,,,,,,,,,,,,,,,,,,,,,,,,,,,,,,,
,,,,,,,,,,,,,,,,,,,,,,,,,,,,,,,,,,,,,,,
,,,,,,,,,,,,,,,,,,,,,,,,,,,,,,,,,,,,,,,
,,,,,,,,,,,,,,,,,,,,,,,,,,,,,,,,,,,,,,,
,,,,,,,,,,,,,,,,,,,,,,,,,,,,,,,,,,,,,,,
,,,,,,,,,,,,,,,,,,,,,,,,,,,,,,,,,,,,,,,
,,,,,,,,,,,,,,,,,,,,,,,,,,,,,,,,,,,,,,,
,,,,,,,,,,,,,,,,,,,,,,,,,,,,,,,,,,,,,,,
,,,,,,,,,,,,,,,,,,,,,,,,,,,,,,,,,,,,,,,
,,,,,,,,,,,,,,,,,,,,,,,,,,,,,,,,,,,,,,,
,,,,,,,,,,,,,,,,,,,,,,,,,,,,,,,,,,,,,,,
,,,,,,,,,,,,,,,,,,,,,,,,,,,,,,,,,,,,,,,
,,,,,,,,,,,,,,,,,,,,,,,,,,,,,,,,,,,,,,,
,,,,,,,,,,,,,,,,,,,,,,,,,,,,,,,,,,,,,,,
,,,,,,,,,,,,,,,,,,,,,,,,,,,,,,,,,,,,,,,
,,,,,,,,,,,,,,,,,,,,,,,,,,,,,,,,,,,,,,,
,,,,,,,,,,,,,,,,,,,,,,,,,,,,,,,,,,,,,,,
,,,,,,,,,,,,,,,,,,,,,,,,,,,,,,,,,,,,,,,
,,,,,,,,,,,,,,,,,,,,,,,,,,,,,,,,,,,,,,,
,,,,,,,,,,,,,,,,,,,,,,,,,,,,,,,,,,,,,,,
,,,,,,,,,,,,,,,,,,,,,,,,,,,,,,,,,,,,,,,
,,,,,,,,,,,,,,,,,,,,,,,,,,,,,,,,,,,,,,,
,,,,,,,,,,,,,,,,,,,,,,,,,,,,,,,,,,,,,,,
,,,,,,,,,,,,,,,,,,,,,,,,,,,,,,,,,,,,,,,
,,,,,,,,,,,,,,,,,,,,,,,,,,,,,,,,,,,,,,,
,,,,,,,,,,,,,,,,,,,,,,,,,,,,,,,,,,,,,,,
,,,,,,,,,,,,,,,,,,,,,,,,,,,,,,,,,,,,,,,
,,,,,,,,,,,,,,,,,,,,,,,,,,,,,,,,,,,,,,,
,,,,,,,,,,,,,,,,,,,,,,,,,,,,,,,,,,,,,,,
,,,,,,,,,,,,,,,,,,,,,,,,,,,,,,,,,,,,,,,
,,,,,,,,,,,,,,,,,,,,,,,,,,,,,,,,,,,,,,,
,,,,,,,,,,,,,,,,,,,,,,,,,,,,,,,,,,,,,,,
,,,,,,,,,,,,,,,,,,,,,,,,,,,,,,,,,,,,,,,
,,,,,,,,,,,,,,,,,,,,,,,,,,,,,,,,,,,,,,,
,,,,,,,,,,,,,,,,,,,,,,,,,,,,,,,,,,,,,,,
,,,,,,,,,,,,,,,,,,,,,,,,,,,,,,,,,,,,,,,
,,,,,,,,,,,,,,,,,,,,,,,,,,,,,,,,,,,,,,,
,,,,,,,,,,,,,,,,,,,,,,,,,,,,,,,,,,,,,,,
,,,,,,,,,,,,,,,,,,,,,,,,,,,,,,,,,,,,,,,
,,,,,,,,,,,,,,,,,,,,,,,,,,,,,,,,,,,,,,,
,,,,,,,,,,,,,,,,,,,,,,,,,,,,,,,,,,,,,,,
,,,,,,,,,,,,,,,,,,,,,,,,,,,,,,,,,,,,,,,
,,,,,,,,,,,,,,,,,,,,,,,,,,,,,,,,,,,,,,,
,,,,,,,,,,,,,,,,,,,,,,,,,,,,,,,,,,,,,,,
,,,,,,,,,,,,,,,,,,,,,,,,,,,,,,,,,,,,,,,
,,,,,,,,,,,,,,,,,,,,,,,,,,,,,,,,,,,,,,,
,,,,,,,,,,,,,,,,,,,,,,,,,,,,,,,,,,,,,,,
,,,,,,,,,,,,,,,,,,,,,,,,,,,,,,,,,,,,,,,
,,,,,,,,,,,,,,,,,,,,,,,,,,,,,,,,,,,,,,,
,,,,,,,,,,,,,,,,,,,,,,,,,,,,,,,,,,,,,,,
,,,,,,,,,,,,,,,,,,,,,,,,,,,,,,,,,,,,,,,
,,,,,,,,,,,,,,,,,,,,,,,,,,,,,,,,,,,,,,,
,,,,,,,,,,,,,,,,,,,,,,,,,,,,,,,,,,,,,,,
,,,,,,,,,,,,,,,,,,,,,,,,,,,,,,,,,,,,,,,
,,,,,,,,,,,,,,,,,,,,,,,,,,,,,,,,,,,,,,,
,,,,,,,,,,,,,,,,,,,,,,,,,,,,,,,,,,,,,,,
,,,,,,,,,,,,,,,,,,,,,,,,,,,,,,,,,,,,,,,
,,,,,,,,,,,,,,,,,,,,,,,,,,,,,,,,,,,,,,,
,,,,,,,,,,,,,,,,,,,,,,,,,,,,,,,,,,,,,,,
,,,,,,,,,,,,,,,,,,,,,,,,,,,,,,,,,,,,,,,
,,,,,,,,,,,,,,,,,,,,,,,,,,,,,,,,,,,,,,,
,,,,,,,,,,,,,,,,,,,,,,,,,,,,,,,,,,,,,,,
,,,,,,,,,,,,,,,,,,,,,,,,,,,,,,,,,,,,,,,
,,,,,,,,,,,,,,,,,,,,,,,,,,,,,,,,,,,,,,,
,,,,,,,,,,,,,,,,,,,,,,,,,,,,,,,,,,,,,,,
,,,,,,,,,,,,,,,,,,,,,,,,,,,,,,,,,,,,,,,
,,,,,,,,,,,,,,,,,,,,,,,,,,,,,,,,,,,,,,,
,,,,,,,,,,,,,,,,,,,,,,,,,,,,,,,,,,,,,,,
,,,,,,,,,,,,,,,,,,,,,,,,,,,,,,,,,,,,,,,
,,,,,,,,,,,,,,,,,,,,,,,,,,,,,,,,,,,,,,,
,,,,,,,,,,,,,,,,,,,,,,,,,,,,,,,,,,,,,,,
,,,,,,,,,,,,,,,,,,,,,,,,,,,,,,,,,,,,,,,
,,,,,,,,,,,,,,,,,,,,,,,,,,,,,,,,,,,,,,,
,,,,,,,,,,,,,,,,,,,,,,,,,,,,,,,,,,,,,,,
,,,,,,,,,,,,,,,,,,,,,,,,,,,,,,,,,,,,,,,
,,,,,,,,,,,,,,,,,,,,,,,,,,,,,,,,,,,,,,,
,,,,,,,,,,,,,,,,,,,,,,,,,,,,,,,,,,,,,,,
,,,,,,,,,,,,,,,,,,,,,,,,,,,,,,,,,,,,,,,
,,,,,,,,,,,,,,,,,,,,,,,,,,,,,,,,,,,,,,,
,,,,,,,,,,,,,,,,,,,,,,,,,,,,,,,,,,,,,,,
,,,,,,,,,,,,,,,,,,,,,,,,,,,,,,,,,,,,,,,
,,,,,,,,,,,,,,,,,,,,,,,,,,,,,,,,,,,,,,,
,,,,,,,,,,,,,,,,,,,,,,,,,,,,,,,,,,,,,,,
,,,,,,,,,,,,,,,,,,,,,,,,,,,,,,,,,,,,,,,
,,,,,,,,,,,,,,,,,,,,,,,,,,,,,,,,,,,,,,,
,,,,,,,,,,,,,,,,,,,,,,,,,,,,,,,,,,,,,,,
,,,,,,,,,,,,,,,,,,,,,,,,,,,,,,,,,,,,,,,
,,,,,,,,,,,,,,,,,,,,,,,,,,,,,,,,,,,,,,,
,,,,,,,,,,,,,,,,,,,,,,,,,,,,,,,,,,,,,,,
,,,,,,,,,,,,,,,,,,,,,,,,,,,,,,,,,,,,,,,
,,,,,,,,,,,,,,,,,,,,,,,,,,,,,,,,,,,,,,,
,,,,,,,,,,,,,,,,,,,,,,,,,,,,,,,,,,,,,,,
,,,,,,,,,,,,,,,,,,,,,,,,,,,,,,,,,,,,,,,
,,,,,,,,,,,,,,,,,,,,,,,,,,,,,,,,,,,,,,,
,,,,,,,,,,,,,,,,,,,,,,,,,,,,,,,,,,,,,,,
,,,,,,,,,,,,,,,,,,,,,,,,,,,,,,,,,,,,,,,
,,,,,,,,,,,,,,,,,,,,,,,,,,,,,,,,,,,,,,,
,,,,,,,,,,,,,,,,,,,,,,,,,,,,,,,,,,,,,,,
,,,,,,,,,,,,,,,,,,,,,,,,,,,,,,,,,,,,,,,
,,,,,,,,,,,,,,,,,,,,,,,,,,,,,,,,,,,,,,,
,,,,,,,,,,,,,,,,,,,,,,,,,,,,,,,,,,,,,,,
,,,,,,,,,,,,,,,,,,,,,,,,,,,,,,,,,,,,,,,
,,,,,,,,,,,,,,,,,,,,,,,,,,,,,,,,,,,,,,,
,,,,,,,,,,,,,,,,,,,,,,,,,,,,,,,,,,,,,,,
,,,,,,,,,,,,,,,,,,,,,,,,,,,,,,,,,,,,,,,
,,,,,,,,,,,,,,,,,,,,,,,,,,,,,,,,,,,,,,,
,,,,,,,,,,,,,,,,,,,,,,,,,,,,,,,,,,,,,,,
,,,,,,,,,,,,,,,,,,,,,,,,,,,,,,,,,,,,,,,
,,,,,,,,,,,,,,,,,,,,,,,,,,,,,,,,,,,,,,,
,,,,,,,,,,,,,,,,,,,,,,,,,,,,,,,,,,,,,,,
,,,,,,,,,,,,,,,,,,,,,,,,,,,,,,,,,,,,,,,
,,,,,,,,,,,,,,,,,,,,,,,,,,,,,,,,,,,,,,,
,,,,,,,,,,,,,,,,,,,,,,,,,,,,,,,,,,,,,,,
,,,,,,,,,,,,,,,,,,,,,,,,,,,,,,,,,,,,,,,
,,,,,,,,,,,,,,,,,,,,,,,,,,,,,,,,,,,,,,,
,,,,,,,,,,,,,,,,,,,,,,,,,,,,,,,,,,,,,,,
,,,,,,,,,,,,,,,,,,,,,,,,,,,,,,,,,,,,,,,
,,,,,,,,,,,,,,,,,,,,,,,,,,,,,,,,,,,,,,,
,,,,,,,,,,,,,,,,,,,,,,,,,,,,,,,,,,,,,,,
,,,,,,,,,,,,,,,,,,,,,,,,,,,,,,,,,,,,,,,
,,,,,,,,,,,,,,,,,,,,,,,,,,,,,,,,,,,,,,,
,,,,,,,,,,,,,,,,,,,,,,,,,,,,,,,,,,,,,,,
,,,,,,,,,,,,,,,,,,,,,,,,,,,,,,,,,,,,,,,
,,,,,,,,,,,,,,,,,,,,,,,,,,,,,,,,,,,,,,,
,,,,,,,,,,,,,,,,,,,,,,,,,,,,,,,,,,,,,,,
,,,,,,,,,,,,,,,,,,,,,,,,,,,,,,,,,,,,,,,
,,,,,,,,,,,,,,,,,,,,,,,,,,,,,,,,,,,,,,,
,,,,,,,,,,,,,,,,,,,,,,,,,,,,,,,,,,,,,,,
,,,,,,,,,,,,,,,,,,,,,,,,,,,,,,,,,,,,,,,
,,,,,,,,,,,,,,,,,,,,,,,,,,,,,,,,,,,,,,,
,,,,,,,,,,,,,,,,,,,,,,,,,,,,,,,,,,,,,,,
,,,,,,,,,,,,,,,,,,,,,,,,,,,,,,,,,,,,,,,
,,,,,,,,,,,,,,,,,,,,,,,,,,,,,,,,,,,,,,,
,,,,,,,,,,,,,,,,,,,,,,,,,,,,,,,,,,,,,,,
,,,,,,,,,,,,,,,,,,,,,,,,,,,,,,,,,,,,,,,
,,,,,,,,,,,,,,,,,,,,,,,,,,,,,,,,,,,,,,,
,,,,,,,,,,,,,,,,,,,,,,,,,,,,,,,,,,,,,,,
,,,,,,,,,,,,,,,,,,,,,,,,,,,,,,,,,,,,,,,
,,,,,,,,,,,,,,,,,,,,,,,,,,,,,,,,,,,,,,,
,,,,,,,,,,,,,,,,,,,,,,,,,,,,,,,,,,,,,,,
,,,,,,,,,,,,,,,,,,,,,,,,,,,,,,,,,,,,,,,
,,,,,,,,,,,,,,,,,,,,,,,,,,,,,,,,,,,,,,,
,,,,,,,,,,,,,,,,,,,,,,,,,,,,,,,,,,,,,,,
,,,,,,,,,,,,,,,,,,,,,,,,,,,,,,,,,,,,,,,
,,,,,,,,,,,,,,,,,,,,,,,,,,,,,,,,,,,,,,,
,,,,,,,,,,,,,,,,,,,,,,,,,,,,,,,,,,,,,,,
,,,,,,,,,,,,,,,,,,,,,,,,,,,,,,,,,,,,,,,
,,,,,,,,,,,,,,,,,,,,,,,,,,,,,,,,,,,,,,,
,,,,,,,,,,,,,,,,,,,,,,,,,,,,,,,,,,,,,,,
,,,,,,,,,,,,,,,,,,,,,,,,,,,,,,,,,,,,,,,
,,,,,,,,,,,,,,,,,,,,,,,,,,,,,,,,,,,,,,,
,,,,,,,,,,,,,,,,,,,,,,,,,,,,,,,,,,,,,,,
,,,,,,,,,,,,,,,,,,,,,,,,,,,,,,,,,,,,,,,
,,,,,,,,,,,,,,,,,,,,,,,,,,,,,,,,,,,,,,,
,,,,,,,,,,,,,,,,,,,,,,,,,,,,,,,,,,,,,,,
,,,,,,,,,,,,,,,,,,,,,,,,,,,,,,,,,,,,,,,
,,,,,,,,,,,,,,,,,,,,,,,,,,,,,,,,,,,,,,,
,,,,,,,,,,,,,,,,,,,,,,,,,,,,,,,,,,,,,,,
,,,,,,,,,,,,,,,,,,,,,,,,,,,,,,,,,,,,,,,
,,,,,,,,,,,,,,,,,,,,,,,,,,,,,,,,,,,,,,,
,,,,,,,,,,,,,,,,,,,,,,,,,,,,,,,,,,,,,,,
,,,,,,,,,,,,,,,,,,,,,,,,,,,,,,,,,,,,,,,
,,,,,,,,,,,,,,,,,,,,,,,,,,,,,,,,,,,,,,,
,,,,,,,,,,,,,,,,,,,,,,,,,,,,,,,,,,,,,,,
,,,,,,,,,,,,,,,,,,,,,,,,,,,,,,,,,,,,,,,
,,,,,,,,,,,,,,,,,,,,,,,,,,,,,,,,,,,,,,,
,,,,,,,,,,,,,,,,,,,,,,,,,,,,,,,,,,,,,,,
,,,,,,,,,,,,,,,,,,,,,,,,,,,,,,,,,,,,,,,
,,,,,,,,,,,,,,,,,,,,,,,,,,,,,,,,,,,,,,,
,,,,,,,,,,,,,,,,,,,,,,,,,,,,,,,,,,,,,,,
,,,,,,,,,,,,,,,,,,,,,,,,,,,,,,,,,,,,,,,
,,,,,,,,,,,,,,,,,,,,,,,,,,,,,,,,,,,,,,,
,,,,,,,,,,,,,,,,,,,,,,,,,,,,,,,,,,,,,,,
,,,,,,,,,,,,,,,,,,,,,,,,,,,,,,,,,,,,,,,
,,,,,,,,,,,,,,,,,,,,,,,,,,,,,,,,,,,,,,,
,,,,,,,,,,,,,,,,,,,,,,,,,,,,,,,,,,,,,,,
,,,,,,,,,,,,,,,,,,,,,,,,,,,,,,,,,,,,,,,
,,,,,,,,,,,,,,,,,,,,,,,,,,,,,,,,,,,,,,,
,,,,,,,,,,,,,,,,,,,,,,,,,,,,,,,,,,,,,,,
,,,,,,,,,,,,,,,,,,,,,,,,,,,,,,,,,,,,,,,
,,,,,,,,,,,,,,,,,,,,,,,,,,,,,,,,,,,,,,,
,,,,,,,,,,,,,,,,,,,,,,,,,,,,,,,,,,,,,,,
,,,,,,,,,,,,,,,,,,,,,,,,,,,,,,,,,,,,,,,
,,,,,,,,,,,,,,,,,,,,,,,,,,,,,,,,,,,,,,,
,,,,,,,,,,,,,,,,,,,,,,,,,,,,,,,,,,,,,,,
,,,,,,,,,,,,,,,,,,,,,,,,,,,,,,,,,,,,,,,
,,,,,,,,,,,,,,,,,,,,,,,,,,,,,,,,,,,,,,,
,,,,,,,,,,,,,,,,,,,,,,,,,,,,,,,,,,,,,,,
,,,,,,,,,,,,,,,,,,,,,,,,,,,,,,,,,,,,,,,
,,,,,,,,,,,,,,,,,,,,,,,,,,,,,,,,,,,,,,,
,,,,,,,,,,,,,,,,,,,,,,,,,,,,,,,,,,,,,,,
,,,,,,,,,,,,,,,,,,,,,,,,,,,,,,,,,,,,,,,
,,,,,,,,,,,,,,,,,,,,,,,,,,,,,,,,,,,,,,,
,,,,,,,,,,,,,,,,,,,,,,,,,,,,,,,,,,,,,,,
,,,,,,,,,,,,,,,,,,,,,,,,,,,,,,,,,,,,,,,
,,,,,,,,,,,,,,,,,,,,,,,,,,,,,,,,,,,,,,,
,,,,,,,,,,,,,,,,,,,,,,,,,,,,,,,,,,,,,,,
,,,,,,,,,,,,,,,,,,,,,,,,,,,,,,,,,,,,,,,
,,,,,,,,,,,,,,,,,,,,,,,,,,,,,,,,,,,,,,,
,,,,,,,,,,,,,,,,,,,,,,,,,,,,,,,,,,,,,,,
,,,,,,,,,,,,,,,,,,,,,,,,,,,,,,,,,,,,,,,
,,,,,,,,,,,,,,,,,,,,,,,,,,,,,,,,,,,,,,,
,,,,,,,,,,,,,,,,,,,,,,,,,,,,,,,,,,,,,,,
,,,,,,,,,,,,,,,,,,,,,,,,,,,,,,,,,,,,,,,
,,,,,,,,,,,,,,,,,,,,,,,,,,,,,,,,,,,,,,,
,,,,,,,,,,,,,,,,,,,,,,,,,,,,,,,,,,,,,,,
,,,,,,,,,,,,,,,,,,,,,,,,,,,,,,,,,,,,,,,
,,,,,,,,,,,,,,,,,,,,,,,,,,,,,,,,,,,,,,,
,,,,,,,,,,,,,,,,,,,,,,,,,,,,,,,,,,,,,,,
,,,,,,,,,,,,,,,,,,,,,,,,,,,,,,,,,,,,,,,
,,,,,,,,,,,,,,,,,,,,,,,,,,,,,,,,,,,,,,,
,,,,,,,,,,,,,,,,,,,,,,,,,,,,,,,,,,,,,,,
,,,,,,,,,,,,,,,,,,,,,,,,,,,,,,,,,,,,,,,
,,,,,,,,,,,,,,,,,,,,,,,,,,,,,,,,,,,,,,,
,,,,,,,,,,,,,,,,,,,,,,,,,,,,,,,,,,,,,,,
,,,,,,,,,,,,,,,,,,,,,,,,,,,,,,,,,,,,,,,
,,,,,,,,,,,,,,,,,,,,,,,,,,,,,,,,,,,,,,,
,,,,,,,,,,,,,,,,,,,,,,,,,,,,,,,,,,,,,,,
,,,,,,,,,,,,,,,,,,,,,,,,,,,,,,,,,,,,,,,
,,,,,,,,,,,,,,,,,,,,,,,,,,,,,,,,,,,,,,,
,,,,,,,,,,,,,,,,,,,,,,,,,,,,,,,,,,,,,,,
,,,,,,,,,,,,,,,,,,,,,,,,,,,,,,,,,,,,,,,
,,,,,,,,,,,,,,,,,,,,,,,,,,,,,,,,,,,,,,,
,,,,,,,,,,,,,,,,,,,,,,,,,,,,,,,,,,,,,,,
,,,,,,,,,,,,,,,,,,,,,,,,,,,,,,,,,,,,,,,
,,,,,,,,,,,,,,,,,,,,,,,,,,,,,,,,,,,,,,,
,,,,,,,,,,,,,,,,,,,,,,,,,,,,,,,,,,,,,,,
,,,,,,,,,,,,,,,,,,,,,,,,,,,,,,,,,,,,,,,
,,,,,,,,,,,,,,,,,,,,,,,,,,,,,,,,,,,,,,,
,,,,,,,,,,,,,,,,,,,,,,,,,,,,,,,,,,,,,,,
,,,,,,,,,,,,,,,,,,,,,,,,,,,,,,,,,,,,,,,
,,,,,,,,,,,,,,,,,,,,,,,,,,,,,,,,,,,,,,,
,,,,,,,,,,,,,,,,,,,,,,,,,,,,,,,,,,,,,,,
,,,,,,,,,,,,,,,,,,,,,,,,,,,,,,,,,,,,,,,
,,,,,,,,,,,,,,,,,,,,,,,,,,,,,,,,,,,,,,,
,,,,,,,,,,,,,,,,,,,,,,,,,,,,,,,,,,,,,,,
,,,,,,,,,,,,,,,,,,,,,,,,,,,,,,,,,,,,,,,
,,,,,,,,,,,,,,,,,,,,,,,,,,,,,,,,,,,,,,,
,,,,,,,,,,,,,,,,,,,,,,,,,,,,,,,,,,,,,,,
,,,,,,,,,,,,,,,,,,,,,,,,,,,,,,,,,,,,,,,
,,,,,,,,,,,,,,,,,,,,,,,,,,,,,,,,,,,,,,,
,,,,,,,,,,,,,,,,,,,,,,,,,,,,,,,,,,,,,,,
,,,,,,,,,,,,,,,,,,,,,,,,,,,,,,,,,,,,,,,
,,,,,,,,,,,,,,,,,,,,,,,,,,,,,,,,,,,,,,,
,,,,,,,,,,,,,,,,,,,,,,,,,,,,,,,,,,,,,,,
,,,,,,,,,,,,,,,,,,,,,,,,,,,,,,,,,,,,,,,
,,,,,,,,,,,,,,,,,,,,,,,,,,,,,,,,,,,,,,,
,,,,,,,,,,,,,,,,,,,,,,,,,,,,,,,,,,,,,,,
,,,,,,,,,,,,,,,,,,,,,,,,,,,,,,,,,,,,,,,
,,,,,,,,,,,,,,,,,,,,,,,,,,,,,,,,,,,,,,,
,,,,,,,,,,,,,,,,,,,,,,,,,,,,,,,,,,,,,,,
,,,,,,,,,,,,,,,,,,,,,,,,,,,,,,,,,,,,,,,
,,,,,,,,,,,,,,,,,,,,,,,,,,,,,,,,,,,,,,,
,,,,,,,,,,,,,,,,,,,,,,,,,,,,,,,,,,,,,,,
,,,,,,,,,,,,,,,,,,,,,,,,,,,,,,,,,,,,,,,
,,,,,,,,,,,,,,,,,,,,,,,,,,,,,,,,,,,,,,,
,,,,,,,,,,,,,,,,,,,,,,,,,,,,,,,,,,,,,,,
,,,,,,,,,,,,,,,,,,,,,,,,,,,,,,,,,,,,,,,
,,,,,,,,,,,,,,,,,,,,,,,,,,,,,,,,,,,,,,,
,,,,,,,,,,,,,,,,,,,,,,,,,,,,,,,,,,,,,,,
,,,,,,,,,,,,,,,,,,,,,,,,,,,,,,,,,,,,,,,
,,,,,,,,,,,,,,,,,,,,,,,,,,,,,,,,,,,,,,,
,,,,,,,,,,,,,,,,,,,,,,,,,,,,,,,,,,,,,,,
,,,,,,,,,,,,,,,,,,,,,,,,,,,,,,,,,,,,,,,
,,,,,,,,,,,,,,,,,,,,,,,,,,,,,,,,,,,,,,,
,,,,,,,,,,,,,,,,,,,,,,,,,,,,,,,,,,,,,,,
,,,,,,,,,,,,,,,,,,,,,,,,,,,,,,,,,,,,,,,
,,,,,,,,,,,,,,,,,,,,,,,,,,,,,,,,,,,,,,,
,,,,,,,,,,,,,,,,,,,,,,,,,,,,,,,,,,,,,,,
,,,,,,,,,,,,,,,,,,,,,,,,,,,,,,,,,,,,,,,
,,,,,,,,,,,,,,,,,,,,,,,,,,,,,,,,,,,,,,,
,,,,,,,,,,,,,,,,,,,,,,,,,,,,,,,,,,,,,,,
,,,,,,,,,,,,,,,,,,,,,,,,,,,,,,,,,,,,,,,
,,,,,,,,,,,,,,,,,,,,,,,,,,,,,,,,,,,,,,,
,,,,,,,,,,,,,,,,,,,,,,,,,,,,,,,,,,,,,,,
,,,,,,,,,,,,,,,,,,,,,,,,,,,,,,,,,,,,,,,
,,,,,,,,,,,,,,,,,,,,,,,,,,,,,,,,,,,,,,,
,,,,,,,,,,,,,,,,,,,,,,,,,,,,,,,,,,,,,,,
,,,,,,,,,,,,,,,,,,,,,,,,,,,,,,,,,,,,,,,
,,,,,,,,,,,,,,,,,,,,,,,,,,,,,,,,,,,,,,,
,,,,,,,,,,,,,,,,,,,,,,,,,,,,,,,,,,,,,,,
,,,,,,,,,,,,,,,,,,,,,,,,,,,,,,,,,,,,,,,
,,,,,,,,,,,,,,,,,,,,,,,,,,,,,,,,,,,,,,,
,,,,,,,,,,,,,,,,,,,,,,,,,,,,,,,,,,,,,,,
,,,,,,,,,,,,,,,,,,,,,,,,,,,,,,,,,,,,,,,
,,,,,,,,,,,,,,,,,,,,,,,,,,,,,,,,,,,,,,,
,,,,,,,,,,,,,,,,,,,,,,,,,,,,,,,,,,,,,,,
,,,,,,,,,,,,,,,,,,,,,,,,,,,,,,,,,,,,,,,
,,,,,,,,,,,,,,,,,,,,,,,,,,,,,,,,,,,,,,,
,,,,,,,,,,,,,,,,,,,,,,,,,,,,,,,,,,,,,,,
,,,,,,,,,,,,,,,,,,,,,,,,,,,,,,,,,,,,,,,
,,,,,,,,,,,,,,,,,,,,,,,,,,,,,,,,,,,,,,,
,,,,,,,,,,,,,,,,,,,,,,,,,,,,,,,,,,,,,,,
,,,,,,,,,,,,,,,,,,,,,,,,,,,,,,,,,,,,,,,
,,,,,,,,,,,,,,,,,,,,,,,,,,,,,,,,,,,,,,,
,,,,,,,,,,,,,,,,,,,,,,,,,,,,,,,,,,,,,,,
,,,,,,,,,,,,,,,,,,,,,,,,,,,,,,,,,,,,,,,
,,,,,,,,,,,,,,,,,,,,,,,,,,,,,,,,,,,,,,,
,,,,,,,,,,,,,,,,,,,,,,,,,,,,,,,,,,,,,,,
,,,,,,,,,,,,,,,,,,,,,,,,,,,,,,,,,,,,,,,
,,,,,,,,,,,,,,,,,,,,,,,,,,,,,,,,,,,,,,,
,,,,,,,,,,,,,,,,,,,,,,,,,,,,,,,,,,,,,,,
,,,,,,,,,,,,,,,,,,,,,,,,,,,,,,,,,,,,,,,
,,,,,,,,,,,,,,,,,,,,,,,,,,,,,,,,,,,,,,,
,,,,,,,,,,,,,,,,,,,,,,,,,,,,,,,,,,,,,,,
,,,,,,,,,,,,,,,,,,,,,,,,,,,,,,,,,,,,,,,
,,,,,,,,,,,,,,,,,,,,,,,,,,,,,,,,,,,,,,,
,,,,,,,,,,,,,,,,,,,,,,,,,,,,,,,,,,,,,,,
,,,,,,,,,,,,,,,,,,,,,,,,,,,,,,,,,,,,,,,
,,,,,,,,,,,,,,,,,,,,,,,,,,,,,,,,,,,,,,,
,,,,,,,,,,,,,,,,,,,,,,,,,,,,,,,,,,,,,,,
,,,,,,,,,,,,,,,,,,,,,,,,,,,,,,,,,,,,,,,
,,,,,,,,,,,,,,,,,,,,,,,,,,,,,,,,,,,,,,,
,,,,,,,,,,,,,,,,,,,,,,,,,,,,,,,,,,,,,,,
,,,,,,,,,,,,,,,,,,,,,,,,,,,,,,,,,,,,,,,
,,,,,,,,,,,,,,,,,,,,,,,,,,,,,,,,,,,,,,,
,,,,,,,,,,,,,,,,,,,,,,,,,,,,,,,,,,,,,,,
,,,,,,,,,,,,,,,,,,,,,,,,,,,,,,,,,,,,,,,
,,,,,,,,,,,,,,,,,,,,,,,,,,,,,,,,,,,,,,,
,,,,,,,,,,,,,,,,,,,,,,,,,,,,,,,,,,,,,,,
,,,,,,,,,,,,,,,,,,,,,,,,,,,,,,,,,,,,,,,
,,,,,,,,,,,,,,,,,,,,,,,,,,,,,,,,,,,,,,,
,,,,,,,,,,,,,,,,,,,,,,,,,,,,,,,,,,,,,,,
,,,,,,,,,,,,,,,,,,,,,,,,,,,,,,,,,,,,,,,
,,,,,,,,,,,,,,,,,,,,,,,,,,,,,,,,,,,,,,,
,,,,,,,,,,,,,,,,,,,,,,,,,,,,,,,,,,,,,,,
,,,,,,,,,,,,,,,,,,,,,,,,,,,,,,,,,,,,,,,
,,,,,,,,,,,,,,,,,,,,,,,,,,,,,,,,,,,,,,,
,,,,,,,,,,,,,,,,,,,,,,,,,,,,,,,,,,,,,,,
,,,,,,,,,,,,,,,,,,,,,,,,,,,,,,,,,,,,,,,
,,,,,,,,,,,,,,,,,,,,,,,,,,,,,,,,,,,,,,,
,,,,,,,,,,,,,,,,,,,,,,,,,,,,,,,,,,,,,,,
,,,,,,,,,,,,,,,,,,,,,,,,,,,,,,,,,,,,,,,
,,,,,,,,,,,,,,,,,,,,,,,,,,,,,,,,,,,,,,,
,,,,,,,,,,,,,,,,,,,,,,,,,,,,,,,,,,,,,,,
,,,,,,,,,,,,,,,,,,,,,,,,,,,,,,,,,,,,,,,
,,,,,,,,,,,,,,,,,,,,,,,,,,,,,,,,,,,,,,,
,,,,,,,,,,,,,,,,,,,,,,,,,,,,,,,,,,,,,,,
,,,,,,,,,,,,,,,,,,,,,,,,,,,,,,,,,,,,,,,
,,,,,,,,,,,,,,,,,,,,,,,,,,,,,,,,,,,,,,,
,,,,,,,,,,,,,,,,,,,,,,,,,,,,,,,,,,,,,,,
,,,,,,,,,,,,,,,,,,,,,,,,,,,,,,,,,,,,,,,
,,,,,,,,,,,,,,,,,,,,,,,,,,,,,,,,,,,,,,,
,,,,,,,,,,,,,,,,,,,,,,,,,,,,,,,,,,,,,,,
,,,,,,,,,,,,,,,,,,,,,,,,,,,,,,,,,,,,,,,
,,,,,,,,,,,,,,,,,,,,,,,,,,,,,,,,,,,,,,,
,,,,,,,,,,,,,,,,,,,,,,,,,,,,,,,,,,,,,,,
,,,,,,,,,,,,,,,,,,,,,,,,,,,,,,,,,,,,,,,
,,,,,,,,,,,,,,,,,,,,,,,,,,,,,,,,,,,,,,,
,,,,,,,,,,,,,,,,,,,,,,,,,,,,,,,,,,,,,,,
,,,,,,,,,,,,,,,,,,,,,,,,,,,,,,,,,,,,,,,
,,,,,,,,,,,,,,,,,,,,,,,,,,,,,,,,,,,,,,,
,,,,,,,,,,,,,,,,,,,,,,,,,,,,,,,,,,,,,,,
,,,,,,,,,,,,,,,,,,,,,,,,,,,,,,,,,,,,,,,
,,,,,,,,,,,,,,,,,,,,,,,,,,,,,,,,,,,,,,,
,,,,,,,,,,,,,,,,,,,,,,,,,,,,,,,,,,,,,,,
,,,,,,,,,,,,,,,,,,,,,,,,,,,,,,,,,,,,,,,
,,,,,,,,,,,,,,,,,,,,,,,,,,,,,,,,,,,,,,,
,,,,,,,,,,,,,,,,,,,,,,,,,,,,,,,,,,,,,,,
,,,,,,,,,,,,,,,,,,,,,,,,,,,,,,,,,,,,,,,
,,,,,,,,,,,,,,,,,,,,,,,,,,,,,,,,,,,,,,,
,,,,,,,,,,,,,,,,,,,,,,,,,,,,,,,,,,,,,,,
,,,,,,,,,,,,,,,,,,,,,,,,,,,,,,,,,,,,,,,
,,,,,,,,,,,,,,,,,,,,,,,,,,,,,,,,,,,,,,,
,,,,,,,,,,,,,,,,,,,,,,,,,,,,,,,,,,,,,,,
,,,,,,,,,,,,,,,,,,,,,,,,,,,,,,,,,,,,,,,
,,,,,,,,,,,,,,,,,,,,,,,,,,,,,,,,,,,,,,,
,,,,,,,,,,,,,,,,,,,,,,,,,,,,,,,,,,,,,,,
,,,,,,,,,,,,,,,,,,,,,,,,,,,,,,,,,,,,,,,
,,,,,,,,,,,,,,,,,,,,,,,,,,,,,,,,,,,,,,,
,,,,,,,,,,,,,,,,,,,,,,,,,,,,,,,,,,,,,,,
,,,,,,,,,,,,,,,,,,,,,,,,,,,,,,,,,,,,,,,
,,,,,,,,,,,,,,,,,,,,,,,,,,,,,,,,,,,,,,,
,,,,,,,,,,,,,,,,,,,,,,,,,,,,,,,,,,,,,,,
,,,,,,,,,,,,,,,,,,,,,,,,,,,,,,,,,,,,,,,
,,,,,,,,,,,,,,,,,,,,,,,,,,,,,,,,,,,,,,,
,,,,,,,,,,,,,,,,,,,,,,,,,,,,,,,,,,,,,,,
,,,,,,,,,,,,,,,,,,,,,,,,,,,,,,,,,,,,,,,
,,,,,,,,,,,,,,,,,,,,,,,,,,,,,,,,,,,,,,,
,,,,,,,,,,,,,,,,,,,,,,,,,,,,,,,,,,,,,,,
,,,,,,,,,,,,,,,,,,,,,,,,,,,,,,,,,,,,,,,
,,,,,,,,,,,,,,,,,,,,,,,,,,,,,,,,,,,,,,,
,,,,,,,,,,,,,,,,,,,,,,,,,,,,,,,,,,,,,,,
,,,,,,,,,,,,,,,,,,,,,,,,,,,,,,,,,,,,,,,
,,,,,,,,,,,,,,,,,,,,,,,,,,,,,,,,,,,,,,,
,,,,,,,,,,,,,,,,,,,,,,,,,,,,,,,,,,,,,,,
,,,,,,,,,,,,,,,,,,,,,,,,,,,,,,,,,,,,,,,
,,,,,,,,,,,,,,,,,,,,,,,,,,,,,,,,,,,,,,,
,,,,,,,,,,,,,,,,,,,,,,,,,,,,,,,,,,,,,,,
,,,,,,,,,,,,,,,,,,,,,,,,,,,,,,,,,,,,,,,
,,,,,,,,,,,,,,,,,,,,,,,,,,,,,,,,,,,,,,,
,,,,,,,,,,,,,,,,,,,,,,,,,,,,,,,,,,,,,,,
,,,,,,,,,,,,,,,,,,,,,,,,,,,,,,,,,,,,,,,
,,,,,,,,,,,,,,,,,,,,,,,,,,,,,,,,,,,,,,,
,,,,,,,,,,,,,,,,,,,,,,,,,,,,,,,,,,,,,,,
,,,,,,,,,,,,,,,,,,,,,,,,,,,,,,,,,,,,,,,
,,,,,,,,,,,,,,,,,,,,,,,,,,,,,,,,,,,,,,,
,,,,,,,,,,,,,,,,,,,,,,,,,,,,,,,,,,,,,,,
,,,,,,,,,,,,,,,,,,,,,,,,,,,,,,,,,,,,,,,
,,,,,,,,,,,,,,,,,,,,,,,,,,,,,,,,,,,,,,,
,,,,,,,,,,,,,,,,,,,,,,,,,,,,,,,,,,,,,,,
,,,,,,,,,,,,,,,,,,,,,,,,,,,,,,,,,,,,,,,
,,,,,,,,,,,,,,,,,,,,,,,,,,,,,,,,,,,,,,,
,,,,,,,,,,,,,,,,,,,,,,,,,,,,,,,,,,,,,,,
,,,,,,,,,,,,,,,,,,,,,,,,,,,,,,,,,,,,,,,
,,,,,,,,,,,,,,,,,,,,,,,,,,,,,,,,,,,,,,,
,,,,,,,,,,,,,,,,,,,,,,,,,,,,,,,,,,,,,,,
,,,,,,,,,,,,,,,,,,,,,,,,,,,,,,,,,,,,,,,