p.project_no,项目名称,项目类型,pe.work_model,所属组织,o.org_code
1090127,雄忻高铁雄安新区地上部分相关配套工程四标段,0,4,中建一局集团装饰工程有限公司,0001010000430010
1090123,8.6代有源矩阵有机发光显示器件生产线项目厂房及厂务设施项目装饰工程,0,4,中建一局集团装饰工程有限公司,0001010000430010
1086936,第三批央企在京老旧小区综合整治项目（标包三百六十三） （朝阳区亚运村街道）工程总承包（EPC）,0,5,中建一局集团装饰工程有限公司,0001010000430010
1077638,第二批央企在京老旧小区综合整治项目(标包一百三十四)(丰台区东高地街道)(工程总承包),0,2,中建一局集团装饰工程有限公司,0001010000430010
1055556,长春汽车检测中心有限责任公司农安试验场升级改造项目,0,5,中建一局集团装饰工程有限公司,0001010000430010
1049835,台泥杭州环保科技总部工程办公区精装修专业分包工程,0,11,中建一局集团装饰工程有限公司,0001010000430010
1048504,融园济南唐冶东路项目精装修工程,0,11,中建一局集团装饰工程有限公司,0001010000430010
1025069,中联智慧产业城办公与研发中心、大数据与会议中心精装修采购分包工程,0,11,中建一局集团装饰工程有限公司,0001010000430010
1023297,中央储备粮大庆直属库有限公司粮食仓储物流项目（一标段）,0,NULL,中建一局集团装饰工程有限公司,0001010000430010
1020787,中建智地京西公司韩建河山大厦十二层办公室精装修工程,0,11,中建一局集团装饰工程有限公司,0001010000430010
1009262,中央储备粮大庆直属库有限公司粮食仓储物流项目一标段,0,NULL,中建一局集团装饰工程有限公司,0001010000430010
1001062,国旅长安大厦B1食堂装修改造施工项目,0,NULL,中建一局集团装饰工程有限公司,0001010000430010
998089,汉川市支行营运用房装修改造项目工程,0,NULL,中建一局集团装饰工程有限公司,0001010000430010
998087,温州市仰双片区黄龙单元垟田村B-02、B-05地块项目公区精装修工程,0,NULL,中建一局集团装饰工程有限公司,0001010000430010
996396,玉林职业技术学院项目（一期）精装修工程,0,NULL,中建一局集团装饰工程有限公司,0001010000430010
996375,台州市域铁路S1线一期工程车站装修及设备安装专业分包工程（4工区）项目,0,11,中建一局集团装饰工程有限公司,0001010000430010
993744,惠科6英寸晶圆半导体功率器件及第三代半导体项目TDS厂房施工总承包,0,NULL,中建一局集团装饰工程有限公司,0001010000430010
993170,伊春市应急物资储备库建设项目EPC总承包,0,NULL,中建一局集团装饰工程有限公司,0001010000430010
992811,华夏人寿保险股份有限公司济宁中心支公司职场装修工程,0,NULL,中建一局集团装饰工程有限公司,0001010000430010
108207,太原远大购物广场风玺湾（二期）南上庄城中村改造项目装饰装修工程,0,NULL,中建一局集团装饰工程有限公司,0001010000430010
106682,青岛蓝色生物产业园配套商住项目2#地块及4#地块正式物业用房装修工程施工,0,NULL,中建一局集团装饰工程有限公司,0001010000430010
93032,温州荣悦项目公共区域精装修工程,0,NULL,中建一局集团装饰工程有限公司,0001010000430010
94580,华北所科技大厦食堂改造工程,0,NULL,中建一局集团装饰工程有限公司,0001010000430010
80672,碧桂园·悦华府1#、2#、3#、5#、6#楼及地下室精修工程,0,NULL,中建一局集团装饰工程有限公司,0001010000430010
80671,荆州碧桂园一期 12#、17#、18#楼及地下室装修工程,0,NULL,中建一局集团装饰工程有限公司,0001010000430010
67728,南京德基丽思酒店40层水疗中心装饰工程,0,NULL,中建一局集团装饰工程有限公司,0001010000430010
35326,北京市仁和医院改造工程项目,0,NULL,中建一局集团装饰工程有限公司,0001010000430010
39749,无锡万达城B2-2地块公共区域装饰工程,0,NULL,中建一局集团装饰工程有限公司,0001010000430010
61556,外协人员业务用房装饰工程,0,11,中建一局集团装饰工程有限公司,0001010000430010
30868,南昌万达城住宅L1区室内公共区域装饰工程,0,NULL,中建一局集团装饰工程有限公司,0001010000430010
44806,太和县公共文化服务建设项目（六馆两中心）1#、2#楼内装工程施工总承包,0,NULL,中建一局集团装饰工程有限公司,0001010000430010
44497,北京鲜活农产品流通中心冷库与制冰间工程—机电项目,0,NULL,中建一局集团装饰工程有限公司,0001010000430010
45583,中国航天科技集团公司卫星城（固安）科技大道标准房装修改造工程,0,NULL,中建一局集团装饰工程有限公司,0001010000430010
27076,海南博鳌-金海湾项目1#2#5#6#住宅楼安装、精装修工程,0,4,中建一局集团装饰工程有限公司,0001010000430010
27204,博鳌.银丰国际医院项目工程（一期）,0,NULL,中建一局集团装饰工程有限公司,0001010000430010
824868,荆州碧桂园新城楚天府项目一期二标段精装修总包工程,0,NULL,中建一局集团装饰工程有限公司,0001010000430010
14143,中国船级社质量认证公司业务楼装修改造工程,0,NULL,中建一局集团装饰工程有限公司,0001010000430010
823047,中国农业银行公主坟办公楼综合维修改造工程-劳务,NULL,NULL,中建一局集团装饰工程有限公司,0001010000430010
18368,海航地产营销体验中心（北京）工程,0,NULL,中建一局集团装饰工程有限公司,0001010000430010
9217,丽苑公寓改造3~6层室内精装修工程,0,NULL,中建一局集团装饰工程有限公司,0001010000430010
11177,合肥健康管理中心装修施工项目,0,NULL,中建一局集团装饰工程有限公司,0001010000430010
9172,唐山健康管理中心装修施工项目,0,NULL,中建一局集团装饰工程有限公司,0001010000430010
8234,北京和成畅（璟）园项目14#、16#楼精装修工程,0,NULL,中建一局集团装饰工程有限公司,0001010000430010
7246,南京句容碧桂园项目,0,NULL,中建一局集团装饰工程有限公司,0001010000430010
819027,中国银行股份有限公司安徽省分行培训中心（二标段）,NULL,NULL,中建一局集团装饰工程有限公司,0001010000430010
3746,钻石山五期公寓35#楼精装修工程,0,NULL,中建一局集团装饰工程有限公司,0001010000430010
3971,(2510640008)中国穆斯林国际商贸城东配楼挡烟垂壁，西楼地弹门拆除及安装，财富大门改造装饰装修工程,0,11,中建一局集团装饰工程有限公司,0001010000430010
2277,天津生态城世茂新城05-10-03-01地块住宅项目,0,NULL,中建一局集团装饰工程有限公司,0001010000430010
1094942,第三批央企在京老旧小区综合整治项目（标包三百四十八）（海淀区中关村街道、海淀街道、学院路街道）工程总承包（EPC）,0,5,中建一局集团装饰工程有限公司,0001010000430010
1056388,西乌珠穆沁旗盘活颐和湾小区长期闲置高层商业楼项目二期室内精装修设计施工总承包项目,0,5,中建一局集团装饰工程有限公司,0001010000430010
1041742,西安奕斯伟集成电路产业基地项目装饰工程（D1楼）,0,11,中建一局集团装饰工程有限公司,0001010000430010
1041703,河南民权保税物流中心冷库及相关配套建设项目,0,5,中建一局集团装饰工程有限公司,0001010000430010
1025285,西宁市城东区毛纺小区（北院）老旧小区配套基础设施建设项目标段一,0,NULL,中建一局集团装饰工程有限公司,0001010000430010
1022105,安徽中医药大学第一附属医院中医药传承创新项目,0,NULL,中建一局集团装饰工程有限公司,0001010000430010
1017584,湟源县总段等19个老旧小区区内配套基础设施建设项目,0,11,中建一局集团装饰工程有限公司,0001010000430010
1015401,中央储备粮北安直属库有限公司建仓项目,0,11,中建一局集团装饰工程有限公司,0001010000430010
1013415,首都机场P2及GTC停车楼C区改造项目施工总承包,0,11,中建一局集团装饰工程有限公司,0001010000430010
1005696,黑龙江省齐齐哈尔市泰来经济开发区基础设施及配套建设工程项目（一期）,0,NULL,中建一局集团装饰工程有限公司,0001010000430010
1001004,华山喜来登酒店2#楼宴会厅、1#楼公区室内装饰工程,0,NULL,中建一局集团装饰工程有限公司,0001010000430010
998799,厦门天马显示科技有限公司第6代柔性AMOLED生产线项目精装修一标段（厂区）,0,11,中建一局集团装饰工程有限公司,0001010000430010
994413,厦门天马显示科技有限公司第6代柔性AMOLED生产线项目金属外墙板一标（主厂房）工程,0,11,中建一局集团装饰工程有限公司,0001010000430010
991543,北京市天坛公园回音壁美映照相馆装修改造工程,0,NULL,中建一局集团装饰工程有限公司,0001010000430010
991480,西安市幸福林带建设工程PPP项目精装修一标段,0,3,中建一局集团装饰工程有限公司,0001010000430010
111360,南岗区2020年老旧小区改造施工项目（二期）第二标段,0,NULL,中建一局集团装饰工程有限公司,0001010000430010
110462,北京经济技术开发区科创十街18号院3号楼装修工程 北京经济技术开发区科创十街18号院3号楼装修工程,0,NULL,中建一局集团装饰工程有限公司,0001010000430010
108451,北京市朝阳区松榆里幼儿园幼儿阅览室，教师阅览备课室改造工程,0,NULL,中建一局集团装饰工程有限公司,0001010000430010
107862,北京市怀柔区陈各庄村HR00-0010-6047、6054、6045地块项目售楼处装修工程,0,NULL,中建一局集团装饰工程有限公司,0001010000430010
92600,上海市宝山区淞南镇N12-0102单元03-01地块项目精装修工程（一期3、4#楼）独立承包工程,0,NULL,中建一局集团装饰工程有限公司,0001010000430010
92675,沙河项目声光精装工程,0,NULL,中建一局集团装饰工程有限公司,0001010000430010
92218,大华1935项目一期内部改造提升项目商业公区装修工程二标段施工,0,NULL,中建一局集团装饰工程有限公司,0001010000430010
80926,1#检测楼,0,11,中建一局集团装饰工程有限公司,0001010000430010
52051,长兴科技二期厂房工程幕墙工程,0,4,中建一局集团装饰工程有限公司,0001010000430010
57025,金水建业凯旋广场二期集中商业（一标段）公共区域装修工程,0,4,中建一局集团装饰工程有限公司,0001010000430010
55437,成都京东方光电科技有限公司AMOLED工艺技术测试中心项目,0,2,中建一局集团装饰工程有限公司,0001010000430010
63909,昆明地铁线网控制中心室内装修工程（一标段）,0,NULL,中建一局集团装饰工程有限公司,0001010000430010
45307,UPII期装修改造工程,0,NULL,中建一局集团装饰工程有限公司,0001010000430010
28841,青岛路乐健康科技研发中心项目,0,NULL,中建一局集团装饰工程有限公司,0001010000430010
26462,广西投资集团金融控股有限公司中国卫星通信大厦办公职场装修施工工程,0,NULL,中建一局集团装饰工程有限公司,0001010000430010
25349,成都京东方光电科技有限公司第6代LTPS/AMOLED生产线项目,0,NULL,中建一局集团装饰工程有限公司,0001010000430010
25129,湛江万达广场项目 4-1#LOFT 公共区域及 SOHO 室内装修工程,0,NULL,中建一局集团装饰工程有限公司,0001010000430010
27564,津西陈塘（挂）2013-030（美塘佳苑）号地块商品房2-4#、8#、9#楼精装修工程,0,NULL,中建一局集团装饰工程有限公司,0001010000430010
12405,（机电）京东方科技集团股份有限公司（运营与研发中心项目）精装修工程,0,NULL,中建一局集团装饰工程有限公司,0001010000430010
20336,爱康集团武汉总部室内装修工程,0,NULL,中建一局集团装饰工程有限公司,0001010000430010
15327,北京兴创投资有限公司办公大楼和配套设施装修改造工程,0,11,中建一局集团装饰工程有限公司,0001010000430010
10609,奥体南区开元国际广场5号地项目,0,NULL,中建一局集团装饰工程有限公司,0001010000430010
14777,A座写字楼等9项工程D座精装修专业承包工程,0,NULL,中建一局集团装饰工程有限公司,0001010000430010
10321,大连理工大学营口研究院,0,NULL,中建一局集团装饰工程有限公司,0001010000430010
9414,联发博动科技（北京）有限公司办公楼实验室改造工程,0,NULL,中建一局集团装饰工程有限公司,0001010000430010
7219,中建一局大厦改造工程,0,NULL,中建一局集团装饰工程有限公司,0001010000430010
4350,苏宁E08塔楼8-2公共区域装饰工程项目,0,NULL,中建一局集团装饰工程有限公司,0001010000430010
6149,江西省省级党政机关搬迁置换项目内装饰工程第三标段,0,NULL,中建一局集团装饰工程有限公司,0001010000430010
818135,显示驱动芯片COF卷带生产项目-劳务,NULL,NULL,中建一局集团装饰工程有限公司,0001010000430010
1248,泰安市中心医院门诊楼扩建工程室内装饰装修工程（一标段）,0,NULL,中建一局集团装饰工程有限公司,0001010000430010
3132,昆明市轨道交通3号线一期工程车站公共区装修项目(东段)三标段,0,NULL,中建一局集团装饰工程有限公司,0001010000430010
3134,上饶万达广场大商业室内步行街内装工程,0,NULL,中建一局集团装饰工程有限公司,0001010000430010
1951,大连华信（国际）软件园商业配套项目,0,NULL,中建一局集团装饰工程有限公司,0001010000430010
815925,武邑县河钢路东延及窦后大街南延工程EPC总承包工程-劳务,NULL,NULL,中建一局集团装饰工程有限公司,0001010000430010
1086000,第三批央企在京老旧小区综合整治项目（标包一百六十二）（丰台区南苑街道、西罗园街道、方庄街道）工程总承包（EPC）,0,5,中建一局集团装饰工程有限公司,0001010000430010
1076762,第三批央企在京老旧小区综合整治项目（标包二百九十三）（丰台区云岗街道）工程总承包（EPC）,0,5,中建一局集团装饰工程有限公司,0001010000430010
1075965,第三批央企在京老旧小区综合整治项目（标包二百九十三）（丰台区云岗街道）工程总承包（EPC）,0,4,中建一局集团装饰工程有限公司,0001010000430010
1075804,第三批央企在京老旧小区综合整治项目（标包一百四十七）（丰台区东高地街道）工程总承包（EPC）,0,5,中建一局集团装饰工程有限公司,0001010000430010
1074444,荷园西街 12号院1号楼、2号楼装修工程(二标段)(二次),0,4,中建一局集团装饰工程有限公司,0001010000430010
1073224,深圳市城市轨道交通 13 号线二期（北延）工程七工区室外装饰装修工程,0,11,中建一局集团装饰工程有限公司,0001010000430010
1068412,西便门东里 3、4、5、6、7、8、14 号楼综合整治项,0,4,中建一局集团装饰工程有限公司,0001010000430010
1067963,第三批央企在京老旧小区综合整治项目(标包八十一)(西城 区新街口街道)工程总承包(EPC),0,5,中建一局集团装饰工程有限公司,0001010000430010
1054166,朝阳区朝运街 38 号院 9 号楼 1 至 10 层、11 幢-2 至-1 层内装修工程,0,4,中建一局集团装饰工程有限公司,0001010000430010
1046358,融通地产（广西）有限责任公司融寓·长沙阿弥岭店装修改造工程施工总承包,0,4,中建一局集团装饰工程有限公司,0001010000430010
1031917,广西百矿冶金技术研究有限公司2023年研究院办公楼精装修项目,0,4,中建一局集团装饰工程有限公司,0001010000430010
1024875,耀能新能源（赣州）年产12GWh锂离子动力电池项目办公楼装修工程,0,11,中建一局集团装饰工程有限公司,0001010000430010
1023928,11050121工程,0,11,中建一局集团装饰工程有限公司,0001010000430010
1022910,西安奕斯伟集成电路产业基地项目装饰工程（科技园公司）,0,11,中建一局集团装饰工程有限公司,0001010000430010
1015070,房山区拱辰街道办事处FS00-LX05-0045地块R2二类居住用地项目示范区样板间精装修工程,0,NULL,中建一局集团装饰工程有限公司,0001010000430010
1013565,元上都遗址游客中心建设项目（室内装修、室外工程）,0,5,中建一局集团装饰工程有限公司,0001010000430010
1013446,2021年香坊区三沟慢行绿道建设项目—马家沟（朝阳新路至任家桥下游100米区间段）维修改造工程,0,11,中建一局集团装饰工程有限公司,0001010000430010
1009460,中乐大厦四层办公区装饰改造工程,0,11,中建一局集团装饰工程有限公司,0001010000430010
1000106,孝感现业车站支行网点装修改造项目,0,NULL,中建一局集团装饰工程有限公司,0001010000430010
999987,淄博科勒二期 B 扩建项目,0,NULL,中建一局集团装饰工程有限公司,0001010000430010
994183,青岛西海岸新区道路工程9个项目等工程总承包胶河路二期等道路连接及绿带工程机电工程,0,11,中建一局集团装饰工程有限公司,0001010000430010
992459,陕西省旧楼加装电梯工程施工项目,0,11,中建一局集团装饰工程有限公司,0001010000430010
111154,泰安市第二污水处理厂配套湿地工程施工第一标段,0,NULL,中建一局集团装饰工程有限公司,0001010000430010
110851,石家庄万科新都会项目2.1标段精装修工程,0,NULL,中建一局集团装饰工程有限公司,0001010000430010
111426,北京市仁和医院发热门诊改造项目,0,NULL,中建一局集团装饰工程有限公司,0001010000430010
107228,真功夫集团冷链物流项目总承包工程,0,NULL,中建一局集团装饰工程有限公司,0001010000430010
103657,京东方重庆第6代AMOLED（柔性）生产线项目（B标段）装饰工程,0,NULL,中建一局集团装饰工程有限公司,0001010000430010
99594,驻瑞士使馆12号院院落整治工程,0,11,中建一局集团装饰工程有限公司,0001010000430010
95139,普洛斯三山物流园之宝马扩租改造工程,0,NULL,中建一局集团装饰工程有限公司,0001010000430010
99397,北京通州IDC数据研发中心8#楼1层9层精装修工程,0,NULL,中建一局集团装饰工程有限公司,0001010000430010
93003,天津梅江会展中心二期首层以上装饰装修工程装饰装修二标段施工,0,NULL,中建一局集团装饰工程有限公司,0001010000430010
96362,孝感孝昌碧桂园一期一标段货量区装修工程,0,NULL,中建一局集团装饰工程有限公司,0001010000430010
82172,驻瑞士使馆12号院围墙改造工程,0,NULL,中建一局集团装饰工程有限公司,0001010000430010
65371,北京一渡项目食堂精装修改造工程,0,NULL,中建一局集团装饰工程有限公司,0001010000430010
67813,彝海结盟大酒店装饰装修工程,0,2,中建一局集团装饰工程有限公司,0001010000430010
61559,浙江民政康复中心（浙江康复医院）异地扩建工程装修装饰工程1标段,0,NULL,中建一局集团装饰工程有限公司,0001010000430010
57229,星工坊飞尔姆乐园工程二标段,0,NULL,中建一局集团装饰工程有限公司,0001010000430010
30681,哈尔滨松北富力城首开区A18楼室内及12A15A16A17楼公区装饰装修工程,0,NULL,中建一局集团装饰工程有限公司,0001010000430010
28419,孔雀城住宅集团二分公司下庄头示范区临时接待中心精装修工程,0,NULL,中建一局集团装饰工程有限公司,0001010000430010
30478,天津金融城38号地 （天津农商银行营业楼项目变更）,0,4,中建一局集团装饰工程有限公司,0001010000430010
28533,朝阳区崔各庄乡大望京村2号地626地块1号楼精装修工程五标段,0,NULL,中建一局集团装饰工程有限公司,0001010000430010
825586,武邑县河钢路及窦后街绿化工程-劳务,0,NULL,中建一局集团装饰工程有限公司,0001010000430010
25409,合肥京东方显示技术有限公司第10.5代薄膜晶体管液晶显示器件项目配套区,0,NULL,中建一局集团装饰工程有限公司,0001010000430010
26847,太原迎泽桥西项目SOHO 办公部分10#楼样板层精装修分包工程,0,NULL,中建一局集团装饰工程有限公司,0001010000430010
18533,苏州红星国际生活广场一期C区二标段3、4、5、6、7、13、16、17#公共区域精装修分包工程,0,NULL,中建一局集团装饰工程有限公司,0001010000430010
13421,中建一局大厦停车场（机电）,0,NULL,中建一局集团装饰工程有限公司,0001010000430010
823729,武邑县河钢路中段提升项目,0,NULL,中建一局集团装饰工程有限公司,0001010000430010
15019,长沙健康管理中心装修施工项目,0,11,中建一局集团装饰工程有限公司,0001010000430010
12595,中新天津生态城国家动漫产业综合示范园05-01-01-24（动漫园社区中心）A座4、6层局部办公室内装修工程,0,NULL,中建一局集团装饰工程有限公司,0001010000430010
12709,合肥鑫晟光电科技有限公司电子器件厂房综合配套区一期工程,0,11,中建一局集团装饰工程有限公司,0001010000430010
15355,长城精品奥莱-临水临电工程（机电）,0,NULL,中建一局集团装饰工程有限公司,0001010000430010
11467,南京南站北广场G83地块样板房装修工程,0,NULL,中建一局集团装饰工程有限公司,0001010000430010
13417,鄂尔多斯源盛光电,0,NULL,中建一局集团装饰工程有限公司,0001010000430010
9260,大连湾街道李家二期A4地块改造项目总承包工程,0,NULL,中建一局集团装饰工程有限公司,0001010000430010
9255,银川永泰城1#地块一期住宅公共区域精装修工程,0,NULL,中建一局集团装饰工程有限公司,0001010000430010
6519,中日友好医院中央保健医疗康复中心工程,0,NULL,中建一局集团装饰工程有限公司,0001010000430010
819856,太和县第二人民医院门诊综合楼建设项目-劳务,0,NULL,中建一局集团装饰工程有限公司,0001010000430010
5336,鄂尔多斯市源盛光电有限责任公司第5.5代AM-0LED有机发光显示器件项目二期工程,0,NULL,中建一局集团装饰工程有限公司,0001010000430010
5355,盘锦行政服务中心工程,0,NULL,中建一局集团装饰工程有限公司,0001010000430010
8429,哈尔滨永泰城室内步行街精装修（一标段）工程项目,0,4,中建一局集团装饰工程有限公司,0001010000430010
2958,(2510110165)密云隆华熙园住宅楼精装修工程,0,NULL,中建一局集团装饰工程有限公司,0001010000430010
4102,岳阳爱康医院血透科改造工程,0,NULL,中建一局集团装饰工程有限公司,0001010000430010
262,当代东君府MOMΛ项目样板间精装修工程,0,NULL,中建一局集团装饰工程有限公司,0001010000430010
5204,天津世茂新城项目04、05地块一期、二期公共区域、公建配套精装修工程,0,NULL,中建一局集团装饰工程有限公司,0001010000430010
1086011,第二批央企在京老旧小区综合整治项目（标包十三）（西城区展览路街道、新街口街道、德胜街道、广外街道）工程总承包（EPC）,0,5,中建一局集团装饰工程有限公司,0001010000430010
1085786,第三批央企在京老旧小区综合整治项目（标包一百四十三）  （西城区什刹海街道）工程总承包（EPC）,0,4,中建一局集团装饰工程有限公司,0001010000430010
1084715,怀来标准化厂房改造工程（一期）,0,5,中建一局集团装饰工程有限公司,0001010000430010
1084335,第二批央企在京老旧小区综合整治项目（标包三百三十六）（海淀区八里庄街道、万寿路街道、羊坊店街道）工程总承包（EPC）,0,5,中建一局集团装饰工程有限公司,0001010000430010
1083930,京东方高端显示材料研究院项目,0,11,中建一局集团装饰工程有限公司,0001010000430010
1077097,云智能总部大厦项目公共区域精装修工程,0,11,中建一局集团装饰工程有限公司,0001010000430010
1075821,8.6代有源矩阵有机发光显示器件生产线项目厂房及厂务设施项目外墙工程A,0,11,中建一局集团装饰工程有限公司,0001010000430010
1072717,粤港澳大湾区深圳都市圈城际铁路深圳至惠州城际前海保税区至坪地段工程2标一工区建筑装饰工程,0,11,中建一局集团装饰工程有限公司,0001010000430010
1068478,丰盛东A片区城市保护更新恢复性修建项目,0,4,中建一局集团装饰工程有限公司,0001010000430010
1068222,第三批央企在京老旧小区综合整治项目（标包八十五）（朝阳区双井街道）工程总承包（EPC）,0,4,中建一局集团装饰工程有限公司,0001010000430010
1068085,粤港澳大湾区深圳都市圈城际铁路深圳至惠州城际前海保税区至坪地段工程2标二工区建筑装饰工程,0,11,中建一局集团装饰工程有限公司,0001010000430010
1055463,中建一局北院公寓改造EPC装修总承包工程,0,2,中建一局集团装饰工程有限公司,0001010000430010
1053669,合肥市儿童医院新区项目装饰装修工程,0,11,中建一局集团装饰工程有限公司,0001010000430010
1044884,重庆欣晖硅及碳化硅部件项目装饰工程A标段,0,11,中建一局集团装饰工程有限公司,0001010000430010
1043198,北京研发中心装修工程,0,11,中建一局集团装饰工程有限公司,0001010000430010
1040574,南方医科大学南方医院赣州医院（蓉江院 区）（一期）幕墙、钢结构、室内装修及室外配套等工程,0,4,中建一局集团装饰工程有限公司,0001010000430010
1031106,北京市西城区西绒线胡同13号楼改造项目,0,5,中建一局集团装饰工程有限公司,0001010000430010
1026424,黑龙江省伊春市伊美区美溪镇供热改造项目EPC工程总承包,0,NULL,中建一局集团装饰工程有限公司,0001010000430010
1024979,财政部南配楼及礼堂维修改造项目,0,NULL,中建一局集团装饰工程有限公司,0001010000430010
1008431,金地商置赛特改造项目施工总承包工程,0,11,中建一局集团装饰工程有限公司,0001010000430010
1003065,景北大道商居开发（望津府）项目设计采购施工总承包工程园林园建工程,0,NULL,中建一局集团装饰工程有限公司,0001010000430010
999269,孝感现业陡岗支行网点装修改造项目,0,NULL,中建一局集团装饰工程有限公司,0001010000430010
998081,石家庄万科西古城示范区室内外精装修工程,0,NULL,中建一局集团装饰工程有限公司,0001010000430010
112772,某营区营房整治工程项目,0,NULL,中建一局集团装饰工程有限公司,0001010000430010
111801,太原远大置业有限公司新办公区装饰装修工程,0,NULL,中建一局集团装饰工程有限公司,0001010000430010
105125,北京市朝阳区望京东园四区2号中航资本大厦16层内装修工程,0,4,中建一局集团装饰工程有限公司,0001010000430010
97150,系统四部地砖维修及卫生间重做工程,0,11,中建一局集团装饰工程有限公司,0001010000430010
89978,鸿基·紫御观邸住宅楼样板间项目,0,NULL,中建一局集团装饰工程有限公司,0001010000430010
94606,中国人寿大厦建设项目室内装饰装修工程施工Ⅰ标段,0,NULL,中建一局集团装饰工程有限公司,0001010000430010
83196,银龙花园四期人才公寓项目室内装修工程EPC工程总承包,0,NULL,中建一局集团装饰工程有限公司,0001010000430010
51847,上和院项目 6#3-A 和 6#3-B 户型样板间装修及相应区域负一至三层公共部位室内装饰工程,0,NULL,中建一局集团装饰工程有限公司,0001010000430010
65145,唐山市中心医院项目（凤凰新城唐山工人医院一期剩余工程）门诊楼一层局部装饰专业分包工程,0,NULL,中建一局集团装饰工程有限公司,0001010000430010
83893,中建钢构有限公司B座9层装修工程,0,11,中建一局集团装饰工程有限公司,0001010000430010
59475,中国银行股份有限公司安徽省分行培训中心内装饰工程（二标段）,0,NULL,中建一局集团装饰工程有限公司,0001010000430010
56915,阳光城·翡丽湾二期5号地商业公共区域精装修工程,0,NULL,中建一局集团装饰工程有限公司,0001010000430010
65076,绵阳京东方第6代AMOLED（柔性）生产线项目综合办公楼改造包,0,NULL,中建一局集团装饰工程有限公司,0001010000430010
67865,OLED微显示器件生产线临建工程项目,0,NULL,中建一局集团装饰工程有限公司,0001010000430010
55433,第6代有源矩阵有机发光显示器件（AMOLED）模组生产线项目室内精装修工程,0,NULL,中建一局集团装饰工程有限公司,0001010000430010
45308,UPII期装修改造项目结构加固工程,0,NULL,中建一局集团装饰工程有限公司,0001010000430010
34302,山西太原中泰广场工程,0,NULL,中建一局集团装饰工程有限公司,0001010000430010
46019,第6代有源矩阵有机发光显示器件（AMOLED）面板生产线项目幕墙工程,0,4,中建一局集团装饰工程有限公司,0001010000430010
827136,招商银行股份有限公司北京分行3.0营业网点新建改造系列项目-劳务,NULL,NULL,中建一局集团装饰工程有限公司,0001010000430010
27613,一般征收小微系列精装工程,0,NULL,中建一局集团装饰工程有限公司,0001010000430010
30960,昆明爱维艾夫医院新院7号楼6-8层及公共部分装修改造工程,0,NULL,中建一局集团装饰工程有限公司,0001010000430010
26431,湖畔广场店面装修工程,0,NULL,中建一局集团装饰工程有限公司,0001010000430010
16205,西宁海湖万达广场项目10号楼1、2单元室内装修工程,0,NULL,中建一局集团装饰工程有限公司,0001010000430010
15360,中建一局大厦外墙改造工程（幕墙）,0,NULL,中建一局集团装饰工程有限公司,0001010000430010
10608,天鸿·美和院四期A3、A4#楼精装修工程（一标段）,0,11,中建一局集团装饰工程有限公司,0001010000430010
17398,廊坊银行系列项目,0,NULL,中建一局集团装饰工程有限公司,0001010000430010
14967,苏州西门子电器有限公司四期内装工程,0,NULL,中建一局集团装饰工程有限公司,0001010000430010
13617,中国人民银行征信中心建设项目（一期）精装修分包工程,0,11,中建一局集团装饰工程有限公司,0001010000430010
15328,中国农业银行股份有限公司北京市分行朝阳甘露园支行室内装修工程,0,11,中建一局集团装饰工程有限公司,0001010000430010
14418,黑龙江省君辉杜仲开发有限公司精装修工程,0,NULL,中建一局集团装饰工程有限公司,0001010000430010
13727,"合肥鑫晟电子器件厂房建设工程A,C,D包",0,NULL,中建一局集团装饰工程有限公司,0001010000430010
10404,大连华信（国际）软件园居住、商业配套项目,0,4,中建一局集团装饰工程有限公司,0001010000430010
10238,西门子西安办公室装修改造工程,0,11,中建一局集团装饰工程有限公司,0001010000430010
8763,贝肯山一期B标段（1#、13#、14#楼）精装修工程分包合同,0,NULL,中建一局集团装饰工程有限公司,0001010000430010
8402,鄂尔多斯源盛光电生活区,0,11,中建一局集团装饰工程有限公司,0001010000430010
7261,ABB(中国)有限公司郑州办公室装修改造工程,0,NULL,中建一局集团装饰工程有限公司,0001010000430010
7868,金城银行办公楼装修工程,0,NULL,中建一局集团装饰工程有限公司,0001010000430010
9694,湖畔广场公共区域精装修直接分包工程,0,NULL,中建一局集团装饰工程有限公司,0001010000430010
1420,(2510210005)盘锦步行街水游城精装修工程,0,NULL,中建一局集团装饰工程有限公司,0001010000430010
815552,高邑县千秋路容貌提升EPC总承包-劳务,NULL,NULL,中建一局集团装饰工程有限公司,0001010000430010
1094808,第四批央企在京老旧小区综合整治项目(标包三百八十二)(卧龙小区208号楼)工程总承包（EPC）,0,5,中建一局集团装饰工程有限公司,0001010000430010
1075131,中远幸福（北京）⼤厦有限公司出租办公空间装修项⽬项目部,0,4,中建一局集团装饰工程有限公司,0001010000430010
1051025,滨湖紫园大厦室内装饰及智能化工程项目,0,11,中建一局集团装饰工程有限公司,0001010000430010
1022487,高性能自动化离心机生产项目1#综合楼装饰装修工程,0,11,中建一局集团装饰工程有限公司,0001010000430010
1019147,中国移动（哈尔滨）数据中心三期一阶段土建工程及室外工程,0,5,中建一局集团装饰工程有限公司,0001010000430010
1018012,奕斯伟总部1、2号楼精装修工程,0,11,中建一局集团装饰工程有限公司,0001010000430010
1016296,途虎养车中原区智能生产中心项目一期,0,2,中建一局集团装饰工程有限公司,0001010000430010
1015641,深圳市城市轨道交通13号线四工区建筑装饰工程,0,11,中建一局集团装饰工程有限公司,0001010000430010
1012642,大理经济技术开发区天井片区污水处理厂及配套管网工程,0,0,中建一局集团装饰工程有限公司,0001010000430010
1010386,房山区拱辰街道办事处FS00-LX05-0046、0056地块R2二类居住用地项目精装修（一标段）专业分包工程,0,NULL,中建一局集团装饰工程有限公司,0001010000430010
1005808,长春远大购物中心精装修工程（第三标段）,0,11,中建一局集团装饰工程有限公司,0001010000430010
1005806,工学院与交叉学科大楼(工学院与交叉学科大楼2#楼（教学科研用房）等5项)工程,0,NULL,中建一局集团装饰工程有限公司,0001010000430010
1005493,张家港市领诚智能科技有限公司新建厂房项目装修工程,0,NULL,中建一局集团装饰工程有限公司,0001010000430010
1004672,红旗汽车概念店（丰科店）设计、施工项目,0,NULL,中建一局集团装饰工程有限公司,0001010000430010
999442,2021年老旧小区改造道外区第二批改造工程（一标段）,0,NULL,中建一局集团装饰工程有限公司,0001010000430010
999268,天门市竟陵支行装修改造项目工程,0,NULL,中建一局集团装饰工程有限公司,0001010000430010
997584,张家口市崇礼区太子城冰雪小镇会展项目洲际酒店精装修工程,0,11,中建一局集团装饰工程有限公司,0001010000430010
993761,哈尔滨市公安监管场所建设项目,0,NULL,中建一局集团装饰工程有限公司,0001010000430010
992671,四川兴文·万汇国际商贸城项目,0,NULL,中建一局集团装饰工程有限公司,0001010000430010
991783,杨浦教学区停偿用房调整利用改造EPC项目,0,NULL,中建一局集团装饰工程有限公司,0001010000430010
991539,万峰大酒店综合开发项目五期(万峰·尚锋)工程,0,11,中建一局集团装饰工程有限公司,0001010000430010
110058,埃塞俄比亚驻华使馆翻建项目（1#地下室等6项）,0,NULL,中建一局集团装饰工程有限公司,0001010000430010
100936,石家庄万科翡翠公园项目一期风雨连廊工程,0,NULL,中建一局集团装饰工程有限公司,0001010000430010
100704,凤玺湾（二期）南上庄城中村改造项目装饰装修投标样板工程,0,11,中建一局集团装饰工程有限公司,0001010000430010
99152,巴塔军用车辆仓库项目,0,NULL,中建一局集团装饰工程有限公司,0001010000430010
96148,2019年邮局系列项目,0,NULL,中建一局集团装饰工程有限公司,0001010000430010
89550,望京科技园B座1层及F座3层内装修工程,0,NULL,中建一局集团装饰工程有限公司,0001010000430010
91684,新能源汽车用高性能三元材料（NCM）电池芯研发与产业化项目,0,NULL,中建一局集团装饰工程有限公司,0001010000430010
82043,北苑会所精装修工程,0,11,中建一局集团装饰工程有限公司,0001010000430010
84260,18万吨合成树脂和相关电子化学品精细化工配套项目（二期一阶段工程）,0,11,中建一局集团装饰工程有限公司,0001010000430010
47263,阜阳市城南新区高端人才引进公寓设计施工一体化项目,0,2,中建一局集团装饰工程有限公司,0001010000430010
83461,GT改性高分子环保材料及其制品（环保食品包装容器）幕墙工程,0,NULL,中建一局集团装饰工程有限公司,0001010000430010
30558,2017年天鸿系列项目,0,NULL,中建一局集团装饰工程有限公司,0001010000430010
48557,上师大一附小（东校）等2所学校场地修缮工程,0,11,中建一局集团装饰工程有限公司,0001010000430010
44300,青岛爱杰雅科技研发有限公司研发中心项目,0,NULL,中建一局集团装饰工程有限公司,0001010000430010
45480,北京鲜活农产品流通中心冷库与制冰间工程项目-装饰项目,0,NULL,中建一局集团装饰工程有限公司,0001010000430010
44635,合肥京东方显示技术有限公司屋顶太阳能光伏发电项目,0,NULL,中建一局集团装饰工程有限公司,0001010000430010
36341,邮局系列项目2,0,NULL,中建一局集团装饰工程有限公司,0001010000430010
33152,海南博鳌·金海湾项目西区会所,0,NULL,中建一局集团装饰工程有限公司,0001010000430010
825073,浙江民政康复中心（浙江康复医院）异地扩建工程装修装饰工程1标段-劳务,0,NULL,中建一局集团装饰工程有限公司,0001010000430010
18230,青岛世茂新城4#地块一期公寓精装修及洋房公寓公共区域精装修工程,0,NULL,中建一局集团装饰工程有限公司,0001010000430010
18472,中国建设银行股份有限公司天津无暇支行室内装修工程,0,11,中建一局集团装饰工程有限公司,0001010000430010
14776,首地.孙村组团B-12-2地块项目二期D2样板间精装修工程,0,NULL,中建一局集团装饰工程有限公司,0001010000430010
18166,云南医投健康管理中心,0,11,中建一局集团装饰工程有限公司,0001010000430010
14594,湖南家润多超市朝阳店装修改造工程,0,NULL,中建一局集团装饰工程有限公司,0001010000430010
15364,中煤地质工程总公司餐厅改造工程,0,NULL,中建一局集团装饰工程有限公司,0001010000430010
15356,海航北京后沙峪综合配套基地项目20-81地块市政工程（机电）,0,NULL,中建一局集团装饰工程有限公司,0001010000430010
7732,东航技术应用研发中心项目室内装饰工程（I标段）,0,NULL,中建一局集团装饰工程有限公司,0001010000430010
11271,晋中万科朗润园项目二期（2#9#10#6#7#8#楼）室内装修工程,0,NULL,中建一局集团装饰工程有限公司,0001010000430010
11221,连云港港逸花园小区A、B、C样板房精装修工程,0,NULL,中建一局集团装饰工程有限公司,0001010000430010
10213,涿鹿中原项目办公楼室内精装修工程,0,NULL,中建一局集团装饰工程有限公司,0001010000430010
8238,爱立信研发中心2号楼办公区装修工程,0,NULL,中建一局集团装饰工程有限公司,0001010000430010
791,A座写字楼等6项精装修工程1标段,0,NULL,中建一局集团装饰工程有限公司,0001010000430010
7416,教学综合楼（北京青年政治学院教学综合楼）弱电专业分包工程(机电),0,NULL,中建一局集团装饰工程有限公司,0001010000430010
3133,宝鸡健康管理中心装修施工项目,0,11,中建一局集团装饰工程有限公司,0001010000430010
1249,首都机场海关综合楼钢结构玻璃门改造项目,0,11,中建一局集团装饰工程有限公司,0001010000430010
266,北京邮电大学沙河校区零星改造系列工程,0,NULL,中建一局集团装饰工程有限公司,0001010000430010
1250,ABB二期精装修工程（6）,0,NULL,中建一局集团装饰工程有限公司,0001010000430010
3186,御龙天下（一期）（原信和、天城）配套公建及文化中心室内精装独立承包工程,0,NULL,中建一局集团装饰工程有限公司,0001010000430010
816957,1#住宅（商品房）等2项朝阳区六公主坟棚户区改造地块住宅及配套项目精装修工程二标段,NULL,NULL,中建一局集团装饰工程有限公司,0001010000430010
816723,彝海结盟大酒店装饰装修工程-劳务,NULL,NULL,中建一局集团装饰工程有限公司,0001010000430010
813962,青岛爱杰雅科技研发有限公司研发中心项目-劳务,0,NULL,中建一局集团装饰工程有限公司,0001010000430010
1085785,第三批央企在京老旧小区综合整治项目（标包一百四十二）（石景山苹果园街道）工程总承包（EPC）,0,4,中建一局集团装饰工程有限公司,0001010000430010
1076169,中远海运物流总部大楼功能优化改造项目,0,4,中建一局集团装饰工程有限公司,0001010000430010
1068419,西便门西里(西院)1、2、3、4、6、7 号楼综合整治项目,0,4,中建一局集团装饰工程有限公司,0001010000430010
1060674,深圳地铁25号线一期总承包项目部办公驻地（含食堂）装修改造,0,11,中建一局集团装饰工程有限公司,0001010000430010
1049157,融通地产（广西）有限责任公司融寓·长沙阿弥岭店装修改造工程施工总承包,0,11,中建一局集团装饰工程有限公司,0001010000430010
1040845,成都比亚迪厂房及配套设施建设项目装饰工程,0,11,中建一局集团装饰工程有限公司,0001010000430010
1029470,第6代柔性有源矩阵有机发光显示器件（AMOLED）模组生产线项目室外工程,0,11,中建一局集团装饰工程有限公司,0001010000430010
1018576,庐江高新区装备制造产业园项目（二期）工程,0,5,中建一局集团装饰工程有限公司,0001010000430010
1018496,吉行2022年景观、市政绿化工程项目,0,NULL,中建一局集团装饰工程有限公司,0001010000430010
1012646,西安奕斯伟集成电路产业基地项目装饰工程,0,11,中建一局集团装饰工程有限公司,0001010000430010
1004357,办公区修缮项目,0,11,中建一局集团装饰工程有限公司,0001010000430010
1002575,钟祥莫愁湖支行装修改造工程,0,NULL,中建一局集团装饰工程有限公司,0001010000430010
1001820,沈阳裕景中心项目（一期A）11#楼新销售中心精装修及机电工程,0,NULL,中建一局集团装饰工程有限公司,0001010000430010
1001706,中建一局集团装饰工程有限公司安全生产监督管理部安全帽采购项目,0,11,中建一局集团装饰工程有限公司,0001010000430010
998365,邦信资产管理有限公司丽泽金融区汇亚大厦45层办公区,0,NULL,中建一局集团装饰工程有限公司,0001010000430010
111511,广州国显科技有限公司维信诺第 6 代柔性 AMOLED 模组生产线项目装饰工程A,0,NULL,中建一局集团装饰工程有限公司,0001010000430010
108383,招商银行股份有限公司北京分行3.0营业网点新建改造系列项目,0,11,中建一局集团装饰工程有限公司,0001010000430010
105172,武邑县河钢路及窦后街绿化工程,0,4,中建一局集团装饰工程有限公司,0001010000430010
104632,文安鲁能酒店二期项目,0,NULL,中建一局集团装饰工程有限公司,0001010000430010
100814,丙区2号楼19、20层宿舍改造工程,0,11,中建一局集团装饰工程有限公司,0001010000430010
94908,上海百汇医院新建项目室内精装修分包工程（标段二）,0,NULL,中建一局集团装饰工程有限公司,0001010000430010
97014,北京地铁5号线、昌平线5座车站站前广场更新改造项目工程施工,0,NULL,中建一局集团装饰工程有限公司,0001010000430010
90385,2019年廊坊银行系列项目,0,11,中建一局集团装饰工程有限公司,0001010000430010
91747,京东方（苏州）智造服务产业园项目装修（含幕墙）工程,0,NULL,中建一局集团装饰工程有限公司,0001010000430010
89718,北京新机场东航基地项目一阶段工程第IV标段（航空食品及地面服务区）精装修工程,0,NULL,中建一局集团装饰工程有限公司,0001010000430010
67871,绵阳京东方第6代AMOLED（柔性）生产线项目,0,NULL,中建一局集团装饰工程有限公司,0001010000430010
62783,国家存储器基地项目（一期）OS1精装修幕墙工程,0,2,中建一局集团装饰工程有限公司,0001010000430010
44998,2017年麦当劳系列项目,0,NULL,中建一局集团装饰工程有限公司,0001010000430010
831701,国旅长安大厦装修改造项目-劳务,NULL,NULL,中建一局集团装饰工程有限公司,0001010000430010
30869,通州项目6、10#地块精装修工程二标段,0,NULL,中建一局集团装饰工程有限公司,0001010000430010
51850,正尚国际金融广场商业-1层到5层商铺之间隔墙工程,0,NULL,中建一局集团装饰工程有限公司,0001010000430010
45668,北京城市副中心行政办公区A1号楼工程（E1#）普通区域精装修分包工程,0,4,中建一局集团装饰工程有限公司,0001010000430010
28011,天津农商银行东丽明珠花园分理处装修改造工程,0,NULL,中建一局集团装饰工程有限公司,0001010000430010
826691,金茂华府项目二标段,0,NULL,中建一局集团装饰工程有限公司,0001010000430010
826496,金茂华府项目一标段,0,NULL,中建一局集团装饰工程有限公司,0001010000430010
25604,黑龙江中医药大学附属第二医院哈南分院老年爱心养护康复中心1标段,0,NULL,中建一局集团装饰工程有限公司,0001010000430010
825900,东城区民旺园30号楼一层局部内装修工程,NULL,NULL,中建一局集团装饰工程有限公司,0001010000430010
18722,长春宏亿数码广场项目一期精装修工程,0,NULL,中建一局集团装饰工程有限公司,0001010000430010
20600,南京万达茂二期住宅室内公共区域装修工程,0,NULL,中建一局集团装饰工程有限公司,0001010000430010
16496,大同煤矿集团同煤新苑幕墙专业工程项目,0,NULL,中建一局集团装饰工程有限公司,0001010000430010
12646,鑫茂?济宁科技城工程,0,11,中建一局集团装饰工程有限公司,0001010000430010
11273,世茂烟台海湾一号项目T1综合办公楼层公共区域精装修工程一标段,0,NULL,中建一局集团装饰工程有限公司,0001010000430010
13616,中国移动杭州研发中心北京办公区装修工程,0,NULL,中建一局集团装饰工程有限公司,0001010000430010
11768,钻石山四期华北院研发中心精装修工程,0,NULL,中建一局集团装饰工程有限公司,0001010000430010
11274,成都西门子工业自动化产品生产及研发基地（一期）项目ia办公楼改造项目,0,11,中建一局集团装饰工程有限公司,0001010000430010
10251,兰溪谷一期4#会所内外装饰装修工程,0,NULL,中建一局集团装饰工程有限公司,0001010000430010
13889,新亚研发总部项目,0,NULL,中建一局集团装饰工程有限公司,0001010000430010
10237,中外运长航上海世博办公楼项目精装修专业承包工程（标段一）,0,0,中建一局集团装饰工程有限公司,0001010000430010
7869,中国农业银行股份有限公司客户服务中心（天津）项目室内装饰装修及配套水电施工工程（五标段）,0,11,中建一局集团装饰工程有限公司,0001010000430010
8598,创富大厦装修改造,0,NULL,中建一局集团装饰工程有限公司,0001010000430010
8219,中国光大银行天津后台服务中心精装修工程,0,NULL,中建一局集团装饰工程有限公司,0001010000430010
820667,大华锦绣花城配套学校校舍建设项目-劳务,0,NULL,中建一局集团装饰工程有限公司,0001010000430010
8165,故宫博物院午门展厅改造项目,0,NULL,中建一局集团装饰工程有限公司,0001010000430010
9627,WILLIS保险经纪有限公司北京双子座大厦办公楼装修工程,0,NULL,中建一局集团装饰工程有限公司,0001010000430010
8222,教育部办公用房改造工程,0,NULL,中建一局集团装饰工程有限公司,0001010000430010
7626,天津生态城南部片区10a地块住宅项目总承包工程—室内及公共区域装修分包工程,0,NULL,中建一局集团装饰工程有限公司,0001010000430010
3704,合肥京东方光电科技有限公司成品库项目,0,11,中建一局集团装饰工程有限公司,0001010000430010
406,联发博动科技（北京）有限公司办公楼5楼9楼装修工程,0,NULL,中建一局集团装饰工程有限公司,0001010000430010
1952,(2510140001)太原万国城MOMA工程（1号楼、2号楼、3号楼用地下车库）,0,11,中建一局集团装饰工程有限公司,0001010000430010
815973,成都星汇广场项目总包工程酒店式公寓、公区12~28层精装修专业工程-劳务,0,NULL,中建一局集团装饰工程有限公司,0001010000430010
815815,昆明京东方显示技术有限公司OLED微显示器件生产线项目-劳务,NULL,NULL,中建一局集团装饰工程有限公司,0001010000430010
1091723,闵行区七宝镇闵行新城MHPO-0102单元08-04地块商办项目精装修工程,0,11,中建一局集团装饰工程有限公司,0001010000430010
1076243,第三批央企在京老旧小区综合整治项目（标包一百零八）（丰台区太平桥街道）工程施工总承包（EPC）项目,0,4,中建一局集团装饰工程有限公司,0001010000430010
1073143,第三批央企在京老旧小区综合整治项目（朝阳区团结湖街道）团结湖北里7号楼,0,4,中建一局集团装饰工程有限公司,0001010000430010
1067964,第三批央企在京老旧小区综合整治项目（标包八十三）（朝阳区安贞街道）工程总承包（EPC）,0,5,中建一局集团装饰工程有限公司,0001010000430010
1026453,第6代柔性有源矩阵有机发光显示器件(AMOLED)模组生产线项目室外工程,0,NULL,中建一局集团装饰工程有限公司,0001010000430010
1022960,高性能自动化离心机生产项目1#综合楼装饰装修工程0,0,NULL,中建一局集团装饰工程有限公司,0001010000430010
1021968,吉行2022年景观、市政绿化工程项目,0,11,中建一局集团装饰工程有限公司,0001010000430010
1017916,西安奕斯伟集成电路产业基地项目装饰工程（硅片公司）,0,11,中建一局集团装饰工程有限公司,0001010000430010
1017582,农银投资公主坟办公场地改造施工项目,0,11,中建一局集团装饰工程有限公司,0001010000430010
1006648,武清黄庄二期公区及幼儿园精装修工程,0,11,中建一局集团装饰工程有限公司,0001010000430010
1005888,扩建蜂巢能源动力锂离子电池项目装修工程,0,NULL,中建一局集团装饰工程有限公司,0001010000430010
1003545,重庆国际免疫研究院建设项目B3号楼装饰装修工程（二标段）,0,11,中建一局集团装饰工程有限公司,0001010000430010
995351,孝感孝昌碧桂园一期二标段货量区装修工程,0,NULL,中建一局集团装饰工程有限公司,0001010000430010
993636,绍兴苏宁广场零星项目及商管用房装饰工程,0,11,中建一局集团装饰工程有限公司,0001010000430010
112521,系统九部卫生间改造工程,0,11,中建一局集团装饰工程有限公司,0001010000430010
111593,国旅长安大厦装修改造项目,0,NULL,中建一局集团装饰工程有限公司,0001010000430010
104444,成都大邑安仁文化度假酒店装饰装修工程,0,NULL,中建一局集团装饰工程有限公司,0001010000430010
112128,广发银行宣武门支行局部装修改造工程,0,NULL,中建一局集团装饰工程有限公司,0001010000430010
100669,荆州碧桂园新城楚天府项目一期2.2标段大区精装修总包工程,0,NULL,中建一局集团装饰工程有限公司,0001010000430010
96471,重庆东原地产江山樾二期、重庆华润地产澜山望一期精装修项目,0,11,中建一局集团装饰工程有限公司,0001010000430010
91997,十五所A座五层共享中心改造,0,NULL,中建一局集团装饰工程有限公司,0001010000430010
95234,保利迎水道项目临时售楼处精装修工程,0,11,中建一局集团装饰工程有限公司,0001010000430010
84073,阜阳市太和县第二人民医院门诊综合楼建设项目,0,NULL,中建一局集团装饰工程有限公司,0001010000430010
80986,巴塔别墅及阿尼索克别墅项目,0,NULL,中建一局集团装饰工程有限公司,0001010000430010
81365,2018年廊坊银行系列项目,0,NULL,中建一局集团装饰工程有限公司,0001010000430010
77652,通州侨商项目10#地块精装修工程二期,0,NULL,中建一局集团装饰工程有限公司,0001010000430010
47232,湖南家润多超市系列工程2,0,NULL,中建一局集团装饰工程有限公司,0001010000430010
55392,丰台区地税局健身室改造工程,0,NULL,中建一局集团装饰工程有限公司,0001010000430010
51618,中国电科太极信息技术产业基地项目地下车库出入口雨棚工程,0,NULL,中建一局集团装饰工程有限公司,0001010000430010
51621,大都会四号地一标段O1栋写字楼精装修工程,0,NULL,中建一局集团装饰工程有限公司,0001010000430010
44696,重庆京东方智慧电子系统智能制造生产线项目,0,4,中建一局集团装饰工程有限公司,0001010000430010
30620,数字电视产业园配套LED封装厂项目-10号建筑检测及配套中心精装修工程,0,NULL,中建一局集团装饰工程有限公司,0001010000430010
26136,天津生态城南部片区11b地块住宅项目,0,NULL,中建一局集团装饰工程有限公司,0001010000430010
20384,当代中国研究所南楼节约型科研办公区修缮改造项目,0,NULL,中建一局集团装饰工程有限公司,0001010000430010
26337,中国外运股份有限公司办公区改造工程,0,11,中建一局集团装饰工程有限公司,0001010000430010
28151,大连理工大学盘锦校区学术交流公寓改造装修工程及机电安装工程,0,NULL,中建一局集团装饰工程有限公司,0001010000430010
15507,苏州泰迪农场一期智能化工程,0,NULL,中建一局集团装饰工程有限公司,0001010000430010
824087,北京研祥工业互联网研发中心装修工程-劳务,NULL,NULL,中建一局集团装饰工程有限公司,0001010000430010
17334,邮局系列项目,0,NULL,中建一局集团装饰工程有限公司,0001010000430010
13203,苏宁易购总部基地项目（地下区域）,0,NULL,中建一局集团装饰工程有限公司,0001010000430010
11866,天津农商行系列工程项目,0,11,中建一局集团装饰工程有限公司,0001010000430010
14596,老佛爷百货西单商场项目,0,11,中建一局集团装饰工程有限公司,0001010000430010
5338,大连湾街道李家二期A4地块改造项目总承包工程—机电,0,NULL,中建一局集团装饰工程有限公司,0001010000430010
9259,东区杨阐支行，南区牛街支行，南区支行机关办公场地局部装修改造工程,0,11,中建一局集团装饰工程有限公司,0001010000430010
820441,太和县公共文化服务建设项目（六馆两中心）1#、2#楼内装工程施工总承包项目,NULL,NULL,中建一局集团装饰工程有限公司,0001010000430010
9415,齐齐哈尔万达广场项目（住宅）智能化工程（机电）,0,NULL,中建一局集团装饰工程有限公司,0001010000430010
6593,国门汇首都机场休闲体验区,0,11,中建一局集团装饰工程有限公司,0001010000430010
8237,大厂中央公园配套用房精装修工程,0,NULL,中建一局集团装饰工程有限公司,0001010000430010
819576,北京新机场东航基地项目一阶段工程第Ⅳ标段（航空食品及地面服务区）精装修工程,NULL,NULL,中建一局集团装饰工程有限公司,0001010000430010
2889,国泰平安百货门店改造工程,0,NULL,中建一局集团装饰工程有限公司,0001010000430010
4100,北京中建建筑设计院有限公司办公室室内装饰项目,0,NULL,中建一局集团装饰工程有限公司,0001010000430010
1959,(2510210009)沈阳红塔改造装修项目,0,11,中建一局集团装饰工程有限公司,0001010000430010
2637,东莞海普仓储经营有限公司项目,0,NULL,中建一局集团装饰工程有限公司,0001010000430010
1075803,8.6 代有源矩阵有机发光显示器件生产线项目厂房及厂务设施项目装饰工程B,0,11,中建一局集团装饰工程有限公司,0001010000430010
1059082,萧政储出（2019）14号地块6-8层装修设计施工一体化项目,0,11,中建一局集团装饰工程有限公司,0001010000430010
1058862,北京市昌平区2023年第二批老旧小区综合整治工程 -天通苑南街道天通苑六区,0,5,中建一局集团装饰工程有限公司,0001010000430010
1056397,北京市昌平区2023老旧小区综合整治工程—天通苑南街道天通苑六区,0,4,中建一局集团装饰工程有限公司,0001010000430010
1052658,上海电机学院留学生公寓提升项目设计、施工一体化招标,0,2,中建一局集团装饰工程有限公司,0001010000430010
1050404,北京市第二社会福利院危改安置楼综合维修项目,0,11,中建一局集团装饰工程有限公司,0001010000430010
1049448,湟源县绿色有机农畜产品集散中心建设项目,0,5,中建一局集团装饰工程有限公司,0001010000430010
1031993,庐江高新区装备制造产业园项目（二期）工程(装饰),0,11,中建一局集团装饰工程有限公司,0001010000430010
1031046,成都京东方医院(二期)-智慧慢病管理中心项目大区室内装修工程(标段二),0,11,中建一局集团装饰工程有限公司,0001010000430010
1024876,集成电路标准厂房室内装修工程一标段,0,11,中建一局集团装饰工程有限公司,0001010000430010
1024518,大兴仁和医院3号楼一层改造工程,0,11,中建一局集团装饰工程有限公司,0001010000430010
1011387,京东方成都车载显示基地项目（工业用房及配套设施项目）,0,11,中建一局集团装饰工程有限公司,0001010000430010
1011183,康泰集团大厦施工总承包工程轻钢龙骨耐火纸面石膏板工程,0,NULL,中建一局集团装饰工程有限公司,0001010000430010
1011021,昌平区昌平镇南环东路32号32-06内一层101内装修工程,0,11,中建一局集团装饰工程有限公司,0001010000430010
1010387,天津智地津阳022地块项目物业用房精装修工程,0,NULL,中建一局集团装饰工程有限公司,0001010000430010
1006171,天津市河西区南京路希尔顿欢朋酒店装修改造项目,0,NULL,中建一局集团装饰工程有限公司,0001010000430010
1006051,石家庄万科紫院示范区室内外精装修工程,0,NULL,中建一局集团装饰工程有限公司,0001010000430010
1004054,光束汽车生产基地项目装修工程,0,4,中建一局集团装饰工程有限公司,0001010000430010
1000809,北京创新中心信创园项目装修设计、采购、施工工程总承包(EPC),0,NULL,中建一局集团装饰工程有限公司,0001010000430010
998085,湖北省融资担保集团华中小龟山金融文化公园12栋13栋项目设计施工一体化,0,NULL,中建一局集团装饰工程有限公司,0001010000430010
997501,高能同步辐射光源项目（1#装置区等8项）抗震支架工程,0,11,中建一局集团装饰工程有限公司,0001010000430010
993396,太白西岸·汤巢项目3#楼精装房室内精装修工程,0,NULL,中建一局集团装饰工程有限公司,0001010000430010
112029,教育部中外语言交流合作中心一层档案室改造工程,0,11,中建一局集团装饰工程有限公司,0001010000430010
111381,哈尔滨市中医医院异地新建项目施工（二标段）,0,11,中建一局集团装饰工程有限公司,0001010000430010
110595,2020年城镇老旧住宅小区项目工程总承包,0,NULL,中建一局集团装饰工程有限公司,0001010000430010
103104,石家庄万科翡翠书院项目2-8#洋房示范区外立面工程,0,NULL,中建一局集团装饰工程有限公司,0001010000430010
94750,沈阳棋盘山项目B区四期展示区精装修工程,0,NULL,中建一局集团装饰工程有限公司,0001010000430010
94972,XXX与XXXXX电子元器件公共服务能力条件建设项目,0,NULL,中建一局集团装饰工程有限公司,0001010000430010
95975,武邑县河钢路中段提升项目施工,0,NULL,中建一局集团装饰工程有限公司,0001010000430010
92593,上海市宝山区淞南镇N12-0102单元03-01地块项目精装修工程(一期）外立面装饰工程,0,NULL,中建一局集团装饰工程有限公司,0001010000430010
94579,网络产品办公环境改造工程,0,NULL,中建一局集团装饰工程有限公司,0001010000430010
89493,华山清心温泉酒店内装饰工程I标段,0,NULL,中建一局集团装饰工程有限公司,0001010000430010
82159,四季花城公共区域精装修工程,0,11,中建一局集团装饰工程有限公司,0001010000430010
83571,中国昭觉• 谷克德高山云地项目,0,NULL,中建一局集团装饰工程有限公司,0001010000430010
83892,京东方光科技有限公司（DK20120070地块）核心能力大楼项目-机电,0,NULL,中建一局集团装饰工程有限公司,0001010000430010
82273,金华紫金湾D06#楼及D05#楼19-34层室内精装修工程,0,NULL,中建一局集团装饰工程有限公司,0001010000430010
61529,绵阳京东方第6代AMOLED(柔性)生产线项目总包（B标段）工程,0,4,中建一局集团装饰工程有限公司,0001010000430010
58454,京东方光科技有限公司（DK20120070地块）（B2、C1、C2、C3、C4)工程施工总承包,0,11,中建一局集团装饰工程有限公司,0001010000430010
26978,首建金融中心弱电系统,0,NULL,中建一局集团装饰工程有限公司,0001010000430010
16642,中化六建科研办公大楼项目,0,NULL,中建一局集团装饰工程有限公司,0001010000430010
15778,南京浦口区不老村装饰总包项目,0,NULL,中建一局集团装饰工程有限公司,0001010000430010
25747,积木宝贝国际早教中心太原旗舰店装修工程,0,NULL,中建一局集团装饰工程有限公司,0001010000430010
15505,苏州明基医院一期装修防污工程,0,NULL,中建一局集团装饰工程有限公司,0001010000430010
18516,锦州绅公馆,0,NULL,中建一局集团装饰工程有限公司,0001010000430010
824086,xxx与xxxxx电子元器件公共服务能力条件建设项目-劳务,0,NULL,中建一局集团装饰工程有限公司,0001010000430010
18376,长城精品奥特莱斯项目总承包工程,0,NULL,中建一局集团装饰工程有限公司,0001010000430010
13726,合肥鑫晟触摸屏生产线项目,0,NULL,中建一局集团装饰工程有限公司,0001010000430010
11250,北京百荷妇产医院改造装修工程,0,NULL,中建一局集团装饰工程有限公司,0001010000430010
12186,信和·中央广场会所精装修独　承包工程,0,NULL,中建一局集团装饰工程有限公司,0001010000430010
11270,大厂中央公园配套用房精装修工程,0,NULL,中建一局集团装饰工程有限公司,0001010000430010
3131,北坞5、6、7号楼装修改造工程,0,NULL,中建一局集团装饰工程有限公司,0001010000430010
1205,保利通州项目IV-10地块展示区幕墙工程,0,NULL,中建一局集团装饰工程有限公司,0001010000430010
4703,兰州新区综合保税区建设项目EPC工程总承包第一标段工程,0,NULL,中建一局集团装饰工程有限公司,0001010000430010
2952,(2510640004)汇丰苑5号--9号楼室内外装饰装修工程,0,11,中建一局集团装饰工程有限公司,0001010000430010
4179,中国穆斯林国际商贸城东配楼外立面拆除及室内装饰装修工程,0,11,中建一局集团装饰工程有限公司,0001010000430010
160,中建一局大厦四层职工餐厅装修改造工程,0,NULL,中建一局集团装饰工程有限公司,0001010000430010
3239,博鳌·佰悦湾精装修工程,0,NULL,中建一局集团装饰工程有限公司,0001010000430010
267,哈尔滨永泰地产新售楼处及样板间精装修工程,0,11,中建一局集团装饰工程有限公司,0001010000430010
1094810,内蒙古自治区锡林郭勒盟苏尼特左旗风沙路径阻隔区浑善达克沙地综合治理项目2026年人工种草、工程固沙、封沙育草工程,0,5,中建一局集团装饰工程有限公司,0001010000430010
1086009,新湖街道云谷社区人才阵地建设工程项目,0,11,中建一局集团装饰工程有限公司,0001010000430010
1085998,第三批央企在京老旧小区综合整治项目（标包一百四十六）（丰台区东高地街道）工程总承包（EPC）,0,5,中建一局集团装饰工程有限公司,0001010000430010
1074355,第三批央企在京老旧小区综合整治项目(标包一百零七(海淀区甘家口街道)工程总承包(EPC),0,4,中建一局集团装饰工程有限公司,0001010000430010
1072494,深圳国际美术馆（暂定名）项目（土建部分）—室内装饰装修工程二标段（装饰）,0,4,中建一局集团装饰工程有限公司,0001010000430010
1067003,第一批央企在京老旧小区综合整治项目（标包三）（丰台区东高地街道）（工程总承包）,0,5,中建一局集团装饰工程有限公司,0001010000430010
1053668,融通地产融寓紫阳东路二期装修项目,0,11,中建一局集团装饰工程有限公司,0001010000430010
1044851,京东方智慧医工核心能力中心项目（二期）(D＃科研楼等13项)精装修工程,0,11,中建一局集团装饰工程有限公司,0001010000430010
1044330,江苏省南京市玄武区太平门街81号长租公寓改造工程,0,11,中建一局集团装饰工程有限公司,0001010000430010
1043283,南方医科大学南方医院赣州医院（蓉江院区）（一期）幕墙、钢结构、 室内装修及室外配套等项目,0,4,中建一局集团装饰工程有限公司,0001010000430010
1031668,中航技H5号楼装修改造项目,0,4,中建一局集团装饰工程有限公司,0001010000430010
1025265,中福彩即开型彩票科技文化园项目精装修及外网工程,0,11,中建一局集团装饰工程有限公司,0001010000430010
1024462,京东方（成都）智慧系统创新中心精装修工程项目（一期）,0,11,中建一局集团装饰工程有限公司,0001010000430010
1019649,吉利科技集团寰球中心顶楼装修施工项目,0,11,中建一局集团装饰工程有限公司,0001010000430010
1017511,京东方智慧医工核心能力中心项目（一期）(A＃科研楼等 7 项)精装修工程二标段,0,11,中建一局集团装饰工程有限公司,0001010000430010
1013551,吉利寰球16、17层精装修工程,0,NULL,中建一局集团装饰工程有限公司,0001010000430010
1012240,济宁高新区接庄污水处理厂改扩建及管网配套工程总承包（EPC)项目,0,11,中建一局集团装饰工程有限公司,0001010000430010
1012022,合肥市为民服务用房项目精装修施工-1 标段,0,11,中建一局集团装饰工程有限公司,0001010000430010
1010677,淄博科勒二期B项目扩建工程,0,NULL,中建一局集团装饰工程有限公司,0001010000430010
1009264,东苑公寓别墅室内精装修工程,0,NULL,中建一局集团装饰工程有限公司,0001010000430010
1008173,中央储备粮虎林直属库有限公司粮食仓储物流项目第二标段工程,0,11,中建一局集团装饰工程有限公司,0001010000430010
1005805,中建一局大厦9-10层装修、改造工程,0,NULL,中建一局集团装饰工程有限公司,0001010000430010
1002576,潜江市邮政储蓄银行园林支行网点装修工程,0,NULL,中建一局集团装饰工程有限公司,0001010000430010
999270,天门市鸿渐路支行装修改造项目,0,NULL,中建一局集团装饰工程有限公司,0001010000430010
993066,沈阳裕景中心(一期A)项目4#楼精装修公寓样板房精装修工程之二标段A2户型精装修工程,0,NULL,中建一局集团装饰工程有限公司,0001010000430010
990945,安徽昊帆生物有限公司办公楼装修工程,0,NULL,中建一局集团装饰工程有限公司,0001010000430010
107514,石家庄万科紫台项目示范区室内精装工程,0,11,中建一局集团装饰工程有限公司,0001010000430010
107941,重庆保利爱尚里（尚彩）精装修项目,0,NULL,中建一局集团装饰工程有限公司,0001010000430010
95177,中建一局大厦五、十四、十五、十六层局部装修改造工程,0,NULL,中建一局集团装饰工程有限公司,0001010000430010
100463,交通银行宁夏区分行营业及功能用房项目室内装饰工程,0,NULL,中建一局集团装饰工程有限公司,0001010000430010
89211,对外经济贸易大学科研楼毛细管凝露维修合同,0,11,中建一局集团装饰工程有限公司,0001010000430010
98809,中国驻瑞士使馆综合布线改造工程,0,NULL,中建一局集团装饰工程有限公司,0001010000430010
89821,北京市仁和医院门诊及病房楼（北京市仁和医院门、急诊楼改扩建工程（二期）项目）汽车坡道及外路面施工工程,0,NULL,中建一局集团装饰工程有限公司,0001010000430010
91623,大华锦绣华城配套学校校舍建设项目施工,0,NULL,中建一局集团装饰工程有限公司,0001010000430010
61493,A座办公楼等9项（中关村科技园电子城西区二期A6地块项目）、G座商业楼等2项（中关村科技园电子城西区二期地块项目）,0,NULL,中建一局集团装饰工程有限公司,0001010000430010
57215,西北妇女儿童医院儿保科改造工程,0,NULL,中建一局集团装饰工程有限公司,0001010000430010
61555,顺义区天竺空港工业区天柱东路5号2幢改造工程,0,11,中建一局集团装饰工程有限公司,0001010000430010
63927,广华新城居住区616地块职工住宅建设项目,0,NULL,中建一局集团装饰工程有限公司,0001010000430010
52090,北京城市副中心行政办公区B1、B2号楼工程B2-1号楼地上部分装修工程,0,4,中建一局集团装饰工程有限公司,0001010000430010
45009,西安秦皇医院医疗综合大楼室内精装修工程B标段,0,NULL,中建一局集团装饰工程有限公司,0001010000430010
31036,诸暨万达广场AC区销售物业公共部位精装修工程,0,NULL,中建一局集团装饰工程有限公司,0001010000430010
46066,哈尔滨市哈西继红小学教学楼项目,0,2,中建一局集团装饰工程有限公司,0001010000430010
59501,孝感高新碧桂园二标段装修工程,0,NULL,中建一局集团装饰工程有限公司,0001010000430010
25653,亚太国际健康城北京售楼处精装修工程,0,NULL,中建一局集团装饰工程有限公司,0001010000430010
27711,福佳•国宅项目一期一标段外装修工程,0,11,中建一局集团装饰工程有限公司,0001010000430010
28009,天津农商银行东丽军华园分理处装修改造工程,0,NULL,中建一局集团装饰工程有限公司,0001010000430010
24586,大天睿中心瑞斯丽酒店装修工程,0,NULL,中建一局集团装饰工程有限公司,0001010000430010
16269,ABB(中国)有限公司济宁办公室装修改造工程,0,11,中建一局集团装饰工程有限公司,0001010000430010
15799,绿地（镇江）8-5、8-7地块公共区装修项目工程,0,NULL,中建一局集团装饰工程有限公司,0001010000430010
16375,长城精品奥莱—机电,0,NULL,中建一局集团装饰工程有限公司,0001010000430010
17727,哈尔滨保利上城高层精装修施工工程,0,NULL,中建一局集团装饰工程有限公司,0001010000430010
14144,北京智慧天使口腔医院,0,11,中建一局集团装饰工程有限公司,0001010000430010
15232,青岛海上嘉年华渔人码头公共区域精装修工程,0,NULL,中建一局集团装饰工程有限公司,0001010000430010
13158,徐州苏宁广场样板房装饰工程,0,NULL,中建一局集团装饰工程有限公司,0001010000430010
5137,北京市烟草局研发中心建设项目,0,NULL,中建一局集团装饰工程有限公司,0001010000430010
6148,中建一局集团物流有限公司门头施工工程,0,11,中建一局集团装饰工程有限公司,0001010000430010
161,昆明市轨道交通3号线一期工程车站公共区装修项目(东段)四标段,0,NULL,中建一局集团装饰工程有限公司,0001010000430010
407,海南佰悦弯C栋精装修弱电工程(机电),0,NULL,中建一局集团装饰工程有限公司,0001010000430010
816310,太和妇幼保健院城关卫生院等建设项目-劳务,0,NULL,中建一局集团装饰工程有限公司,0001010000430010
1069722,第一批央企在京老旧小区综合整治项目(标包三)(丰台区东高地街道),0,4,中建一局集团装饰工程有限公司,0001010000430010
1069173,第一批央企在京老旧小区综合整治项目（标包二十二）（西城区天桥街道）工程总承包（EPC）,0,5,中建一局集团装饰工程有限公司,0001010000430010
1065988,三庙小区老旧小区综合整治项目,0,4,中建一局集团装饰工程有限公司,0001010000430010
1056143,车公庄大街3号项目(1#楼、2#楼、3#楼及地下车库)(1#楼等4项)项目,0,11,中建一局集团装饰工程有限公司,0001010000430010
1043284,京东方第6代新型半导体显示器件生产线项目装饰工程（A、B标段）分供合同,0,4,中建一局集团装饰工程有限公司,0001010000430010
1029701,第6代柔性有源矩阵有机发光显示器件（AMOLED）模组生产线项目外墙工程,0,11,中建一局集团装饰工程有限公司,0001010000430010
1027228,黑龙江省伊春市伊美区美溪镇供热改造项目EPC工程总承包项目,0,2,中建一局集团装饰工程有限公司,0001010000430010
1020185,宾川路（漾濞路至富海路）建筑外立面风貌整治提升项目装饰工程,0,11,中建一局集团装饰工程有限公司,0001010000430010
1006559,清徐万科徐园项目SFQ装修工程,0,NULL,中建一局集团装饰工程有限公司,0001010000430010
1005804,中建一局大厦10-11层空调改造项目,0,NULL,中建一局集团装饰工程有限公司,0001010000430010
1002446,武汉城建融创融遇项目（黑泥湖）营销中心及样板间精装修工程,0,NULL,中建一局集团装饰工程有限公司,0001010000430010
1000592,蚌埠市中医医院住院综合楼装修改造EPC项目,0,11,中建一局集团装饰工程有限公司,0001010000430010
991796,C2商业项目冰场外围主题区及内部装修工程,0,NULL,中建一局集团装饰工程有限公司,0001010000430010
110915,广州国显科技有限公司维信诺第 6 代柔性 AMOLED 模组生产线项目外墙工程,0,NULL,中建一局集团装饰工程有限公司,0001010000430010
111544,东北林业大学3号学生公寓项目,0,NULL,中建一局集团装饰工程有限公司,0001010000430010
111199,成都金牛人才公寓项目精装修工程,0,NULL,中建一局集团装饰工程有限公司,0001010000430010
109591,济宁市看守所、拘留所迁建项目装饰装修工程,0,NULL,中建一局集团装饰工程有限公司,0001010000430010
103875,泰安市环山路东延改造工程绿化项目施工招标一标段,0,11,中建一局集团装饰工程有限公司,0001010000430010
95235,迎水道项目临时售楼处幕墙工程,0,11,中建一局集团装饰工程有限公司,0001010000430010
101503,广发银行北京分行辖内网点装修工程,0,NULL,中建一局集团装饰工程有限公司,0001010000430010
95996,大连理工大学主校区教工危旧住房一期迁建及幼儿园迁建项目幼儿园室内精装修工程,0,NULL,中建一局集团装饰工程有限公司,0001010000430010
63834,2017年海航系列项目,0,NULL,中建一局集团装饰工程有限公司,0001010000430010
47361,迎宾府项目V尚公寓6-12层公共区域及201户公寓室内装修、一层大堂装修工程,0,NULL,中建一局集团装饰工程有限公司,0001010000430010
55407,中国一重贵宾室、前厅以及会议展示区改造工程,0,NULL,中建一局集团装饰工程有限公司,0001010000430010
45895,中国光大银行天津后台服务中心项目精装修工程（二标段）修复,0,NULL,中建一局集团装饰工程有限公司,0001010000430010
27338,国家体育馆设备设施系统维护维修项目-装饰装修工程,0,4,中建一局集团装饰工程有限公司,0001010000430010
27586,保利城3号地一期项目二标段高层精装房及公共部位精装修工程,0,NULL,中建一局集团装饰工程有限公司,0001010000430010
28252,中国建筑一局大厦2-3层装修工程,0,NULL,中建一局集团装饰工程有限公司,0001010000430010
25651,福州第8.5代新型半导体显示器件生产线项目(一局装饰),0,NULL,中建一局集团装饰工程有限公司,0001010000430010
26144,大连华信（国际）软件园居住，商业配套项目-机电工程,0,NULL,中建一局集团装饰工程有限公司,0001010000430010
26480,北京都季酒店装修改造项目,0,NULL,中建一局集团装饰工程有限公司,0001010000430010
18584,湖畔广场样板房1-D、2-B、3-C户型室内精装修工程,0,NULL,中建一局集团装饰工程有限公司,0001010000430010
825079,上海百汇医院新建项目室内精装修分包工程（标段二）-劳务,0,NULL,中建一局集团装饰工程有限公司,0001010000430010
26664,太原万科紫院项目售楼部内外装及亮化工程,0,NULL,中建一局集团装饰工程有限公司,0001010000430010
16811,苏宁易购总部基地项目装饰工程,0,NULL,中建一局集团装饰工程有限公司,0001010000430010
13159,莲花池项目样板区改造工程,0,NULL,中建一局集团装饰工程有限公司,0001010000430010
18031,常德健康管理中心装修施工项目,0,NULL,中建一局集团装饰工程有限公司,0001010000430010
13983,密云隆华溪园住宅小区精装修工程,0,NULL,中建一局集团装饰工程有限公司,0001010000430010
10610,北京三里屯雅秀服装市场外立面改造工程,0,NULL,中建一局集团装饰工程有限公司,0001010000430010
821229,中国人寿大厦建设项目室内装饰装修工程施工I标段-劳务,0,NULL,中建一局集团装饰工程有限公司,0001010000430010
7731,合肥鑫晟电子器件厂综合配套区二期装修工程,0,NULL,中建一局集团装饰工程有限公司,0001010000430010
820164,西安奕斯伟硅产业基地项目-劳务,NULL,NULL,中建一局集团装饰工程有限公司,0001010000430010
3234,北京和成畅（璟）园项目12#楼C户型样板间精装修工程,0,NULL,中建一局集团装饰工程有限公司,0001010000430010
4591,重庆京东方8.5代线项目,0,NULL,中建一局集团装饰工程有限公司,0001010000430010
2642,天津生态城南部片区3A地块项目施工总承包工程—室内及公共区域装修工程二标段,0,NULL,中建一局集团装饰工程有限公司,0001010000430010
3238,天津生态城世茂新城05-10-05-01地块住宅项目售楼处及样板间装修工程,0,NULL,中建一局集团装饰工程有限公司,0001010000430010
816655,阜阳市城南新区高端人才引进公寓设计施工一体化项目-劳务,0,NULL,中建一局集团装饰工程有限公司,0001010000430010
1100959,第三批央企在京老旧小区综合整治项目（标包三百六十二）（西城区月坛街道）工程总承包 (EPC),0,2,中建一局集团装饰工程有限公司,0001010000430010
1096958,吉林省松花湖国际度假区开发有限公司中旅松花湖度假区西扩雪具大厅土建总包工程,0,5,中建一局集团装饰工程有限公司,0001010000430010
1096190,华富北片区棚改项目Ⅰ标段施工总承包工程二标段精装修样板房工程,0,11,中建一局集团装饰工程有限公司,0001010000430010
1091578,慈恩寺乡村引域增效农业产业发展项目EPC总承包二标段,0,5,中建一局集团装饰工程有限公司,0001010000430010
1086886,第三批央企在京老旧小区综合整治项目(标包三百五十八)(丰台区云岗街道)(一标段)工程总承包（EPC）,0,5,中建一局集团装饰工程有限公司,0001010000430010
1085714,第三批央企在京老旧小区综合整治项目(标包一百四十七)(丰台区东高地街道)工程总承包(EPC）,0,4,中建一局集团装饰工程有限公司,0001010000430010
1081180,中国建筑股份有限公司雄忻高铁雄安新区地下段土建工程及相关配套工程4标段项目暂估价工程合同,0,11,中建一局集团装饰工程有限公司,0001010000430010
1075426,太原机场海关业务技术用房维修改造项目,0,4,中建一局集团装饰工程有限公司,0001010000430010
1074799,荷园西街12号院1号楼、2号楼装修工程（二标段）（二次）,0,11,中建一局集团装饰工程有限公司,0001010000430010
1069172,第一批央企在京老旧小区综合整治项目（标包十一）(丰台区东高地街道)工程总承包（EPC）,0,5,中建一局集团装饰工程有限公司,0001010000430010
1068225,第三批央企在京老旧小区综合整治项目（标包八十四）（朝阳区麦子店街道）工程总承包（EPC）,0,4,中建一局集团装饰工程有限公司,0001010000430010
1068165,第三批央企在京老旧小区综合整治项目(标包八十二)(海淀区中关村街道)工程总承包(EPC),0,4,中建一局集团装饰工程有限公司,0001010000430010
1031469,黑龙江省哈尔滨市2023年老旧小区改造项目EPC工程总承包（六标段）,0,5,中建一局集团装饰工程有限公司,0001010000430010
1026454,第 6 代柔性有源矩阵有机发光显示器 件(AMOLED)模组生产线项目外墙工程,0,NULL,中建一局集团装饰工程有限公司,0001010000430010
1025426,湟源县总段等19个老旧小区区内配套基础设施建设项目设计、采购、施工总承包建设项目设计施工总承包,0,NULL,中建一局集团装饰工程有限公司,0001010000430010
1021894,河北省农村信用社联合社“灾备中心”项目四号楼、五号楼内装修工程,0,11,中建一局集团装饰工程有限公司,0001010000430010
1021410,途虎养车中原区智能生产中心项目一期 (装饰安装),0,NULL,中建一局集团装饰工程有限公司,0001010000430010
1019650,西宁市城东区毛纺小区（北院)老旧小区配套基础设施建设项目标段一,0,NULL,中建一局集团装饰工程有限公司,0001010000430010
1018579,甘家口项目1405、1506、1507、1508、1509室精装修工程,0,11,中建一局集团装饰工程有限公司,0001010000430010
1011399,石家庄万科系列工程,0,NULL,中建一局集团装饰工程有限公司,0001010000430010
1005494,张家港市领诺智能科技有限公司新建厂房项目装修工程,0,NULL,中建一局集团装饰工程有限公司,0001010000430010
996828,黑龙江省伊春林都民用机场改扩建工程——航站楼室内、外装修装饰工程施工,0,NULL,中建一局集团装饰工程有限公司,0001010000430010
996537,石家庄翡翠书院小学及文体中心内外装工程,0,NULL,中建一局集团装饰工程有限公司,0001010000430010
993559,哈尔滨保利时光里项目施工（二期）,0,11,中建一局集团装饰工程有限公司,0001010000430010
993021,营房整修工程,0,NULL,中建一局集团装饰工程有限公司,0001010000430010
111948,利津县鑫元光伏发电有限公司利津县刁口乡 40MW光伏项目,0,NULL,中建一局集团装饰工程有限公司,0001010000430010
100443,第六代柔性有源矩阵有机发光显示器件（AMOLED）生产线项目精装修工程A,0,NULL,中建一局集团装饰工程有限公司,0001010000430010
103873,计算机服务器生产环境建设改造工程,0,11,中建一局集团装饰工程有限公司,0001010000430010
97106,第六代柔性有源矩阵有机发光显示器件（AMOLED）生产线项目一般装饰工程A,0,NULL,中建一局集团装饰工程有限公司,0001010000430010
95293,中建一局大厦15、16楼办公室装修改造工程,0,11,中建一局集团装饰工程有限公司,0001010000430010
92594,上海市宝山区淞南镇N12-0102单元03-01地块项目精装修工程（一期租赁中心）独立承包工程,0,NULL,中建一局集团装饰工程有限公司,0001010000430010
82138,苏宁小店（战略合作协议、单项目装饰工程总合同）,0,NULL,中建一局集团装饰工程有限公司,0001010000430010
81590,昆明京东方显示技术有限公司OLED微显示器件生产线项目总承包工程,0,NULL,中建一局集团装饰工程有限公司,0001010000430010
50614,中国石油天然气集团公司机关服务中心装修改造系列项目,0,11,中建一局集团装饰工程有限公司,0001010000430010
80657,北京中易诚建物业管理有限公司办公室维护性改造工程,0,NULL,中建一局集团装饰工程有限公司,0001010000430010
44527,2017年中国联通支付公司二龙路办公用房1-4层改造项目,0,NULL,中建一局集团装饰工程有限公司,0001010000430010
58331,爱立信研发中心2#楼2A局部,0,NULL,中建一局集团装饰工程有限公司,0001010000430010
44412,ABB中国机电工程,0,NULL,中建一局集团装饰工程有限公司,0001010000430010
44659,空军军训器材技术培训中心大院分部给水管道更换、下水系统改造和四层卫生间墙面瓷砖更换工程,0,NULL,中建一局集团装饰工程有限公司,0001010000430010
45168,2017年邮局系列项目,0,NULL,中建一局集团装饰工程有限公司,0001010000430010
35285,京东方光科技有限公司建设移动显示系统生产项目二期智能制造新基地临建工程,0,NULL,中建一局集团装饰工程有限公司,0001010000430010
28744,第10.5代薄膜晶体管液晶显示器件（TFT-LCD）项目装饰包A、B、D标段,0,NULL,中建一局集团装饰工程有限公司,0001010000430010
28769,成都星汇广场项目总包工程酒店式公寓室内、公区12~28层精装修专业工程,0,NULL,中建一局集团装饰工程有限公司,0001010000430010
28362,湖畔广场项目12F层、25层及地下车道连一层大堂及健身房、更衣室等装修独立承包工程,0,NULL,中建一局集团装饰工程有限公司,0001010000430010
16164,ABB(中国)有限公司昆明办公室装修改造工程,0,NULL,中建一局集团装饰工程有限公司,0001010000430010
16356,北京市门头沟区地方税务局系列工程,0,NULL,中建一局集团装饰工程有限公司,0001010000430010
18388,石家庄市裕华求实中学外装饰改造工程,0,NULL,中建一局集团装饰工程有限公司,0001010000430010
823814,北京地铁5号线、昌平线5座车站站前广场更新改造项目,0,NULL,中建一局集团装饰工程有限公司,0001010000430010
15797,盐城环保职业技术学院一期项目行政图书楼、培训中心工程,0,NULL,中建一局集团装饰工程有限公司,0001010000430010
14193,湖畔销售中心改造工程,0,NULL,中建一局集团装饰工程有限公司,0001010000430010
15379,秦皇岛经济技术开发区投资服务中心内装深化设计及施工（三标段）,0,NULL,中建一局集团装饰工程有限公司,0001010000430010
7627,海航云商投资有限公司航星园办公区装修改造项目,0,NULL,中建一局集团装饰工程有限公司,0001010000430010
10408,东航技术应用研发中心装修工程-机电项目,0,NULL,中建一局集团装饰工程有限公司,0001010000430010
819511,天津生态城南部片区9B地块住宅项目（美嘉园）,NULL,NULL,中建一局集团装饰工程有限公司,0001010000430010
6594,兴创大厦,0,11,中建一局集团装饰工程有限公司,0001010000430010
1146,A栋综合楼等10项精装修工程（二标段）,0,NULL,中建一局集团装饰工程有限公司,0001010000430010
4321,甲方办公室的室内装修设计、装修施工和弱电工程,0,11,中建一局集团装饰工程有限公司,0001010000430010
269,济南世茂原山首府工程一期公共区域精装修工程,0,NULL,中建一局集团装饰工程有限公司,0001010000430010
1147,莲花池配楼办公职场装修项目,0,NULL,中建一局集团装饰工程有限公司,0001010000430010
817070,京东方光科技有限公司（DK20120070地块）核心能力大楼项目精装修工程-劳务,NULL,NULL,中建一局集团装饰工程有限公司,0001010000430010
1237,天鸿万象田园新城10-17#公共部分精装修项目,0,11,中建一局集团装饰工程有限公司,0001010000430010
816670,昆明地铁线网控制中心 室内装修工程（一）标段工程-劳务,0,NULL,中建一局集团装饰工程有限公司,0001010000430010
1102169,第二批、第三批央企在京老旧小区综合整治项目（标包一百六十四）（丰台区六里桥街道、青塔街道、新村街道）（一标段）工程总承包（EPC）,0,5,中建一局集团装饰工程有限公司,0001010000430010
1087644,第三批央企在京老旧小区综合整治项目（标包一百六十二）（丰台区 南苑街道、西罗园街道、方庄街道）工程总承包（EPC）,0,4,中建一局集团装饰工程有限公司,0001010000430010
1077840,太原机场海关业务技术用房维修改造工程项目,0,11,中建一局集团装饰工程有限公司,0001010000430010
1073650,第三批央企在京老旧小区综合整治项目（标包一百零八）（丰台区太平桥街道）工程总承包（EPC）项目,0,2,中建一局集团装饰工程有限公司,0001010000430010
1072487,第一批央企在京老旧小区综合整治项目（标包三十四）（海淀区海淀街道、紫竹院街道）工程总承包（EPC）,0,2,中建一局集团装饰工程有限公司,0001010000430010
1071460,第三批央企在京老旧小区综合整治项目（标包一百零七）（海淀区甘家口街道）工程总承包（EPC）项目,0,5,中建一局集团装饰工程有限公司,0001010000430010
1055422,可可盖矿井办公综合楼室内装饰装修工程,0,11,中建一局集团装饰工程有限公司,0001010000430010
1052034,朝阳区朝运街38号院9号楼1至10层、朝运街38号院11幢-1层、-2层室内装修工程,0,11,中建一局集团装饰工程有限公司,0001010000430010
1049509,西宁市湟源县工会等 19 个老旧小区区内配套基础设施建设项目,0,5,中建一局集团装饰工程有限公司,0001010000430010
1019993,西安奕斯伟集成电路产业基地项目装饰工程（芯晖公司）,0,11,中建一局集团装饰工程有限公司,0001010000430010
1018495,奕斯伟总部1-2号楼精装修工程,0,NULL,中建一局集团装饰工程有限公司,0001010000430010
1016225,鲁能星城外滩4号地1-4#、6-14#楼室内公共区域装修工程	,0,11,中建一局集团装饰工程有限公司,0001010000430010
1013888,中建一局大厦2层装修、改造项目,0,NULL,中建一局集团装饰工程有限公司,0001010000430010
1011327,太原万科系列工程,0,11,中建一局集团装饰工程有限公司,0001010000430010
1010797,人民传媒大厦项目（B座莱商银行大厦）室内精装修工程施工一标段,0,NULL,中建一局集团装饰工程有限公司,0001010000430010
1008464,中央储备粮创业直属库有限公司洪河分公司粮食仓储物流项目,0,11,中建一局集团装饰工程有限公司,0001010000430010
1002910,北京坊文福记室内装修工程,0,NULL,中建一局集团装饰工程有限公司,0001010000430010
994181,C3C4研发楼等2项项目—精装修工程,0,NULL,中建一局集团装饰工程有限公司,0001010000430010
990947,北京市天坛公园东二门福饮店铺装修改造工程,0,NULL,中建一局集团装饰工程有限公司,0001010000430010
112193,济宁市看守所、拘留所迁建项目墙地砖劳务分包工程,0,NULL,中建一局集团装饰工程有限公司,0001010000430010
101877,真功夫集团冷链物流项目之桩基础工程,0,NULL,中建一局集团装饰工程有限公司,0001010000430010
99425,一渡项目2-1#地块三标段室内及公共部位精装工程,0,NULL,中建一局集团装饰工程有限公司,0001010000430010
97089,山西文澜府地块三项目精装工程,0,NULL,中建一局集团装饰工程有限公司,0001010000430010
95906,成都置信国色天乡鹭湖宫十五、十六期精装修项目,0,NULL,中建一局集团装饰工程有限公司,0001010000430010
95489,保利迎水道项目临时样板间精装修工程,0,11,中建一局集团装饰工程有限公司,0001010000430010
96188,石家庄万科中央公园项目SLC室内装修工程,0,NULL,中建一局集团装饰工程有限公司,0001010000430010
91134,京东方先进技术实验室二期工程北京总部项目精装修工程,0,NULL,中建一局集团装饰工程有限公司,0001010000430010
89658,晋阳湖西岸SLC室内装修工程,0,NULL,中建一局集团装饰工程有限公司,0001010000430010
90040,昆明市西山区南坝中心学校排危新建工程,0,NULL,中建一局集团装饰工程有限公司,0001010000430010
81606,海南五指山（畅好雅韵）项目一标段5#、6#楼安装及土          建整改完善工程、二标段1#，2#，3＃，4＃，7#，8#住              宅楼整体建设工程,0,11,中建一局集团装饰工程有限公司,0001010000430010
82877,空军军训器材技术培训中心拆除前中央空调管道、热水改造,0,NULL,中建一局集团装饰工程有限公司,0001010000430010
83411,S1高层8#楼样板间公共区域精装工程,0,NULL,中建一局集团装饰工程有限公司,0001010000430010
58409,德基广场一期商场扶梯装饰及改造（大小中庭，共22部扶梯）工程,0,NULL,中建一局集团装饰工程有限公司,0001010000430010
51980,伊斯卡（上海）硬质合金刀具新建厂房项目,0,NULL,中建一局集团装饰工程有限公司,0001010000430010
60489,中国驻瑞士使馆12号院建筑维修改造工程,0,NULL,中建一局集团装饰工程有限公司,0001010000430010
47312,迎宾府幼儿园室内装饰工程,0,NULL,中建一局集团装饰工程有限公司,0001010000430010
44391,某单位机关楼及家属院维修工程项目,0,NULL,中建一局集团装饰工程有限公司,0001010000430010
61554,甘家口大厦公共区域精装修,0,11,中建一局集团装饰工程有限公司,0001010000430010
27494,沈阳市妇女会馆迁建工程,0,NULL,中建一局集团装饰工程有限公司,0001010000430010
28010,天津农商银行北辰顺义道分理处装修改造工程,0,NULL,中建一局集团装饰工程有限公司,0001010000430010
27287,青年公社一期11#楼商业装修工程,0,NULL,中建一局集团装饰工程有限公司,0001010000430010
25467,爱立信研发中心2#楼7/8层内装修工程二期工程,0,NULL,中建一局集团装饰工程有限公司,0001010000430010
825052,孝感孝昌碧桂园一期一标段货量区装修工程-劳务,0,NULL,中建一局集团装饰工程有限公司,0001010000430010
15715,哈尔滨卷烟厂易地搬迁技术改造项目外墙石材装饰工程,0,11,中建一局集团装饰工程有限公司,0001010000430010
27984,中储粮东北综合产业基地项目综合办公楼精装修施工招标（二次）,0,NULL,中建一局集团装饰工程有限公司,0001010000430010
28024,京东方光科技有限公司（DK20120070地块）核心能力大楼项目精装修工程,0,NULL,中建一局集团装饰工程有限公司,0001010000430010
15761,上海世纪汇广场项目吊顶安装分包工程,0,NULL,中建一局集团装饰工程有限公司,0001010000430010
13448,大连国际会议中心,0,NULL,中建一局集团装饰工程有限公司,0001010000430010
20239,中外运长航上海世博办公楼精装修专业分包工程（标段三）,0,NULL,中建一局集团装饰工程有限公司,0001010000430010
9973,巴哈马Baha Mar大型海岛度假村项目,0,11,中建一局集团装饰工程有限公司,0001010000430010
9218,淮安苏宁电器广场项目,0,11,中建一局集团装饰工程有限公司,0001010000430010
8595,大连华信（国际）软件园商业配套项目部,0,11,中建一局集团装饰工程有限公司,0001010000430010
7245,金融街(和平)中心项目汇金中心精装修工程,0,NULL,中建一局集团装饰工程有限公司,0001010000430010
9171,中国第一历史档案馆办公楼公共部分恢复性修缮粉刷工程,0,NULL,中建一局集团装饰工程有限公司,0001010000430010
4104,徐州苏宁广场售楼处装饰工程,0,NULL,中建一局集团装饰工程有限公司,0001010000430010
1378,(2510150006)鄂尔多斯源盛生活区配套项目,0,11,中建一局集团装饰工程有限公司,0001010000430010
244,东方文化大厦办公区装饰工程,0,NULL,中建一局集团装饰工程有限公司,0001010000430010
816917,唐山市中心医院项目（原凤凰新城唐山工人医院一期剩余工程）门诊医技楼、病房楼-劳务,0,NULL,中建一局集团装饰工程有限公司,0001010000430010
4496,福建省福清市医院新院（一期）二次装修工程,0,NULL,中建一局集团装饰工程有限公司,0001010000430010
268,房山拱辰项目（一期）叠拼及小高层公共区域精装修工程,0,NULL,中建一局集团装饰工程有限公司,0001010000430010
815691,合肥京东方医院精装修工程-劳务,NULL,NULL,中建一局集团装饰工程有限公司,0001010000430010
1082751,通州区上营街2号院4号楼6层601、602、7层701内部装修工程,0,11,中建一局集团装饰工程有限公司,0001010000430010
1064527,哈尔滨市胸科医院新建综合楼配套工程项目,0,5,中建一局集团装饰工程有限公司,0001010000430010
1047309,融通地产（广东）有限责任公司融寓广州五山店和东山口店项目装修改造总承包工程,0,11,中建一局集团装饰工程有限公司,0001010000430010
1043156,中航技H5号楼装修改造工程,0,11,中建一局集团装饰工程有限公司,0001010000430010
1040602,广西百矿冶金技术研究有限公司-2023年研究院办公楼精装修项目,0,11,中建一局集团装饰工程有限公司,0001010000430010
1017915,西安奕斯伟集成电路产业基地项目装饰工程（材料公司）,0,11,中建一局集团装饰工程有限公司,0001010000430010
1014054,伊春市中心城区供热改造（一级网改造工程）,0,5,中建一局集团装饰工程有限公司,0001010000430010
1013994,房山区拱辰街道FS00-0111-0017地块R2二类居住用地、FS00-0111-0019地块R2二类居住用地项目售楼处与展示样板间精装修工程,0,11,中建一局集团装饰工程有限公司,0001010000430010
1003368,西安奕斯伟集成电路产业基地项目,0,11,中建一局集团装饰工程有限公司,0001010000430010
1003164,阿尔及利亚驻华使馆地面站平台,0,NULL,中建一局集团装饰工程有限公司,0001010000430010
1002574,天门市支行营业部装修改造项目,0,NULL,中建一局集团装饰工程有限公司,0001010000430010
1001284,贵阳远大生态风景三期二组团A标（30#~36#楼）精装修总承包工程一标段,0,NULL,中建一局集团装饰工程有限公司,0001010000430010
999395,天津兴津武清055地块项目公区及室内精装修工程（一标段、三标段）,0,NULL,中建一局集团装饰工程有限公司,0001010000430010
998688,伊春市友好区供热管网基础设施建设项目EPC施工总承包,0,5,中建一局集团装饰工程有限公司,0001010000430010
991703,越秀区城市更新改造补短板项目-李白巷2号非遗及文创中心建设工程设计施工总承包,0,NULL,中建一局集团装饰工程有限公司,0001010000430010
112122,融创.中国石斛湾建设项目一期(EPC)-装修工程,0,NULL,中建一局集团装饰工程有限公司,0001010000430010
105004,廊坊市固安项目二期小学及幼儿园精装修工程,0,4,中建一局集团装饰工程有限公司,0001010000430010
110124,中信·香水湾酒店项目前期主体结构维护服务及EPC建设工程,0,11,中建一局集团装饰工程有限公司,0001010000430010
84988,显示驱动芯片COF卷带生产项目,0,NULL,中建一局集团装饰工程有限公司,0001010000430010
81502,沈阳地铁十号线工程装饰装修工程施工（第七标段）,0,NULL,中建一局集团装饰工程有限公司,0001010000430010
83289,北京市仁和医院内部科室零星装修改造工程,0,NULL,中建一局集团装饰工程有限公司,0001010000430010
55416,安徽京东方能源投资有限公司1.14MW分布式光伏发电项目、安徽京东方能源投资有限公司2.7MW分布式光伏发电项目,0,NULL,中建一局集团装饰工程有限公司,0001010000430010
51617,亿量西山项目,0,4,中建一局集团装饰工程有限公司,0001010000430010
34275,1#住宅（商品房）等2项（朝阳区六公主坟棚户区改造地块住宅及配套项目）精装修工程二标段,0,4,中建一局集团装饰工程有限公司,0001010000430010
40825,无锡北邮国昊物联生态园项目（一期）1#科研办公楼、2#科研配套楼外立面幕墙施工承包工程,0,4,中建一局集团装饰工程有限公司,0001010000430010
30283,军事医学博物馆七层基础装修工程,0,NULL,中建一局集团装饰工程有限公司,0001010000430010
28148,外滩SOHO顶层办公室精装修工程,0,NULL,中建一局集团装饰工程有限公司,0001010000430010
27232,沈河区人民法院审判综合楼装修改造工程三标段,0,NULL,中建一局集团装饰工程有限公司,0001010000430010
26851,北京农商银行系列工程2,0,NULL,中建一局集团装饰工程有限公司,0001010000430010
17458,中国邮政储蓄银行股份有限公司天津分行营运用房整修工程,0,NULL,中建一局集团装饰工程有限公司,0001010000430010
20845,泛利大厦3层、14层公共区域内装修工程,0,NULL,中建一局集团装饰工程有限公司,0001010000430010
823682,陕西省引汉济渭调度管理中心项目施工III标项,0,NULL,中建一局集团装饰工程有限公司,0001010000430010
13253,玫琳凯办公室装修工程,0,NULL,中建一局集团装饰工程有限公司,0001010000430010
14775,空客办公室改造工程,0,NULL,中建一局集团装饰工程有限公司,0001010000430010
11269,东北亚国际金融中心一期工程（装修工程）（四标段）,0,NULL,中建一局集团装饰工程有限公司,0001010000430010
10249,齐齐哈尔万达广场项目室内亲子主题乐园内装工程,0,NULL,中建一局集团装饰工程有限公司,0001010000430010
13254,ABB(中国)有限公司合肥办公室装修改造工程,0,11,中建一局集团装饰工程有限公司,0001010000430010
12596,深圳市佰仟金融服务有限公司武汉第二呼叫中心室内装饰装修,0,NULL,中建一局集团装饰工程有限公司,0001010000430010
12406,中建一局集团大厦改造机电安装工程（机电）,0,NULL,中建一局集团装饰工程有限公司,0001010000430010
9686,博鳌-金海湾项目1#、2#、5#、6#住宅楼及地下室建筑、安装工程,0,NULL,中建一局集团装饰工程有限公司,0001010000430010
7979,天津华强3D影视产业基地体验区装饰一标段内外装工程,0,11,中建一局集团装饰工程有限公司,0001010000430010
7247,上海金融街海伦中心项目精装修分包工程（一标段）,0,NULL,中建一局集团装饰工程有限公司,0001010000430010
8430,“会展城上城”项目（B25#地块）公共区域及商业街精装修工程,0,NULL,中建一局集团装饰工程有限公司,0001010000430010
5171,安苑北里5号楼综合整治项目,0,NULL,中建一局集团装饰工程有限公司,0001010000430010
9256,ABB一期装修工程,0,NULL,中建一局集团装饰工程有限公司,0001010000430010
4495,珠海中信红树湾三期17栋室内精装修工程,0,NULL,中建一局集团装饰工程有限公司,0001010000430010
9695,阜阳市要素大市场室内装饰装修工程施工项目,0,NULL,中建一局集团装饰工程有限公司,0001010000430010
4103,新金融有限公司办公楼室内装饰工程,0,NULL,中建一局集团装饰工程有限公司,0001010000430010
4101,青岛健康管理中心装修工程,0,11,中建一局集团装饰工程有限公司,0001010000430010
3573,农商行系列项目,0,NULL,中建一局集团装饰工程有限公司,0001010000430010
2163,太原万国城MOM∧项目三期18#楼SPA会所精装修指定专业分包工程,0,NULL,中建一局集团装饰工程有限公司,0001010000430010
1080580,郑州市公共卫生应急救治中心(市一院港区医院二期)项目精装修工程分包工程,0,11,中建一局集团装饰工程有限公司,0001010000430010
1064629,殷墟遗址博物馆建设项目精装区装饰装修工程,0,11,中建一局集团装饰工程有限公司,0001010000430010
1064204,国投舟山燃气发电项目厂前区工程施工项目,0,5,中建一局集团装饰工程有限公司,0001010000430010
1055214,耀辉置业改造修缮项目,0,11,中建一局集团装饰工程有限公司,0001010000430010
1049506,西安奕斯伟集成电路产业基地项目装饰工程（D0楼）,0,11,中建一局集团装饰工程有限公司,0001010000430010
1045257,南京市秦淮区游府西街42号商业项目,0,11,中建一局集团装饰工程有限公司,0001010000430010
1032262,中安创谷科技园二期装修工程（第四批）,0,11,中建一局集团装饰工程有限公司,0001010000430010
1028431,西安奕斯伟硅产业基地二期项目,0,11,中建一局集团装饰工程有限公司,0001010000430010
1020250,济南城市发展集团有限公司房屋装修改造项目,0,11,中建一局集团装饰工程有限公司,0001010000430010
1018629,界首市疾病预防控制中心防病综合楼项目建设后续提升项目,0,11,中建一局集团装饰工程有限公司,0001010000430010
1018140,深圳市城市轨道交通13号线二工区建筑装饰工程,0,11,中建一局集团装饰工程有限公司,0001010000430010
1009220,北京丰台区勤俐得宾馆改造项目总承包工程,0,NULL,中建一局集团装饰工程有限公司,0001010000430010
1004117,哈尔滨市胸科医院新建综合楼项目施工,0,NULL,中建一局集团装饰工程有限公司,0001010000430010
996680,怀柔区雁栖湖柏崖厂村B-13、B-14、HR-0009-0113地块居住及配套用地项目（1#住宅等27项）公共区域精装修工程,0,NULL,中建一局集团装饰工程有限公司,0001010000430010
991646,泰安市中心医院高新区院区一期门诊楼、医技病房楼内部装饰装修项目(第一批次) 一标段,0,NULL,中建一局集团装饰工程有限公司,0001010000430010
105262,乐亭金茂华府项目,0,11,中建一局集团装饰工程有限公司,0001010000430010
107122,小街项目A10、A13地块样板房精装修工程,0,11,中建一局集团装饰工程有限公司,0001010000430010
106706,京东方重庆第6代AMOLED（柔性）生产线项目装饰工程（A、C标段）,0,NULL,中建一局集团装饰工程有限公司,0001010000430010
99362,武汉文一·云水湾项目1#、2#、6#、7#、8#楼公共区域装饰工程,0,NULL,中建一局集团装饰工程有限公司,0001010000430010
98089,京东贝科技园10#楼六层精装修工程,0,11,中建一局集团装饰工程有限公司,0001010000430010
89848,北京市仁和医院供应室修复改造工程,0,11,中建一局集团装饰工程有限公司,0001010000430010
84403,世茂陕西太白国风雅颂项目,0,NULL,中建一局集团装饰工程有限公司,0001010000430010
81971,陕西省引汉济渭调度管理中心项目施工Ⅲ标项,0,NULL,中建一局集团装饰工程有限公司,0001010000430010
83825,天津生态城9B地块住宅项目（美嘉园）室内及公共区域精装修（二标段）专业分包工程,0,NULL,中建一局集团装饰工程有限公司,0001010000430010
83929,北京苏宁便利店装饰工程项目,0,NULL,中建一局集团装饰工程有限公司,0001010000430010
58335,积木宝贝幼儿园国樾园室内外精装修工程,0,NULL,中建一局集团装饰工程有限公司,0001010000430010
45916,房山项目二期精装修工程,0,NULL,中建一局集团装饰工程有限公司,0001010000430010
62777,天津生态城和畅园应急维修服务合同,0,11,中建一局集团装饰工程有限公司,0001010000430010
55732,合肥京东方医院精装修工程,0,NULL,中建一局集团装饰工程有限公司,0001010000430010
45245,河钢路东延及窦后大街南延工程EPC总承包,0,NULL,中建一局集团装饰工程有限公司,0001010000430010
28229,麦当劳系列项目2,0,NULL,中建一局集团装饰工程有限公司,0001010000430010
45888,丰台区玉林里25号楼装修改造系列项目,0,NULL,中建一局集团装饰工程有限公司,0001010000430010
28355,阳澄湖项目临时售楼处内部装饰工程项目,0,NULL,中建一局集团装饰工程有限公司,0001010000430010
28482,万彩城A5样板房精装修项目,0,NULL,中建一局集团装饰工程有限公司,0001010000430010
17371,ＣＮＡＢＢ亦庄室内装饰装修工程,0,NULL,中建一局集团装饰工程有限公司,0001010000430010
25645,苏州红星办公室精装修分包工程,0,NULL,中建一局集团装饰工程有限公司,0001010000430010
18382,西单银座中心装修改造工程,0,NULL,中建一局集团装饰工程有限公司,0001010000430010
824585,阳光城文澜府项目-劳务,0,NULL,中建一局集团装饰工程有限公司,0001010000430010
16357,国付宝中国电子大厦办公区域装修改造工程,0,NULL,中建一局集团装饰工程有限公司,0001010000430010
17382,石家庄富丽湾生态社区会所精装修工程,0,NULL,中建一局集团装饰工程有限公司,0001010000430010
13231,大连南娄海景中心精装修工程,0,11,中建一局集团装饰工程有限公司,0001010000430010
12975,克里斯科岛五星级水疗度假酒店工程,0,NULL,中建一局集团装饰工程有限公司,0001010000430010
11438,爱立信研发中心2号楼办公区装修工程（机电）,0,NULL,中建一局集团装饰工程有限公司,0001010000430010
9258,ABB(中国)有限公司北京总部B6前台装修改造工程,0,NULL,中建一局集团装饰工程有限公司,0001010000430010
820631,京东方先进技术实验室二期工程北京总部项目精装修工程-劳务,NULL,NULL,中建一局集团装饰工程有限公司,0001010000430010
820265,1#研发综合楼第6项GT改性高分子环保材料及其制品（环保食品包装容器）幕墙工程-劳务,0,NULL,中建一局集团装饰工程有限公司,0001010000430010
8976,合肥鑫晟电子器件厂综合配套区一期工程,0,11,中建一局集团装饰工程有限公司,0001010000430010
8239,晋中万科朗润园项目1.1期装修工程,0,11,中建一局集团装饰工程有限公司,0001010000430010
7625,济南天鸿田园新城系列项目,0,NULL,中建一局集团装饰工程有限公司,0001010000430010
3575,2014年北四环店改造工程,0,11,中建一局集团装饰工程有限公司,0001010000430010
4176,远大林语城项目2期公区装饰工程,0,NULL,中建一局集团装饰工程有限公司,0001010000430010
1086002,中建一局华南公司佛山分公司精装修工程,0,11,中建一局集团装饰工程有限公司,0001010000430010
1074236,玉桃园一区11号楼、13号楼、14号楼、16号楼、17号楼、18号楼、19号楼老旧小区综合整治项目项目部,0,4,中建一局集团装饰工程有限公司,0001010000430010
1068494,第一批央企在京老旧小区综合整治项目（标包二十二)(西城区天桥街道）工程总承包（EPC）,0,4,中建一局集团装饰工程有限公司,0001010000430010
1062095,深圳市城市轨道交通13号线二期(北延)工程主体工程13111标段七工区车站公共区装饰装修工程,0,11,中建一局集团装饰工程有限公司,0001010000430010
1058670,重庆市第四人民医院科学城院区建设项目室内精装修工程,0,11,中建一局集团装饰工程有限公司,0001010000430010
1057706,平谷兴谷城市公园附属绿化工程,0,11,中建一局集团装饰工程有限公司,0001010000430010
1044747,西宁市湟源县万丰工程队家属院等 19 个老旧小区区内配套基础设施建设项目,0,5,中建一局集团装饰工程有限公司,0001010000430010
1043655,广州市越秀区第三空间汽车小镇项目装修改造总承包工程01,0,11,中建一局集团装饰工程有限公司,0001010000430010
1041707,京东方第6代新型半导体显示器件生产线项目装饰工程（A、B标段）,0,11,中建一局集团装饰工程有限公司,0001010000430010
1027031,黑龙江省哈尔滨市2023年老旧小区改造项目EPC工程总承包项目（六标段）,0,4,中建一局集团装饰工程有限公司,0001010000430010
1025633,财政部南配楼及礼堂装修改造项目,0,5,中建一局集团装饰工程有限公司,0001010000430010
1023032,苏地2014-G-70号地块一辅房外立面工程,0,4,中建一局集团装饰工程有限公司,0001010000430010
1017552,2022年度新城国际广场办公装修改造工程,0,5,中建一局集团装饰工程有限公司,0001010000430010
1011778,大学城地下空间利用体育空间精装修工程,0,11,中建一局集团装饰工程有限公司,0001010000430010
1011298,泰来县2021年危桥改造项目工程,0,NULL,中建一局集团装饰工程有限公司,0001010000430010
1009164,中福彩即开型彩票科技文化园项目施工,0,5,中建一局集团装饰工程有限公司,0001010000430010
1004056,梦粱园酒店装饰装修EPC项目,0,11,中建一局集团装饰工程有限公司,0001010000430010
993205,佳木斯大学实验实训大楼,0,NULL,中建一局集团装饰工程有限公司,0001010000430010
111951,中外运大厦改造项目装饰工程,0,NULL,中建一局集团装饰工程有限公司,0001010000430010
108135,中建一局集团培训中心宿舍楼装修改造项目,0,NULL,中建一局集团装饰工程有限公司,0001010000430010
95262,大连东港G03地块项目垃圾房工程,0,11,中建一局集团装饰工程有限公司,0001010000430010
92678,上海市宝山区淞南镇N12-0102单元03-01地块项目精装修工程（一期3、4#楼）专业分包工程,0,NULL,中建一局集团装饰工程有限公司,0001010000430010
92051,太原万科紫院项目别墅、商墅外立面装修工程,0,NULL,中建一局集团装饰工程有限公司,0001010000430010
97013,中国农业银行公主坟办公楼综合维修改造工程,0,11,中建一局集团装饰工程有限公司,0001010000430010
95259,大连东港E11地块项目垃圾房工程,0,11,中建一局集团装饰工程有限公司,0001010000430010
84766,重庆建行分行大楼裙楼新建建行标识项目,0,11,中建一局集团装饰工程有限公司,0001010000430010
84607,协会办公室局部装修工程,0,NULL,中建一局集团装饰工程有限公司,0001010000430010
81200,2018年湖州天鸿系列项目,0,11,中建一局集团装饰工程有限公司,0001010000430010
84359,太和县妇幼保健院城关卫生院等建设项目施工,0,NULL,中建一局集团装饰工程有限公司,0001010000430010
82069,天鸿君邑外墙砖脱落维修,0,11,中建一局集团装饰工程有限公司,0001010000430010
81198,2018年邮局系列项目,0,NULL,中建一局集团装饰工程有限公司,0001010000430010
80732,北京市仁和医院1#楼、2#楼、3#楼、停车楼外立面改造工程,0,NULL,中建一局集团装饰工程有限公司,0001010000430010
80776,唐山市中心医院项目（凤凰新城唐山工人医院一期剩余工程）门诊楼1、3层（不含楼梯间及前室）及病房楼1-10层装饰及水电专业分包工程,0,NULL,中建一局集团装饰工程有限公司,0001010000430010
83935,京东方光科技有限公司（DK20120071地块）核心能力大楼项目-机电（一般征收）,0,NULL,中建一局集团装饰工程有限公司,0001010000430010
84402,石家庄国控万科丰收路项目SLC室内外装及金属屋面工程,0,NULL,中建一局集团装饰工程有限公司,0001010000430010
81465,长兴科技二期厂房室外总包工程,0,NULL,中建一局集团装饰工程有限公司,0001010000430010
77758,正尚国际金融广场项目（大融城）室内公共区域精装修工程,0,NULL,中建一局集团装饰工程有限公司,0001010000430010
57207,长春市如意溪安全教育体验公园建设项目设计-采购-施工工程总承包,0,NULL,中建一局集团装饰工程有限公司,0001010000430010
63926,天宝时代项目办公区域装修工程,0,11,中建一局集团装饰工程有限公司,0001010000430010
51822,中国远大天津紫庭名苑住宅小区1.2期公共区域精装修工程,0,4,中建一局集团装饰工程有限公司,0001010000430010
52104,北京新机场临空经济区市政交通配套工程永兴河北路（大广高速~磁大路）道路及综合管廊工程（五标段）,0,NULL,中建一局集团装饰工程有限公司,0001010000430010
45012,国泰平安百货门店改造工程（2017）,0,NULL,中建一局集团装饰工程有限公司,0001010000430010
27752,碧桂园-城市花园一期一标段展示区精装修工程,0,NULL,中建一局集团装饰工程有限公司,0001010000430010
25736,上海电机学院中德智能制造学院环境改造项目,0,NULL,中建一局集团装饰工程有限公司,0001010000430010
24902,传染病所菌毒种、样本及媒介生物样本库建设和安防系统升级改造工程,0,NULL,中建一局集团装饰工程有限公司,0001010000430010
25435,珠海中信红树湾三期22栋户内精装修工程,0,NULL,中建一局集团装饰工程有限公司,0001010000430010
24712,长春格来得大厦幕墙及电气、给排水、通风、消防等工程,0,NULL,中建一局集团装饰工程有限公司,0001010000430010
825182,成都大邑安仁文化度假酒店装饰装修工程-劳务,0,NULL,中建一局集团装饰工程有限公司,0001010000430010
17472,天津中新生态城美林园《二期》精装工程,0,11,中建一局集团装饰工程有限公司,0001010000430010
15690,重庆恒安戴斯大酒店装饰装修工程,0,NULL,中建一局集团装饰工程有限公司,0001010000430010
26058,大兴区旧宫镇明悦嘉园工程项目,0,NULL,中建一局集团装饰工程有限公司,0001010000430010
28160,中国建筑一局大厦2-3层装修工程（机电）,0,NULL,中建一局集团装饰工程有限公司,0001010000430010
17729,哈尔滨松北富力城首开区住宅楼（A1#-A11#）室内装饰装修工程,0,NULL,中建一局集团装饰工程有限公司,0001010000430010
18375,中国电科太极信息技术产业基地项目精装修工程,0,NULL,中建一局集团装饰工程有限公司,0001010000430010
16948,南京紫峰大厦商场改造精装修工程,0,NULL,中建一局集团装饰工程有限公司,0001010000430010
15363,北京市工商行政管理局海淀分局地下档案室改造项目,0,NULL,中建一局集团装饰工程有限公司,0001010000430010
10611,海航系列项目,0,NULL,中建一局集团装饰工程有限公司,0001010000430010
14595,国家电网公司智能电网科研产业（南京）基地装饰装修,0,11,中建一局集团装饰工程有限公司,0001010000430010
9254,银川穆斯林商贸城东配楼外幕墙改造及室内装饰装修工程,0,11,中建一局集团装饰工程有限公司,0001010000430010
7262,ABB(中国)有限公司唐山办公室装修改造工程,0,11,中建一局集团装饰工程有限公司,0001010000430010
820384,碧桂园.悦华府1#2#3#5#6#楼及地下室装修工程-劳务,0,NULL,中建一局集团装饰工程有限公司,0001010000430010
9238,北京长乐宝苑二期AB区工程,0,NULL,中建一局集团装饰工程有限公司,0001010000430010
3574,北京市人民检察院204#会议室改造项目,0,11,中建一局集团装饰工程有限公司,0001010000430010
1087493,第一批在京中央企业老旧小区综合整治项目（标包五）（海淀区北太平庄街道、花园路街道）工程总承包（EPC）一标段施工,0,5,中建一局集团装饰工程有限公司,0001010000430010
1085712,第三批央企在京老旧小区综合整治项目(标包一百四十六) (丰台区东高地街道)工程总承包(EPC),0,4,中建一局集团装饰工程有限公司,0001010000430010
1027126,集成电路标准厂房（二期） 项目（集成电路生产厂房 2 生产区 1-2 等 13 项）室内装修工程（一标段）,0,NULL,中建一局集团装饰工程有限公司,0001010000430010
1014876,哈尔滨市南岗区2022年老旧小区改造施工项目（四标段）,0,11,中建一局集团装饰工程有限公司,0001010000430010
1012644,哈工大文轩科技创新园区（二期）3号地、4号地项目施工,0,5,中建一局集团装饰工程有限公司,0001010000430010
1009376,奕斯伟板级封装系统集成电路项目装饰工程,0,11,中建一局集团装饰工程有限公司,0001010000430010
1001170,平江时代售楼处及临时样板房精装修工程,0,11,中建一局集团装饰工程有限公司,0001010000430010
1000624,大连机场国际头等舱修缮项目-施工,0,NULL,中建一局集团装饰工程有限公司,0001010000430010
1000077,人民传媒大厦项目（B座莱商银行大厦）室内精装饰工程一标段,0,NULL,中建一局集团装饰工程有限公司,0001010000430010
996015,华测导航厂房建设项目铝合金窗及外饰面工程,0,NULL,中建一局集团装饰工程有限公司,0001010000430010
992540,怀柔区陈各庄村HR00-0010-6047地块项目公共区域精装修工程,0,NULL,中建一局集团装饰工程有限公司,0001010000430010
110850,长沙惠科第 8.6代超高清新型显示器件生产线项目主厂房一般装修工程,0,NULL,中建一局集团装饰工程有限公司,0001010000430010
99647,朝阳区东三环北路6号楼一层103室内装修、二层局部内装修工程,0,NULL,中建一局集团装饰工程有限公司,0001010000430010
99151,马拉博军用车辆仓库项目,0,NULL,中建一局集团装饰工程有限公司,0001010000430010
99310,北京研祥工业互联网研发中心装修工程,0,NULL,中建一局集团装饰工程有限公司,0001010000430010
96887,唐山美术馆装修改造工程,0,NULL,中建一局集团装饰工程有限公司,0001010000430010
89807,西安奕斯伟硅产业基地项目,0,NULL,中建一局集团装饰工程有限公司,0001010000430010
89659,太原万科蓝山六期外墙装饰工程,0,NULL,中建一局集团装饰工程有限公司,0001010000430010
84346,鸿基世业大酒店项目,0,NULL,中建一局集团装饰工程有限公司,0001010000430010
83789,千渡·东山晴项目商业综合楼（2-28#楼）室内精装修工程,0,NULL,中建一局集团装饰工程有限公司,0001010000430010
84896,武汉高世代薄膜晶体管液晶显示器件（TFT-LCD）生产线项目,0,NULL,中建一局集团装饰工程有限公司,0001010000430010
61552,高邑县千秋路容貌提升工程EPC总承包,0,NULL,中建一局集团装饰工程有限公司,0001010000430010
83410,S1高层8#楼样板间精装修工程,0,NULL,中建一局集团装饰工程有限公司,0001010000430010
73058,御泉庄温泉文化旅游城别墅 A/B户型室内、外精装修工程（样板间）,0,11,中建一局集团装饰工程有限公司,0001010000430010
82070,中国建筑一局（集团）有限公司投资运营公司办公室装修改造,0,11,中建一局集团装饰工程有限公司,0001010000430010
56790,北京新机场临空经济区市政交通配套工程永兴河北路（大广高速~磁大路）道路及综合管廊工程（五标段）-总承包,0,11,中建一局集团装饰工程有限公司,0001010000430010
47383,世茂·悦澜城售楼处及样板间精装修工程,0,NULL,中建一局集团装饰工程有限公司,0001010000430010
40944,金融街·（和平）中心项目汇金中心精装修二标段补充协议（二）,0,NULL,中建一局集团装饰工程有限公司,0001010000430010
57013,北京市宣武区教育委员会房管所施家幼儿园整体改造,0,11,中建一局集团装饰工程有限公司,0001010000430010
45151,中国驻慕尼黑总领馆馆舍新建工程,0,NULL,中建一局集团装饰工程有限公司,0001010000430010
41016,山西太原中泰广场工程（精装修工程）,0,NULL,中建一局集团装饰工程有限公司,0001010000430010
30389,天津地铁6号线工程（肿瘤医院站、天津宾馆站）内檐装饰装修工程十标段,0,NULL,中建一局集团装饰工程有限公司,0001010000430010
26809,太原万科金域华府北区2#3#4#楼装修总包工程,0,NULL,中建一局集团装饰工程有限公司,0001010000430010
20874,天津农商银行制卡生产项目内装修工程一标段,0,2,中建一局集团装饰工程有限公司,0001010000430010
26852,首都航空乘务准备室局部改造海航系列2,0,NULL,中建一局集团装饰工程有限公司,0001010000430010
25664,【西宁海湖万达广场】项目11号楼公共区域装修工程,0,NULL,中建一局集团装饰工程有限公司,0001010000430010
27876,大都会·四号地（天汇中心）公寓室内精装修工程,0,NULL,中建一局集团装饰工程有限公司,0001010000430010
17763,中外运长航上海世博办公楼项目精装修专业承包工程（标段二）,0,NULL,中建一局集团装饰工程有限公司,0001010000430010
11468,苏州绿地中央广场2#地块一期会所精装修工程,0,NULL,中建一局集团装饰工程有限公司,0001010000430010
13252,晋中万科朗润园三期（A1 -A4# A4#楼）精装修工程,0,NULL,中建一局集团装饰工程有限公司,0001010000430010
15466,天津世贸津南新城项目I地块售楼处精装修工程,0,NULL,中建一局集团装饰工程有限公司,0001010000430010
821672,上海市宝山区淞南镇N12-0102单元03-01地块项目-劳务,0,NULL,中建一局集团装饰工程有限公司,0001010000430010
11272,太原万科柏翠园万科中心项目售楼处装修工程,0,NULL,中建一局集团装饰工程有限公司,0001010000430010
7241,中国光大银行天津后台服务中心项目精装修工程,0,NULL,中建一局集团装饰工程有限公司,0001010000430010
8977,(251011S9014)中日友好医院中央保健医疗康复中心工程,0,NULL,中建一局集团装饰工程有限公司,0001010000430010
8233,北京有色金属研究总院北院新建职工住宅楼室内精装修工程,0,NULL,中建一局集团装饰工程有限公司,0001010000430010
6243,远大林语城南地块一期A1及A3临时样板间装饰工程,0,NULL,中建一局集团装饰工程有限公司,0001010000430010
1958,(2510210008)大连华信（国际）软件园居住配套项目,0,NULL,中建一局集团装饰工程有限公司,0001010000430010
3377,北京京东方运营与研发中心项目,0,NULL,中建一局集团装饰工程有限公司,0001010000430010
3233,昆明万达广场项目室内亲子主题乐园内装工程,0,NULL,中建一局集团装饰工程有限公司,0001010000430010
212,中豪健身室内装修工程,0,NULL,中建一局集团装饰工程有限公司,0001010000430010
815701,金水建业凯旋广场二期集中商业（一标段）公共区域装修工程-劳务,NULL,NULL,中建一局集团装饰工程有限公司,0001010000430010
1022258,东昌路绿色低碳改造项目二期,1,4,中建一局集团总承包建设有限公司,0001010000430039
1015782,宁阳县凤仙山旅游区开发建设项目设计施工总承包（EPC）,0,5,中建一局集团总承包建设有限公司,0001010000430039
112227,张家口市第四中学新校区综合改造及新建项目二期工程操场及看台、地下车库及大门施工,0,4,中建一局集团总承包建设有限公司,0001010000430039
83958,弘润.金茂府（滨海）2#、3#楼，2#车库项目,0,NULL,中建一局集团总承包建设有限公司,0001010000430039
830418,青少年校外活动基地和教育研修中心,NULL,NULL,中建一局集团总承包建设有限公司,0001010000430039
66649,潍坊一象澜湾项目,0,0,中建一局集团总承包建设有限公司,0001010000430039
826972,广西幼儿师范高等专科学校武鸣校区项目（一期）工程总承包-劳务,NULL,NULL,中建一局集团总承包建设有限公司,0001010000430039
21219,兰州中川国际机场综合交通枢纽-P2停车楼项目,0,NULL,中建一局集团总承包建设有限公司,0001010000430039
20275,兰石集团老厂区改造项目,0,1,中建一局集团总承包建设有限公司,0001010000430039
17726,长白山池西区东参商务会所项目,0,5,中建一局集团总承包建设有限公司,0001010000430039
16882,计算科学二期工程,0,NULL,中建一局集团总承包建设有限公司,0001010000430039
8456,海淀上庄项目,0,5,中建一局集团总承包建设有限公司,0001010000430039
819281,沃尔玛（惠州）乐世界购物中心工程-劳务,0,NULL,中建一局集团总承包建设有限公司,0001010000430039
818762,徐州市2018-1地块建设项目A-1地块项目工程-劳务,0,NULL,中建一局集团总承包建设有限公司,0001010000430039
640,夏各庄新城5B及1#地块项目1,0,5,中建一局集团总承包建设有限公司,0001010000430039
655,合肥华仑皖新文化科技创新中心住宅部分工程施工总承包一标段,0,5,中建一局集团总承包建设有限公司,0001010000430039
4388,（2101110032）远东溪隐府住宅小区工程,0,5,中建一局集团总承包建设有限公司,0001010000430039
816042,滨海湖三期住宅工程（天津滨海生态旅游度假区A17地块）施工总承包工程-劳务,NULL,NULL,中建一局集团总承包建设有限公司,0001010000430039
813949,公兴（中电子）再生水厂一期一阶段工程PPP项目,NULL,NULL,中建一局集团总承包建设有限公司,0001010000430039
1070773,广西体育局项目,0,4,中建一局集团总承包建设有限公司,0001010000430039
994007,深圳市中医肛肠医院（福田）新址建设工程施工总承包,0,4,中建一局集团总承包建设有限公司,0001010000430039
100932,太康县滨湖花园棚户区改造项目,0,2,中建一局集团总承包建设有限公司,0001010000430039
80314,杭州运河文化艺术中心项目,0,NULL,中建一局集团总承包建设有限公司,0001010000430039
30882,东方广场项目,0,NULL,中建一局集团总承包建设有限公司,0001010000430039
22250,琼海官塘郡项目,0,5,中建一局集团总承包建设有限公司,0001010000430039
16881,兰州市轨道交通1号线沿线疏解道路工程第七标段,0,NULL,中建一局集团总承包建设有限公司,0001010000430039
13473,北京耀辉国际城发展项目,0,5,中建一局集团总承包建设有限公司,0001010000430039
16386,中国音乐学院综合教学楼项目,0,5,中建一局集团总承包建设有限公司,0001010000430039
823578,房山区长阳镇06、07街区五片区项目FS10-0107-0046地块,0,NULL,中建一局集团总承包建设有限公司,0001010000430039
15227,济南中弘广场-1,0,5,中建一局集团总承包建设有限公司,0001010000430039
821975,滨海·弘润府项目-劳务,0,NULL,中建一局集团总承包建设有限公司,0001010000430039
12460,无锡北塘项目售楼处,0,5,中建一局集团总承包建设有限公司,0001010000430039
9411,天津东丽区华明镇日月湾国际总部商务园,0,5,中建一局集团总承包建设有限公司,0001010000430039
3870,临夏小麦加民族文化旅游产业园,0,NULL,中建一局集团总承包建设有限公司,0001010000430039
814532,中国邮政储蓄银行合肥基地（三期） 建设项目-劳务,0,NULL,中建一局集团总承包建设有限公司,0001010000430039
995243,国投宝原健康养老综合体项目一阶段总承包工程,0,4,中建一局集团总承包建设有限公司,0001010000430039
111474,天辰齐翔新材料有限公司尼龙新材料项目土建工程9-1标段,0,NULL,中建一局集团总承包建设有限公司,0001010000430039
79135,中国社会科学院东坝职工住宅项目,0,5,中建一局集团总承包建设有限公司,0001010000430039
67824,太原恒大书院四期,0,NULL,中建一局集团总承包建设有限公司,0001010000430039
30838,重庆中迪广场（5#、6#、7#、8#楼及通道）工程,0,NULL,中建一局集团总承包建设有限公司,0001010000430039
26029,弘润迪士尼温泉小镇,0,NULL,中建一局集团总承包建设有限公司,0001010000430039
36476,临沂宝丽·未来城项目,0,NULL,中建一局集团总承包建设有限公司,0001010000430039
26342,烟台利群国际广场及接待中心项目,0,NULL,中建一局集团总承包建设有限公司,0001010000430039
26028,山东寿光泰晤士小镇•伯爵庄园项目,0,NULL,中建一局集团总承包建设有限公司,0001010000430039
15350,品纳轲,0,5,中建一局集团总承包建设有限公司,0001010000430039
821720,济宁市高新区前苏村、后苏村城中村棚户区改造（F+EPC）总承包项目-劳务,0,NULL,中建一局集团总承包建设有限公司,0001010000430039
819454,济宁市看守所、拘留所迁建项目-劳务,NULL,NULL,中建一局集团总承包建设有限公司,0001010000430039
1080,天润城十六街区26-31号楼北区二标段工程,0,5,中建一局集团总承包建设有限公司,0001010000430039
4319,大观天下北区三期工程,0,5,中建一局集团总承包建设有限公司,0001010000430039
812406,重庆中迪广场项目,0,NULL,中建一局集团总承包建设有限公司,0001010000430039
1062857,南宁市第二中学(凤岭校区)教学综合楼项目,0,4,中建一局集团总承包建设有限公司,0001010000430039
1026556,济宁国家高新技术产业开发区智慧低碳新能源装备智能制造产业园基础设施配套项目,0,2,中建一局集团总承包建设有限公司,0001010000430039
1021375,济南移动生产调度用房装修改造工程,0,5,中建一局集团总承包建设有限公司,0001010000430039
1002325,能矿产业服务中心项目,0,NULL,中建一局集团总承包建设有限公司,0001010000430039
999694,衢州求益中学项目,0,4,中建一局集团总承包建设有限公司,0001010000430039
83440,河南骏化发展股份有限公司锅炉升压节能改造蒸汽阶梯综合利用项目冷却塔及储煤筒仓桩基工程,0,5,中建一局集团总承包建设有限公司,0001010000430039
47155,运城万达广场,0,4,中建一局集团总承包建设有限公司,0001010000430039
57048,成都中粮幼儿园项目,0,NULL,中建一局集团总承包建设有限公司,0001010000430039
48484,济南华山东片区五地块房地产开发项目,0,NULL,中建一局集团总承包建设有限公司,0001010000430039
829566,蓝山上城小区项目,0,NULL,中建一局集团总承包建设有限公司,0001010000430039
24992,中化弘润油库扩建项目,0,0,中建一局集团总承包建设有限公司,0001010000430039
26875,邳州经济开发区产业新城产业定向自助房项目,0,5,中建一局集团总承包建设有限公司,0001010000430039
825756,银都·公园府项目工程,NULL,NULL,中建一局集团总承包建设有限公司,0001010000430039
27528,杭政储出［2013］115号地块商业商务及娱乐设施用房二标段,0,NULL,中建一局集团总承包建设有限公司,0001010000430039
822680,山西大学东山校区（一期第一阶段）B-6学生食堂、B-7学生公寓、B-8学生公寓项目,0,NULL,中建一局集团总承包建设有限公司,0001010000430039
10652,澳中财富中心二期工程前期附属工程,0,5,中建一局集团总承包建设有限公司,0001010000430039
10637,上影安吉·新奇世界项目唐韵A区/B区/C区(A09/A13/A14地块)施工总承包工程,0,5,中建一局集团总承包建设有限公司,0001010000430039
821555,成都市简州新城石盘安置房A项目（一期1、6、7、8号地块）勘察-设计-施工一体化总承包（EPC)项目-劳务,NULL,NULL,中建一局集团总承包建设有限公司,0001010000430039
9887,潮白河东部孔雀城普通商品住宅小区三、四标段,0,NULL,中建一局集团总承包建设有限公司,0001010000430039
820260,学府壹号项目-劳务,NULL,NULL,中建一局集团总承包建设有限公司,0001010000430039
7468,太湖新城一号地块A地块住宅,0,5,中建一局集团总承包建设有限公司,0001010000430039
4378,（2101780012）北京市亚信联创研发中心,0,5,中建一局集团总承包建设有限公司,0001010000430039
814309,昆明市综合交通国际枢纽建设项目基坑支护工程-劳务,0,NULL,中建一局集团总承包建设有限公司,0001010000430039
813315,榆林万达广场工程-劳务,NULL,NULL,中建一局集团总承包建设有限公司,0001010000430039
1085345,中车北京二七智能制造园改造项目(一期工程）（一标段）,0,4,中建一局集团总承包建设有限公司,0001010000430039
1027713,宁阳县月牙湖周边提升改造设计施工一体化总承包（EPC）建设项目,0,5,中建一局集团总承包建设有限公司,0001010000430039
1023821,天津海吉星国际农产品物流园二期车板配送区肉类交易中心项目,0,4,中建一局集团总承包建设有限公司,0001010000430039
1016012,杏花岭区老旧小区改造项目（三桥片区三桥街小区等15个小区）设计施工总承包（EPC）001标段项目,0,NULL,中建一局集团总承包建设有限公司,0001010000430039
112483,微山县人民医院医养结合综合体项目,0,4,中建一局集团总承包建设有限公司,0001010000430039
97824,A栋软件研发生产楼等9项（久其软件研发项目）,0,5,中建一局集团总承包建设有限公司,0001010000430039
90904,海淀区“海淀北部地区整体开发”翠湖科技园HD00-0303-6022地块R2二类居住用地项目（1#住宅楼等28项）,0,NULL,中建一局集团总承包建设有限公司,0001010000430039
67811,两江.中迪广场,0,NULL,中建一局集团总承包建设有限公司,0001010000430039
76424,寿光市孙家集马瞳新片区改造1-8#楼项目,0,NULL,中建一局集团总承包建设有限公司,0001010000430039
825433,烟台红星国际广场项目,0,NULL,中建一局集团总承包建设有限公司,0001010000430039
25737,临夏小麦加民族文化旅游产业园项目,0,NULL,中建一局集团总承包建设有限公司,0001010000430039
26271,杭政储出[2013]115号地块商业商务及娱乐设施用房二标段工程,0,NULL,中建一局集团总承包建设有限公司,0001010000430039
823920,6537公寓楼工程-劳务,0,NULL,中建一局集团总承包建设有限公司,0001010000430039
12647,镇江中建大观天下南区一期工程,0,4,中建一局集团总承包建设有限公司,0001010000430039
14627,浙江遂昌凯兴开元大酒店建筑安装工程,0,5,中建一局集团总承包建设有限公司,0001010000430039
14622,长白山池南区漫江风情小镇一期项目,0,5,中建一局集团总承包建设有限公司,0001010000430039
6652,山海湖高档休闲住宅社区项目,0,5,中建一局集团总承包建设有限公司,0001010000430039
9467,（2101010024）耀辉国际城,0,5,中建一局集团总承包建设有限公司,0001010000430039
821164,丝绸之路风情城二期1#-6#楼施工工程-劳务,0,NULL,中建一局集团总承包建设有限公司,0001010000430039
3872,中粮朗云项目,0,NULL,中建一局集团总承包建设有限公司,0001010000430039
1451,京棉项目,0,5,中建一局集团总承包建设有限公司,0001010000430039
4389,（2101780009）鄂尔多斯市滨湖尚品公馆,0,5,中建一局集团总承包建设有限公司,0001010000430039
3871,(CNTJ100008)天辰科技园酒店式公寓（二期）项目,0,NULL,中建一局集团总承包建设有限公司,0001010000430039
3440,（2101780040）中信庐山西海旅游度假区A7、A8地块项目,0,5,中建一局集团总承包建设有限公司,0001010000430039
1074264,朝阳区东风乡苇西安置房项目（1#住宅楼等19项）,0,4,中建一局集团总承包建设有限公司,0001010000430039
1019811,任城区Rrx_21006钢材市场A地块商住项目和中垠·铂悦府幼儿园项目一标段总承包施工,0,NULL,中建一局集团总承包建设有限公司,0001010000430039
1004037,泰安市大汶河中游高新区段湿地生态保护与综合利用工程（徂汶景区南段）设计施工总承包（EPC）,0,4,中建一局集团总承包建设有限公司,0001010000430039
1003677,深圳南华村棚户区改造项目,0,4,中建一局集团总承包建设有限公司,0001010000430039
1001925,济南市市中区基础教育设施魏华小学和前魏华初中工程总承包（EPC）,0,2,中建一局集团总承包建设有限公司,0001010000430039
1000881,雄安绿色建筑展示中心项目,0,4,中建一局集团总承包建设有限公司,0001010000430039
112524,翰林院一期施工项目,0,5,中建一局集团总承包建设有限公司,0001010000430039
111792,盐城市第三人民医院南院二期工程,0,4,中建一局集团总承包建设有限公司,0001010000430039
95118,当代城MOMA三期（南堰村城中村改造）项目,0,5,中建一局集团总承包建设有限公司,0001010000430039
89210,句容集美雅苑二标段施工总承包,0,5,中建一局集团总承包建设有限公司,0001010000430039
89175,徐州金茂项目,0,NULL,中建一局集团总承包建设有限公司,0001010000430039
45118,潼南区时代广场项目,0,NULL,中建一局集团总承包建设有限公司,0001010000430039
64995,西安航天动力研究所科研楼新区（XI区）,0,NULL,中建一局集团总承包建设有限公司,0001010000430039
44788,徐家湾旧城改造项目,0,NULL,中建一局集团总承包建设有限公司,0001010000430039
9461,（2101780052）大庆绿地中央工程项目,0,5,中建一局集团总承包建设有限公司,0001010000430039
6623,上影安吉影视产业园·新奇世界文化旅游区展示中心工程,0,4,中建一局集团总承包建设有限公司,0001010000430039
4717,潮白河东部孔雀城普通住宅项目一标段（1）,0,5,中建一局集团总承包建设有限公司,0001010000430039
3135,（2101780064）信达香堤国际一期Ⅱ标段建筑安装工程,0,5,中建一局集团总承包建设有限公司,0001010000430039
4105,（2101780025）信达香堤国际一期,0,5,中建一局集团总承包建设有限公司,0001010000430039
464,（2101780016）中信庐山西海国际旅游度假区指挥部,0,5,中建一局集团总承包建设有限公司,0001010000430039
67825,滨海湖三期住宅工程（天津滨海生态旅游度假区A17地块）施工总承包工程,0,NULL,中建一局集团总承包建设有限公司,0001010000430039
1068928,启动区滨水商业商务区商业综合体项目D01-07-11地块,0,4,中建一局集团总承包建设有限公司,0001010000430039
1022237,海口市国际免税城项目（地块三）,0,NULL,中建一局集团总承包建设有限公司,0001010000430039
999182,中国兵器工业集团航空弹药研究院有限公司XX生产能力建设项目、“十三五”安全技术改造建设项目、SDBXX生产能力建设项目、布局调整等生产能力建设项目施工（第一标段）,0,4,中建一局集团总承包建设有限公司,0001010000430039
994505,滦州荣望府项目,0,4,中建一局集团总承包建设有限公司,0001010000430039
994180,博兴县草柳编产业园区基础设施建设项目EPC总承包,0,2,中建一局集团总承包建设有限公司,0001010000430039
992535,太原市急救中心PCR实验室建设工程,0,4,中建一局集团总承包建设有限公司,0001010000430039
111626,衢州高铁新城智慧产业园（四期）,0,2,中建一局集团总承包建设有限公司,0001010000430039
84099,滨州北海经济开发区医养护一体化项目,0,4,中建一局集团总承包建设有限公司,0001010000430039
81881,北大医疗产业园科技有限公司,0,4,中建一局集团总承包建设有限公司,0001010000430039
54270,萧政储出（2013）11号地块综合体项目,0,NULL,中建一局集团总承包建设有限公司,0001010000430039
46046,陈塘庄货场铁路职工定向安置经济适用房,0,4,中建一局集团总承包建设有限公司,0001010000430039
29088,东河沿、辛庄回迁房项目应急供水工程,0,5,中建一局集团总承包建设有限公司,0001010000430039
17451,天津市东丽区丽东苑项目,0,4,中建一局集团总承包建设有限公司,0001010000430039
22256,合肥华仑住宅,0,5,中建一局集团总承包建设有限公司,0001010000430039
824224,中国乐谷音乐休闲公园项目（市政）工程-劳务,NULL,NULL,中建一局集团总承包建设有限公司,0001010000430039
17395,廊坊科通家园一期,0,5,中建一局集团总承包建设有限公司,0001010000430039
822033,A栋软件研发生产楼等9项（久其软件研发项目）-劳务,NULL,NULL,中建一局集团总承包建设有限公司,0001010000430039
821082,青少年校外活动基地和教育研修中心等2项-劳务,NULL,NULL,中建一局集团总承包建设有限公司,0001010000430039
10165,镇江中建大观天下北区一期工程,0,5,中建一局集团总承包建设有限公司,0001010000430039
8619,官塘郡项目部,0,5,中建一局集团总承包建设有限公司,0001010000430039
4353,海尔临天下,0,5,中建一局集团总承包建设有限公司,0001010000430039
4380,廊坊科通嘉园小区二期,0,5,中建一局集团总承包建设有限公司,0001010000430039
1023941,黄城根小学房山分校,0,NULL,中建一局集团总承包建设有限公司,0001010000430039
1022251,海口市国际免税城项目（地块四）,0,NULL,中建一局集团总承包建设有限公司,0001010000430039
1021783,先正达,0,4,中建一局集团总承包建设有限公司,0001010000430039
1009104,高唐县市民中心项目设计施工一体化 (EPC),0,2,中建一局集团总承包建设有限公司,0001010000430039
1006681,扬子江智慧中心桩基及基坑支护工程,0,4,中建一局集团总承包建设有限公司,0001010000430039
1005767,菏泽市枫叶小镇康养、文旅、田园综合体EPC总承包项目,0,5,中建一局集团总承包建设有限公司,0001010000430039
999035,极深地下极低辐射本底前沿物理实验设施施工III标项目,0,5,中建一局集团总承包建设有限公司,0001010000430039
994375,藁城区增村中心卫生院发热门诊楼建设项目,0,2,中建一局集团总承包建设有限公司,0001010000430039
106702,泰山神农智谷-时代云著建设项目,0,5,中建一局集团总承包建设有限公司,0001010000430039
109781,嘉武东西协作共建示范产业园项目,0,4,中建一局集团总承包建设有限公司,0001010000430039
22255,洑溪府,0,NULL,中建一局集团总承包建设有限公司,0001010000430039
19768,（2101780033）镇江新生村项目一期工程,0,5,中建一局集团总承包建设有限公司,0001010000430039
824055,2号航站楼要客休息室配套改造项目-劳务,0,NULL,中建一局集团总承包建设有限公司,0001010000430039
14440,天津东丽区华明镇日月湾国际总部商务园-1,0,5,中建一局集团总承包建设有限公司,0001010000430039
17252,烟台蓝色智谷项目,0,NULL,中建一局集团总承包建设有限公司,0001010000430039
10896,潮白河东部孔雀城普通住宅项目一标段（2）,0,5,中建一局集团总承包建设有限公司,0001010000430039
11608,北京市平谷区夏各庄镇1-07地块项目,0,5,中建一局集团总承包建设有限公司,0001010000430039
10898,太原港丽城住宅小区项目,0,NULL,中建一局集团总承包建设有限公司,0001010000430039
14892,天津北塘TBD海泰总部基地三期项目,0,1,中建一局集团总承包建设有限公司,0001010000430039
9889,兰州国际酒店项目,0,NULL,中建一局集团总承包建设有限公司,0001010000430039
6435,（2101780063）无锡北塘项目售楼处,0,5,中建一局集团总承包建设有限公司,0001010000430039
814924,（2101780057）中西医结合医院改扩建项目-劳务,NULL,NULL,中建一局集团总承包建设有限公司,0001010000430039
811665,潮白河孔雀城紫薇园住宅小区项目,NULL,NULL,中建一局集团总承包建设有限公司,0001010000430039
999183,中国兵器工业集团航空弹药研究院有限公司XX生产能力建设项目、“十三五”安全技术改造建设项目、SDBXX生产能力建设项目、布局调整等生产能力建设项目施工（第二标段）,0,4,中建一局集团总承包建设有限公司,0001010000430039
998156,极深地下极低辐射本底前沿物理实验设施 国家重大科技基础设施项目Ⅲ标段,0,4,中建一局集团总承包建设有限公司,0001010000430039
993053,福田区慢性病防治中心重建工程主体施工总承包,0,NULL,中建一局集团总承包建设有限公司,0001010000430039
991714,天辰齐翔新材料有限公司尼龙新材料项目机电工程9-1标段,0,5,中建一局集团总承包建设有限公司,0001010000430039
89895,瑞银信金融广场1#-7#住宅楼、住宅地下车库,0,NULL,中建一局集团总承包建设有限公司,0001010000430039
76352,烟气脱硝系统产业化项目（综合制造及配套厂房和试验场地）,0,NULL,中建一局集团总承包建设有限公司,0001010000430039
825558,大兴区庞各庄镇PGZ01-05地块商业办公项目临时办公用房项目,NULL,NULL,中建一局集团总承包建设有限公司,0001010000430039
16267,红星国际广场项目,0,4,中建一局集团总承包建设有限公司,0001010000430039
18809,（2101780042）宜兴市汇龙商务中心桩基工程,0,5,中建一局集团总承包建设有限公司,0001010000430039
823491,海淀区西北旺新村C3-02地块幼儿园项目（幼儿园等2项）-劳务,NULL,NULL,中建一局集团总承包建设有限公司,0001010000430039
15349,金世纪大酒店二期工程,0,5,中建一局集团总承包建设有限公司,0001010000430039
821084,济宁江北现代粮食物流园项目-劳务,0,NULL,中建一局集团总承包建设有限公司,0001010000430039
7607,北京市平谷区夏各庄镇5-01、5-02、5-03、5-06地块项目,0,5,中建一局集团总承包建设有限公司,0001010000430039
4555,鲁能三亚湾美丽五区项目（第四标段）（保障性住房部分）,0,5,中建一局集团总承包建设有限公司,0001010000430039
714,久其软件研发项目,0,5,中建一局集团总承包建设有限公司,0001010000430039
908,潮白河东部孔雀城普通住宅项目一标段,0,NULL,中建一局集团总承包建设有限公司,0001010000430039
3578,温州中心项目,0,5,中建一局集团总承包建设有限公司,0001010000430039
815357,0802-615地块学生集体宿舍2项、0802-618地块迁建附属小学教学楼、综合楼等4项,0,NULL,中建一局集团总承包建设有限公司,0001010000430039
1023822,天津海吉星国际农产品物流园农产品综合展销中心项目,0,4,中建一局集团总承包建设有限公司,0001010000430039
1008441,济南中海华山西片区H地块房地产开发项目,0,4,中建一局集团总承包建设有限公司,0001010000430039
1001518,北京清华长庚医院二期建设工程项目,0,NULL,中建一局集团总承包建设有限公司,0001010000430039
993922,容东片区E组团安置房及配套设施项目园林景观及小市政工程一标段,0,4,中建一局集团总承包建设有限公司,0001010000430039
992224,永锋百合新城智信园项目建安工程总包,0,5,中建一局集团总承包建设有限公司,0001010000430039
110548,丰台区城乡一体化槐房村新宫村旧村改造二期,0,NULL,中建一局集团总承包建设有限公司,0001010000430039
99207,国药控股江苏有限公司总部及省级物流中心项目,0,NULL,中建一局集团总承包建设有限公司,0001010000430039
89333,重庆恒森云熙台二号地块项目,0,4,中建一局集团总承包建设有限公司,0001010000430039
22251,电南科技发展大厦,0,2,中建一局集团总承包建设有限公司,0001010000430039
16226,黄台社区城中村改造居民生活保障用房项目一期工程A区,0,NULL,中建一局集团总承包建设有限公司,0001010000430039
825306,外滩壹号(北区6、7、8地块#中建一局标段),0,NULL,中建一局集团总承包建设有限公司,0001010000430039
16378,（2101780070）北京市烟草局研发中心建设项目1#研发楼等3项,0,5,中建一局集团总承包建设有限公司,0001010000430039
19920,（2101780047）微山县教育体育文化中心-体育场建设,0,5,中建一局集团总承包建设有限公司,0001010000430039
17737,佳木斯万达广场,0,4,中建一局集团总承包建设有限公司,0001010000430039
823811,北京低碳能源研究所及神华技术创新基地项目（CIGS-BIPV建筑能源集控与实验平台）,NULL,NULL,中建一局集团总承包建设有限公司,0001010000430039
12111,三亚中信半岛云邸项目会所及楼顶字钢结构工程,0,5,中建一局集团总承包建设有限公司,0001010000430039
823117,平谷区妇幼保健院迁建,0,NULL,中建一局集团总承包建设有限公司,0001010000430039
8632,滦平凤凰谷返迁房项目（1-11#楼）,0,5,中建一局集团总承包建设有限公司,0001010000430039
8455,（2101780065）宜兴苏宁天氿御城七区,0,5,中建一局集团总承包建设有限公司,0001010000430039
9471,（2101780050）微山县教育体育文化中心-文化中心,0,5,中建一局集团总承包建设有限公司,0001010000430039
9472,（2101780030）中信庐山西海巾口精品酒店、巾口西路及会所项目,0,5,中建一局集团总承包建设有限公司,0001010000430039
819880,泉州南少林寺片区及周边区域旧城改造项目A地块-劳务,NULL,NULL,中建一局集团总承包建设有限公司,0001010000430039
4719,中化弘润120万立方米原油及燃料储备项目,0,NULL,中建一局集团总承包建设有限公司,0001010000430039
816966,海淀区西北旺新村C2地块棚户区改造安置房项目一标段-劳务,NULL,NULL,中建一局集团总承包建设有限公司,0001010000430039
905,医药及生物工程自动化控制系统产业化和研发中心建设项目）,0,NULL,中建一局集团总承包建设有限公司,0001010000430039
1448,济南中弘广场项目,0,5,中建一局集团总承包建设有限公司,0001010000430039
815479,北航合肥科学城创新研究院主楼主体及附属工程,0,NULL,中建一局集团总承包建设有限公司,0001010000430039
1084010,第二批央企在京老旧小区综合整治项目 （标包七十）（丰台区长辛店街道） 工程总承包（EPC）,0,4,中建一局集团总承包建设有限公司,0001010000430039
1018106,中国康复研究中心发热门诊翻扩建项目,0,NULL,中建一局集团总承包建设有限公司,0001010000430039
1003387,大千佛山风景区绿道联通项目（二期)施工2标段,0,4,中建一局集团总承包建设有限公司,0001010000430039
999921,山东济宁运河天文馆场馆及院士站建设EPC总承包项目,0,5,中建一局集团总承包建设有限公司,0001010000430039
994289,清泉东山新城二期安置房建设项目,0,NULL,中建一局集团总承包建设有限公司,0001010000430039
99019,山西大学东山校区（一期第一段）B6学生食堂、B7学生公寓、B8学生公寓,0,5,中建一局集团总承包建设有限公司,0001010000430039
55622,兰州碧桂园项目,0,NULL,中建一局集团总承包建设有限公司,0001010000430039
67822,华阴市生物医药产业园一区,0,2,中建一局集团总承包建设有限公司,0001010000430039
26007,衢州万达广场项目,0,5,中建一局集团总承包建设有限公司,0001010000430039
825750,圆明园西路公寓区综合整治工程-劳务,0,NULL,中建一局集团总承包建设有限公司,0001010000430039
14439,首都机场物流园项目,0,5,中建一局集团总承包建设有限公司,0001010000430039
9465,（2101780072）夏各庄新城规划建设展示中心,0,5,中建一局集团总承包建设有限公司,0001010000430039
6379,丽都10号装修工程,0,5,中建一局集团总承包建设有限公司,0001010000430039
819752,太化·紫景天城-劳务,0,NULL,中建一局集团总承包建设有限公司,0001010000430039
818725,苏地2017-WG-20地块项目,0,NULL,中建一局集团总承包建设有限公司,0001010000430039
818031,烟台骅达农产品冷链物流批发市场项目-劳务,NULL,NULL,中建一局集团总承包建设有限公司,0001010000430039
817719,白鹤林小区项目-劳务,NULL,NULL,中建一局集团总承包建设有限公司,0001010000430039
4379,（2101780041）首都体育学院实验综合楼项目,0,5,中建一局集团总承包建设有限公司,0001010000430039
816946,南京市溧水区NO.2017G09地块工程-劳务,0,NULL,中建一局集团总承包建设有限公司,0001010000430039
816581,漳河新区2015市政道路项目（一期）工程-劳务,0,NULL,中建一局集团总承包建设有限公司,0001010000430039
1008233,局部调整等生产力建设项目施工工程,0,5,中建一局集团总承包建设有限公司,0001010000430039
81659,海泰北塘居住性公寓项目(北塘假日花园)一期商业及公寓42#楼施工总承包,0,5,中建一局集团总承包建设有限公司,0001010000430039
829293,重庆中迪广场项目-劳务,NULL,NULL,中建一局集团总承包建设有限公司,0001010000430039
22238,天津慧谷园,0,4,中建一局集团总承包建设有限公司,0001010000430039
27607,中化弘润油库扩建项目（四期）,0,NULL,中建一局集团总承包建设有限公司,0001010000430039
825296,水峪村城中村改造项目（一期）,NULL,NULL,中建一局集团总承包建设有限公司,0001010000430039
822602,实创医谷产业园(1#科研楼等24项)东区-劳务,NULL,NULL,中建一局集团总承包建设有限公司,0001010000430039
13659,江西省景德镇监狱迁建工程土石方、进场道路前期及箱涵施工项目,0,5,中建一局集团总承包建设有限公司,0001010000430039
820070,陡沟河污水处理厂项目-劳务,0,NULL,中建一局集团总承包建设有限公司,0001010000430039
3609,天津宝骏涂料厂环保产业园项目,0,5,中建一局集团总承包建设有限公司,0001010000430039
814923,川投西昌医院,NULL,NULL,中建一局集团总承包建设有限公司,0001010000430039
813896,华山东片区五地块房地产开发项目（二期）项目部-劳务,0,NULL,中建一局集团总承包建设有限公司,0001010000430039
109946,山东钢铁集团永锋临港有限公司临港先进优特钢产业基地一期项目厂前区,0,4,中建一局集团总承包建设有限公司,0001010000430039
102622,勤务汽车营宿舍楼整修工程,0,4,中建一局集团总承包建设有限公司,0001010000430039
84320,香颂理想花园住宅小区项目,0,NULL,中建一局集团总承包建设有限公司,0001010000430039
66707,禹洲中粮·都会09项目,0,NULL,中建一局集团总承包建设有限公司,0001010000430039
65241,杭政储出【2013】115号地块商业商务及娱乐设施用房一标段,0,NULL,中建一局集团总承包建设有限公司,0001010000430039
45408,燕都世界名园（项目名称）燕都世界名园一期43#、46#、64#、65#、66#住宅楼标段,0,NULL,中建一局集团总承包建设有限公司,0001010000430039
19373,（2101780034）中日友好医院中央保健医疗康复中心,0,5,中建一局集团总承包建设有限公司,0001010000430039
18463,天津新建南口路规划小学工程,0,5,中建一局集团总承包建设有限公司,0001010000430039
823990,西黄城根北街23号院、大拐棒胡同6号、警尔胡同7号节能综合改造工程,NULL,NULL,中建一局集团总承包建设有限公司,0001010000430039
14441,中关村永丰产业基地Ⅱ -22地块中关村壹号一期工程,0,5,中建一局集团总承包建设有限公司,0001010000430039
11774,安徽省立医院老年医学康复中心（南地块）工程基坑支护与土方工程施工,0,5,中建一局集团总承包建设有限公司,0001010000430039
11493,（2101780053）西单银座中心装修改造工程,0,5,中建一局集团总承包建设有限公司,0001010000430039
15584,潍坊弘润.达美水岸,0,NULL,中建一局集团总承包建设有限公司,0001010000430039
821642,寿县循理新嘉园项目设计-采购-施工（EPC）总承包-劳务,NULL,NULL,中建一局集团总承包建设有限公司,0001010000430039
820539,池州市人民医院外科综合楼建设项目-劳务,0,NULL,中建一局集团总承包建设有限公司,0001010000430039
6434,牡丹江万达项目,0,5,中建一局集团总承包建设有限公司,0001010000430039
3180,固安孔雀城听涛苑项目,0,5,中建一局集团总承包建设有限公司,0001010000430039
1453,（2101780075）南京天润城十六街区二标段,0,5,中建一局集团总承包建设有限公司,0001010000430039
1449,庐山西海项目,0,5,中建一局集团总承包建设有限公司,0001010000430039
815600,西安航天动力研究所科研新区与烟气脱硝系统产业化项目-劳务,NULL,NULL,中建一局集团总承包建设有限公司,0001010000430039
1025764,鱼台县医养中心项目,0,NULL,中建一局集团总承包建设有限公司,0001010000430039
1001581,北京清华长庚医院二期建设项目,0,4,中建一局集团总承包建设有限公司,0001010000430039
1000643,中国银行股份有限公司山东省分行本部新业务用房加固装修项目（一标段）,0,4,中建一局集团总承包建设有限公司,0001010000430039
109784,南京江北红色广场工程总承包项目,0,2,中建一局集团总承包建设有限公司,0001010000430039
96374,滨海·弘润府三期项目,0,NULL,中建一局集团总承包建设有限公司,0001010000430039
79272,滦平凤凰谷返迁房C标段总承包工程,0,5,中建一局集团总承包建设有限公司,0001010000430039
45516,兰州生物制品研究所项目,0,0,中建一局集团总承包建设有限公司,0001010000430039
825499,青岛科创大厦,NULL,NULL,中建一局集团总承包建设有限公司,0001010000430039
17260,（2101780069 ）临沂沂河湾生态商住区项目,0,5,中建一局集团总承包建设有限公司,0001010000430039
17461,慧谷园6~24#楼,0,NULL,中建一局集团总承包建设有限公司,0001010000430039
823312,中国电信博物馆室内外装修工程-劳务,NULL,NULL,中建一局集团总承包建设有限公司,0001010000430039
12459,北方工大第三实验楼,0,5,中建一局集团总承包建设有限公司,0001010000430039
3869,(2101200001)会龙山庄一期,0,0,中建一局集团总承包建设有限公司,0001010000430039
467,北五里新村工程,0,5,中建一局集团总承包建设有限公司,0001010000430039
4374,（2101780008）长沙满庭春MOMA三、四、五期,0,5,中建一局集团总承包建设有限公司,0001010000430039
814811,1#住宅楼（职工住宅）等5项,NULL,NULL,中建一局集团总承包建设有限公司,0001010000430039
814277,保利8号地块,NULL,NULL,中建一局集团总承包建设有限公司,0001010000430039
812767,山东省潍坊市寿光市泰晤士小镇伯爵庄园,NULL,NULL,中建一局集团总承包建设有限公司,0001010000430039
1085105,人民出版社新办公楼维修改造项目,0,4,中建一局集团总承包建设有限公司,0001010000430039
1022238,海口市国际免税城项目（地块一）,0,NULL,中建一局集团总承包建设有限公司,0001010000430039
1011580,松山湖台科片疏散安置项目,0,4,中建一局集团总承包建设有限公司,0001010000430039
96470,罗湖“二线插花地”棚户区改造项目施工总承包VI标布心片区01-08地块主体工程,0,5,中建一局集团总承包建设有限公司,0001010000430039
90450,苏地-2017-WG-20地块项目,0,NULL,中建一局集团总承包建设有限公司,0001010000430039
22235,夏各庄5B,0,5,中建一局集团总承包建设有限公司,0001010000430039
826236,长安第八小学EPC项目,0,NULL,中建一局集团总承包建设有限公司,0001010000430039
24540,定西琏鑫•龙湾半岛项目,0,4,中建一局集团总承包建设有限公司,0001010000430039
18351,海淀区温泉镇中心区F07地块中学工程,0,5,中建一局集团总承包建设有限公司,0001010000430039
18196,长白山池南区展示中心,0,5,中建一局集团总承包建设有限公司,0001010000430039
18806,南京天润城十六街区北区二标段工程,0,5,中建一局集团总承包建设有限公司,0001010000430039
11912,山西远大凤玺湾项目,0,5,中建一局集团总承包建设有限公司,0001010000430039
14640,齐齐哈尔劳教局项目,0,5,中建一局集团总承包建设有限公司,0001010000430039
5466,合肥华仑售楼处项目,0,5,中建一局集团总承包建设有限公司,0001010000430039
13671,罗山县宝城公馆壹号项目,0,5,中建一局集团总承包建设有限公司,0001010000430039
819771,幸福新村安置房项目二期-劳务,0,NULL,中建一局集团总承包建设有限公司,0001010000430039
6438,海尔山海湾项目,0,5,中建一局集团总承包建设有限公司,0001010000430039
1617,长白山池西区东参休闲生活区一期项目,0,5,中建一局集团总承包建设有限公司,0001010000430039
8882,承德开发区东区RBD项目,0,NULL,中建一局集团总承包建设有限公司,0001010000430039
1450,海尔即墨原乡项目,0,5,中建一局集团总承包建设有限公司,0001010000430039
814428,米易时光水街,NULL,NULL,中建一局集团总承包建设有限公司,0001010000430039
1050959,七里镇三期A地块项目EPC工程,0,4,中建一局集团总承包建设有限公司,0001010000430039
111066,山西太原市第九人民医院住院综合楼项目,0,5,中建一局集团总承包建设有限公司,0001010000430039
65239,山西大学建筑学院教学与实验楼项目,0,5,中建一局集团总承包建设有限公司,0001010000430039
27776,红蔷家园二期工程,0,5,中建一局集团总承包建设有限公司,0001010000430039
25873,三利大厦扩建工程,0,4,中建一局集团总承包建设有限公司,0001010000430039
25960,北塘TBD总部基地三期02-10、02-18、02-15地块采暖工程,0,4,中建一局集团总承包建设有限公司,0001010000430039
19922,（2101780011）合众思壮卫星导航产业基地,0,5,中建一局集团总承包建设有限公司,0001010000430039
5636,邯郸紫岸项目,0,NULL,中建一局集团总承包建设有限公司,0001010000430039
6433,三亚福海苑,0,5,中建一局集团总承包建设有限公司,0001010000430039
819984,郑州经开区瑞秀小区-劳务,NULL,NULL,中建一局集团总承包建设有限公司,0001010000430039
816112,华山西片区H地块房地产开发项目（一期）-劳务,0,NULL,中建一局集团总承包建设有限公司,0001010000430039
1072080,吉林年产10万吨锂离子电池负极材料,0,4,中建一局集团建设发展有限公司东北分公司,00010100004300040009
89994,安徽芜湖皖南医学院弋矶山医院,0,5,中建一局集团建设发展有限公司东北分公司,00010100004300040009
2399,(1101040039)沈阳中海商业二期,0,NULL,中建一局集团建设发展有限公司东北分公司,00010100004300040009
992709,沈阳市沈河区金廊22-1地块项目,0,5,中建一局集团建设发展有限公司东北分公司,00010100004300040009
63921,沈阳绿城全运村四期,0,NULL,中建一局集团建设发展有限公司东北分公司,00010100004300040009
2389,(1101040033)沈阳华润二期,0,NULL,中建一局集团建设发展有限公司东北分公司,00010100004300040009
1061715,辽沈工业集团有限公司非火工科研生产区,0,5,中建一局集团建设发展有限公司东北分公司,00010100004300040009
1055936,沈阳北方实验室北方信创产业园,0,5,中建一局集团建设发展有限公司东北分公司,00010100004300040009
1022357,沈阳细河路公交停(保)场,0,5,中建一局集团建设发展有限公司东北分公司,00010100004300040009
91606,大庆豫港龙泉铝合金加工材,0,NULL,中建一局集团建设发展有限公司东北分公司,00010100004300040009
39736,吉林梅河口康美医疗健康中心物流园,0,NULL,中建一局集团建设发展有限公司东北分公司,00010100004300040009
40802,辽宁天士力参茸保健品有限公司厂区土建及机电工程,0,NULL,中建一局集团建设发展有限公司东北分公司,00010100004300040009
36730,四川广安富盈酒店机电改造,0,NULL,中建一局集团建设发展有限公司东北分公司,00010100004300040009
39735,吉林梅河口康美医疗健康中心医疗园,0,NULL,中建一局集团建设发展有限公司东北分公司,00010100004300040009
16731,盘锦忠旺铝业一期一标段A区,0,NULL,中建一局集团建设发展有限公司东北分公司,00010100004300040009
10384,哈尔滨华润·欢乐颂,0,NULL,中建一局集团建设发展有限公司东北分公司,00010100004300040009
94775,大连星海湾一号二期,0,NULL,中建一局集团建设发展有限公司东北分公司,00010100004300040009
36652,吉林梅河口康美医疗健康中心医养园,0,NULL,中建一局集团建设发展有限公司东北分公司,00010100004300040009
2392,(1101040013)沈阳河畔新城六期,0,NULL,中建一局集团建设发展有限公司东北分公司,00010100004300040009
100606,张北阿里巴巴数据中心F栋机电,0,NULL,中建一局集团建设发展有限公司东北分公司,00010100004300040009
2403,(1101040030)国际农业科技创新中心,0,NULL,中建一局集团建设发展有限公司东北分公司,00010100004300040009
1025282,长春泰康之家吉园,0,5,中建一局集团建设发展有限公司东北分公司,00010100004300040009
1010183,沈阳北方实验室北方网络安全产业园,0,5,中建一局集团建设发展有限公司东北分公司,00010100004300040009
1005258,安徽省枞阳医养结合EPC项目,0,2,中建一局集团建设发展有限公司东北分公司,00010100004300040009
95760,哈尔滨深圳产业园科创总部,0,5,中建一局集团建设发展有限公司东北分公司,00010100004300040009
89260,张北阿里巴巴数据中心机电小二台,0,NULL,中建一局集团建设发展有限公司东北分公司,00010100004300040009
82719,安徽忠旺厂房,0,NULL,中建一局集团建设发展有限公司东北分公司,00010100004300040009
17513,鞍山银座综合体,0,NULL,中建一局集团建设发展有限公司东北分公司,00010100004300040009
1096527,吉林市桦甸鹏辉储能电站,0,4,中建一局集团建设发展有限公司东北分公司,00010100004300040009
1084789,吉林白城保供煤电D包,0,4,中建一局集团建设发展有限公司东北分公司,00010100004300040009
12378,沈阳中集车辆园,0,NULL,中建一局集团建设发展有限公司东北分公司,00010100004300040009
1346,中海广场项目三期K地块,0,NULL,中建一局集团建设发展有限公司东北分公司,00010100004300040009
111518,鞍山市公安局监管场所新建项目,0,5,中建一局集团建设发展有限公司东北分公司,00010100004300040009
104994,哈尔滨中国北药智慧产业新城A1地块,0,5,中建一局集团建设发展有限公司东北分公司,00010100004300040009
89241,大连中海海港城,0,NULL,中建一局集团建设发展有限公司东北分公司,00010100004300040009
2390,(1101040035)沈阳嘉里中心（一期C）,0,NULL,中建一局集团建设发展有限公司东北分公司,00010100004300040009
1079975,哈尔滨春汇碳纤维产业园（宾县）一期,0,4,中建一局集团建设发展有限公司东北分公司,00010100004300040009
999834,沈阳利星行凯悦酒店,0,5,中建一局集团建设发展有限公司东北分公司,00010100004300040009
1096359,长春榆树储能电站,0,4,中建一局集团建设发展有限公司东北分公司,00010100004300040009
89802,沈阳泰康之家沈园,0,5,中建一局集团建设发展有限公司东北分公司,00010100004300040009
20229,辽宁天士力现代中药示范工厂,0,NULL,中建一局集团建设发展有限公司东北分公司,00010100004300040009
18129,四川广安富盈洋房及商业,0,NULL,中建一局集团建设发展有限公司东北分公司,00010100004300040009
8380,沈阳嘉里A2地块商业,0,NULL,中建一局集团建设发展有限公司东北分公司,00010100004300040009
1096361,长春双阳储能电站,0,4,中建一局集团建设发展有限公司东北分公司,00010100004300040009
1077864,五大连池农田建设,0,5,中建一局集团建设发展有限公司东北分公司,00010100004300040009
1048418,长春泰康之家吉园总包,0,5,中建一局集团建设发展有限公司东北分公司,00010100004300040009
1031994,沈阳嘉里中心B地块3b3c期,0,5,中建一局集团建设发展有限公司东北分公司,00010100004300040009
1028164,合肥泰康之家徽园,0,5,中建一局集团建设发展有限公司东北分公司,00010100004300040009
93234,沈阳首开如院,0,5,中建一局集团建设发展有限公司东北分公司,00010100004300040009
28420,河南安阳内黄正大一期,0,NULL,中建一局集团建设发展有限公司东北分公司,00010100004300040009
2409,(2104082038)哈尔滨华润幸福里施工项目,0,NULL,中建一局集团建设发展有限公司东北分公司,00010100004300040009
95431,沈阳嘉里中心B地块3a1、3a2期,0,5,中建一局集团建设发展有限公司东北分公司,00010100004300040009
2378,华润置地橡树湾四期一标段,0,NULL,中建一局集团建设发展有限公司东北分公司,00010100004300040009
1062675,北京泰康之家北清府网络化,0,5,中建一局集团建设发展有限公司东北分公司,00010100004300040009
103783,张北数据中心2A3总承包工程,0,5,中建一局集团建设发展有限公司东北分公司,00010100004300040009
68911,巴中光正实验学校项目,0,NULL,中建一局集团建设发展有限公司东北分公司,00010100004300040009
998427,青岛泰康之家养老,0,5,中建一局集团建设发展有限公司东北分公司,00010100004300040009
109636,沈阳苏宁电子商务运营中心（一期）,0,5,中建一局集团建设发展有限公司东北分公司,00010100004300040009
55698,洛阳正大一期,0,NULL,中建一局集团建设发展有限公司东北分公司,00010100004300040009
7389,沈阳嘉里中心A2地块T2办公楼总承包工程,0,NULL,中建一局集团建设发展有限公司东北分公司,00010100004300040009
2411,(1101040037)沈阳市嘉里中心（C地块）机电,0,NULL,中建一局集团建设发展有限公司东北分公司,00010100004300040009
1001900,哈尔滨深圳产业园科创总部精装修,0,NULL,中建一局集团建设发展有限公司东北分公司,00010100004300040009
1000372,沈阳方大·世纪城01-C医养项目三标段,0,5,中建一局集团建设发展有限公司东北分公司,00010100004300040009
77551,沈阳中海和平之门5.1期,0,NULL,中建一局集团建设发展有限公司东北分公司,00010100004300040009
1078099,五大连池2025 年高标准农田建设,0,4,中建一局集团建设发展有限公司东北分公司,00010100004300040009
104389,吉林省43015-3EPC项目,0,2,中建一局集团建设发展有限公司东北分公司,00010100004300040009
89259,张北阿里巴巴数据中心机电,0,NULL,中建一局集团建设发展有限公司东北分公司,00010100004300040009
94652,大庆市八一农垦大学,0,NULL,中建一局集团建设发展有限公司东北分公司,00010100004300040009
2421,(1101040031)大连星海湾一号二期,0,NULL,中建一局集团建设发展有限公司东北分公司,00010100004300040009
1076137,中欧班列（郑州）集结中心郑州新郑综合保税区陆港片区集疏运枢纽建设项目一期首开区（查验仓库）施工总承包,0,5,中建市政工程有限公司,0001010000430077
1028576,氢燃料商用车及测试能力建设项目试车跑道等工程,0,4,中建市政工程有限公司,0001010000430077
1021843,空港型国家物流枢纽天津航空物流区职工配套服务中心项目EPC工程总承包,0,5,中建市政工程有限公司,0001010000430077
1006192,河南皇家驿站漯河漯湾古镇项目办公室,0,NULL,中建市政工程有限公司,0001010000430077
1006183,海口项目办公室,0,NULL,中建市政工程有限公司,0001010000430077
1005832,徐州龟山项目办公室,0,NULL,中建市政工程有限公司,0001010000430077
1005824,长春空港地铁项目办公室,0,NULL,中建市政工程有限公司,0001010000430077
999058,环通综合物流中心一期项目,0,4,中建市政工程有限公司,0001010000430077
998218,中建市政工程资金,0,NULL,中建市政工程有限公司,0001010000430077
112278,高新国际城（一期）工程总承包（EPC）项目,0,2,中建市政工程有限公司,0001010000430077
99447,五夷芯视界半导体产业园电子厂房（一期）建设项目（第一标段）项目,0,5,中建市政工程有限公司,0001010000430077
44566,宿迁市347省道洋河段建设工程PPP项目,0,3,中建市政工程有限公司,0001010000430077
821982,东新单元XC0606-A33-11地块36班小学,NULL,NULL,中建市政工程有限公司,0001010000430077
1103073,滏阳河流域水环境治理项目-巨鹿县城区洪溢河及三渠生态修复治理工程勘察、设计、施工EPC工程总承包(一标段),0,4,中建市政工程有限公司,0001010000430077
1087248,房山区拱辰街道旧村改造土地一级开发项目梅花南巷、梅花巷代征道路工程及雨水、污水、给水、再生水管线工程,0,5,中建市政工程有限公司,0001010000430077
1075044,轨道交通22号线（平谷线）平房停车场110kv变电所土建施工,0,5,中建市政工程有限公司,0001010000430077
1069370,龙泉驿区环卫中心建设工程,0,5,中建市政工程有限公司,0001010000430077
1057965,中央储备粮郴州直属库有限公司粮食仓储物流项目,0,5,中建市政工程有限公司,0001010000430077
1056997,国贸桥和国家会议中心至城市副中心行政办公区主要道路沿线（朝阳段）环境整治项目（一期）景观照明项目建设工程,0,11,中建市政工程有限公司,0001010000430077
1016066,杭州市下城区长木、草庵、沈家三村连片综合改造工程三分部,0,3,中建市政工程有限公司,0001010000430077
1006196,徐州党校项目办公室,0,NULL,中建市政工程有限公司,0001010000430077
1006189,徐州高新区项目办公室,0,NULL,中建市政工程有限公司,0001010000430077
1005827,新余棚改项目办公室,0,NULL,中建市政工程有限公司,0001010000430077
1005822,衡阳二环东路项目办公室,0,4,中建市政工程有限公司,0001010000430077
1002289,湖南三一中型起重机械有限公司项目联合食堂项目,0,4,中建市政工程有限公司,0001010000430077
998216,中建市政工程技术,0,NULL,中建市政工程有限公司,0001010000430077
998207,中建市政工程人力,0,NULL,中建市政工程有限公司,0001010000430077
110338,中共徐州市委党校迁建工程-新建学员食宿楼工程建设项目,0,5,中建市政工程有限公司,0001010000430077
98405,高铁站片区给水管网系统工程（一期）,0,5,中建市政工程有限公司,0001010000430077
95597,衡阳市二环东路工程项目,0,1,中建市政工程有限公司,0001010000430077
96187,玻利维亚尤库莫-圣博尔哈道路建设项目,0,3,中建市政工程有限公司,0001010000430077
78859,北京城市副中心行政办公区综合管廊工程施工总承包（六标段）,0,4,中建市政工程有限公司,0001010000430077
24817,纳溪中学迁建工程PPP项目,0,4,中建市政工程有限公司,0001010000430077
821580,三塘单元XC0507-R21-07地块拆迁安置房-劳务,0,NULL,中建市政工程有限公司,0001010000430077
8685,长沙高新区PPP项目部,0,3,中建市政工程有限公司,0001010000430077
1015456,沅江市安全饮水提级扩能建设项目一标段（大通湖垸集中供水项目EPC）,0,2,中建市政工程有限公司,0001010000430077
1008788,训练用房新建工程、万宁HSBC配套建设工程,0,2,中建市政工程有限公司,0001010000430077
1006193,河南皇家驿站襄阳关圣古镇项目办公室,0,4,中建市政工程有限公司,0001010000430077
1000190,徐州市新盛超华置业有限公司龟山6-1、6-2地块（2019-64号、2019-65号）项目,0,2,中建市政工程有限公司,0001010000430077
989682,徐州市解放南路地道工程,0,2,中建市政工程有限公司,0001010000430077
67858,衢化棚户区改造安置房一期项目（东区块）设计采购施工（EPC）总承包,0,5,中建市政工程有限公司,0001010000430077
10184,内江安置还房工程,0,5,中建市政工程有限公司,0001010000430077
13647,徐州市轨道交通1号线5标段,0,3,中建市政工程有限公司,0001010000430077
820683,东新单元XC0603-R21-02地块拆迁安置房-劳务,NULL,NULL,中建市政工程有限公司,0001010000430077
818893,年产10亿安时单体大容量固态聚合物动力锂离子电池生产项目-劳务,NULL,NULL,中建市政工程有限公司,0001010000430077
1082852,房山区学园南街(交驰路-白杨东路)道路工程及给水、再生水、雨水和污水管线工程,0,5,中建市政工程有限公司,0001010000430077
1023967,长天路市政工程（海盛路至南海大道段）施工,0,4,中建市政工程有限公司,0001010000430077
1015019,长沙县松雅湖生态新城人才公寓土石方及基坑支护工程,0,4,中建市政工程有限公司,0001010000430077
1013550,芜湖市弋江区奇瑞新能源四期建设项目一标,0,4,中建市政工程有限公司,0001010000430077
1006205,雄安新区项目办公室,0,NULL,中建市政工程有限公司,0001010000430077
998217,中建市政工程财务,0,NULL,中建市政工程有限公司,0001010000430077
998215,中建市政工程商务,0,NULL,中建市政工程有限公司,0001010000430077
105849,玻利维亚-玻利维亚圣何塞德奇基托斯-圣伊格纳希奥德贝拉斯科段道路建设项目,0,2,中建市政工程有限公司,0001010000430077
110125,济南市奥体中路（望华北街至小清河南路）道路建设工程,0,NULL,中建市政工程有限公司,0001010000430077
96815,国家级司法鉴定产业基地项目,0,NULL,中建市政工程有限公司,0001010000430077
95595,江西省新余国省道一级公路绕城改建工程PPP项目,0,2,中建市政工程有限公司,0001010000430077
80600,北京青龙湖项目0024地块施工总承包工程,0,NULL,中建市政工程有限公司,0001010000430077
824434,三塘单元XC0508-R21-01地块拆迁安置房,0,NULL,中建市政工程有限公司,0001010000430077
1643,衡阳来雁新城项目部,0,5,中建市政工程有限公司,0001010000430077
1078487,常宁市城区供水提质及智慧水务建设工程项目（一期）,0,5,中建市政工程有限公司,0001010000430077
1076549,博州博乐市前进水源工程设计采购施工总承包（EPC)）,1,5,中建市政工程有限公司,0001010000430077
1069912,乐山市苏稽新区基础设施建设工程(一期)PPP项目运营,0,3,中建市政工程有限公司,0001010000430077
1056229,欧辉试车跑道北侧围墙改造项目,0,5,中建市政工程有限公司,0001010000430077
1049914,轨道交通22号线（平谷线）工程土建施工13合同段,0,5,中建市政工程有限公司,0001010000430077
1028632,长沙县松雅湖生态新城人才公寓项目主体工程总承包（EPC）,1,2,中建市政工程有限公司,0001010000430077
1023533,大兴经开区南区产业配套基础设施（金苑路段）提升改造工程,0,NULL,中建市政工程有限公司,0001010000430077
1016065,杭州市下城区长木、草庵、沈家三村连片综合改造工程二分部,0,NULL,中建市政工程有限公司,0001010000430077
1005830,国道307项目办公室,0,NULL,中建市政工程有限公司,0001010000430077
1003917,三一重机南区研发中心配套服务项目,0,4,中建市政工程有限公司,0001010000430077
105445,杭州市下城区长木、草庵、沈家三村连片综合改造工程政府和社会资本合作项目,0,3,中建市政工程有限公司,0001010000430077
91895,北京市门头沟区龙泉镇MC00-0010-6004地块B2商务用地项目施工总承包工程,0,5,中建市政工程有限公司,0001010000430077
28320,北京城市副中心行政办公区启动区综合管廊工程（五标段）,0,4,中建市政工程有限公司,0001010000430077
816853,水发·颐和园工程一标段-劳务,NULL,NULL,中建市政工程有限公司,0001010000430077
813090,青龙湖A01项目部,NULL,NULL,中建市政工程有限公司,0001010000430077
1080258,杭州市水务集团七格污水厂三期分布式光伏施工,0,5,中建市政工程有限公司,0001010000430077
1032054,房山区拒马河（市界-龙安大桥山区段）水毁修复工程,0,5,中建市政工程有限公司,0001010000430077
1030402,深马慈湖高新科技产业园项目建安工程,0,5,中建市政工程有限公司,0001010000430077
1020768,三号院交流中心及科技展厅扩建工程施工总承包,0,5,中建市政工程有限公司,0001010000430077
1006195,环通综合物流中心一期项目办公室,0,NULL,中建市政工程有限公司,0001010000430077
1006186,门头沟项目办公室,0,NULL,中建市政工程有限公司,0001010000430077
1005823,徐州分公司办公室,0,NULL,中建市政工程有限公司,0001010000430077
998221,中建市政工程纪检,0,NULL,中建市政工程有限公司,0001010000430077
998220,中建市政工程审计,0,NULL,中建市政工程有限公司,0001010000430077
998210,中建市政工程市场,0,NULL,中建市政工程有限公司,0001010000430077
994593,国防科技大学X2003等七项工程EPC总承包工程项目,0,2,中建市政工程有限公司,0001010000430077
98410,特力-吉盟黄金首饰产业园升级改造项目03地块-基坑支护、土石方及桩基础工程,0,NULL,中建市政工程有限公司,0001010000430077
55697,206国道徐州改线段工程、426省道京台高速贾汪互通连接线工程4分部,0,3,中建市政工程有限公司,0001010000430077
6657,包头市新都市区工程,0,5,中建市政工程有限公司,0001010000430077
820389,东新单元XC0604-R21-02地块拆迁安置房-劳务,0,NULL,中建市政工程有限公司,0001010000430077
817810,426省道工程项目-劳务,NULL,NULL,中建市政工程有限公司,0001010000430077
817604,皇家驿站D2地块项目,0,NULL,中建市政工程有限公司,0001010000430077
1102617,四川省成都市2026年都江堰市高标准农田新建项目,0,5,中建市政工程有限公司,0001010000430077
1097187,伊州区五堡镇高得格村人居环境整治项目,0,5,中建市政工程有限公司,0001010000430077
1078630,宁远县城市供水管网提质改造工程,0,5,中建市政工程有限公司,0001010000430077
1031230,滏阳河流域水环境治理项目-巨鹿县城区洪溢河及三渠生态修复治理工程,0,2,中建市政工程有限公司,0001010000430077
1008969,康保县人民医院传染病楼建设项目办公室,0,NULL,中建市政工程有限公司,0001010000430077
1006207,湖南分公司办公室,0,NULL,中建市政工程有限公司,0001010000430077
1006190,浙江分公司办公室,0,NULL,中建市政工程有限公司,0001010000430077
1006188,徐州426项目办公室,0,NULL,中建市政工程有限公司,0001010000430077
1006187,衢州花港二期项目办公室,0,NULL,中建市政工程有限公司,0001010000430077
107500,现代美居南侧25米规划路项目,0,NULL,中建市政工程有限公司,0001010000430077
107352,特力金钻交易大厦施工总承包工程,0,4,中建市政工程有限公司,0001010000430077
104782,皇家驿站 A4 驿站区及 T 东（含部分 T 西楼栋）总承包工程项目,0,NULL,中建市政工程有限公司,0001010000430077
98986,情侣南路（横琴大桥至横琴二桥段）、洪屏二路南段市政道路工程项目情侣南路（横琴大桥至横琴二桥段）、洪屏二路南段市政道路工程项目部,0,3,中建市政工程有限公司,0001010000430077
96224,E60高速路楚马特了提-海威段升级改造项目,0,5,中建市政工程有限公司,0001010000430077
91667,徐州高新区生物医药产业园一期工程建设项目,0,2,中建市政工程有限公司,0001010000430077
83794,水发·颐和园工程一标段,0,2,中建市政工程有限公司,0001010000430077
44556,宿迁市宿城区交通建设工程PPP项目,0,3,中建市政工程有限公司,0001010000430077
6167,合肥京商商贸城项目J地块,0,5,中建市政工程有限公司,0001010000430077
818115,东新单元XC0604-06地块12班幼儿园,NULL,NULL,中建市政工程有限公司,0001010000430077
814486,徐州市轨道交通3号线一期工程土建07标段-劳务,NULL,NULL,中建市政工程有限公司,0001010000430077
1016062,杭州市下城区长木、草庵、沈家三村连片综合改造工程一分部,0,5,中建市政工程有限公司,0001010000430077
998214,中建市政工程安全,0,NULL,中建市政工程有限公司,0001010000430077
991708,年产3000万平方米高端光学深加工薄膜项目,0,4,中建市政工程有限公司,0001010000430077
83245,河南皇家驿站D2地块及A1-2地块（二标段）建设工程,0,NULL,中建市政工程有限公司,0001010000430077
21240,A01地块自住型商品房（23#-26#楼）、商业楼及幼儿园施工总承包工,0,5,中建市政工程有限公司,0001010000430077
822612,三里亭单元JG0901-R21-04B地块拆迁安置房-劳务,0,NULL,中建市政工程有限公司,0001010000430077
816650,北京城市副中心行政办公区综合管廊工程施工总承包（六标段）-劳务,NULL,NULL,中建市政工程有限公司,0001010000430077
1097189,哈密市巴里坤县三塘湖镇冷链物流设施建设项目,0,5,中建市政工程有限公司,0001010000430077
1019139,通惠河（高碑店段）运河文化水岸文旅体验光影项目设计施工总承包（EPC）,0,2,中建市政工程有限公司,0001010000430077
1013175,现代智能生猪绿色生态循环产业链项目,0,5,中建市政工程有限公司,0001010000430077
1006412,北京三里河项目办公室,0,4,中建市政工程有限公司,0001010000430077
1006191,宿城区公路交通工程PPP项目办公室,0,NULL,中建市政工程有限公司,0001010000430077
1006181,徐州解放南路项目办公室,0,NULL,中建市政工程有限公司,0001010000430077
1005831,台州市路桥游艇小镇PPP项目办公室,0,NULL,中建市政工程有限公司,0001010000430077
1005825,徐州地铁3号线项目办公室,0,NULL,中建市政工程有限公司,0001010000430077
998206,中建市政工程企划,0,NULL,中建市政工程有限公司,0001010000430077
996150,长春市城市轨道交通空港线（9号线）一期工程五工区项目部,0,5,中建市政工程有限公司,0001010000430077
996122,格鲁吉亚E60高速公路楚马特了提—海威路段升级改造项目,0,1,中建市政工程有限公司,0001010000430077
995148,广州增城区新塘大敦商业综合体项目,0,4,中建市政工程有限公司,0001010000430077
991495,漯河漯湾古镇2#地块首期商业施工总承包工程项目,0,NULL,中建市政工程有限公司,0001010000430077
90502,海口市椰海大道（丘海—龙昆段）改造工程项目,0,2,中建市政工程有限公司,0001010000430077
89541,年产10亿安时单体大容量固态聚合物动力锂离子电池生产项目（一期）,0,NULL,中建市政工程有限公司,0001010000430077
66656,杭州市下城区长木、草庵、沈家三村连片综合改造工程,0,5,中建市政工程有限公司,0001010000430077
24921,海口市丘海大道等21条道路PPP项目,0,3,中建市政工程有限公司,0001010000430077
16519,271省道邳州段改扩建工程施工项目,0,5,中建市政工程有限公司,0001010000430077
1056227,活动中心维修项目、电动自行车停车棚充电设施项目,0,4,中建市政工程有限公司,0001010000430077
1056215,南区厂区工程建设项目,0,5,中建市政工程有限公司,0001010000430077
1032057,房山区平原地区沟道水毁修复工程,0,5,中建市政工程有限公司,0001010000430077
1009370,合肥整车再制造工厂及配套停车库项目EPC总承包,0,2,中建市政工程有限公司,0001010000430077
1006204,宁波厂房项目办公室,0,NULL,中建市政工程有限公司,0001010000430077
1006201,珠海二总部办公室,0,NULL,中建市政工程有限公司,0001010000430077
1005569,皇家驿站A3、A4项目办公室,0,NULL,中建市政工程有限公司,0001010000430077
998209,中建市政工程军民融合,0,NULL,中建市政工程有限公司,0001010000430077
107923,龙泉花园二期,0,4,中建市政工程有限公司,0001010000430077
26646,衡阳市珠晖区学院路（双江路-东三环）工程项目,0,NULL,中建市政工程有限公司,0001010000430077
822156,东新单元XC0607-R21/B1/S2-07地块拆迁安置房,0,4,中建市政工程有限公司,0001010000430077
14625,衡阳二环东路项目,0,1,中建市政工程有限公司,0001010000430077
819637,东新单元XC0607-R21/B1-05地块拆迁安置房-劳务,NULL,NULL,中建市政工程有限公司,0001010000430077
4517,丰台区王佐镇魏各庄村A02地块公建混合住宅用地项目,0,4,中建市政工程有限公司,0001010000430077
1102120,新疆哈密市伊吾县淖毛湖镇2026年城市更新建设项目,0,5,中建市政工程有限公司,0001010000430077
1080560,永州市冷水滩区淡岩路片区排水防涝建设项目EPC,0,5,中建市政工程有限公司,0001010000430077
1008912,训练用房新建工程、万宁HSBC配套建设工程办公室,0,4,中建市政工程有限公司,0001010000430077
1006194,怀化五夷项目办公室,0,NULL,中建市政工程有限公司,0001010000430077
1005829,杭州下城区大项目部办公室,0,NULL,中建市政工程有限公司,0001010000430077
1005828,通州分公司办公室,0,NULL,中建市政工程有限公司,0001010000430077
1004617,龙泉市综合电商中心-电商大楼建设项目设计采购施工（EPC）总承包,0,4,中建市政工程有限公司,0001010000430077
998236,博巷路项目,0,4,中建市政工程有限公司,0001010000430077
83194,新疆球团厂环境治理精矿库封闭工程项目,0,5,中建市政工程有限公司,0001010000430077
27585,国家高速公路网G4216成都至丽江高速公路华坪至丽江段工程（8合同段）,0,5,中建市政工程有限公司,0001010000430077
824039,文晖单元XC0402-R21/R22-24地块拆迁安置房,0,NULL,中建市政工程有限公司,0001010000430077
13646,250省道邳州铁富至市区段改扩建工程,0,4,中建市政工程有限公司,0001010000430077
821037,东新单元XC0606-R22-09地块15班幼儿园-劳务,0,NULL,中建市政工程有限公司,0001010000430077
707,台州湾大桥及接线项目工程三标段,0,5,中建市政工程有限公司,0001010000430077
1022263,宏业路二期建设工程EPC工程总承包,0,2,中建市政工程有限公司,0001010000430077
1022099,衡阳东风南路职工安置住房项目,0,5,中建市政工程有限公司,0001010000430077
1005826,徐州206项目办公室,0,NULL,中建市政工程有限公司,0001010000430077
991498,漯河食品文化小镇3#商业综合体项目,0,5,中建市政工程有限公司,0001010000430077
84388,水辰·君悦府工程四标段,0,2,中建市政工程有限公司,0001010000430077
66465,苍南县龙港镇江口A-03地块城中村改造项目部,0,2,中建市政工程有限公司,0001010000430077
52003,衢州市柯城区花港家园安置小区二期建设项目设计采购施工（EPC）总承包,0,2,中建市政工程有限公司,0001010000430077
24820,平赞高速公路支线ZL-3标项目,0,4,中建市政工程有限公司,0001010000430077
819543,北京市门头沟区龙泉镇MC00-0010-6004地块B2商务用地项目-劳务,0,NULL,中建市政工程有限公司,0001010000430077
818790,东新单元XC0606-R21-06地块拆迁安置房,NULL,NULL,中建市政工程有限公司,0001010000430077
1027174,济宁至曲阜快速路（兼一级公路）工程第二期项目第十二标段,1,5,中建市政工程有限公司,0001010000430077
1020763,附属小学教学用房翻扩建和车库及架空层新建工程,0,5,中建市政工程有限公司,0001010000430077
1009400,合肥整车再制造及配套停车库项目EPC总承包项目部-办公室,0,4,中建市政工程有限公司,0001010000430077
998222,中建市政工程海外,0,NULL,中建市政工程有限公司,0001010000430077
991985,新余市吉泰●龙泽园棚改项目设计施工总承包,0,2,中建市政工程有限公司,0001010000430077
95169,中建市政工程有限公司206国道徐州改线段工程、426省道京台高速贾汪互通连接线工程2标段项目部,0,3,中建市政工程有限公司,0001010000430077
84842,苍南县龙港镇江口A-01地块城中村改造项目设计、采购、施工一体化总承包（EPC）,0,2,中建市政工程有限公司,0001010000430077
81991,玻利维亚圣何塞•德奇基托斯至圣伊格纳西奥•德贝拉斯科道路改造升级项目,0,3,中建市政工程有限公司,0001010000430077
821259,东新单元XC0607-R21/B1-03地块拆迁安置房-劳务,NULL,NULL,中建市政工程有限公司,0001010000430077
820340,三塘单元XC0508-R21-25地块拆迁安置房,0,NULL,中建市政工程有限公司,0001010000430077
1078485,马鞍山市和县长江流域国土绿化示范项目,0,5,中建市政工程有限公司,0001010000430077
1015403,台州市三化化工有限公司与台州经纬化工有限公司场地环境监测管护及生态提升工程,0,4,中建市政工程有限公司,0001010000430077
1006182,珠海情侣南路项目办公室,0,NULL,中建市政工程有限公司,0001010000430077
1004911,河北公安警察职业学院新校区暨省公安民警训练基地建设项目施工四标段,0,4,中建市政工程有限公司,0001010000430077
998213,中建市政工程项目管理,0,NULL,中建市政工程有限公司,0001010000430077
998211,中建市政工程融投资,0,NULL,中建市政工程有限公司,0001010000430077
98429,遵义市汇川区北大资源梦想城房地产开发项目（一期）一标段工程,0,5,中建市政工程有限公司,0001010000430077
91458,北京城市副中心行政办公区道路网配套道路工程（二期）六标段,0,4,中建市政工程有限公司,0001010000430077
81024,住房城乡建设部三里河路9号院地下管线更新改造项目（施工）,0,5,中建市政工程有限公司,0001010000430077
61509,台州市路桥游艇小镇PPP项目,0,5,中建市政工程有限公司,0001010000430077
63959,衡阳高新投资有限公司虚拟大学城建设项目,0,5,中建市政工程有限公司,0001010000430077
36655,人大附中通州校区、北京二中通州校区等3所学校17项维修改造工程（第一标段 3所学校15项维修改造工程）,0,NULL,中建市政工程有限公司,0001010000430077
17502,中国建筑一局（集团）有限公司国道307线巴孟段一级公路一标项目部,0,5,中建市政工程有限公司,0001010000430077
823290,中建市政工程有限公司五夷芯视界半导体产业园项目,NULL,NULL,中建市政工程有限公司,0001010000430077
821862,北京城市副中心行政办公区道路网配套道路工程(二期)六标段,NULL,NULL,中建市政工程有限公司,0001010000430077
821673,东新单元XC0606-R21-02地块拆迁安置房,0,NULL,中建市政工程有限公司,0001010000430077
814224,来雁新城项目部,0,NULL,中建市政工程有限公司,0001010000430077
1088078,G3033奎屯-独山子-库车高速公路项目KDK-TJSG-1标段项目经理一部（2-2工区）,0,5,中建市政工程有限公司,0001010000430077
1026968,汕尾市区西片区吉祥路等八路段市政项目（一期）,0,5,中建市政工程有限公司,0001010000430077
1020765,附属中学车库新建工程,0,NULL,中建市政工程有限公司,0001010000430077
1009498,康保县人民医院传染病楼建设项目,0,5,中建市政工程有限公司,0001010000430077
1006206,长沙国防科大项目办公室,0,NULL,中建市政工程有限公司,0001010000430077
1006203,广州增城项目办公室,0,NULL,中建市政工程有限公司,0001010000430077
1006202,深圳特力项目办公室,0,NULL,中建市政工程有限公司,0001010000430077
1006197,云南龙蟠项目办公室,0,NULL,中建市政工程有限公司,0001010000430077
1006185,合肥项目办公室,0,NULL,中建市政工程有限公司,0001010000430077
1003915,三一液压油缸智能生态工业城项目（二期）总承包工程（宿舍食堂）工程,0,4,中建市政工程有限公司,0001010000430077
998219,中建市政工程法律,0,NULL,中建市政工程有限公司,0001010000430077
45876,新余市环城路改建工程项目,0,NULL,中建市政工程有限公司,0001010000430077
25921,徐州轨道交通3号线一期工程07分部,0,4,中建市政工程有限公司,0001010000430077
44161,湛江奥林匹克体育中心综合训练馆工程,0,5,中建市政工程有限公司,0001010000430077
826212,皇家驿站A4驿站区及T东工程,0,NULL,中建市政工程有限公司,0001010000430077
823324,东新单元XC0606-A33-11地块36班小学项目,0,NULL,中建市政工程有限公司,0001010000430077
818713,东新单元XC0603-R22-04地块15班幼儿园,0,NULL,中建市政工程有限公司,0001010000430077
1073785,衡阳市跨东风南路立交K6+700人行天桥增建坡道工程项目,0,5,中建市政工程有限公司,0001010000430077
1056216,福田小区北围墙改造项目,0,4,中建市政工程有限公司,0001010000430077
1006148,元氏县国省干线人居环境综合整治工程EPC总承包一标段-高速引线道路环境整治,0,2,中建市政工程有限公司,0001010000430077
998212,中建市政工程投标,0,NULL,中建市政工程有限公司,0001010000430077
995976,徐州三环南路排水工程（风华园-奎河）穿地铁3号线段施工项目,0,NULL,中建市政工程有限公司,0001010000430077
92075,张家口多乐美地旅游度假区多乐谷项目B地块二期,0,1,中建市政工程有限公司,0001010000430077
30946,衡阳市二环路下穿船山西路立交工程项目,0,5,中建市政工程有限公司,0001010000430077
28370,中建市政醴泉泥河生态治理PPP项目,0,NULL,中建市政工程有限公司,0001010000430077
820494,东新单元XC0606-R21-04地块拆迁安置房-劳务,0,NULL,中建市政工程有限公司,0001010000430077
1014453,成都基地建设项目,0,NULL,中建一局集团第二建筑有限公司四川分公司,00010100004300020059
815074,新津县中医医院妇幼保健院建设项目（一期工程）-劳务,NULL,NULL,中建一局集团第二建筑有限公司四川分公司,00010100004300020059
1014446,宜昌市当阳市2022年老旧小区改造项目（一标段：片区1、片区14、片区15）EPC工程总承包,0,NULL,中建一局集团第二建筑有限公司四川分公司,00010100004300020059
30714,芙蓉江酒店项目,0,5,中建一局集团第二建筑有限公司四川分公司,00010100004300020059
814750,毕节市公共卫生中心设计施工总承包（EPC）项目,NULL,NULL,中建一局集团第二建筑有限公司四川分公司,00010100004300020059
821181,杨柳河滨河路道路建设工程-劳务,NULL,NULL,中建一局集团第二建筑有限公司四川分公司,00010100004300020059
813408,香河街道片区七里城中村棚户区改造安置项目-劳务,NULL,NULL,中建一局集团第二建筑有限公司四川分公司,00010100004300020059
1015412,天府金租中心（天府携创）建设项目,0,NULL,中建一局集团第二建筑有限公司四川分公司,00010100004300020059
44272,（1101020112）西南物流中心仓储区2号地块二区工程,0,5,中建一局集团第二建筑有限公司四川分公司,00010100004300020059
815491,酿酒工程技改项目设计施工总承包（EPC）一标段-劳务,0,NULL,中建一局集团第二建筑有限公司四川分公司,00010100004300020059
813884,新津县天府新区配套区安置房建设项目-劳务,NULL,NULL,中建一局集团第二建筑有限公司四川分公司,00010100004300020059
815962,泸州迁建机场航站区建设PPP项目,NULL,NULL,中建一局集团第二建筑有限公司四川分公司,00010100004300020059
2450,(1101020064)长春奥林匹克公园游泳馆等,0,NULL,中建一局集团第二建筑有限公司四川分公司,00010100004300020059
1014714,宜宾五粮液股份有限公司勾储酒库和待包酒库工艺设备集成项目工程,0,NULL,中建一局集团第二建筑有限公司四川分公司,00010100004300020059
25658,（1101020112）西南物流中心仓储区2号地块二期项目,0,NULL,中建一局集团第二建筑有限公司四川分公司,00010100004300020059
2449,(1101020060)长春市奥林匹克花园体育场,0,4,中建一局集团第二建筑有限公司四川分公司,00010100004300020059
1011732,石家庄高新区集中安置区棚户区改造项目 G 区（5#）EPC,0,NULL,中建一局集团第二建筑有限公司第三事业部,000101000043000299bc
820972,北京城市副中心机关办公区道路网2017配套道路工程-劳务,NULL,NULL,中建一局集团第二建筑有限公司第三事业部,000101000043000299bc
8407,(2102010666)博尔诚综合实验楼等7项,0,NULL,中建一局集团第二建筑有限公司第三事业部,000101000043000299bc
98488,北京城市副中心行政办公区C1通信楼机房配套工程,0,4,中建一局集团第二建筑有限公司第三事业部,000101000043000299bc
1005133,北京城市副中心行政办公区C7警卫联勤楼B1食堂改造项目,0,NULL,中建一局集团第二建筑有限公司第三事业部,000101000043000299bc
991097,北京城市副中心行政办公区C1数据中心屋面设备降噪工程,0,5,中建一局集团第二建筑有限公司第三事业部,000101000043000299bc
28097,（1101020119）北京城市副中心行政办公区C1号楼工程,0,NULL,中建一局集团第二建筑有限公司第三事业部,000101000043000299bc
1014678,中建一局培训中心,0,NULL,中建一局集团第二建筑有限公司第三事业部,000101000043000299bc
1013071,北京铁路电气化学校10号楼,0,4,中建一局集团第二建筑有限公司第三事业部,000101000043000299bc
90527,北京城市副中心行政办公区信访中心工程,0,4,中建一局集团第二建筑有限公司第三事业部,000101000043000299bc
822182,剧场及配套办公等2项(北京市文化中心)项目-劳务,0,NULL,中建一局集团第二建筑有限公司第三事业部,000101000043000299bc
818877,年产10GW高效太阳能电池用超薄硅单晶金刚线切片厂房及动力配套建设项目-劳务,0,NULL,中建一局集团第二建筑有限公司第三事业部,000101000043000299bc
80785,北京庄园第二示范区总承包工程,0,4,中建一局集团第二建筑有限公司第三事业部,000101000043000299bc
16376,(2102010657)国家安全局K3工程,0,NULL,中建一局集团第二建筑有限公司第三事业部,000101000043000299bc
824092,北京城市副中心行政办公区信访中心,0,NULL,中建一局集团第二建筑有限公司第三事业部,000101000043000299bc
4315,(1101020106)通州行政副中心一期工程,0,NULL,中建一局集团第二建筑有限公司第三事业部,000101000043000299bc
827463,北京城市副中心行政办公区二期启动区FZX-0901-0160地块项目,0,NULL,中建一局集团第二建筑有限公司第三事业部,000101000043000299bc
107353,津武（挂）2019-055号地块房地产开发A地块二区（1#-21#住宅、配套公建3、二区地下车库）（二标段),0,4,中建一局集团第二建筑有限公司第三事业部,000101000043000299bc
51908,北京城市副中心行政办公区道路网2017配套道路工程施工五标段,0,4,中建一局集团第二建筑有限公司第三事业部,000101000043000299bc
1013070,南菜园1-5项棚户区改造项目房地块（南区）,0,4,中建一局集团第二建筑有限公司第三事业部,000101000043000299bc
62623,北京城市副中心行政办公区警卫联勤楼项目,0,5,中建一局集团第二建筑有限公司第三事业部,000101000043000299bc
18348,（2202010065）北京市南水北调配套工程东干渠亦庄调节池调度中心工程,0,4,中建一局集团第二建筑有限公司第三事业部,000101000043000299bc
1047209,城市副中心行政办公区B1、B2景观照明设施维护项目,0,11,中建一局集团第二建筑有限公司第三事业部,000101000043000299bc
83661,G9国际葡萄酒文化小镇项目,0,4,中建一局集团第二建筑有限公司第三事业部,000101000043000299bc
44191,兴业银行天津分行汇融大厦北塔装修改造项目地上土建工程,0,NULL,中建一局集团第二建筑有限公司第三事业部,000101000043000299bc
10403,(2102010788)中试用房等7项（中国石油勘探开发工程技术研发中心项目）,0,NULL,中建一局集团第二建筑有限公司第三事业部,000101000043000299bc
1375,天泰中学改扩建工程,0,NULL,中建一局集团第二建筑有限公司第三事业部,000101000043000299bc
814268,S-1#住宅等4项（朝阳区东坝南区1105-659、029块二类居住、商业金融用地项目）,0,NULL,中建一局集团第二建筑有限公司第三事业部,000101000043000299bc
110089,北京城市副中心行政办公区 C7 地块征地红线内市政工程,0,NULL,中建一局集团第二建筑有限公司第三事业部,000101000043000299bc
823839,北京城市副中心职工周转房项目B2标段,NULL,NULL,中建一局集团第二建筑有限公司第三事业部,000101000043000299bc
2453,(1101020074)军队小瓦窑住房Ⅲ标段,0,4,中建一局集团第二建筑有限公司第三事业部,000101000043000299bc
1049431,城市副中心行政办公区B1、B2项目景观照明设施维护项目,0,5,中建一局集团第二建筑有限公司第三事业部,000101000043000299bc
79034,年产10GW高效太阳能电池用超薄硅单晶金刚线智能化切片产业化及动力配套建设项目,0,NULL,中建一局集团第二建筑有限公司第三事业部,000101000043000299bc
821002,门头沟区永定镇岢罗坨、秋坡、石佛村A、B、C地块土地一级开发项目(场地平整工程）-劳务,0,NULL,中建一局集团第二建筑有限公司第三事业部,000101000043000299bc
110092,北京城市副中心行政办公区二期启动区FZX-0901-0160地块项目（原北京城市副中心行政办公区二期启动区TZ00-0901-0160地块项目）工程总承包,0,5,中建一局集团第二建筑有限公司第三事业部,000101000043000299bc
1008456,布局调整等生产能力建设项目施工（动力中心、挡土墙、电气外线等）,0,5,中建一局集团总承包建设有限公司安徽区域及直营项目,000101000043003999b8
81638,泗县永济花园棚户区改造项目,0,5,中建一局集团总承包建设有限公司安徽区域及直营项目,000101000043003999b8
1085101,先进金属基复合材料研发及产业化项目一期工程总承包,0,5,中建一局集团总承包建设有限公司安徽区域及直营项目,000101000043003999b8
1083851,北小河(东湖段)沿线周边环境整治提升项目（七标段）,0,5,中建一局集团总承包建设有限公司安徽区域及直营项目,000101000043003999b8
16576,（2101110033）亳州安置还原E2区二标段,0,4,中建一局集团总承包建设有限公司安徽区域及直营项目,000101000043003999b8
8458,合肥万达城酒店群及人工湖项目,0,5,中建一局集团总承包建设有限公司安徽区域及直营项目,000101000043003999b8
7161,九江当代满庭春MOMA二期,0,5,中建一局集团总承包建设有限公司安徽区域及直营项目,000101000043003999b8
10678,宜春万达广场项目,0,4,中建一局集团总承包建设有限公司安徽区域及直营项目,000101000043003999b8
13474,（2101780062）华东国际物流园,0,5,中建一局集团总承包建设有限公司安徽区域及直营项目,000101000043003999b8
3662,漳河新区2015年市政道路项目（一期）工程（一工区）,0,5,中建一局集团总承包建设有限公司安徽区域及直营项目,000101000043003999b8
81635,亳州公路客运高铁枢纽站项目,0,NULL,中建一局集团总承包建设有限公司安徽区域及直营项目,000101000043003999b8
1082684,第二批央企在京老旧小区综合整治项目（标包七十）（丰台区长辛店街道）工程,0,5,中建一局集团总承包建设有限公司安徽区域及直营项目,000101000043003999b8
95063,亳州市谯城区8#还原小区（B区）设计施工一体化（EPC）总承包工程,0,4,中建一局集团总承包建设有限公司安徽区域及直营项目,000101000043003999b8
44645,新华人寿保险合肥后援中心一期工程,0,5,中建一局集团总承包建设有限公司安徽区域及直营项目,000101000043003999b8
110882,中安创谷科技园二期工程-1标段,0,5,中建一局集团总承包建设有限公司安徽区域及直营项目,000101000043003999b8
58477,中国邮政储蓄银行合肥基地（三期）建设项目施工总承包工程,0,NULL,中建一局集团总承包建设有限公司安徽区域及直营项目,000101000043003999b8
22261,合肥太古可口可乐饮料有限公司,0,5,中建一局集团总承包建设有限公司安徽区域及直营项目,000101000043003999b8
20685,安徽江淮客车有限公司棚户区改造项目1,0,NULL,中建一局集团总承包建设有限公司安徽区域及直营项目,000101000043003999b8
12059,合肥京商商贸城ABC地块,0,5,中建一局集团总承包建设有限公司安徽区域及直营项目,000101000043003999b8
3441,（2101780054）蔚蓝商务港城市广场E栋,0,4,中建一局集团总承包建设有限公司安徽区域及直营项目,000101000043003999b8
27466,合肥南站综合交通枢纽配套南广场工程,0,4,中建一局集团总承包建设有限公司安徽区域及直营项目,000101000043003999b8
1082477,中国康复研究中心宿舍区综合整治项目,0,5,中建一局集团总承包建设有限公司安徽区域及直营项目,000101000043003999b8
81299,池州市人民医院外科综合楼建设项目,0,5,中建一局集团总承包建设有限公司安徽区域及直营项目,000101000043003999b8
13088,中国农业银行客服中心（合肥）及安徽省分行营业办公用房建设工程,0,NULL,中建一局集团总承包建设有限公司安徽区域及直营项目,000101000043003999b8
4383,（2101780056）当代九江满庭春项目MOAM二期,0,5,中建一局集团总承包建设有限公司安徽区域及直营项目,000101000043003999b8
22230,安徽江淮客车有限公司棚户区改造项目,0,NULL,中建一局集团总承包建设有限公司安徽区域及直营项目,000101000043003999b8
16554,（2101780067）汇峰苹果小镇工程,0,5,中建一局集团总承包建设有限公司安徽区域及直营项目,000101000043003999b8
6432,（2101780045）闽商国贸中心一期,0,5,中建一局集团总承包建设有限公司安徽区域及直营项目,000101000043003999b8
56976,大学城特色街区环境整治项目,0,NULL,中建一局集团总承包建设有限公司安徽区域及直营项目,000101000043003999b8
9468,九江当代满庭春MOMA一期,0,5,中建一局集团总承包建设有限公司安徽区域及直营项目,000101000043003999b8
463,（2101780073）世纪玉峰光明城（一期）工程,0,5,中建一局集团总承包建设有限公司安徽区域及直营项目,000101000043003999b8
101381,蔚蓝商务港城市广场F栋补充,0,4,中建一局集团总承包建设有限公司安徽区域及直营项目,000101000043003999b8
688,滨湖润园住宅产业化项目,0,NULL,中建一局集团总承包建设有限公司安徽区域及直营项目,000101000043003999b8
1092897,石嘴山市第一人民医院病房综合改造提升项目工程总承包,0,5,中建一局集团总承包建设有限公司安徽区域及直营项目,000101000043003999b8
28149,白鹤林小区项目,0,3,中建一局集团总承包建设有限公司安徽区域及直营项目,000101000043003999b8
13642,锦绣新厂区项目,0,5,中建一局集团总承包建设有限公司安徽区域及直营项目,000101000043003999b8
1069142,启动区滨水商业商务区商业综合体项目EPC（二标段）,0,2,中建一局集团总承包建设有限公司安徽区域及直营项目,000101000043003999b8
81617,北航合肥科学城创新研究院主楼主体及附属工程项目,0,NULL,中建一局集团总承包建设有限公司安徽区域及直营项目,000101000043003999b8
83210,龙泉驿区整体城镇化北部片区建设项目永丰家园,1,5,中建一局集团总承包建设有限公司安徽区域及直营项目,000101000043003999b8
14442,（2101780027）黄山太平湖白鹭宾馆改扩建,0,5,中建一局集团总承包建设有限公司安徽区域及直营项目,000101000043003999b8
10603,镇江宾馆项目,0,4,中建一局集团总承包建设有限公司安徽区域及直营项目,000101000043003999b8
1098466,中国电信北京信息科技创新园B4科研培训楼项目工程总承包（EPC）,1,2,中建一局集团总承包建设有限公司安徽区域及直营项目,000101000043003999b8
103040,亳州市谯城区柴家沟还原小区A区工程项目设计施工一体化总承包,0,NULL,中建一局集团总承包建设有限公司安徽区域及直营项目,000101000043003999b8
94708,蔚蓝商务港城市广场E栋补充,0,4,中建一局集团总承包建设有限公司安徽区域及直营项目,000101000043003999b8
92347,寿县循理•新嘉园项目设计-采购-施工（EPC）总承包工程,1,2,中建一局集团总承包建设有限公司安徽区域及直营项目,000101000043003999b8
63833,合经区人力资源产业园项目与大学城特色街区环境整治工程施工,0,NULL,中建一局集团总承包建设有限公司安徽区域及直营项目,000101000043003999b8
17503,（2101780019）黄山太平湖中信湾项目,0,5,中建一局集团总承包建设有限公司安徽区域及直营项目,000101000043003999b8
1084838,中车北京二七智能制造园改造项目（一期工程）（一标段）,0,5,中建一局集团总承包建设有限公司安徽区域及直营项目,000101000043003999b8
45110,巢湖万达广场,0,5,中建一局集团总承包建设有限公司安徽区域及直营项目,000101000043003999b8
44258,新四中项目,0,NULL,中建一局集团总承包建设有限公司安徽区域及直营项目,000101000043003999b8
16563,四牌楼联合大厦工程施工及总承包管理服务,0,NULL,中建一局集团总承包建设有限公司安徽区域及直营项目,000101000043003999b8
822367,合经区人力资源产业园项目-劳务,NULL,NULL,中建一局集团总承包建设有限公司安徽区域及直营项目,000101000043003999b8
1083106,梅州市梅县区人民医院(中山大学附属第三医院粤东医院)感染性疾病救治中心(二期)建设项目施工项目,0,5,中建一局集团总承包建设有限公司华南分公司,000101000043003999b9
1021812,广西靖西市第二污水处理厂及配套管网建设项目,0,5,中建一局集团总承包建设有限公司华南分公司,000101000043003999b9
1015670,培训楼室外场地改造及新建塑胶跑道工程,0,NULL,中建一局集团总承包建设有限公司华南分公司,000101000043003999b9
84509,梧州市第三污水处理厂,0,NULL,中建一局集团总承包建设有限公司华南分公司,000101000043003999b9
83503,玉林市经济开发区烟草物流西路（横六路至4号路段）、横六路（物流西路至二环路段）、4号路（烟草物流西路至二环路段）道路工程II标施工,0,5,中建一局集团总承包建设有限公司华南分公司,000101000043003999b9
13676,广西南宁吉丽嘉逸项目,0,NULL,中建一局集团总承包建设有限公司华南分公司,000101000043003999b9
9660,西双版纳路南山展示中心,0,5,中建一局集团总承包建设有限公司华南分公司,000101000043003999b9
1069644,花都区广花公路以东、雅瑶中路以南 CA1207019 地块大批量精装修工程,0,11,中建一局集团总承包建设有限公司华南分公司,000101000043003999b9
1024791,中林生态城·南宁项目森林图书馆,0,5,中建一局集团总承包建设有限公司华南分公司,000101000043003999b9
89504,银都·公园府项目,0,5,中建一局集团总承包建设有限公司华南分公司,000101000043003999b9
44334,海淀区西北旺新村C2地块棚户区改造安置房项目一标段项目,0,NULL,中建一局集团总承包建设有限公司华南分公司,000101000043003999b9
1029937,2023年南宁市城镇老旧小区改造工程青秀区第四片区与西乡塘片区——一期工程（EPC）,0,2,中建一局集团总承包建设有限公司华南分公司,000101000043003999b9
1022986,南宁产投汽车邕宁产业园能源中心、宿舍楼及附属工程精装修工程,0,5,中建一局集团总承包建设有限公司华南分公司,000101000043003999b9
1015293,南宁产投汽车邕宁产业园项目食堂、水泵房及附属配套工程,0,5,中建一局集团总承包建设有限公司华南分公司,000101000043003999b9
1002283,广西壮族自治区人民医院邕武医院突发公共卫生事件紧急医疗救治业务综合楼设计-采购-施工（EPC）总承包,0,2,中建一局集团总承包建设有限公司华南分公司,000101000043003999b9
994341,忻城县聚福新城易地搬迁安置点扶贫车间总承包项目,0,NULL,中建一局集团总承包建设有限公司华南分公司,000101000043003999b9
93153,防城港.凤景湾2#、3#、5#、7#、8#、9#、10#、11#及幼儿园工程,0,5,中建一局集团总承包建设有限公司华南分公司,000101000043003999b9
76379,梧州市旺步片区棚户区改造工程项目二期,0,5,中建一局集团总承包建设有限公司华南分公司,000101000043003999b9
45469,梧州市万秀区大户城中村棚户区改造-安置小区一期高层住宅、商业及配套工程,0,2,中建一局集团总承包建设有限公司华南分公司,000101000043003999b9
4387,（2101780007）荣和山水绿城B2组团二期,0,4,中建一局集团总承包建设有限公司华南分公司,000101000043003999b9
2088,山海天酒店三期、公寓二期施工总承包工程,0,NULL,中建一局集团总承包建设有限公司华南分公司,000101000043003999b9
1098740,海吉星公益冷库项目施工总承包工程,0,5,中建一局集团总承包建设有限公司华南分公司,000101000043003999b9
1076356,广州市番禺区智车创新基地项目（基坑支护及土方开挖）工程,0,11,中建一局集团总承包建设有限公司华南分公司,000101000043003999b9
1061592,南宁市第二中学（凤岭校区）教学综合楼项目施工,0,5,中建一局集团总承包建设有限公司华南分公司,000101000043003999b9
1002164,广西体育教科训一体化基地一期项目 （TYC-35地块）施工,0,5,中建一局集团总承包建设有限公司华南分公司,000101000043003999b9
89438,鲁能三亚湾美丽五区2#地块保障房地下车库改造工程,0,5,中建一局集团总承包建设有限公司华南分公司,000101000043003999b9
90054,朝阳溪污水处理厂一期工程（EPC）工程,1,2,中建一局集团总承包建设有限公司华南分公司,000101000043003999b9
90221,百色百矿集团有限公司平果县脱贫产业示范园年产45万吨中厚板项目及交通运输板材(一期30万吨）项目施工总承包,0,5,中建一局集团总承包建设有限公司华南分公司,000101000043003999b9
84507,泉州南少林寺片区及周边区域旧城改造项目A地块,0,NULL,中建一局集团总承包建设有限公司华南分公司,000101000043003999b9
22266,龙光·普罗旺斯,0,5,中建一局集团总承包建设有限公司华南分公司,000101000043003999b9
16109,海南陵水富力万豪酒店区,0,5,中建一局集团总承包建设有限公司华南分公司,000101000043003999b9
17078,广西鼎华金铭福邸项目,0,5,中建一局集团总承包建设有限公司华南分公司,000101000043003999b9
1031471,良凤江森林康养基地服务体系建设试点项目凤江绿野康养步道修建工程,0,5,中建一局集团总承包建设有限公司华南分公司,000101000043003999b9
1006010,南宁产投汽车邕宁产业园项目5号6号厂房工程,0,5,中建一局集团总承包建设有限公司华南分公司,000101000043003999b9
91023,茉莉花加工新城项目设计-采购-施工（EPC)工程总承包,1,2,中建一局集团总承包建设有限公司华南分公司,000101000043003999b9
1101046,南宁市残疾人康复托养基地（一期）-康复托养服务综合楼工程,1,5,中建一局集团总承包建设有限公司华南分公司,000101000043003999b9
1057728,广东福斯特光伏材料有限公司年产2.5亿平方米光伏胶膜项目建安工程(一期),1,4,中建一局集团总承包建设有限公司华南分公司,000101000043003999b9
1054761,新丰·四季滨江田园项目施工总承包工程,0,5,中建一局集团总承包建设有限公司华南分公司,000101000043003999b9
1046746,广西大学农林动教学科研实验中心,0,5,中建一局集团总承包建设有限公司华南分公司,000101000043003999b9
1022121,南宁产投汽车邕宁产业园能源中心、宿舍楼及附属工程桩基工程,0,5,中建一局集团总承包建设有限公司华南分公司,000101000043003999b9
101686,横县中医医院整体搬迁建设项目（内科住院楼、外科住院楼及附属楼工程）工程,0,NULL,中建一局集团总承包建设有限公司华南分公司,000101000043003999b9
98802,广西中医学校东盟校区项目,0,5,中建一局集团总承包建设有限公司华南分公司,000101000043003999b9
91022,横县现代农业产业园生产功能性道路建设项目总承包,0,1,中建一局集团总承包建设有限公司华南分公司,000101000043003999b9
82849,海淀区西北旺新村C3-02地块幼儿园项目（幼儿园等2项）,0,5,中建一局集团总承包建设有限公司华南分公司,000101000043003999b9
28943,华润三九医药生产配套厂区项目施工总承包工程,0,5,中建一局集团总承包建设有限公司华南分公司,000101000043003999b9
1043108,广西农业职业技术大学西校区一期工程建设项目教学实训综合楼工程,0,5,中建一局集团总承包建设有限公司华南分公司,000101000043003999b9
1007968,乐从镇规划银桂路以北、百顺路以西地块项目施工总承包（标段二）,0,5,中建一局集团总承包建设有限公司华南分公司,000101000043003999b9
62721,悦澜山二期,0,5,中建一局集团总承包建设有限公司华南分公司,000101000043003999b9
25738,新新传说房地产项目一期工程,0,5,中建一局集团总承包建设有限公司华南分公司,000101000043003999b9
9657,桂林市凯风路P077地块项目,0,5,中建一局集团总承包建设有限公司华南分公司,000101000043003999b9
8634,荣和·山水绿城B2组团1＃楼及四期地下室工程项目,0,4,中建一局集团总承包建设有限公司华南分公司,000101000043003999b9
1099902,广州铁塔2025年电动汽车慢充业务,0,5,中建一局集团总承包建设有限公司华南分公司,000101000043003999b9
1042830,南宁产投汽车邕宁产业园项目5号厂房及零星工程,0,5,中建一局集团总承包建设有限公司华南分公司,000101000043003999b9
1018434,南宁产投汽车邕宁产业园项目循环水泵房、10KVA配电室空压站房、危废及生活垃圾站、门卫 室、消防控制室、设备基础、管廊连廊以及配套附属工程,0,5,中建一局集团总承包建设有限公司华南分公司,000101000043003999b9
1006689,梧州综合保税区监管体系建设项目,0,2,中建一局集团总承包建设有限公司华南分公司,000101000043003999b9
998629,南宁产投汽车邕宁产业园2号厂房、连廊及污水处理站工程,0,NULL,中建一局集团总承包建设有限公司华南分公司,000101000043003999b9
95081,蓝山上城小区,0,NULL,中建一局集团总承包建设有限公司华南分公司,000101000043003999b9
25757,海淀区西北旺新村C2地块棚户区改造安置房项目地基与基础工程一标段,0,5,中建一局集团总承包建设有限公司华南分公司,000101000043003999b9
9658,荣和·悦澜山1-3#、5-13#、15-21#、23#、25#、26#楼及1、2、3号地下室、商业中心、门诊所、幼儿园、派出所工程,0,NULL,中建一局集团总承包建设有限公司华南分公司,000101000043003999b9
8457,金凯花园,0,5,中建一局集团总承包建设有限公司华南分公司,000101000043003999b9
1083466,深圳市福田区颐养中心（报春大厦）市场运作项目,0,5,中建一局集团总承包建设有限公司华南分公司,000101000043003999b9
1051384,广东福斯特光伏材料有限公司年产2.5亿平方米光伏胶膜项目建安工程（一期）,0,5,中建一局集团总承包建设有限公司华南分公司,000101000043003999b9
84983,实创医谷产业园东区,0,5,中建一局集团总承包建设有限公司华南分公司,000101000043003999b9
11109,富力海洋欢乐世界一期总承包工程,0,5,中建一局集团总承包建设有限公司华南分公司,000101000043003999b9
11107,荣和?邕江悦府,0,5,中建一局集团总承包建设有限公司华南分公司,000101000043003999b9
1077469,大良街道德胜河北岸、德胜西路以南地块项目一期施工总承包,0,5,中建一局集团总承包建设有限公司华南分公司,000101000043003999b9
1018432,中林良凤江景区安全修缮,0,5,中建一局集团总承包建设有限公司华南分公司,000101000043003999b9
101687,北投观海湾一期（A-2#~A-4#~、A-13#、A-14#楼、A-S2~S10#楼、A01-地下室）,0,NULL,中建一局集团总承包建设有限公司华南分公司,000101000043003999b9
38743,三亚市金鸡岭四组片区危旧房改造项目（施工）项目,0,4,中建一局集团总承包建设有限公司华南分公司,000101000043003999b9
20872,深业中城 B302-0040（原05-01地块）地块一期施工总承包工程,0,NULL,中建一局集团总承包建设有限公司华南分公司,000101000043003999b9
7470,中国人民银行厦门市中心支行营业办公用房主体工程,0,NULL,中建一局集团总承包建设有限公司华南分公司,000101000043003999b9
462,（2101780002）龙光·水悦龙湾,0,5,中建一局集团总承包建设有限公司华南分公司,000101000043003999b9
1102627,南宁市残疾人康复托养基地（一期）-康复托养服务综合楼工程（广西建设）,1,5,中建一局集团总承包建设有限公司华南分公司,000101000043003999b9
1059527,南宁市青秀区晟宁旅游酒店项目（一期工程）EPC工程总承包（广西建设）,0,5,中建一局集团总承包建设有限公司华南分公司,000101000043003999b9
1051383,广东福斯特新材料有限公司年产2.1亿平方米感光干膜项目--建安工程,0,5,中建一局集团总承包建设有限公司华南分公司,000101000043003999b9
1042622,南宁市儿童福利院德乐楼、言慧楼工程总承包(EPC),0,2,中建一局集团总承包建设有限公司华南分公司,000101000043003999b9
111929,南宁产投汽车邕宁产业园1号、3号厂房、现场指挥部及围墙挡土墙工程,0,5,中建一局集团总承包建设有限公司华南分公司,000101000043003999b9
90077,扶绥县引水入城项目配套路网工程（EPC）总承包,1,2,中建一局集团总承包建设有限公司华南分公司,000101000043003999b9
91021,南宁市茅桥水质净化厂工程(EPC)总承包工程,1,2,中建一局集团总承包建设有限公司华南分公司,000101000043003999b9
90839,海口市国际免税城项目,0,5,中建一局集团总承包建设有限公司华南分公司,000101000043003999b9
25704,鲁能三亚湾美丽五区（第五标段）,0,5,中建一局集团总承包建设有限公司华南分公司,000101000043003999b9
1102546,番禺区学校屋顶建设分布式光伏发电设施设备项目(北片、化龙片、南村、石楼、石碁片学校）施工,0,5,中建一局集团总承包建设有限公司华南分公司,000101000043003999b9
1080433,广州市番禺区智车创新基地项目主体工程施工总承包,0,5,中建一局集团总承包建设有限公司华南分公司,000101000043003999b9
1071113,广州市番禺区化龙镇柏堂村城中村改造项目安置区一期（除基坑支护及土方开挖）及周边道路——安置区一期（除基坑支护及土方开挖）工程施工总承包,0,5,中建一局集团总承包建设有限公司华南分公司,000101000043003999b9
1040961,中国—东盟信息港小镇项目二期工程,0,5,中建一局集团总承包建设有限公司华南分公司,000101000043003999b9
997017,东莞外国语学校改扩建项目,0,4,中建一局集团总承包建设有限公司华南分公司,000101000043003999b9
1051534,南宁市青秀区晟宁旅游酒店项目（一期工程）EPC工程总承包,0,5,中建一局集团总承包建设有限公司华南分公司,000101000043003999b9
95498,广西幼儿师范高等专科学校武鸣校区项目（一期）工程总承包,0,5,中建一局集团总承包建设有限公司华南分公司,000101000043003999b9
22257,区商务厅桃源大院危旧房改住房改造项目,0,NULL,中建一局集团总承包建设有限公司华南分公司,000101000043003999b9
4385,（2101780029）龙光·水悦龙湾三期,0,5,中建一局集团总承包建设有限公司华南分公司,000101000043003999b9
1452,黎安海风小镇施工（E合同段）工程项目,0,5,中建一局集团总承包建设有限公司华南分公司,000101000043003999b9
1101027,广州铁塔2026年低速电动自行车充电业务,0,5,中建一局集团总承包建设有限公司华南分公司,000101000043003999b9
1064517,广州市番禺区化龙镇柏堂村城中村改造项目安置区一期（基坑支护及土方开挖）工程项目,0,11,中建一局集团总承包建设有限公司华南分公司,000101000043003999b9
1041225,广西壮族自治区人民医院北院院区平战结合病房楼楼板漏水整改项目,0,5,中建一局集团总承包建设有限公司华南分公司,000101000043003999b9
1040576,桂林山水中央项目,0,5,中建一局集团总承包建设有限公司华南分公司,000101000043003999b9
1021101,深业山水东城花园项目（7-8栋）,0,5,中建一局集团总承包建设有限公司华南分公司,000101000043003999b9
1010723,南宁产投汽车邕宁产业园项目7号8号厂房、办公楼及其他附属工程,0,5,中建一局集团总承包建设有限公司华南分公司,000101000043003999b9
994350,南宁产投汽车邕宁产业园4号厂房、综合楼、综合站房及附属工程,0,5,中建一局集团总承包建设有限公司华南分公司,000101000043003999b9
111738,吉利百矿集团有限公司平果县脱贫产业示范园年产45万吨中厚板项目及交通运输板材(一期30万吨）项目施工总承包,0,5,中建一局集团总承包建设有限公司华南分公司,000101000043003999b9
81896,大鹏中心区08-13地块人才住房项目一期基坑支护及土石方工程,0,NULL,中建一局集团总承包建设有限公司华南分公司,000101000043003999b9
62722,悦澜山三期,0,4,中建一局集团总承包建设有限公司华南分公司,000101000043003999b9
11492,（2101780074）荣和山水绿城A组团,0,1,中建一局集团总承包建设有限公司华南分公司,000101000043003999b9
10701,龙岗智慧家园（二期）地基与基础工程,0,5,中建一局集团总承包建设有限公司华南分公司,000101000043003999b9
10466,澄迈富力红树湾主体工程B-01区,0,5,中建一局集团总承包建设有限公司华南分公司,000101000043003999b9
7652,南宁市长堽路（快环-凤凰岭路）工程,0,5,中建一局集团总承包建设有限公司华南分公司,000101000043003999b9
4384,（2101780032）北京合生通州永顺一期,0,5,中建一局集团总承包建设有限公司华南分公司,000101000043003999b9
14631,科创慧谷（青岛）加速器项目一期C区,0,2,中建一局集团总承包建设有限公司华南分公司,000101000043003999b9
1061596,南宁市第二中学（凤岭校区）教学综合楼项目施工（一局名义）,0,5,中建一局集团总承包建设有限公司华南分公司,000101000043003999b9
1040499,万丰江境一期施工总承包,0,5,中建一局集团总承包建设有限公司华南分公司,000101000043003999b9
112163,汕尾市实验小学品清校区装修及配套建设工程设计施工总承包（第二次）,0,2,中建一局集团总承包建设有限公司华南分公司,000101000043003999b9
84761,沃尔玛（惠州）乐世界购物中心项目总承包工程,0,5,中建一局集团总承包建设有限公司华南分公司,000101000043003999b9
38745,三亚南山停车场项目（设计施工总承包）,0,2,中建一局集团总承包建设有限公司华南分公司,000101000043003999b9
22244,富力海洋公园,0,5,中建一局集团总承包建设有限公司华南分公司,000101000043003999b9
9464,荣和-大地二组团二期,0,5,中建一局集团总承包建设有限公司华南分公司,000101000043003999b9
1009140,一局二公司重庆分公司,0,5,中建一局集团第二建筑有限公司重庆分公司,000101000043000299bi
1014195,西南大学四新村博士生公寓项目部,0,NULL,中建一局集团第二建筑有限公司重庆分公司,000101000043000299bi
1096090,昌吉职业技术学院新校区建设一期（机电）,0,5,中建一局集团第三建筑有限公司安装分公司,000101000043000399ac
1080329,通州区土桥中路西侧棚户区改造项目工程总承包（EPC）-机电,0,5,中建一局集团第三建筑有限公司安装分公司,000101000043000399ac
1077333,郑常庄立体停车库项目（机电）,0,5,中建一局集团第三建筑有限公司安装分公司,000101000043000399ac
1069771,黄陵县人民医院迁建项目一期(综合楼工程)（施工标段）机电,0,11,中建一局集团第三建筑有限公司安装分公司,000101000043000399ac
1064702,北京市朝阳区酒仙桥旧城区改建机电项目,0,11,中建一局集团第三建筑有限公司安装分公司,000101000043000399ac
1027061,奶西村棚户区改造土地开发项目29-318地块R2二类居住用地项目,0,4,中建一局集团第三建筑有限公司安装分公司,000101000043000399ac
1026546,朝阳区东风乡绿隔地区第一宗地（原朝阳区东风家园一区工程）（1#住宅楼等18项）机电,0,4,中建一局集团第三建筑有限公司安装分公司,000101000043000399ac
1021813,延安万达文化旅游项目（高新区B区方塔湖片区二期住宅用地29-2#地块）机电,0,4,中建一局集团第三建筑有限公司安装分公司,000101000043000399ac
107990,济南神武项目B6地块机电总承包,0,5,中建一局集团第三建筑有限公司安装分公司,000101000043000399ac
77628,机电美驰低碳建筑科技产业园项目,0,NULL,中建一局集团第三建筑有限公司安装分公司,000101000043000399ac
3414,五棵松篮球公园,0,NULL,中建一局集团第三建筑有限公司安装分公司,000101000043000399ac
1101047,中国邮政储蓄银行股份有限公司遵义市分行业务技术用房建设项目,0,5,中建一局集团第三建筑有限公司安装分公司,000101000043000399ac
1076385,唐山市第一中学新校园建设项目（机电）,0,2,中建一局集团第三建筑有限公司安装分公司,000101000043000399ac
1061977,朝阳区东风乡绿隔地区第一宗地（原朝阳区东风家园一区工程）(2-1#住宅楼等7项)(机电),0,11,中建一局集团第三建筑有限公司安装分公司,000101000043000399ac
1014961,房山区拱辰街道FS00-0111-0018地块R2二类居住用地、FS00-0111-0016地块A33基础教育用地项目总承包工程（机电）,0,NULL,中建一局集团第三建筑有限公司安装分公司,000101000043000399ac
1008872,兰州中川国际机场三期扩建工程空管工程,0,5,中建一局集团第三建筑有限公司安装分公司,000101000043000399ac
992272,四季青安置回迁房机电项目,0,NULL,中建一局集团第三建筑有限公司安装分公司,000101000043000399ac
95206,赣州富力现代城B03地块机电项目,0,5,中建一局集团第三建筑有限公司安装分公司,000101000043000399ac
92265,西安苏宁雲著一期施工总承包工程机电项目,0,NULL,中建一局集团第三建筑有限公司安装分公司,000101000043000399ac
81155,机电北京金茂西铁营项目,0,NULL,中建一局集团第三建筑有限公司安装分公司,000101000043000399ac
28228,衢州城市物流综合体项目二期二标段工程（机电）,0,NULL,中建一局集团第三建筑有限公司安装分公司,000101000043000399ac
26720,河北检验检疫局技术业务用房项目机电工程,0,NULL,中建一局集团第三建筑有限公司安装分公司,000101000043000399ac
27414,利山大厦二期机电工程,0,NULL,中建一局集团第三建筑有限公司安装分公司,000101000043000399ac
1069222,武汉晴川假日酒店 13F-16F装修机电工程,0,11,中建一局集团第三建筑有限公司安装分公司,000101000043000399ac
1050758,西北地区（兰州）空中交通管制能力提升基础设施建设工程土建与安装工程（机电）,0,11,中建一局集团第三建筑有限公司安装分公司,000101000043000399ac
1023423,房山区京西棚户区改造安置房项目FS16-0001-0018地块（机电）,0,4,中建一局集团第三建筑有限公司安装分公司,000101000043000399ac
1022257,益海嘉里华南粮油生产销售基地综合食品加工项目（机电）,0,4,中建一局集团第三建筑有限公司安装分公司,000101000043000399ac
1003604,顺义新城机电项目,0,4,中建一局集团第三建筑有限公司安装分公司,000101000043000399ac
992979,山西省运城市新绛县、绛县合计320MW屋顶分布式光伏发电项目,0,5,中建一局集团第三建筑有限公司安装分公司,000101000043000399ac
109518,固安中宏新界南区1、2期机电项目,0,NULL,中建一局集团第三建筑有限公司安装分公司,000101000043000399ac
104543,大同市西郊污水处理厂提标改造工程（机电）,0,NULL,中建一局集团第三建筑有限公司安装分公司,000101000043000399ac
96059,延安万达城酒店群机电项目,0,NULL,中建一局集团第三建筑有限公司安装分公司,000101000043000399ac
91751,龙游县城南工业污水处理厂项目,0,NULL,中建一局集团第三建筑有限公司安装分公司,000101000043000399ac
47280,黑山扈平房社区外接热源工程,0,NULL,中建一局集团第三建筑有限公司安装分公司,000101000043000399ac
3658,（2103010160）六公主坟项目机电工程二期,0,NULL,中建一局集团第三建筑有限公司安装分公司,000101000043000399ac
79066,机电汝州万达广场项目工程,0,NULL,中建一局集团第三建筑有限公司安装分公司,000101000043000399ac
1102908,北京市朝阳区东坝项目（机电）,0,5,中建一局集团第三建筑有限公司安装分公司,000101000043000399ac
1086889,鹏瑞利广州黄埔东创广场改造项目综合机电分包工程,0,5,中建一局集团第三建筑有限公司安装分公司,000101000043000399ac
1060717,臻熙大厦项目（总承包工程）（机电）,0,11,中建一局集团第三建筑有限公司安装分公司,000101000043000399ac
1055416,丰台区城乡一体化周庄子村旧村改造项目二期ZZZ-06等地块（配建“共有产权住房”）项目ZZZ-L01（东）绿隔产业用地（L01-1#办公楼等8项）,0,11,中建一局集团第三建筑有限公司安装分公司,000101000043000399ac
1048460,广东廉江核电项目倒班宿舍 一期工程施工,0,5,中建一局集团第三建筑有限公司安装分公司,000101000043000399ac
1016598,北京市顺义区顺义新城第13街区6058地块商业用地项目空调、雨污水工程,0,4,中建一局集团第三建筑有限公司安装分公司,000101000043000399ac
1007073,津武(挂)2021-022号地块房地产开发津武(挂)2021-022号地块房地产开发项目机电工程,0,5,中建一局集团第三建筑有限公司安装分公司,000101000043000399ac
99622,铁岭万达广场项目（机电）,0,NULL,中建一局集团第三建筑有限公司安装分公司,000101000043000399ac
90097,西山西区中央空调机房改造项目,0,5,中建一局集团第三建筑有限公司安装分公司,000101000043000399ac
82669,机电天津保利天汇项目,0,NULL,中建一局集团第三建筑有限公司安装分公司,000101000043000399ac
12660,（1101030082）常德万达广场机电项目,0,NULL,中建一局集团第三建筑有限公司安装分公司,000101000043000399ac
7682,（1101030087）延安新区（北区）商品房项目施工九标段机电工程,0,NULL,中建一局集团第三建筑有限公司安装分公司,000101000043000399ac
9643,昆泰嘉瑞中心机电项目,0,4,中建一局集团第三建筑有限公司安装分公司,000101000043000399ac
2656,黄石万达广场机电工程,0,NULL,中建一局集团第三建筑有限公司安装分公司,000101000043000399ac
4548,（1101030089）天津全运村项目七、八号地机电工程,0,5,中建一局集团第三建筑有限公司安装分公司,000101000043000399ac
1083331,鹏瑞利广州白云站粤胜广场改造项目综合机电分包工程,0,5,中建一局集团第三建筑有限公司安装分公司,000101000043000399ac
1075709,佛山市粮食储备库二期项目仓储物流机电设备工程,0,5,中建一局集团第三建筑有限公司安装分公司,000101000043000399ac
1051919,朝阳区东风乡绿隔地区第一宗地8#写字楼/商业、10#写字楼/商业,0,11,中建一局集团第三建筑有限公司安装分公司,000101000043000399ac
1050757,2020年中国联通广东肇庆新建通信综合局房项目(一期)工程,0,11,中建一局集团第三建筑有限公司安装分公司,000101000043000399ac
1030929,云南通威高纯晶硅有限公司 水电硅材高纯晶硅绿色能源项目（二期20万吨/年高纯晶硅项目） 厂区暖通安装和洁净装修工程,0,4,中建一局集团第三建筑有限公司安装分公司,000101000043000399ac
1030429,智能安防产业链协同创新园项目一期（机电）,0,4,中建一局集团第三建筑有限公司安装分公司,000101000043000399ac
1030427,信创产业链适配技术研发及成果转化综合服务能力提升项目一期、二期（机电）,0,4,中建一局集团第三建筑有限公司安装分公司,000101000043000399ac
1027858,杭州光环新网机电项目,0,4,中建一局集团第三建筑有限公司安装分公司,000101000043000399ac
1022426,中山医院苏北健康管理中心用房建设项目EPC工程总承包（机电）,0,4,中建一局集团第三建筑有限公司安装分公司,000101000043000399ac
96344,延安万达城首开区及展示中心机电项目,0,NULL,中建一局集团第三建筑有限公司安装分公司,000101000043000399ac
95629,朝阳区孙河乡前苇沟组团棚户区改造土地开发项目二标段（机电）,0,NULL,中建一局集团第三建筑有限公司安装分公司,000101000043000399ac
51669,西安万达one项目9-2、9-4地块机电工程,0,NULL,中建一局集团第三建筑有限公司安装分公司,000101000043000399ac
1102385,北京城市副中心1201街区FZX-1201-0081、0171地块A4体育用地项目（机电）,0,5,中建一局集团第三建筑有限公司安装分公司,000101000043000399ac
1098396,新桥东先进制造产业园五号园区及科创五中心施工总承包工程（机电）,0,5,中建一局集团第三建筑有限公司安装分公司,000101000043000399ac
1083334,云擎智造基地项目（机电）,0,5,中建一局集团第三建筑有限公司安装分公司,000101000043000399ac
1067172,朝阳区东风乡绿隔地区第一宗地（原朝阳区东风家园一区工程）6#、7#写字楼,0,11,中建一局集团第三建筑有限公司安装分公司,000101000043000399ac
1058080,中粮家佳康（洮南）有限公司66.24万头健康生猪养殖项目,0,11,中建一局集团第三建筑有限公司安装分公司,000101000043000399ac
1028481,房山区拱辰街道FS00-0111-0017、0019地块R2二类居住用地项目（消防,0,4,中建一局集团第三建筑有限公司安装分公司,000101000043000399ac
1014226,国家电投集团贵安数据中心一期项目（机电）,0,5,中建一局集团第三建筑有限公司安装分公司,000101000043000399ac
997536,北方长龙军民融合复合材料产业基地项目（机电）,0,5,中建一局集团第三建筑有限公司安装分公司,000101000043000399ac
95628,安康万达项目A地块（机电）,0,NULL,中建一局集团第三建筑有限公司安装分公司,000101000043000399ac
96157,金茂青岛中欧国际城（智慧新城）A3地块机电项目（一期）总承包施工工程,0,NULL,中建一局集团第三建筑有限公司安装分公司,000101000043000399ac
16347,（1101030093）泛海国际居住区3#地南区强电通风工程,0,NULL,中建一局集团第三建筑有限公司安装分公司,000101000043000399ac
1101160,营口沿海城市建设发展有限公司辽宁（营口）沿海产业基地冶金化工重装备,0,5,中建一局集团第三建筑有限公司安装分公司,000101000043000399ac
1083135,北京城市副中心站综合枢纽中深层地热井下换热供热项目供暖管线,0,5,中建一局集团第三建筑有限公司安装分公司,000101000043000399ac
1078560,长飞特种光缆生产基地建设项目施工总承包工程（机电））,0,5,中建一局集团第三建筑有限公司安装分公司,000101000043000399ac
1031378,中国电信智慧云基地怀来园区2023年通信电源配套一期工程EPC总承包项目,0,4,中建一局集团第三建筑有限公司安装分公司,000101000043000399ac
1027784,隆沣城项目建安工程A标段（机电）,0,4,中建一局集团第三建筑有限公司安装分公司,000101000043000399ac
1009567,下花园A2地块项目机电消防分包工程,0,NULL,中建一局集团第三建筑有限公司安装分公司,000101000043000399ac
1002560,安康万达御河湾机电项目,0,11,中建一局集团第三建筑有限公司安装分公司,000101000043000399ac
1000064,中交第一公路勘察设计研究院有限公司生活区国有土地上棚户区改造项目（机电）,0,11,中建一局集团第三建筑有限公司安装分公司,000101000043000399ac
103185,乌鲁木齐市工人文化宫现址加固改造工程,0,5,中建一局集团第三建筑有限公司安装分公司,000101000043000399ac
82670,机电天津保利云庐项目,0,NULL,中建一局集团第三建筑有限公司安装分公司,000101000043000399ac
76295,机电衡水保利拉菲公馆一期二标段,0,NULL,中建一局集团第三建筑有限公司安装分公司,000101000043000399ac
15329,（2103010152）S富华紫檀产业园机电工程,0,NULL,中建一局集团第三建筑有限公司安装分公司,000101000043000399ac
10627,（1101030079）朝阳区崔各庄乡大望京村2号地626地块1号楼机电工程,0,NULL,中建一局集团第三建筑有限公司安装分公司,000101000043000399ac
1103245,长飞武汉科技园六期扩产项目机电安装工程,0,11,中建一局集团第三建筑有限公司安装分公司,000101000043000399ac
1103243,器件保偏光纤扩产项目长飞9#西扩和新建16#建筑项目施工总承包工程（机电）,0,5,中建一局集团第三建筑有限公司安装分公司,000101000043000399ac
1086131,北京通州区上营街2号院4号楼机电安装工程,0,5,中建一局集团第三建筑有限公司安装分公司,000101000043000399ac
1030856,安康市儿童福利院新建项目（机电）,0,4,中建一局集团第三建筑有限公司安装分公司,000101000043000399ac
1029910,天津南站鹏瑞利国际大健康城-2项目机电工程,0,5,中建一局集团第三建筑有限公司安装分公司,000101000043000399ac
1024398,北京市朝阳区崔各庄乡奶西村棚户区改造土地开发项目29-318地块R2二类居住用地机电项目（1#住宅楼等20项）,0,4,中建一局集团第三建筑有限公司安装分公司,000101000043000399ac
1011984,西安高铁东城片区综合开发核心区(湾子村)城市更新项目安置楼工程设计施工总承包（EPC) -1标段,0,5,中建一局集团第三建筑有限公司安装分公司,000101000043000399ac
1008427,房山区拱辰街道FS00-LX11-0007地块 B4综合性商业金融服务业用地项目（购物中心）,0,5,中建一局集团第三建筑有限公司安装分公司,000101000043000399ac
995922,颐和金茂机电项目,0,NULL,中建一局集团第三建筑有限公司安装分公司,000101000043000399ac
110784,舟山万达机电项目,0,5,中建一局集团第三建筑有限公司安装分公司,000101000043000399ac
104700,鎏庄项目659地块机电项目,0,NULL,中建一局集团第三建筑有限公司安装分公司,000101000043000399ac
101713,延安万达城销售物业25#-2地块（机电）,0,5,中建一局集团第三建筑有限公司安装分公司,000101000043000399ac
99574,京北金茂悦项目（机电）,0,NULL,中建一局集团第三建筑有限公司安装分公司,000101000043000399ac
93024,东北大学南湖校区2号学生宿舍工程施工机电项目,0,NULL,中建一局集团第三建筑有限公司安装分公司,000101000043000399ac
27392,西局村旧村改造XJ-09商业金融用地项目机电工程,0,NULL,中建一局集团第三建筑有限公司安装分公司,000101000043000399ac
8670,（2103010127）酒店式公寓（利山大厦4#楼）机电工程,0,NULL,中建一局集团第三建筑有限公司安装分公司,000101000043000399ac
7795,衢州城市物流综合体项目二期一标段工程（机电）,0,NULL,中建一局集团第三建筑有限公司安装分公司,000101000043000399ac
1094393,房山区良乡组团FS00-0110街区0001、0003、0004地块建设项目一期（展厅项目）机电,0,5,中建一局集团第三建筑有限公司安装分公司,000101000043000399ac
1090402,光学合成熔石英项目A4生产厂房机电安装工程,0,5,中建一局集团第三建筑有限公司安装分公司,000101000043000399ac
1029362,高新境阅里项目工程施工,0,4,中建一局集团第三建筑有限公司安装分公司,000101000043000399ac
1026296,贵安美的云一期数据中心机电施工总承包项目,0,4,中建一局集团第三建筑有限公司安装分公司,000101000043000399ac
1017266,南部新城校场一路公交综合体建设工程机电项目,0,4,中建一局集团第三建筑有限公司安装分公司,000101000043000399ac
1014953,天津雍盛广场项目（机电）,0,5,中建一局集团第三建筑有限公司安装分公司,000101000043000399ac
1001845,西安中央厨房一期机电项目,0,5,中建一局集团第三建筑有限公司安装分公司,000101000043000399ac
107989,金茂青岛中欧国际城（智慧新城）A3地块项目（二期）总承包施工工程,0,NULL,中建一局集团第三建筑有限公司安装分公司,000101000043000399ac
84301,富力院士廷机电项目,0,NULL,中建一局集团第三建筑有限公司安装分公司,000101000043000399ac
91540,首都机场东航空净化站出水提标改造项目,0,NULL,中建一局集团第三建筑有限公司安装分公司,000101000043000399ac
82589,机电横山项目（西山林语南区）二期二标段,0,NULL,中建一局集团第三建筑有限公司安装分公司,000101000043000399ac
34207,京东亚洲一号东莞麻涌物流园机电工程,0,NULL,中建一局集团第三建筑有限公司安装分公司,000101000043000399ac
1103142,宝安新桥东先进制造产业园五号园区及科创五中心施工总承包工程（机电）,0,5,中建一局集团第三建筑有限公司安装分公司,000101000043000399ac
1096890,孙河组团2902-73地块B4综合性商业金融服务业用地（机电）,0,5,中建一局集团第三建筑有限公司安装分公司,000101000043000399ac
1087547,房山区拱辰街道办事处梅花桩村商业金融项目(13#会议中心)（机电）,0,5,中建一局集团第三建筑有限公司安装分公司,000101000043000399ac
1062987,酒仙桥旧城区改建机电项目,0,11,中建一局集团第三建筑有限公司安装分公司,000101000043000399ac
1029620,贵安新区能源大数据产业基地A1栋项目土建及基桩工程（机电）,0,4,中建一局集团第三建筑有限公司安装分公司,000101000043000399ac
1017825,房山区拱辰街道FS00-0111-0019地块R2二类居住用地（配建“保障性租赁住房”）项目（机电）,0,4,中建一局集团第三建筑有限公司安装分公司,000101000043000399ac
1006223,黄石中医医院（市传染病医院）中医传承大楼机电工程项目,0,5,中建一局集团第三建筑有限公司安装分公司,000101000043000399ac
110928,黄石下陆万达广场机电项目,0,11,中建一局集团第三建筑有限公司安装分公司,000101000043000399ac
110029,津滨高（挂）2019-13号地机电项目,0,NULL,中建一局集团第三建筑有限公司安装分公司,000101000043000399ac
98163,机电西礼尚庄城中村改造项目（A-02地块）,0,NULL,中建一局集团第三建筑有限公司安装分公司,000101000043000399ac
95936,C-18地块R2二类居住用地项目总承包工程机电项目,0,NULL,中建一局集团第三建筑有限公司安装分公司,000101000043000399ac
83861,泛海1#地机电项目,0,NULL,中建一局集团第三建筑有限公司安装分公司,000101000043000399ac
54237,青岛金茂智慧新城A5地块项目机电工程,0,NULL,中建一局集团第三建筑有限公司安装分公司,000101000043000399ac
51670,西安万达one项目6地块机电工程,0,4,中建一局集团第三建筑有限公司安装分公司,000101000043000399ac
29237,珠海富华紫檀文化创意园项目机电工程,0,NULL,中建一局集团第三建筑有限公司安装分公司,000101000043000399ac
26427,忠旺上城项目机电工程,0,NULL,中建一局集团第三建筑有限公司安装分公司,000101000043000399ac
1077330,朝阳黄杉木店金茂璞樾项目（机电）,0,5,中建一局集团第三建筑有限公司安装分公司,000101000043000399ac
1051706,国网甘肃白银供电公司调度生产综合用房主体及室外工程项目（机电）,0,11,中建一局集团第三建筑有限公司安装分公司,000101000043000399ac
1044923,北京市昌平区北七家镇东二旗村二期土地一级开发项目CPO1-1503-0003地块R2二类居住用地项目,0,11,中建一局集团第三建筑有限公司安装分公司,000101000043000399ac
1040897,房山区京西棚户区改造安置房项目FS16-0001-0048、0059地块（机电）,0,11,中建一局集团第三建筑有限公司安装分公司,000101000043000399ac
1026139,万达·西安one项目7地块（机电）,0,4,中建一局集团第三建筑有限公司安装分公司,000101000043000399ac
1024759,贵安美的云一期土建总承包工程（机电）,0,4,中建一局集团第三建筑有限公司安装分公司,000101000043000399ac
1023326,贵州文化广场（河滨剧场）棚户区改造项目 A3、A4 栋项目（机电）项目,0,4,中建一局集团第三建筑有限公司安装分公司,000101000043000399ac
105146,机电西礼尚庄城中村改造项目（A-03地块）,0,NULL,中建一局集团第三建筑有限公司安装分公司,000101000043000399ac
90718,北京万业源工业厂房建设项目,0,NULL,中建一局集团第三建筑有限公司安装分公司,000101000043000399ac
81800,机电西局旧村改造08地块,0,NULL,中建一局集团第三建筑有限公司安装分公司,000101000043000399ac
84146,西安全运村项目二期13号地块机电工程,0,NULL,中建一局集团第三建筑有限公司安装分公司,000101000043000399ac
27542,京东亚洲一号青岛物流园机电工程,0,NULL,中建一局集团第三建筑有限公司安装分公司,000101000043000399ac
1094395,中国电信延安新区信息园区(5G创新产业园)一期土建工程施工总承包(机电),0,5,中建一局集团第三建筑有限公司安装分公司,000101000043000399ac
1077334,天恒摩墅项目售后及空置房维修工程项目（机电）,0,5,中建一局集团第三建筑有限公司安装分公司,000101000043000399ac
1074249,深向三电系统智慧工厂项目公用安装工程,0,5,中建一局集团第三建筑有限公司安装分公司,000101000043000399ac
1073977,圣农食品（甘肃）有限公司食品深加工建设项目施工总承包工程（机电）,0,11,中建一局集团第三建筑有限公司安装分公司,000101000043000399ac
1064022,万兴科技(长沙)创意科学园1期项目机电,0,11,中建一局集团第三建筑有限公司安装分公司,000101000043000399ac
1018465,房山区拱辰街道办事处 FS00-LX05-0045地块R2二类居住用地项目（机电）,0,4,中建一局集团第三建筑有限公司安装分公司,000101000043000399ac
1013553,1#四星酒店、2#五星酒店、3#商业楼、11#商业楼、12#商业楼、地下车库、开闭所（机电）,0,5,中建一局集团第三建筑有限公司安装分公司,000101000043000399ac
1006245,津宁（挂） 2017-01 号地块—A 地块 3#-12#楼、14#-22#楼、 38#-45#楼、配建1、配建2、配建11及地下车库（二期）工程-机电,0,NULL,中建一局集团第三建筑有限公司安装分公司,000101000043000399ac
1004881,中影城市文化中心机电项目,0,5,中建一局集团第三建筑有限公司安装分公司,000101000043000399ac
112567,西安高新苏宁广场机电项目,0,NULL,中建一局集团第三建筑有限公司安装分公司,000101000043000399ac
92058,商丘爱琴海购物公园机电项目,0,NULL,中建一局集团第三建筑有限公司安装分公司,000101000043000399ac
94860,西安空港企业总部商务中心项目（一期启动区）综合机电项目,0,NULL,中建一局集团第三建筑有限公司安装分公司,000101000043000399ac
51823,灯塔忠旺项目机电工程,0,NULL,中建一局集团第三建筑有限公司安装分公司,000101000043000399ac
27924,海天大酒店改造项目（海天中心）一期,0,4,中建一局集团第三建筑有限公司安装分公司,000101000043000399ac
26719,东郡项目机电工程,0,4,中建一局集团第三建筑有限公司安装分公司,000101000043000399ac
8684,（1101030096）泛海国际居住区4#-1地块机电工程,0,NULL,中建一局集团第三建筑有限公司安装分公司,000101000043000399ac
1068777,阿里新零售供应链华南总部项目（广州花都项目）施工总承包项目,0,11,中建一局集团第三建筑有限公司安装分公司,000101000043000399ac
1030193,中国电信智慧云基地怀来园区2023年通信电源配套一期工程EPC总承包,0,4,中建一局集团第三建筑有限公司安装分公司,000101000043000399ac
1024400,房山区拱辰街道FS00-LX05-0045地块 R2 二类居住用地机电项目,0,4,中建一局集团第三建筑有限公司安装分公司,000101000043000399ac
1017824,房山区拱辰街道FS00-0111-0017地块R2二类居住用地（配建“保障性租赁住房”）项目（机电）,0,4,中建一局集团第三建筑有限公司安装分公司,000101000043000399ac
1009061,颐科中心机电项目,0,5,中建一局集团第三建筑有限公司安装分公司,000101000043000399ac
112165,天津云庐二标段机电项目,0,11,中建一局集团第三建筑有限公司安装分公司,000101000043000399ac
106776,(机电）万达·西安one项目2地块销售物业总承包工程,0,5,中建一局集团第三建筑有限公司安装分公司,000101000043000399ac
96357,前海人寿西安云计算中心（一期）项目,0,NULL,中建一局集团第三建筑有限公司安装分公司,000101000043000399ac
91221,新丝绸之路国际商贸城五号地一期二批机电项目,0,5,中建一局集团第三建筑有限公司安装分公司,000101000043000399ac
94795,南沙滨海十三期机电工程,0,NULL,中建一局集团第三建筑有限公司安装分公司,000101000043000399ac
20683,（1101030098）温州大西洋购物中心（银泰城）二次装修机电改造工程,0,NULL,中建一局集团第三建筑有限公司安装分公司,000101000043000399ac
1048461,长飞光学与半导体石英元器件的研发及产业化项目,0,5,中建一局集团第三建筑有限公司安装分公司,000101000043000399ac
1030004,湖南奥蓝新材料科技有限公司MLED显示模组项目（机电）,0,4,中建一局集团第三建筑有限公司安装分公司,000101000043000399ac
1029984,湖南蓝芯微电子科技有限公司MLED显示芯片项目（机电）,0,4,中建一局集团第三建筑有限公司安装分公司,000101000043000399ac
1023340,江北区人民医院新建工程（机电工程）,0,4,中建一局集团第三建筑有限公司安装分公司,000101000043000399ac
1016242,顺义区顺义新城第13街区6060、6066、6067地块、6058地块、6063地块、6065地块项目总承包工程（三标段）（机电）,0,4,中建一局集团第三建筑有限公司安装分公司,000101000043000399ac
991079,紫薇云璟时光EPC总承包项目（机电）,0,5,中建一局集团第三建筑有限公司安装分公司,000101000043000399ac
98162,机电中宏新界南区二期项目,0,NULL,中建一局集团第三建筑有限公司安装分公司,000101000043000399ac
89629,名流置业商住小区三期（华发新天地）机电工程,0,NULL,中建一局集团第三建筑有限公司安装分公司,000101000043000399ac
83712,北京金茂659项目机电工程,0,NULL,中建一局集团第三建筑有限公司安装分公司,000101000043000399ac
25877,西安高新万达住宅工程,0,NULL,中建一局集团第三建筑有限公司安装分公司,000101000043000399ac
1077077,四季青镇西郊机场周边及沿线（西冉、田村、常青片区）城中村改造西冉田村安置房项目（一标段）-机电,0,5,中建一局集团第三建筑有限公司安装分公司,000101000043000399ac
1058641,中国电信智慧云基地怀来园区2024年通信电源配套一期工程EPC总承包项目,0,4,中建一局集团第三建筑有限公司安装分公司,000101000043000399ac
1058018,中国电信智慧云基地怀来园区2024年通信电源配套一期工程EPC总承包,0,5,中建一局集团第三建筑有限公司安装分公司,000101000043000399ac
1028382,房山区拱辰街道FS00-0111-0018地块R2二类居住用地、FS00-0111-0016地块A33基础教育用地项目（消防）,0,4,中建一局集团第三建筑有限公司安装分公司,000101000043000399ac
1026183,中国电信集团智慧云基地高阳园区2023年机电配套一期工程EPC项目,0,4,中建一局集团第三建筑有限公司安装分公司,000101000043000399ac
1025235,邢台新能源职业技术学院建设项目-一期A工程施工总承包（三、四标段）机电,0,4,中建一局集团第三建筑有限公司安装分公司,000101000043000399ac
1004841,中联智慧产业城大数据与会议中心项目,0,5,中建一局集团第三建筑有限公司安装分公司,000101000043000399ac
1001147,望江单元机电项目,0,4,中建一局集团第三建筑有限公司安装分公司,000101000043000399ac
998092,西安湖滨府三期项目总承包施工工程(机电）,0,5,中建一局集团第三建筑有限公司安装分公司,000101000043000399ac
993469,北京智地华发二标段机电项目,0,11,中建一局集团第三建筑有限公司安装分公司,000101000043000399ac
112702,宜昌三峡机场改扩建工程机电项目,0,NULL,中建一局集团第三建筑有限公司安装分公司,000101000043000399ac
112566,新沂神井花园三期机电工程,0,NULL,中建一局集团第三建筑有限公司安装分公司,000101000043000399ac
110497,研祥国际金融中心机电项目,0,11,中建一局集团第三建筑有限公司安装分公司,000101000043000399ac
106989,唐山南湖中央商务区核心区项目一期（A-02、A-03、A-07地块）总承包工程机电项目,0,5,中建一局集团第三建筑有限公司安装分公司,000101000043000399ac
103825,淮南医院机电项目,0,3,中建一局集团第三建筑有限公司安装分公司,000101000043000399ac
95616,安康万达ONE项目（机电）,0,NULL,中建一局集团第三建筑有限公司安装分公司,000101000043000399ac
81802,机电万达·西安one项目(8地块）工程,0,NULL,中建一局集团第三建筑有限公司安装分公司,000101000043000399ac
56946,B1-1#医疗综合楼等5项项目机电工程,0,NULL,中建一局集团第三建筑有限公司安装分公司,000101000043000399ac
1094394,台湖镇生活垃圾转运站项目-机电,0,5,中建一局集团第三建筑有限公司安装分公司,000101000043000399ac
1071339,华狮美妆智造基地（机电）,0,11,中建一局集团第三建筑有限公司安装分公司,000101000043000399ac
1031549,中联重科智慧产业城办公与研发中心、大数据与会议中心弱电建设项目,0,11,中建一局集团第三建筑有限公司安装分公司,000101000043000399ac
1006255,丰厨（兴平）食品有限公司西安中央厨房一期项目-机电,0,NULL,中建一局集团第三建筑有限公司安装分公司,000101000043000399ac
1004977,钱门江南府机电项目,0,5,中建一局集团第三建筑有限公司安装分公司,000101000043000399ac
1001384,海尚苑东区项目（二期）机电,0,5,中建一局集团第三建筑有限公司安装分公司,000101000043000399ac
992854,昌平新城回迁小区定向安置房机电项目,0,5,中建一局集团第三建筑有限公司安装分公司,000101000043000399ac
100670,房山区拱辰街道17-02-10地块F1住宅混合公建用地、17-02-09地块A33基础教育用地项目总承包工程（机电）,0,NULL,中建一局集团第三建筑有限公司安装分公司,000101000043000399ac
55536,上海师范大学附属嘉善实验学校项目机电工程,0,NULL,中建一局集团第三建筑有限公司安装分公司,000101000043000399ac
25878,西安高新万达大商业及售楼处机电工程,0,NULL,中建一局集团第三建筑有限公司安装分公司,000101000043000399ac
824829,安康万达A地块项目,NULL,NULL,中建一局集团第三建筑有限公司安装分公司,000101000043000399ac
12645,（1101030078）大连春柳公园机电工程,0,4,中建一局集团第三建筑有限公司安装分公司,000101000043000399ac
15332,（1101030076）大望京2号地626地块2#楼项目机电工程,0,NULL,中建一局集团第三建筑有限公司安装分公司,000101000043000399ac
10673,（2103010156）顺义区南法信镇商业金融用地（34-2）地块项目机电工程,0,NULL,中建一局集团第三建筑有限公司安装分公司,000101000043000399ac
7700,（1101030088）六公主坟项目机电工程一期,0,NULL,中建一局集团第三建筑有限公司安装分公司,000101000043000399ac
51631,天津北讯大厦项目部,0,5,一局六公司第一大项目部,0001010000430007999d0004
10659,(2106060009)蒙阴中房广场项目部,0,NULL,一局六公司第一大项目部,0001010000430007999d0004
16607,(2106060002)诸城华润家园项目,0,NULL,一局六公司第一大项目部,0001010000430007999d0004
9673,(2106060004)诸城市龙都现代城90#楼,0,NULL,一局六公司第一大项目部,0001010000430007999d0004
6645,(2106060001)中房·长安国际项目,0,NULL,一局六公司第一大项目部,0001010000430007999d0004
3616,(2106060006)海润尚东项目部,0,NULL,一局六公司第一大项目部,0001010000430007999d0004
11674,(2106060007)吉祥花园项目部,0,NULL,一局六公司第一大项目部,0001010000430007999d0004
817598,南乐县西湖春天,0,NULL,一局六公司第七大项目部,0001010000430007999d0010
90696,南乐县人防指挥所工程,0,4,一局六公司第七大项目部,0001010000430007999d0010
1024340,德州碳中和展示中心项目部,0,4,一局六公司第七大项目部,0001010000430007999d0010
817613,南乐县人防宣教中心项目-劳务,0,NULL,一局六公司第七大项目部,0001010000430007999d0010
90695,南乐县西湖春天建设项目,0,4,一局六公司第七大项目部,0001010000430007999d0010
16255,(1101060046)山东奥瑞金包装工程项目,0,5,一局六公司第七大项目部,0001010000430007999d0010
4536,(2106060005)平度凤凰新天地一期,0,NULL,一局六公司第七大项目部,0001010000430007999d0010
8647,(1101060044)东营黄河三角洲国际物流港项目,0,NULL,一局六公司第七大项目部,0001010000430007999d0010
1027166,崇仁县非遗传承基地建设项目EPC,0,2,一局华江公司古建分公司,0001010000430007999f
112397,景德镇陶阳里历史街区保护更新PPP项目,0,3,一局华江公司古建分公司,0001010000430007999f
1029486,南京市儿童医院河西院区二期项目施工总承包工程,0,5,一局华江公司古建分公司,0001010000430007999f
1025047,天恒壹号北院,0,5,一局华江公司古建分公司,0001010000430007999f
26295,中关村集成电路设计园二期总承包工程,0,5,一局华江公司古建分公司,0001010000430007999f
1063866,景德镇陶阳里历史文化街区 5A 景区提升项目过路窑片区工程,0,5,一局华江公司古建分公司,0001010000430007999f
1015512,合肥长丰县 CF202211 地块工程总承包项目,0,2,一局华江公司古建分公司,0001010000430007999f
999763,“海淀北部地区整体开发”苏家坨镇HD00-0303-6031/6032/6033地块（中关村环保科技示范园）F1住宅混合公建用地、A33基础教育用地项目（10#幼儿园等3项）、（7#住宅楼等7项）、（6#办公楼）,0,5,一局华江公司古建分公司,0001010000430007999f
1029789,中关村翠湖科技园3-1-134地块项目,0,5,一局华江公司古建分公司,0001010000430007999f
1023809,雍湖水映设计施工项目,0,2,一局华江公司古建分公司,0001010000430007999f
999616,景德镇市昌江(中心城区段)水生态修复与治理工程项目（一期）设计施工总承包,0,5,一局华江公司古建分公司,0001010000430007999f
993581,苏州京东方医院项目改、扩建工程,0,5,一局华江公司古建分公司,0001010000430007999f
989597,翠湖国际人才社区6032、6033地块项目,0,NULL,一局华江公司古建分公司,0001010000430007999f
81004,北京新机场工作区工程房建项目施工一标段生活服务设施工程,0,5,一局华江公司古建分公司,0001010000430007999f
79229,景德镇城区老瓷厂改造项目,0,2,一局华江公司古建分公司,0001010000430007999f
1078604,含山县中医医院医养结合服务能力建设项目,0,5,一局华江公司古建分公司,0001010000430007999f
1040969,河海大学西康路校区环境科学大楼一期项目施工总承包,0,5,一局华江公司古建分公司,0001010000430007999f
79155,北京石龙经济开发区产业孵化中心三期工程,0,NULL,一局华江公司古建分公司,0001010000430007999f
1041529,海淀区“海淀北部地区整体开发”西北旺镇HD00- 0402-0102地块（永丰产业基地）B1商业用地项目（商业办公楼等12项）,0,5,一局华江公司古建分公司,0001010000430007999f
999202,北京大兴国际机场生活服务设施二期工程,0,5,一局华江公司古建分公司,0001010000430007999f
89944,景德镇陶阳里历史街区保护利用（珠山大桥-中渡口段改造提升）项目,0,2,一局华江公司古建分公司,0001010000430007999f
815387,1#技术研发中心等8项（北京石龙经济开发区产业孵化中心三期工程）,NULL,NULL,一局华江公司古建分公司,0001010000430007999f
1060513,景德镇彭家弄历史文化街区等保护提升项目瑞州弄片区工程,0,5,一局华江公司古建分公司,0001010000430007999f
1056819,河海大学西本路校区修缮一期项目工程总承包,0,5,一局华江公司古建分公司,0001010000430007999f
1054363,上海市轨道交通18号线二期工程土建5B标（庙行停车场房建市政工程及上盖预留结构）,0,5,一局华江公司古建分公司,0001010000430007999f
9972,中关村永丰产业基地新技术成果转移研发中心,0,5,一局华江公司古建分公司,0001010000430007999f
1103257,中国（芜湖）长江渔文化博物馆项目,0,5,一局华江公司古建分公司,0001010000430007999f
1020870,海淀区“海淀北部地区整体开发”西北旺镇HD00-0402-0102 地块（永丰产业基地）B1 商业用地项目土护降工程,0,5,一局华江公司古建分公司,0001010000430007999f
1016252,天恒壹号南院项目,0,5,一局华江公司古建分公司,0001010000430007999f
92384,雁柏山庄,0,1,一局华江公司古建分公司,0001010000430007999f
1049957,宿徐现代产业园埇创公寓建设项目,0,5,一局华江公司古建分公司,0001010000430007999f
1044730,电子材料生产基地及创新中心项目（一期）桩基工程,0,5,一局华江公司古建分公司,0001010000430007999f
12970,永丰产业基地中关村壹号,0,5,一局华江公司古建分公司,0001010000430007999f
1063867,景德镇陶阳里历史文化街区 5A 景区提升项目祥集下弄片区工程,0,5,一局华江公司古建分公司,0001010000430007999f
1053809,电子材料生产基地及创新中心项目（一期）施工总承包工程,0,5,一局华江公司古建分公司,0001010000430007999f
1048466,都昌中等职业学校蔡岭分校建设项目,0,5,一局华江公司古建分公司,0001010000430007999f
1027165,临洮县马家窑遗址公园游客接待中心项目,0,4,一局华江公司古建分公司,0001010000430007999f
1027159,中关村翠湖科技园3-1-124、3-1-134地块土护降工程,0,5,一局华江公司古建分公司,0001010000430007999f
1003428,景德镇陶瓷文化旅游综合体附属宇宙瓷厂改造项目设计采购施工总承包,0,2,一局华江公司古建分公司,0001010000430007999f
92854,紫晶国际会议中心工程设计施工总承包,0,5,一局华江公司古建分公司,0001010000430007999f
1096286,景德镇陶阳里景区年度零星维修工程,0,11,一局华江公司古建分公司,0001010000430007999f
1029485,中关村翠湖科技园3-1-124地块项目,0,2,一局华江公司古建分公司,0001010000430007999f
27108,江西省景德镇御窑博物馆及御窑厂遗址保护设施建设项目,0,2,一局华江公司古建分公司,0001010000430007999f
1949,永丰产业基地II-22地块中关村壹号一期（E ）区,0,5,一局华江公司古建分公司,0001010000430007999f
100381,景德镇御窑厂景区周边配套基础设施 建设项目设计采购施工总承包,0,2,一局华江公司古建分公司,0001010000430007999f
1059756,景德镇市养老服务中心建设项目一标段工程,0,5,一局华江公司古建分公司,0001010000430007999f
1044887,东北大街有机更新一期项目设计采购施总承(EPC),0,5,一局华江公司古建分公司,0001010000430007999f
1033687,河海大学西康路校区研究生公寓楼项目施工总承包项目,0,5,一局华江公司古建分公司,0001010000430007999f
10974,武夷新区云谷小区G、H地块项目,0,5,一局华江公司浙江分公司,0001010000430007999g
1066767,大河漾单元ZX-02-02-03D地块房地产开发项目工程总承包,0,5,一局华江公司浙江分公司,0001010000430007999g
992738,自治区重大公益性项目片区民族风情街房地产项目南北地块共有支护工程-南地块,0,5,一局华江公司浙江分公司,0001010000430007999g
98447,安义县智慧时代工程总承包（EPC）,0,2,一局华江公司浙江分公司,0001010000430007999g
77662,威宁·首府一期1#、2#、3#、5#楼和幼儿园、地下室B区工程,0,5,一局华江公司浙江分公司,0001010000430007999g
81695,安义县潦河南岸旧城<棚户区>二期,0,2,一局华江公司浙江分公司,0001010000430007999g
996345,灵溪镇老旧住宅区改造工程（一期） 代建开发项目,0,2,一局华江公司浙江分公司,0001010000430007999g
97877,鄱阳饶州文旅综合体项目悦麓酒店建设工程,0,5,一局华江公司浙江分公司,0001010000430007999g
1067945,长三角一体化南太湖未来新城长东片区总部经济园区基础设施-杨渎桥溇港生态修复工程项目,0,5,一局华江公司浙江分公司,0001010000430007999g
1028793,苍南县县城新区东扩区A-07地块（汤家垟）安置房建设项目全过程代建开发工程,0,NULL,一局华江公司浙江分公司,0001010000430007999g
110323,安义县武举堤公园项目EPC总承包工程,0,2,一局华江公司浙江分公司,0001010000430007999g
83080,昭平县桂江一江两岸景观带基础设施建设PPP项目工程施工总承包,0,3,一局华江公司浙江分公司,0001010000430007999g
11973,自治区重大公益性项目片区民族风情街（北地块）房地产项目一期,0,5,一局华江公司浙江分公司,0001010000430007999g
1088915,安吉县竹产业科技创新孵化基地建设工程(EPC),0,2,一局华江公司浙江分公司,0001010000430007999g
17596,安溪盛世金元项目部,0,5,一局华江公司浙江分公司,0001010000430007999g
90358,湖州市八里店镇潞村村落风貌改造工程EPC项目,1,2,一局华江公司浙江分公司,0001010000430007999g
96201,南宁五象新区核心区商务街项目（酒 店地块）,0,5,一局华江公司浙江分公司,0001010000430007999g
24365,广西钦州力顺机械有限公司年产5万辆轻型载货汽车升级改造项目,0,1,一局华江公司浙江分公司,0001010000430007999g
1021721,浙北生命健康南片区小微企业园（一期）施工总承包项目,0,5,一局华江公司浙江分公司,0001010000430007999g
1017276,莲花县人民医院搬迁建设项目 (设计、采购、施工) EPC 总承包工程,0,2,一局华江公司浙江分公司,0001010000430007999g
1053189,大余村索道建设项目之索道站房和边坡防护治理供水配套工程 总承包（EPC）,0,5,一局华江公司浙江分公司,0001010000430007999g
107561,潞村古村落开发基础设施配套 EPC 项目,0,2,一局华江公司浙江分公司,0001010000430007999g
1095938,浙北区域超充网络项目,0,5,一局华江公司浙江分公司,0001010000430007999g
24369,自治区重大公益性项目片区路网（五象湖广场东路五象湖广场西路）工程,0,5,一局华江公司浙江分公司,0001010000430007999g
24367,自治区重大公益性项目片区文化街房地产项目,0,5,一局华江公司浙江分公司,0001010000430007999g
97875,鄱阳饶州文旅综合体项目住宅区域建设工程,0,5,一局华江公司浙江分公司,0001010000430007999g
24374,GIG国际金融资本中心一期,0,5,一局华江公司浙江分公司,0001010000430007999g
1066693,安吉双元教育实践基地建设项目之北区块宿舍、食堂建设工程,0,5,一局华江公司浙江分公司,0001010000430007999g
1022254,湖州“奥青汇”园区基础设施项目工程总承包（EPC）项目,0,2,一局华江公司浙江分公司,0001010000430007999g
24366,自治区重大公益性项目片区民族风情街（南地块）房地产项目,0,4,一局华江公司浙江分公司,0001010000430007999g
1040981,紫金华府项目施工总承包,0,5,一局华江公司浙江分公司,0001010000430007999g
1040972,山西北航光伏技术有限公司运城市500MW分布式光伏发电项目工程总承包（EPC）,0,2,一局华江公司浙江分公司,0001010000430007999g
97871,鄱阳饶州文旅综合体项目古镇老街建设工程,0,5,一局华江公司浙江分公司,0001010000430007999g
93043,威宁.邻家龙岗东广场项目景观工程,0,5,一局华江公司浙江分公司,0001010000430007999g
91733,湖口县第五中学新建工程EPC总承包项目（装配式）,0,2,一局华江公司浙江分公司,0001010000430007999g
28695,威宁·邻家龙岗东广场项目,0,5,一局华江公司浙江分公司,0001010000430007999g
25569,GIG国际金融中心二期,0,5,一局华江公司浙江分公司,0001010000430007999g
1047468,温州旭昌汽车进出口贸易有限公司苍南县平行进口车总部项目,0,5,一局华江公司浙江分公司,0001010000430007999g
1002722,县城新区南扩区渡龙安置小区建设工程全过程代建开发,0,5,一局华江公司浙江分公司,0001010000430007999g
90619,南昌市西湖区桃花镇安置小区城市棚户区改造安置房,0,2,一局华江公司浙江分公司,0001010000430007999g
84856,宜春智慧小镇呼叫中心、孵化基地、双创基地项目 EPC（设计采购施工一体化）总承包,0,2,一局华江公司浙江分公司,0001010000430007999g
989602,湖州市八里店镇潞村村落风貌改造二期工程总承包（EPC）项目,0,2,一局华江公司浙江分公司,0001010000430007999g
989601,潞村古村落开发基础设施配套EPC项目,0,5,一局华江公司浙江分公司,0001010000430007999g
8980,(2111010202)大望京2号地项目昆泰地块地下结构工程,0,NULL,中建一局钢结构工程有限公司,0001010000430011
8979,(2111010203)泰和龙庭一期,0,NULL,中建一局钢结构工程有限公司,0001010000430011
84315,（2111010229）超视堺第10.5代TFT-LCD显示器件生产线项目,0,NULL,中建一局钢结构工程有限公司,0001010000430011
15380,(2511010150) 秦皇岛加工基地,0,NULL,中建一局钢结构工程有限公司,0001010000430011
2961,(2111010216)昆泰关东店综合楼项目,0,NULL,中建一局钢结构工程有限公司,0001010000430011
3973,(2111010214)珠江逸景科技园项目,0,NULL,中建一局钢结构工程有限公司,0001010000430011
1970,(2111010157)天津健康产业园体育基地新建射击馆施工总承包钢结构分包工程,0,NULL,中建一局钢结构工程有限公司,0001010000430011
16331,(2111010221)五棵松冰上运动中心钢结构工程,0,NULL,中建一局钢结构工程有限公司,0001010000430011
8978,(1101110022)仙桃加多宝建设总承包,0,NULL,中建一局钢结构工程有限公司,0001010000430011
11978,(2111010203)北京仁和医院,0,NULL,中建一局钢结构工程有限公司,0001010000430011
5851,(2111010191)北京工业职业技术学院图书科技楼工程,0,NULL,中建一局钢结构工程有限公司,0001010000430011
18604,(2111010218)东营市黄河三角洲国际物流港建设一期工程,0,NULL,中建一局钢结构工程有限公司,0001010000430011
15427,(2111010188)乌鲁木齐新客站,0,NULL,中建一局钢结构工程有限公司,0001010000430011
16332,(2111010205)北京市海淀区万柳地区中小学合校工程,0,NULL,中建一局钢结构工程有限公司,0001010000430011
7980,(2111010192)中国卫星通信大厦,0,NULL,中建一局钢结构工程有限公司,0001010000430011
4815,(2111010201)中国少年儿童科技培训基地,0,NULL,中建一局钢结构工程有限公司,0001010000430011
5853,(2111010207)苏家屯智能设备产业园项目钢结构施工工程,0,NULL,中建一局钢结构工程有限公司,0001010000430011
84466,(2111010227)华融湘江银行营业用房项目,0,NULL,中建一局钢结构工程有限公司,0001010000430011
16333,(2111010185)中建鸿达培训基地改扩建,0,NULL,中建一局钢结构工程有限公司,0001010000430011
15107,(2111010186)光华新区项目四期,0,NULL,中建一局钢结构工程有限公司,0001010000430011
1969,(2111010177)京东商城总部基地,0,NULL,中建一局钢结构工程有限公司,0001010000430011
13986,(2111010213)长春国际金融中心,0,NULL,中建一局钢结构工程有限公司,0001010000430011
15189,(2111010187)星悦南岸综合商业区,0,NULL,中建一局钢结构工程有限公司,0001010000430011
1960,(2111010206)中国航空规划建设发展有限公司科研综合楼,0,NULL,中建一局钢结构工程有限公司,0001010000430011
13987,(2511010133)物资采购中心,0,NULL,中建一局钢结构工程有限公司,0001010000430011
5852,(2111010215)包头苏宁广场项目,0,NULL,中建一局钢结构工程有限公司,0001010000430011
1964,(2111010152)成都珠江新城项目,0,NULL,中建一局钢结构工程有限公司,0001010000430011
16334,(2511010148)立垡加工厂,0,NULL,中建一局钢结构工程有限公司,0001010000430011
1961,(2111010194)新建西安东客站整备所工程（钢网架工程）,0,NULL,中建一局钢结构工程有限公司,0001010000430011
992765,青岛海洋活力区启动区04地块4#展示中心地下（含五段）钢结构工程,0,NULL,中建一局钢结构工程有限公司,0001010000430011
10976,(1101110024)内蒙古冰上运动训练中心工程,0,NULL,中建一局钢结构工程有限公司,0001010000430011
1962,(1101110020)电动汽车智能充电站电源公司车间,0,NULL,中建一局钢结构工程有限公司,0001010000430011
77762,(2111010228)京东方先进技术实验室二期北总部项目钢结构工程,0,NULL,中建一局钢结构工程有限公司,0001010000430011
4816,(2111010200)北京市烟草局研发中心建设项目工程1#研发楼等三项,0,NULL,中建一局钢结构工程有限公司,0001010000430011
6972,(2111010193)京东方视讯整机大楼,0,NULL,中建一局钢结构工程有限公司,0001010000430011
1084263,第三批央企在京老旧小区综合整治项目（标包一百六十一）（朝阳区望京街道）工程总承包 （EPC）,0,2,中建一局集团安装工程有限公司,0001010000430009
1044912,富赛汽车电子科技园（二期）厂房工程项目,0,4,中建一局集团安装工程有限公司,0001010000430009
1020040,庄河市海洋生态保护修复项目（四标段）,0,5,中建一局集团安装工程有限公司,0001010000430009
1004432,高平市寺庄镇（长平矿洗煤厂、釜山园区）居民用气气化工程,0,5,中建一局集团安装工程有限公司,0001010000430009
1003328,哈尔滨新区利民中心医院（含妇幼保健中心）EPC项目机电安装和医疗专项工程,0,11,中建一局集团安装工程有限公司,0001010000430009
999716,阿里巴巴张北云计算数据中心庙滩北项目IJK楼机电工程,0,11,中建一局集团安装工程有限公司,0001010000430009
997570,调蓄池一项目,0,NULL,中建一局集团安装工程有限公司,0001010000430009
993020,洛阳保利林语溪D区项目,0,NULL,中建一局集团安装工程有限公司,0001010000430009
108212,乌兰察布华为云数据中心项目二期fusion工程,0,5,中建一局集团安装工程有限公司,0001010000430009
110687,金红叶纸业（湖北）有限公司新增年产12万吨生活用纸项目土建工程（第二标段）,0,5,中建一局集团安装工程有限公司,0001010000430009
107563,平房净水厂排泥水处理工程施工（一标段）,0,5,中建一局集团安装工程有限公司,0001010000430009
95855,齐鲁制药（内蒙古）有限公司呼伦贝尔分公司绿色生物农兽药扶贫产业项目一期工程质检综合楼建筑工程,0,NULL,中建一局集团安装工程有限公司,0001010000430009
91987,20万吨/年碳素即热能综合利用项目总包工程,0,NULL,中建一局集团安装工程有限公司,0001010000430009
84138,汕头市楷洽化工有限公司氢化油脂项目,0,NULL,中建一局集团安装工程有限公司,0001010000430009
77604,庆阳市海绵城市试点建设项目--项目包1（A、B片区）,0,NULL,中建一局集团安装工程有限公司,0001010000430009
17337,137厂区气源站改造工程,0,4,中建一局集团安装工程有限公司,0001010000430009
17914,四川遂宁万达广场机电项目,0,NULL,中建一局集团安装工程有限公司,0001010000430009
16782,阿克苏诺贝尔功能涂料（上海）有限公司扩建工程-机电安装,0,NULL,中建一局集团安装工程有限公司,0001010000430009
11660,CSB-01/06/07项目油泵站集成安装工程,0,NULL,中建一局集团安装工程有限公司,0001010000430009
14135,南京新城科技园创新综合体项目,0,NULL,中建一局集团安装工程有限公司,0001010000430009
8669,丰益精细化学（连云港）有限公司2万方水池设备管道安装,0,NULL,中建一局集团安装工程有限公司,0001010000430009
6640,爱马仕旗舰店消防验收项目,0,NULL,中建一局集团安装工程有限公司,0001010000430009
3965,(2107140732)腾龙芳烃VBU减粘装置,0,NULL,中建一局集团安装工程有限公司,0001010000430009
8140,大同市黄河给水工程净水厂工程,0,NULL,中建一局集团安装工程有限公司,0001010000430009
1625,芬欧汇川（中国）有限公司一期工程电站烟气脱硫项目,0,NULL,中建一局集团安装工程有限公司,0001010000430009
1175,海淀区房屋建筑抗震节能综合改造项目,0,NULL,中建一局集团安装工程有限公司,0001010000430009
625,第十三大项目部/南航北京分公司空勤配套楼机电安装项目,0,NULL,中建一局集团安装工程有限公司,0001010000430009
2716,十三大项目部 延庆城西再生水配套管网工程项目,0,NULL,中建一局集团安装工程有限公司,0001010000430009
4545,北京兴华机械厂大兴机加厂房设备电源安装工程,0,4,中建一局集团安装工程有限公司,0001010000430009
4795,黄山纳尼亚小镇五星级酒店通风空调安装工程,0,NULL,中建一局集团安装工程有限公司,0001010000430009
816579,邳州市泰和家园（袁场安置房）项目,0,NULL,中建一局集团安装工程有限公司,0001010000430009
816057,阜阳市航颍安置区建设项目,0,NULL,中建一局集团安装工程有限公司,0001010000430009
1084262,第三批央企在京老旧小区综合整治项目（标包二百六十三）（朝阳区望京街道）工程总承包 （EPC）,0,2,中建一局集团安装工程有限公司,0001010000430009
1069092,浙江世贤新材料有限公司再生资源绿色化联产高端新材料项目标段III项目,0,5,中建一局集团安装工程有限公司,0001010000430009
1028887,富赛汽车电子科技园（二期）项目厂房工程,0,5,中建一局集团安装工程有限公司,0001010000430009
1027315,阳光金融中心项目企业接待中心通风空调工程,0,11,中建一局集团安装工程有限公司,0001010000430009
1026613,云南贝特瑞新能源材料有限公司年产20万吨锂电池负极材料一体化基地项目（一期一批）,0,4,中建一局集团安装工程有限公司,0001010000430009
1025643,云南贝特瑞新能源材料有限公司年产20万吨锂电池负极材料一体化基地项目(一期一批),0,5,中建一局集团安装工程有限公司,0001010000430009
1024355,阳光资产管理股份有限公司办公区建设项目通风空调工程,0,NULL,中建一局集团安装工程有限公司,0001010000430009
1024352,三星(中国)半导体M-FAB 项目之临建场地构建及分包办公区修缮工程,0,NULL,中建一局集团安装工程有限公司,0001010000430009
1024191,江苏德邦兴华化工股份有限公司35万吨/年合成氨系列产品项目-东华设计院部分综合管廊工业管道工程,0,NULL,中建一局集团安装工程有限公司,0001010000430009
1017674,青岛渤海董家口粮油工业有限公司200万吨饲料蛋白及副产品深加工项目钢结构及配套设备安装工程,0,NULL,中建一局集团安装工程有限公司,0001010000430009
1014899,新型OLED材料产业化量产项目,0,NULL,中建一局集团安装工程有限公司,0001010000430009
1009775,天津东丽新立示范小城镇,0,NULL,中建一局集团安装工程有限公司,0001010000430009
1004474,杭政储出【2019】27 号地块商业商务、住宅兼容地 下公共停车场项目（杭州江河汇汇东区块暂命名）一 期（景芳三堡单元 JG1205-10、11 地块）综合机电专业分包工程,0,11,中建一局集团安装工程有限公司,0001010000430009
1004473,杭政储出【2019】26 号地块商业商务、娱乐康体兼 容住宅用房（杭州江河汇汇东区块暂命名）项目一期 （景芳三堡单元 JG1205-09 地块）综合机电专业分包工程,0,11,中建一局集团安装工程有限公司,0001010000430009
995211,58042工程施工总承包,0,NULL,中建一局集团安装工程有限公司,0001010000430009
992492,潞安化产园区配套公用工程项目（EPC)总承包,0,NULL,中建一局集团安装工程有限公司,0001010000430009
112455,阿里巴巴广东云计算数据中心河源高新区三期项目总承包工程,0,NULL,中建一局集团安装工程有限公司,0001010000430009
106801,阿里巴巴内蒙古云计算数据中心乌兰察布察哈尔经济技术开发区项目B楼机电设备安装工程,0,NULL,中建一局集团安装工程有限公司,0001010000430009
100720,舟山市污水处理厂工程PPP项目　,0,NULL,中建一局集团安装工程有限公司,0001010000430009
99427,香山地块商务中心项目,0,5,中建一局集团安装工程有限公司,0001010000430009
94393,苏地2017-WG-83号地块项目机电安装工程　,0,NULL,中建一局集团安装工程有限公司,0001010000430009
80728,阿里巴巴江苏云计算数据中心南通综合保税区A区项目施工总承包工程,1,NULL,中建一局集团安装工程有限公司,0001010000430009
62611,青岛市海绵城市试点区（李沧区）建设PPP项目（大村河流域）,0,NULL,中建一局集团安装工程有限公司,0001010000430009
27400,扬州万达广场通风空调项目,0,NULL,中建一局集团安装工程有限公司,0001010000430009
27243,东莞松山湖阳光保险集团南方后援中心一、二期小市政（给排水）施工专业承包工程,0,NULL,中建一局集团安装工程有限公司,0001010000430009
18566,安装公司第六大项目部合肥商贸城项目,0,NULL,中建一局集团安装工程有限公司,0001010000430009
15542,合肥鑫晟项目部,0,NULL,中建一局集团安装工程有限公司,0001010000430009
10649,芬欧汇川（中国）有限公司一期工程电站烟气脱硫项目,0,NULL,中建一局集团安装工程有限公司,0001010000430009
9567,金华盛纸业（苏州工业园区）有限公司1#-3#锅炉烟气脱硫脱销项目,0,NULL,中建一局集团安装工程有限公司,0001010000430009
15263,安装公司日照华润置地广场项目机电工程,0,NULL,中建一局集团安装工程有限公司,0001010000430009
14623,安装公司第二大项目部/华晨宝马汽车有限公司大东工厂第七代新五系建设项目强电及控制系统工程,0,NULL,中建一局集团安装工程有限公司,0001010000430009
820213,庆阳海绵城市试点建设项目-劳务,0,NULL,中建一局集团安装工程有限公司,0001010000430009
9664,合肥万达旅游城项目,0,NULL,中建一局集团安装工程有限公司,0001010000430009
3969,(2107140682)翔鹭石化PTA二期主工艺装置区土建工程,0,NULL,中建一局集团安装工程有限公司,0001010000430009
3967,(2107140672)连云港去离子罐,0,NULL,中建一局集团安装工程有限公司,0001010000430009
7618,安装公司第五大项目部/综合保税区二期2#、3#c仓库工程3#厂房,0,NULL,中建一局集团安装工程有限公司,0001010000430009
1085560,长呼17#RTU阀室、呼包鄂2#RTU阀室生产恢复改造项目,0,5,中建一局集团安装工程有限公司,0001010000430009
1072554,中卫至贵阳联络线12#阀室及放空区搬迁项目,0,5,中建一局集团安装工程有限公司,0001010000430009
1059850,大唐海南文昌新能源有限公司龙虎山光伏电站（100MW）灾后修复施工总承包项目,0,5,中建一局集团安装工程有限公司,0001010000430009
1058720,锡林郭勒京能智汇防沙治沙和风电光伏一体化工程2024年度阿巴嘎旗20万千瓦风电项目PC工程总承包项目,0,8,中建一局集团安装工程有限公司,0001010000430009
1049675,北京数字经济算力中心项目-一局,0,4,中建一局集团安装工程有限公司,0001010000430009
995298,华夏银行信用卡中心8层改造项目,0,NULL,中建一局集团安装工程有限公司,0001010000430009
104048,三亚海棠湾阳光游艇社区项目北区总包工程II标段,0,11,中建一局集团安装工程有限公司,0001010000430009
98953,益海嘉里食品工业（天津）有限公司芝麻罐区扩建罐体及管道 制安项目,0,NULL,中建一局集团安装工程有限公司,0001010000430009
89552,坪山区2018年度政府投资建设工程（医疗卫生A类）施工总承包,1,5,中建一局集团安装工程有限公司,0001010000430009
90524,洛阳市保利林语溪项目D区1#~35#（无4、14、24、34#）楼及地下车库土建及水电安装工程施工总承包工程,0,11,中建一局集团安装工程有限公司,0001010000430009
81517,阳高县白登河湿地净化处理工程,0,11,中建一局集团安装工程有限公司,0001010000430009
78857,泸州二环路(高新区A段）、二环路（高新区B段）PPP项目,0,11,中建一局集团安装工程有限公司,0001010000430009
66585,百色铝产品压铸及精密加工车间项目,0,11,中建一局集团安装工程有限公司,0001010000430009
52064,瑞阳制药有限公司西地那非机电安装工程,0,11,中建一局集团安装工程有限公司,0001010000430009
26878,调理罐区储罐、管道制作及安装工程,0,NULL,中建一局集团安装工程有限公司,0001010000430009
825033,海口市五源河、工业水库等3个水体水环境综合治理PPP项目——调蓄池及雨水净化设施及附属工程-劳务,0,NULL,中建一局集团安装工程有限公司,0001010000430009
17241,冠捷科技（青岛）有线公司（LCM)模组及液晶显示器项目一期,0,NULL,中建一局集团安装工程有限公司,0001010000430009
15250,一汽大众汽车有限公司青岛工厂项目一期涂装车间,0,NULL,中建一局集团安装工程有限公司,0001010000430009
823979,北京顺义区农村污水治理工程,0,NULL,中建一局集团安装工程有限公司,0001010000430009
18410,中储粮项目,0,NULL,中建一局集团安装工程有限公司,0001010000430009
14420,罗杰斯半固化片厂房改造项目,0,NULL,中建一局集团安装工程有限公司,0001010000430009
7659,第五大项目部/上海陆家嘴迪士尼商店钟楼项目,0,NULL,中建一局集团安装工程有限公司,0001010000430009
7650,安装公司第十三大项目部/北京朝阳区2014年节能居住建筑供热计量改造工程,0,NULL,中建一局集团安装工程有限公司,0001010000430009
3946,(2107140677)名硕110KV变电所,0,NULL,中建一局集团安装工程有限公司,0001010000430009
3962,(2107140727)矽品ADM机电消防,0,NULL,中建一局集团安装工程有限公司,0001010000430009
1058000,京东方第8.6代AMOLED生产线项目,0,4,中建一局集团安装工程有限公司,0001010000430009
1026696,青岛美锦氢燃料电池商用车零部件生产项目（一期）客车卡车联合厂房物流区域工程建设工程施工合同,0,5,中建一局集团安装工程有限公司,0001010000430009
1020751,采埃孚汽车系统项目,0,5,中建一局集团安装工程有限公司,0001010000430009
1019405,青岛国际资源配置中心北片区综合管廊及配套工程（二期）,0,5,中建一局集团安装工程有限公司,0001010000430009
1018898,阳泉高新技术产业开发区泉东产业园一期建设项目A4平台,0,NULL,中建一局集团安装工程有限公司,0001010000430009
1015279,广麦4期扩建项目建筑工程施工总承包,0,NULL,中建一局集团安装工程有限公司,0001010000430009
997097,和舰芯片制造（原和舰科技）（废水处理站）施工总承包,0,NULL,中建一局集团安装工程有限公司,0001010000430009
994746,Hero项目Extractor/DT/DC Installation 建筑/施工工程,0,5,中建一局集团安装工程有限公司,0001010000430009
992683,沧州市港城开发区污水处理厂10万吨/天提标改造工程,0,5,中建一局集团安装工程有限公司,0001010000430009
991287,会展调蓄池一工程,0,11,中建一局集团安装工程有限公司,0001010000430009
98902,平度市新旧动能转换产业园市政基础设施配套项目（一期）,0,5,中建一局集团安装工程有限公司,0001010000430009
96893,中石油深圳液化天然气应急调峰站项目接收站工程下沉式LNG储罐基坑及相关地下结构工程,0,NULL,中建一局集团安装工程有限公司,0001010000430009
92937,恒杰盛世华府二期项目　,0,NULL,中建一局集团安装工程有限公司,0001010000430009
90264,保利林语溪项目C区1#~22#楼及相应地库水电安装工程,0,NULL,中建一局集团安装工程有限公司,0001010000430009
89977,赣州蓉江新区蓉江花园城市棚户区改造项目（三区一期）工程,0,5,中建一局集团安装工程有限公司,0001010000430009
84777,中国核电工程有限公司研发基地一期工程Ⅱ标段,0,11,中建一局集团安装工程有限公司,0001010000430009
92441,江宁科学园污水厂生态湿地修复及污水排水口生态修复示范性工程项目污水处理水质提升工程总承包项目,0,NULL,中建一局集团安装工程有限公司,0001010000430009
94272,赣州悦荣府项目建筑安装总承包工程,0,NULL,中建一局集团安装工程有限公司,0001010000430009
84565,上海凯鸿环保工程有限公司订购合约书项目合同,0,NULL,中建一局集团安装工程有限公司,0001010000430009
80735,阿里巴巴广东云计算数据中心河源高新区项目,0,NULL,中建一局集团安装工程有限公司,0001010000430009
84263,阿里巴巴内蒙古云计算数据中心乌兰察布察哈尔经济技术开发区项目机电总承包工程,0,NULL,中建一局集团安装工程有限公司,0001010000430009
79032,濮阳建业世和府一期一标段总承包工程,0,NULL,中建一局集团安装工程有限公司,0001010000430009
81593,康明斯发动机（北京）有限公司厂房扩建项目,0,NULL,中建一局集团安装工程有限公司,0001010000430009
59503,10万吨废矿物油处置利用项目PC总承包,0,NULL,中建一局集团安装工程有限公司,0001010000430009
32066,长春市伊通河流域水环境综合治理工程-伊通河中心城区防洪改造工程,0,NULL,中建一局集团安装工程有限公司,0001010000430009
51706,南京世界贸易中心商业裙房机电安装项目,0,NULL,中建一局集团安装工程有限公司,0001010000430009
44982,金融谷4号地项目六、七期施工总承包工程,0,NULL,中建一局集团安装工程有限公司,0001010000430009
20880,益海嘉里（武汉）粮油工业有限公司食品生产加工项目机械楼、烘干塔、卸料大棚钢结构部分工程,0,NULL,中建一局集团安装工程有限公司,0001010000430009
15506,名硕电脑北七厂新建空调工程,0,NULL,中建一局集团安装工程有限公司,0001010000430009
18455,嘉里粮油（天津）工程项目部,0,NULL,中建一局集团安装工程有限公司,0001010000430009
26928,铜陵万达广场通风空调项目,0,NULL,中建一局集团安装工程有限公司,0001010000430009
16702,重庆江森化成区酸雾收集制作及安装项目,0,NULL,中建一局集团安装工程有限公司,0001010000430009
14626,中牟绿博文化产业园区绿博安置区项目,0,NULL,中建一局集团安装工程有限公司,0001010000430009
12597,第八大项目部/阜阳万达广场机电工程,0,NULL,中建一局集团安装工程有限公司,0001010000430009
12662,第二大项目部/睿能能源热回收节能工程,0,NULL,中建一局集团安装工程有限公司,0001010000430009
819898,泰康之家武汉楚园1.1期1.2期项目机电工程-劳务,0,NULL,中建一局集团安装工程有限公司,0001010000430009
3959,(2107140741)吴江依工聚合工业,0,NULL,中建一局集团安装工程有限公司,0001010000430009
2861,第十六大项目部/华鸿红星美凯龙项目机电安装工程,0,4,中建一局集团安装工程有限公司,0001010000430009
3618,新疆奎山宝塔石化项目,0,NULL,中建一局集团安装工程有限公司,0001010000430009
4348,安装公司第十一大项目部/内江万达广场机电工程项目部,0,NULL,中建一局集团安装工程有限公司,0001010000430009
3968,苏州西门子电器四期工程,0,NULL,中建一局集团安装工程有限公司,0001010000430009
1085166,比亚迪厂区周边生态停车场远期实施项目一标段施工总承包,0,5,中建一局集团安装工程有限公司,0001010000430009
1084703,雄安新区 LNG 储气站项目,0,5,中建一局集团安装工程有限公司,0001010000430009
1063736,合江县江北医疗健康综合体建设项目（一期）电气工程专业分包,0,11,中建一局集团安装工程有限公司,0001010000430009
1029017,天津地铁7号线一期通风、空调与采暖、动力照明、给排水及水消防(广东会馆站站-喜峰道站)工程,0,NULL,中建一局集团安装工程有限公司,0001010000430009
1025063,郑州热力集团有限公司华润登封电厂引热入郑长输供热管网工程施工总承包,0,5,中建一局集团安装工程有限公司,0001010000430009
1020208,观澜湖园区基础设施市政道路项目二期（施工）,0,5,中建一局集团安装工程有限公司,0001010000430009
998886,B 精炼厂新增锅炉安装工程项目,0,11,中建一局集团安装工程有限公司,0001010000430009
996301,兰州市盐场污水处理厂扩建工程 MBR膜处理系统成套设备招标及安装服务工程,0,11,中建一局集团安装工程有限公司,0001010000430009
995795,陕西省应急管理厅应急指挥中心建设项目 （第二标段）,0,5,中建一局集团安装工程有限公司,0001010000430009
101369,福田区第七期优质饮用水入户工程（第二批）施工总承包,0,5,中建一局集团安装工程有限公司,0001010000430009
109597,阿里巴巴内蒙古云计算数据中心乌兰察布察哈尔右翼前旗项目 CDE楼土建总承包工程,0,NULL,中建一局集团安装工程有限公司,0001010000430009
101571,阿里巴巴江苏云计算数据中心南通综保A区C楼机电设备安装承包项目,0,NULL,中建一局集团安装工程有限公司,0001010000430009
98901,蓼兰高端装备制造产业园市政基础设施配套项目施工,0,5,中建一局集团安装工程有限公司,0001010000430009
98603,年运行10万台服务器数据中心（阿里巴巴浙江云计算数据中心杭州经济技术开发区项目）　,0,NULL,中建一局集团安装工程有限公司,0001010000430009
95860,齐鲁制药（内蒙古）有限公司呼伦贝尔分公司绿色生物农兽药扶贫产业项目一期工程公寓食堂楼建筑工程,0,5,中建一局集团安装工程有限公司,0001010000430009
98816,茂名市天然气管道利用工程,0,NULL,中建一局集团安装工程有限公司,0001010000430009
81595,建明工业（珠海）有限公司新实验室项目,0,NULL,中建一局集团安装工程有限公司,0001010000430009
82587,中海太华路项目二期机电分包工程,0,NULL,中建一局集团安装工程有限公司,0001010000430009
51718,沈阳奕聪花园二期项目,0,NULL,中建一局集团安装工程有限公司,0001010000430009
58223,丰海（盘锦）水稻生物科技有限公司设备安装工程,0,4,中建一局集团安装工程有限公司,0001010000430009
74123,天津三星视界第二工场厂房新建工程生产栋钢筋混凝土工程,0,4,中建一局集团安装工程有限公司,0001010000430009
74154,嘉里粮油（天津）有限公司罐区发油棚改造管道及设备安装项目,0,NULL,中建一局集团安装工程有限公司,0001010000430009
45596,1霸州第6代有源矩阵有机发光显示器件（AMOLED)模组生产线项目一般机电包,0,4,中建一局集团安装工程有限公司,0001010000430009
34311,徐州市新淮海西路综合管廊安装项目,0,4,中建一局集团安装工程有限公司,0001010000430009
45534,海南省三亚市海棠湾阳光国际酒店机电分包工程,0,NULL,中建一局集团安装工程有限公司,0001010000430009
824688,西安市第九污水处理厂三期提标改造工程,0,NULL,中建一局集团安装工程有限公司,0001010000430009
16800,安装公司新城科技园企业加速器项目,0,NULL,中建一局集团安装工程有限公司,0001010000430009
16433,沈阳恒生生物科技项目,0,NULL,中建一局集团安装工程有限公司,0001010000430009
12638,安装公司第六大项目部/江苏春之谷食品有限公司天然维生素E项目工艺设备、管道安装工程,0,NULL,中建一局集团安装工程有限公司,0001010000430009
822316,北京市五里坨污水处理厂升级改扩建项目-劳务,0,NULL,中建一局集团安装工程有限公司,0001010000430009
12651,阿克苏诺贝尔功能涂料上海有限公司扩建生产用房项目,0,NULL,中建一局集团安装工程有限公司,0001010000430009
821018,康明斯发动机（北京）有限公司厂房扩建工程-劳务,0,NULL,中建一局集团安装工程有限公司,0001010000430009
7756,安装公司第六大项目部/中核阿海珐（上海）锆合金管材有限公司新增产能项目,0,NULL,中建一局集团安装工程有限公司,0001010000430009
9681,河北嘉好粮油有限公司锅炉电气安装项目,0,NULL,中建一局集团安装工程有限公司,0001010000430009
2715,安装公司三明万达广场总承包项目机电安装工程,0,NULL,中建一局集团安装工程有限公司,0001010000430009
4183,海军大连舰艇学院,0,NULL,中建一局集团安装工程有限公司,0001010000430009
1103116,国家管网西气东输二线鲁山压气站-平燃公司辛集分输站天然气长输管道工程项目,0,5,中建一局集团安装工程有限公司,0001010000430009
1096104,河南省郑州市弘坊项目消防分包工程,0,11,中建一局集团安装工程有限公司,0001010000430009
1090349,国家电投五凌电力汝州协鑫光伏电站主变低压侧35kV管母线改造项目,0,5,中建一局集团安装工程有限公司,0001010000430009
1058155,阿里巴巴广东云计算数据中心河源高新区项目E栋机电F2阶段施工工程,0,11,中建一局集团安装工程有限公司,0001010000430009
1056886,峰峰矿区超充城市新能源车基础设施提升改造项目一期项目（滏源堤路停车场、滨湖湿地公园停车场）,0,4,中建一局集团安装工程有限公司,0001010000430009
1054483,雄县地表水厂二期配套原水管线工程,0,4,中建一局集团安装工程有限公司,0001010000430009
1017768,洛阳市保利林语溪项目C区1#~22#（无4、14#）楼及地下车库工程土建及水电安装工程专业分包工程,0,NULL,中建一局集团安装工程有限公司,0001010000430009
1014010,京能查干淖尔电厂风光火储氢示范项目阿巴嘎旗30万千瓦风电项目,0,NULL,中建一局集团安装工程有限公司,0001010000430009
1012316,南部县四号片区污水治理及配套基础设施建设项目,0,NULL,中建一局集团安装工程有限公司,0001010000430009
1004433,高平市经济技术开发区三甲工业园区供气工程扩建项目,0,5,中建一局集团安装工程有限公司,0001010000430009
1004089,西青区2021年设施农业建设项目　,0,11,中建一局集团安装工程有限公司,0001010000430009
1002850,贺利氏光伏银河建设项目,0,5,中建一局集团安装工程有限公司,0001010000430009
1001781,粤海永顺泰（宝应） 麦芽有限公司年产13万吨中高档啤酒麦芽项目之制麦工艺设计、核心设备采购及安装工程合同,0,11,中建一局集团安装工程有限公司,0001010000430009
996784,苏州宝兴电线电缆有限公司工艺安装工程　,0,NULL,中建一局集团安装工程有限公司,0001010000430009
995023,某库区油罐翻建工程,0,5,中建一局集团安装工程有限公司,0001010000430009
992918,即墨烟青一级路以东项目钢结构工程,0,11,中建一局集团安装工程有限公司,0001010000430009
109941,宸宇无害化处置中心刚性填埋场（一期）项目及贮存库D项目,0,5,中建一局集团安装工程有限公司,0001010000430009
107980,泰康健投申园二期大地块综合机电工程,0,NULL,中建一局集团安装工程有限公司,0001010000430009
96189,中国移动（广东湛江）数据中心一期二阶段机楼配套工程施工总承包,0,NULL,中建一局集团安装工程有限公司,0001010000430009
101775,广麦4期扩建项目建筑施工总承包工程,0,5,中建一局集团安装工程有限公司,0001010000430009
89693,福创溪-大排沟上游水环境综合治理项目,0,NULL,中建一局集团安装工程有限公司,0001010000430009
83020,中建北街花园项目机电安装工程,0,NULL,中建一局集团安装工程有限公司,0001010000430009
83928,福州市仓山会展中心片区水系综合治理PPP项目设备安装工程,0,NULL,中建一局集团安装工程有限公司,0001010000430009
83212,庄信万丰（张家港）新建年产600万件机动车尾气催化剂项目,0,NULL,中建一局集团安装工程有限公司,0001010000430009
66696,宜宾万达广场通风空调工程,0,NULL,中建一局集团安装工程有限公司,0001010000430009
61498,SZ S3 1F&3F&4F clean room 建置-机电消防工程,0,NULL,中建一局集团安装工程有限公司,0001010000430009
46074,东山盐城工业园CUB冷冻机房工程,0,NULL,中建一局集团安装工程有限公司,0001010000430009
17719,延吉万达广场项目,0,NULL,中建一局集团安装工程有限公司,0001010000430009
17916,中石化家属楼电梯维保服务,0,NULL,中建一局集团安装工程有限公司,0001010000430009
11687,资阳万达工程,0,4,中建一局集团安装工程有限公司,0001010000430009
17481,君子兰涂料（天津）有限公司,0,NULL,中建一局集团安装工程有限公司,0001010000430009
823410,北京垡头污水处理厂升级改造项目,0,NULL,中建一局集团安装工程有限公司,0001010000430009
18234,青岛华通高新装备产业园特钢项目,0,NULL,中建一局集团安装工程有限公司,0001010000430009
14678,安装公司南平万达中央华城项目机电安装工程,0,NULL,中建一局集团安装工程有限公司,0001010000430009
12973,海淀区房屋建筑抗震节能综合改造项目2,0,NULL,中建一局集团安装工程有限公司,0001010000430009
10648,第五大项目部/宜春万达广场机电安装工程项目部,0,NULL,中建一局集团安装工程有限公司,0001010000430009
9322,桑田岛综合管廊项目,0,NULL,中建一局集团安装工程有限公司,0001010000430009
10674,无锡惠山工厂装修项目,0,NULL,中建一局集团安装工程有限公司,0001010000430009
3963,苏州明基医院机电,0,NULL,中建一局集团安装工程有限公司,0001010000430009
3957,(2107090762)哈飞生产线地基工程,0,NULL,中建一局集团安装工程有限公司,0001010000430009
3601,安装公司第八大项目部/武汉中心酒店综合机电工程项目部,0,NULL,中建一局集团安装工程有限公司,0001010000430009
679,桑干酒庄电梯维保工程,0,NULL,中建一局集团安装工程有限公司,0001010000430009
3660,成都联发芯有限公司办公室室内装修机电工程,0,NULL,中建一局集团安装工程有限公司,0001010000430009
815673,六安市凤凰苑小区二期住宅产业化工程项目-劳务,0,NULL,中建一局集团安装工程有限公司,0001010000430009
1084458,高性能锂电池基地建设项目（施工“评定分离”）三、四期电解液专项工程,0,11,中建一局集团安装工程有限公司,0001010000430009
1071696,渭南师范学院海绵化改造工程总承包,0,4,中建一局集团安装工程有限公司,0001010000430009
1071536,中聚和成西部总部及高端电子材料研发制造项目,0,5,中建一局集团安装工程有限公司,0001010000430009
1024199,绵阳京东方B11工厂CUB 3F仓库改造项目,0,NULL,中建一局集团安装工程有限公司,0001010000430009
1004916,HCDA 新增高压后备系统项目,0,11,中建一局集团安装工程有限公司,0001010000430009
998622,青岛美锦氢燃料电池商用车零部件生产项目（一期）,0,5,中建一局集团安装工程有限公司,0001010000430009
996333,唐山全域治水清水润城县区工程 PPP  项目 A 标段,0,3,中建一局集团安装工程有限公司,0001010000430009
992526,农村人居环境综合整治(“厕所革命”、生活污水治理、绿化、生活垃圾治理)及配套给水工程总承包EPC项目,0,NULL,中建一局集团安装工程有限公司,0001010000430009
991286,汉沽杨家泊镇中心幼儿园,0,11,中建一局集团安装工程有限公司,0001010000430009
990942,合阳县中燃农村气代煤工程,0,5,中建一局集团安装工程有限公司,0001010000430009
110946,蓼兰高端装备制造产业园市政基础设施配套项目（一期）设计 施工总承包,0,5,中建一局集团安装工程有限公司,0001010000430009
89451,中国海南省三亚市海棠湾阳光国际酒店室外综合管线工程,0,NULL,中建一局集团安装工程有限公司,0001010000430009
97003,国际（鹤壁）科技创业园建设工程　,0,NULL,中建一局集团安装工程有限公司,0001010000430009
84704,矽品电子（福建）一期厂房新建工程,0,11,中建一局集团安装工程有限公司,0001010000430009
81090,济南市垃圾暨污泥焚烧发电项目场平及挡土墙工程,0,NULL,中建一局集团安装工程有限公司,0001010000430009
81993,阿里巴巴张北云计算数据中心三期小二台项目,0,NULL,中建一局集团安装工程有限公司,0001010000430009
81518,三星（中国）半导体有限公司12英寸内闪芯片二期项目,0,NULL,中建一局集团安装工程有限公司,0001010000430009
83378,北京市五里坨污水处理厂升级改扩建项目,0,NULL,中建一局集团安装工程有限公司,0001010000430009
83597,上海企华医院有限公司新建项目建筑机电安装工程,0,NULL,中建一局集团安装工程有限公司,0001010000430009
54291,1成都京东方光电科技有限公司AMOLED工艺技术测试中心项目,0,NULL,中建一局集团安装工程有限公司,0001010000430009
51708,1固安第6代有源矩阵有机发光显示器件（AMOLED)面板生产线项目,0,NULL,中建一局集团安装工程有限公司,0001010000430009
65056,绵阳京东方第6代AMOLED（柔性）生产线项目1,0,NULL,中建一局集团安装工程有限公司,0001010000430009
36718,世硕二期厂房新建工程-空调工程,0,NULL,中建一局集团安装工程有限公司,0001010000430009
27986,名硕北八厂新建空调工程,0,NULL,中建一局集团安装工程有限公司,0001010000430009
25213,SZ BUMPING 夹层钢结构工程,0,4,中建一局集团安装工程有限公司,0001010000430009
26080,世贸中心B地块综合机电专业分包工程,0,NULL,中建一局集团安装工程有限公司,0001010000430009
825725,合肥苏宁广场机电安装和消防工程,0,NULL,中建一局集团安装工程有限公司,0001010000430009
27902,大连庄河万达广场项目,0,NULL,中建一局集团安装工程有限公司,0001010000430009
18414,第一大项目部/沈阳中海广场三期K地块项目,0,NULL,中建一局集团安装工程有限公司,0001010000430009
27026,通威拜欧玛（无锡）生物科技有限公司年产10万吨饲料项目土建工程,0,NULL,中建一局集团安装工程有限公司,0001010000430009
10592,安装公司第八大项目部/商业办公楼（北京奥体南区4#地项目）机电安装工程,0,NULL,中建一局集团安装工程有限公司,0001010000430009
10236,阿克苏诺贝尔功能涂料（上海）有限公司扩建工程,0,NULL,中建一局集团安装工程有限公司,0001010000430009
13661,哈尔滨电气动力装备有限公司全流量试验台安装工程,0,NULL,中建一局集团安装工程有限公司,0001010000430009
12586,第十一大项目部/宿州万达广场项目,0,NULL,中建一局集团安装工程有限公司,0001010000430009
11699,安装公司第三大项目部/黑龙江肇东农业产业综合服务体系建设项目,0,NULL,中建一局集团安装工程有限公司,0001010000430009
10651,河北嘉好粮油有限公司公用设施土建工程,0,NULL,中建一局集团安装工程有限公司,0001010000430009
8640,安装公司第第十一大项目部/遂宁万达广场机电工程项目部,0,NULL,中建一局集团安装工程有限公司,0001010000430009
6675,安装公司沈阳金杯车辆制造有限公司搬迁改项目工程施工施总承包（一标段 、二标段）一标段,0,NULL,中建一局集团安装工程有限公司,0001010000430009
1568,凯德Mall·大峡谷项目机电总承包工程,0,NULL,中建一局集团安装工程有限公司,0001010000430009
3970,(2107140686)吴江华丰电子,0,NULL,中建一局集团安装工程有限公司,0001010000430009
4812,唐山新华联广场通风空调工程,0,NULL,中建一局集团安装工程有限公司,0001010000430009
2672,安装公司第二大项目部/华晨宝马汽车有限公司大东工厂第七代新五系建设项目冲压车间机电工程,0,NULL,中建一局集团安装工程有限公司,0001010000430009
817847,阿里巴巴广东云计算数据中心河源高新区三期项目,0,NULL,中建一局集团安装工程有限公司,0001010000430009
817317,建业嵩悦府（东地块）-劳务,0,NULL,中建一局集团安装工程有限公司,0001010000430009
680,北京宋庄小城镇投资开发有限公司电梯维护保养工程,0,NULL,中建一局集团安装工程有限公司,0001010000430009
814056,洪泽县三馆一中心项目-劳务,0,NULL,中建一局集团安装工程有限公司,0001010000430009
1075877,山西徐特立高级职业中学刘胡兰实训基地配套设施建设及设备购置项目EPC总承包其它项目（安装）,0,2,中建一局集团安装工程有限公司,0001010000430009
1068122,渭南师范学院海绵化改造工程EPC总承包,0,2,中建一局集团安装工程有限公司,0001010000430009
1017947,高平市寺庄镇（长平矿洗煤厂、釜山园区）居民用气气化工程、高平市经济技术开发区三甲工业园区供气工程扩建项目,0,NULL,中建一局集团安装工程有限公司,0001010000430009
1015042,四川阿宁食品有限公司年产16300吨卤制肉制品及副产品加工建设项目,0,NULL,中建一局集团安装工程有限公司,0001010000430009
1015008,翠园路北、凯悦酒店东地块（302#）新鸿基超高层项目,0,NULL,中建一局集团安装工程有限公司,0001010000430009
1015000,江苏天能年25万吨废铅蓄电池无害化综合利用土建工程一标段,0,NULL,中建一局集团安装工程有限公司,0001010000430009
1007034,青岛渤海董家口粮油工业有限公司 200 万吨饲料蛋白及副产品 深加工项目钢结构及配套设备安装工程,0,5,中建一局集团安装工程有限公司,0001010000430009
1002029,江苏天能年 25 万吨废铅蓄电池（含铅物料）无害化综合利用项 目（一标段）土建工程,0,NULL,中建一局集团安装工程有限公司,0001010000430009
994723,山东事业部青岛西海岸新区城际空间站项目二期二批次,0,5,中建一局集团安装工程有限公司,0001010000430009
991731,新疆生产建设兵团第十三师淖毛湖农场产业集聚园区污水处理项目,0,5,中建一局集团安装工程有限公司,0001010000430009
991198,天津市东丽区新立示范小城镇农民安置用房建设项目出让区市 政基础设施工程一标段,0,NULL,中建一局集团安装工程有限公司,0001010000430009
111294,海虹老人涂料（张家港）有限公司年产18万吨高性能涂料、2万吨水性涂料项目,0,5,中建一局集团安装工程有限公司,0001010000430009
100618,徐州市城市轨道交通3号线一期工程设备安装01标段工程,0,NULL,中建一局集团安装工程有限公司,0001010000430009
83555,玉水庭院•燕归来康养小镇项目井陉游客服务中心施工总承包,0,11,中建一局集团安装工程有限公司,0001010000430009
81118,广水市乡镇污水处理厂PPP项目建安工程-Ⅱ标段,0,NULL,中建一局集团安装工程有限公司,0001010000430009
52031,建业嵩悦府-东地块,0,NULL,中建一局集团安装工程有限公司,0001010000430009
65032,涂装车间制冷站系统采购（国内）合同,0,NULL,中建一局集团安装工程有限公司,0001010000430009
45221,山西国锦煤电300MW机组脱硫脱硝改造工程总承包工程,0,11,中建一局集团安装工程有限公司,0001010000430009
57177,抚顺大酒店及周边改造项目A地块,0,NULL,中建一局集团安装工程有限公司,0001010000430009
29024,六安市凤凰苑小区二期住宅产业化工程项目,0,NULL,中建一局集团安装工程有限公司,0001010000430009
25112,衢州万达广场机电安装工程项目,0,NULL,中建一局集团安装工程有限公司,0001010000430009
25588,青岛东方影都影视产业园制作区A1A3区通风空调工程,0,4,中建一局集团安装工程有限公司,0001010000430009
15728,淮海中路211-235号、嵩山路65-71号大修、新建、改造项目,0,NULL,中建一局集团安装工程有限公司,0001010000430009
17909,安装公司铠嘉基地一期新建机电工程,0,NULL,中建一局集团安装工程有限公司,0001010000430009
14617,第一大项目部/江西上饶万达广场项目,0,NULL,中建一局集团安装工程有限公司,0001010000430009
14616,第十五大项目部/京东方重庆第8.5新型半导体显示器件及系统项目部,0,4,中建一局集团安装工程有限公司,0001010000430009
20259,安装公司阜阳颍泉万达广场机电安装工程,0,NULL,中建一局集团安装工程有限公司,0001010000430009
14670,上海陆家嘴迪士尼商店钟楼项目建设和装修工程,0,NULL,中建一局集团安装工程有限公司,0001010000430009
821816,福创溪-大排沟上游水环境综合治理项目-劳务,0,NULL,中建一局集团安装工程有限公司,0001010000430009
2695,苏州中心广场项目内圈南区综合机电工程,0,NULL,中建一局集团安装工程有限公司,0001010000430009
634,青岛码头续建工程,0,NULL,中建一局集团安装工程有限公司,0001010000430009
3956,(2107140743)厦门灿坤油画中心安装工程,0,NULL,中建一局集团安装工程有限公司,0001010000430009
631,凯德.MALL晶品购物中心B1、LG层局部改造施工项目总承包工程,0,NULL,中建一局集团安装工程有限公司,0001010000430009
4488,第十二大项目部/东方文化大厦办公区消防工程,0,NULL,中建一局集团安装工程有限公司,0001010000430009
1102729,启动区西北居住片区五期项目一标段园林景观工程标段二,0,11,中建一局集团安装工程有限公司,0001010000430009
1100532,三星(中国)半导体有限公司12英寸闪存芯片MONAMIPJT大气防止，超纯水电气工程(E02),0,11,中建一局集团安装工程有限公司,0001010000430009
1028048,大唐海口江东新区智慧综合能源服务项目能源总站一期 PC 总承包工程,0,8,中建一局集团安装工程有限公司,0001010000430009
1014187,南部县四号片区污水治理及配套基础设施建设项目,0,NULL,中建一局集团安装工程有限公司,0001010000430009
1013302,广州分公司2022-2023年度三类投资项目施工总承包（框架协议)一标段,0,NULL,中建一局集团安装工程有限公司,0001010000430009
995609,智慧沣西道路安全提升视频监控建设项目,0,11,中建一局集团安装工程有限公司,0001010000430009
992747,新型 OLED 材料产业化量产项目,0,5,中建一局集团安装工程有限公司,0001010000430009
110901,陕西省西咸新区沣东新城老旧小区提升改造项目 EPC 总承包项目,0,NULL,中建一局集团安装工程有限公司,0001010000430009
103774,年运行10万台服务器数据中心（阿里巴巴浙江云计算数据中心余杭经济技术开发区项目）一期机电设备安装工程,0,NULL,中建一局集团安装工程有限公司,0001010000430009
100707,阿里巴巴广东云计算数据中心河源高新区项目二期之总承包工程　,0,NULL,中建一局集团安装工程有限公司,0001010000430009
98955,益海嘉里（重庆）粮油有限公司榨油项目外围设备及工艺管道 安装工程,0,NULL,中建一局集团安装工程有限公司,0001010000430009
98954,益海嘉里（温州）粮油食品有限公司小包装工艺管道、设备、 电气及调油罐、消防水罐、管廊架制安工程,0,NULL,中建一局集团安装工程有限公司,0001010000430009
92660,嘉吉生化有限公司200万吨/年玉米加工扩能项目,0,11,中建一局集团安装工程有限公司,0001010000430009
98818,化州市天然气管道利用工程,0,11,中建一局集团安装工程有限公司,0001010000430009
99312,中海长安府A项目四标段机电分包工程　,0,NULL,中建一局集团安装工程有限公司,0001010000430009
94693,中汽中心呼伦贝尔冬季汽车试验场有限公司二期项目EPC(含设计、施工、采购)总承包,0,NULL,中建一局集团安装工程有限公司,0001010000430009
84639,庆元县公共文化服务中心工程、庆元县广播电视制作中心工程、庆元县体育中心工程,0,11,中建一局集团安装工程有限公司,0001010000430009
92911,三一南口产业园食堂总承包工程项目,0,NULL,中建一局集团安装工程有限公司,0001010000430009
80743,米其林沈阳轮胎有限公司年产600万条高性能子午线轮胎扩建项目标段二机电安装专业分包工程,0,NULL,中建一局集团安装工程有限公司,0001010000430009
80886,遵化市浩友凤凰城.金凤华府B5#、B6#、B18#楼、B19#、B20#楼及地下车库,0,11,中建一局集团安装工程有限公司,0001010000430009
68932,乐金显示光电科技（中国）有限公司显示器件建设项目(FAB栋一般建筑)三工区,0,NULL,中建一局集团安装工程有限公司,0001010000430009
55742,矽品科技S1仓库一层局部改造工程(机电消防),0,NULL,中建一局集团安装工程有限公司,0001010000430009
52192,十堰市郧阳区农村公路安全生命防护工程,0,NULL,中建一局集团安装工程有限公司,0001010000430009
36599,深圳市下坪固体废弃物填埋场新建渗滤液处理二厂浓液处理系统工程,0,NULL,中建一局集团安装工程有限公司,0001010000430009
25212,矽品科技新建S3 2#废水站及化学品特气房-机电消防暨系统设备安装工程,0,NULL,中建一局集团安装工程有限公司,0001010000430009
16179,西安三星项目,0,NULL,中建一局集团安装工程有限公司,0001010000430009
16438,辽宁省烟草专卖局（公司）与沈阳市烟草专卖局（分公司）合建综合业务用房工程,0,NULL,中建一局集团安装工程有限公司,0001010000430009
14639,安装公司第十二大项目部/金地西安酒店项目通风空调工程,0,NULL,中建一局集团安装工程有限公司,0001010000430009
13673,名硕电脑北七厂装修工程,0,NULL,中建一局集团安装工程有限公司,0001010000430009
821920,三一北京制造中心食堂项目-劳务,0,NULL,中建一局集团安装工程有限公司,0001010000430009
11664,哈尔滨电气动力装备有限公司全、小流量试验台安装保运工程,0,NULL,中建一局集团安装工程有限公司,0001010000430009
7871,盘锦中房.凯旋城一期住宅项目,0,NULL,中建一局集团安装工程有限公司,0001010000430009
6611,嘉定方舟广场裙房商业楼暖通安装工程,0,NULL,中建一局集团安装工程有限公司,0001010000430009
7977,华鸿红星美凯龙项目机电安装工程,0,NULL,中建一局集团安装工程有限公司,0001010000430009
790,海南三亚柏悦酒店及总统别墅系统工程,0,NULL,中建一局集团安装工程有限公司,0001010000430009
603,信保广场机电工程,0,4,中建一局集团安装工程有限公司,0001010000430009
3248,(2107090748)沈阳新世界一期地库及裙楼强电工程,0,NULL,中建一局集团安装工程有限公司,0001010000430009
1094495,滨州中海管道有限公司长输管线工程项目二标段项目,0,5,中建一局集团安装工程有限公司,0001010000430009
1083552,汤阴县农业废弃物综合利用项目（EPC）,0,2,中建一局集团安装工程有限公司,0001010000430009
1065283,雄安新区科创中心中试基地（二期）配套综合能源项目,0,5,中建一局集团安装工程有限公司,0001010000430009
1064208,原山东省税务局泰安培训中心转型旅居养老项目建设工程,0,5,中建一局集团安装工程有限公司,0001010000430009
1040952,大唐海口江东新区智慧综合能源服务项目能源总站一期工程PC总承包工程,0,4,中建一局集团安装工程有限公司,0001010000430009
1040849,京东方第6代新型半导体显示器件生产线项目,0,4,中建一局集团安装工程有限公司,0001010000430009
1029016,杭政邮储【2019】26号地块商业商务、娱乐康体兼容住宅用房二期（景芳三堡单元JG1205-06地块）综合机电专业分包工程,0,NULL,中建一局集团安装工程有限公司,0001010000430009
1027034,采埃孚（广州）科技有限公司电子工厂项目,0,NULL,中建一局集团安装工程有限公司,0001010000430009
1022360,天津地铁7号线一期工程PPP项目通风、空调与采暖、动力照明、给排水及水消防材料设备采购安装工程五标段项目,0,4,中建一局集团安装工程有限公司,0001010000430009
994233,西安市地铁15号线一期工程施工总承包4标段三分部专业分包工程（暂定）,0,NULL,中建一局集团安装工程有限公司,0001010000430009
991457,东营港东营港区海油 3#、4#泊位改建工程,0,5,中建一局集团安装工程有限公司,0001010000430009
102778,亳州和悦府土建及水电安装施工工程,0,5,中建一局集团安装工程有限公司,0001010000430009
101777,合肥苏宁广场机电安装工程,0,NULL,中建一局集团安装工程有限公司,0001010000430009
101362,可口可乐饮料（上海）有限公司部分甲类生产车间原厂区内迁建项目,0,11,中建一局集团安装工程有限公司,0001010000430009
107355,特种机器人产业园项目（一期）施工总承包工程,0,NULL,中建一局集团安装工程有限公司,0001010000430009
89925,海口市五源河、工业水库等3个水体水环境综合治理PPP项目——调蓄池及雨水净化设施及附属工程,0,NULL,中建一局集团安装工程有限公司,0001010000430009
81841,河北省涞源县贫困村食用菌（黑木耳）产业扶贫项目设计施工总承包,0,NULL,中建一局集团安装工程有限公司,0001010000430009
80548,贵港万达广场通风空调工程项目,0,11,中建一局集团安装工程有限公司,0001010000430009
82232,阿里巴巴内蒙古云计算数据中心乌兰察布哈尔经济技术开发区项目,0,NULL,中建一局集团安装工程有限公司,0001010000430009
82260,武汉新芯12英寸集成电路生产线项目二期工程,0,NULL,中建一局集团安装工程有限公司,0001010000430009
62767,世硕三期厂房新建工程-空调工程,0,NULL,中建一局集团安装工程有限公司,0001010000430009
81486,苏州南山甪直B地块维乐邻里生活广场商业空调工程,0,NULL,中建一局集团安装工程有限公司,0001010000430009
33073,永顺泰（秦皇岛）麦芽有限公司制冷车间机电设备安装、管道安装工程,0,11,中建一局集团安装工程有限公司,0001010000430009
17420,沈阳新兴花园项目,0,NULL,中建一局集团安装工程有限公司,0001010000430009
13620,泛海国际中心（宗地13）综合机电项目,0,NULL,中建一局集团安装工程有限公司,0001010000430009
11567,第十六大项目/三亚晋合艾迪逊机电综合机电工程项目部,0,2,中建一局集团安装工程有限公司,0001010000430009
10615,哈飞空客办公区一区弱电间改造工程,0,NULL,中建一局集团安装工程有限公司,0001010000430009
11666,合肥万达旅游城项目,0,NULL,中建一局集团安装工程有限公司,0001010000430009
821242,阿里巴巴张北云计算数据中心二期庙滩（基础设施）项目-劳务,0,NULL,中建一局集团安装工程有限公司,0001010000430009
820403,青岛市海绵城市试点区(李沧区)建设PPP项目(大村河流域),0,NULL,中建一局集团安装工程有限公司,0001010000430009
1626,安装公司第八大项目部/北京泛海国际居住区4#-2地块机电工程,0,NULL,中建一局集团安装工程有限公司,0001010000430009
3642,永顺泰（秦皇岛）麦芽有限公司年产12万吨麦芽生产线扩建项目制麦车间,0,NULL,中建一局集团安装工程有限公司,0001010000430009
3953,(2107140629)无锡润地利房产,0,NULL,中建一局集团安装工程有限公司,0001010000430009
1657,2015年海淀区老旧小区综合整治项目（第二批）-抗震节能整合整治项目三标段,0,NULL,中建一局集团安装工程有限公司,0001010000430009
1099246,奈曼旗天然碱产业园给排水及附属工程配套设施项目（一局）,0,5,中建一局集团安装工程有限公司,0001010000430009
1098825,曹妃甸新城新能源充电等基础设施建设项目-一标段(电力工程及配套),0,5,中建一局集团安装工程有限公司,0001010000430009
1084915,彭阳县王洼电厂余热至县城供热管网项目三标段,0,5,中建一局集团安装工程有限公司,0001010000430009
1075125,雄安城际站枢纽配套工程综合能源站地源热泵地埋管工程,0,5,中建一局集团安装工程有限公司,0001010000430009
1068114,第二批央企在京老旧小区综合整治项目（标包四十三）（房山区星城街道）（安装）,0,5,中建一局集团安装工程有限公司,0001010000430009
1056351,京东方第 8.6 代 AMOLED 生产线项目,0,11,中建一局集团安装工程有限公司,0001010000430009
1027494,新疆新冀能源循环经济联合化工项目-土建安装 7 标段,0,4,中建一局集团安装工程有限公司,0001010000430009
1022817,观澜湖园区基础设施市政道路项目二期（施工）项目,0,NULL,中建一局集团安装工程有限公司,0001010000430009
1018676,河南省天然气管网有限公司周口-柘城天然气输气管道工程总承包采购项目,0,5,中建一局集团安装工程有限公司,0001010000430009
1017099,国际（鹤壁）科技创业园健身工程,0,NULL,中建一局集团安装工程有限公司,0001010000430009
1003698,陇东特高压工程配套新能源华能庆阳风光综合新能源示范项目首批A2风光项目风光场场内道路工程三标段,0,5,中建一局集团安装工程有限公司,0001010000430009
993578,阿里巴巴乌兰察布云计算数据中心乌兰察布项目集宁A、B楼机电设备安装工程,0,NULL,中建一局集团安装工程有限公司,0001010000430009
989640,遂宁大英丝路文旅城市政基础设施及配套建设一期工程,0,5,中建一局集团安装工程有限公司,0001010000430009
112422,翠园路北、凯悦酒店东地块（302#）超高层项目综合机电专业分包工程,0,11,中建一局集团安装工程有限公司,0001010000430009
110235,鹤淇产业集聚区电子产业园配套基础设施建设项目 EPC 总承包项目　,0,11,中建一局集团安装工程有限公司,0001010000430009
104080,京东方重庆第6代AMOLED（柔性）生产线项目,0,11,中建一局集团安装工程有限公司,0001010000430009
101776,合肥苏宁广场项目消防工程,0,NULL,中建一局集团安装工程有限公司,0001010000430009
103268,阳光保险大厦项目机电工程,0,2,中建一局集团安装工程有限公司,0001010000430009
97789,门源健身非物行政信息广场EPC工程,0,NULL,中建一局集团安装工程有限公司,0001010000430009
92246,惠阳区新圩镇“丁山河、黄沙河、屯梓河”污水处理设施提标升级工程及主干管和次干管建设工程项目,0,NULL,中建一局集团安装工程有限公司,0001010000430009
96890,沈阳益田假日世界施工总承包工程（R1栋）,0,NULL,中建一局集团安装工程有限公司,0001010000430009
89813,厂区零星修建项目工程,0,11,中建一局集团安装工程有限公司,0001010000430009
92134,苏州宝铜线缆科技有限公司新建用房EPC总承包工程,0,NULL,中建一局集团安装工程有限公司,0001010000430009
92662,阿里巴巴广东云计算数据中心河源源城区项目运营管理中心室内精装修工程,0,NULL,中建一局集团安装工程有限公司,0001010000430009
91503,北京市垡头污水处理厂升级改造项目建安工程,0,NULL,中建一局集团安装工程有限公司,0001010000430009
84353,阿里巴巴内蒙古云计算数据中心乌兰察布集宁项目机电总承包工程,0,NULL,中建一局集团安装工程有限公司,0001010000430009
81776,阿里巴巴内蒙古云计算中心乌兰察布集宁项目一期桩基础及地基处理工程项目,0,11,中建一局集团安装工程有限公司,0001010000430009
45024,重庆大渡口万达广场机电工程项目,0,NULL,中建一局集团安装工程有限公司,0001010000430009
44201,镇江李长荣综合化工电子级桩基土木建筑工程,0,NULL,中建一局集团安装工程有限公司,0001010000430009
25161,成都第6代LTPS/AMOLED生产线项目,0,4,中建一局集团安装工程有限公司,0001010000430009
17575,第十一大项目部/亳州万达广场项目,0,NULL,中建一局集团安装工程有限公司,0001010000430009
825198,福州市仓山会展中心片区水系综合治理PPP项目,0,NULL,中建一局集团安装工程有限公司,0001010000430009
17335,东湖湾名苑三期2#、3#非配套公建之机电分包工程,0,NULL,中建一局集团安装工程有限公司,0001010000430009
15915,瑞阳制药有限公司公共活动中心机电安装工程,0,NULL,中建一局集团安装工程有限公司,0001010000430009
16680,安装公司汕头楷洽化工有限公司年产10万吨油化项目,0,4,中建一局集团安装工程有限公司,0001010000430009
9682,幸福孔雀城1.1期项目,0,NULL,中建一局集团安装工程有限公司,0001010000430009
9677,哈尔滨银行大厦采暖工程,0,NULL,中建一局集团安装工程有限公司,0001010000430009
8668,中煤龙化哈尔滨煤化工有限公司3台130t/h煤粉锅炉SNCR烟气脱硝改造工程,0,NULL,中建一局集团安装工程有限公司,0001010000430009
4802,(2107130734)舟山液体化工品中转基地一期扩建储罐制作,0,NULL,中建一局集团安装工程有限公司,0001010000430009
2707,济川药业集团有限公司西厂区室外管网安装工程,0,NULL,中建一局集团安装工程有限公司,0001010000430009
3299,沈阳市大东区人民医院综合楼,0,NULL,中建一局集团安装工程有限公司,0001010000430009
1075226,8.6代有源矩阵有机发光显示器件生产线项目厂房及厂务设施项目一般机电工程B项,0,11,中建一局集团安装工程有限公司,0001010000430009
1071860,天津市滨海新区汉沽盐场小学分校修缮工程施工工程,0,5,中建一局集团安装工程有限公司,0001010000430009
1063987,大唐郓城630超超临界二次再热国家电力示范项目2X1000MW新建工程厂外补充水源及管线建筑安装工程施工总承包,0,4,中建一局集团安装工程有限公司,0001010000430009
1015100,大庆石化公司兴卧地区生活水厂分离移交改造EPC,0,NULL,中建一局集团安装工程有限公司,0001010000430009
1015038,中国浙江省杭州市江干区江河汇(汇东地块) 第一期(9 号地块)及第一期(10、11 号地块(含花园路及闻涛路)) 综合机电专业分包工程,0,NULL,中建一局集团安装工程有限公司,0001010000430009
1011707,京能查干淖尔电厂风光火储氢示范项目阿巴嘎旗 30 万千瓦风电项目,0,2,中建一局集团安装工程有限公司,0001010000430009
1003592,深圳前海交易广场南区施工总承包Ⅱ标段项目机电专业工程,0,5,中建一局集团安装工程有限公司,0001010000430009
992642,农村人环境综合整治(“厕所革命”、生活污水治理、绿化、生活垃圾治理)及配套给水工程总承包EPC项目　,0,5,中建一局集团安装工程有限公司,0001010000430009
992050,阿里巴巴浙江云计算数据中心杭州经开区二期项目,0,11,中建一局集团安装工程有限公司,0001010000430009
111295,伊州区天然气供气管网建设及改造项目（ “设计—施工总承 包”）,0,2,中建一局集团安装工程有限公司,0001010000430009
102975,31112部队军事设施建设项目,0,11,中建一局集团安装工程有限公司,0001010000430009
90965,上海嘉里食品工业有限公司精炼厂增产改造工程项目,0,11,中建一局集团安装工程有限公司,0001010000430009
82726,阿里巴巴张北云计算数据中心二期庙滩（基础设施）项目,0,NULL,中建一局集团安装工程有限公司,0001010000430009
74117,新疆天业（集团）有限公司100万吨/年合成气制乙二醇一期工程60万吨/年乙二醇项目,0,11,中建一局集团安装工程有限公司,0001010000430009
55743,矽科出货中心机电管路工程,0,NULL,中建一局集团安装工程有限公司,0001010000430009
44567,西安中晶科技广场机电分包项目,0,1,中建一局集团安装工程有限公司,0001010000430009
41012,阜阳航颍安置区建设项目,0,NULL,中建一局集团安装工程有限公司,0001010000430009
17784,第十七大项目部/苏宁易购总部基地项目二期,0,NULL,中建一局集团安装工程有限公司,0001010000430009
18701,重庆永川万达广场,0,NULL,中建一局集团安装工程有限公司,0001010000430009
17548,浙江江森化成区酸雾收集制作及安装项目,0,NULL,中建一局集团安装工程有限公司,0001010000430009
10634,安装公司第八大项目部/地下交通环廊综合机电安装工程项目部,0,NULL,中建一局集团安装工程有限公司,0001010000430009
12669,安装公司北京华服物业管理有限责任公司电梯日常维修保养服务,0,NULL,中建一局集团安装工程有限公司,0001010000430009
7663,安装公司牡丹江万达广场项目,0,NULL,中建一局集团安装工程有限公司,0001010000430009
5443,第三大项目部/延吉万达项目部,0,NULL,中建一局集团安装工程有限公司,0001010000430009
10194,孔雀城项目,0,NULL,中建一局集团安装工程有限公司,0001010000430009
4498,合肥触摸屏生产线项目,0,4,中建一局集团安装工程有限公司,0001010000430009
2465,益海（连云港）油化工业有限公司罐区储罐制作安装工程,0,NULL,中建一局集团安装工程有限公司,0001010000430009
701,安装公司洪泽县三馆一中心,0,NULL,中建一局集团安装工程有限公司,0001010000430009
3955,(2107070503)航天三发CS-10高空设备安装工程,0,NULL,中建一局集团安装工程有限公司,0001010000430009
3945,(2107140664)矽品宿舍2号楼,0,NULL,中建一局集团安装工程有限公司,0001010000430009
670,安装公司幸福孔雀城示范区项目,0,NULL,中建一局集团安装工程有限公司,0001010000430009
1096372,振兴工厂雨水管网及三供明沟等辅助配套土建工程,0,5,中建一局集团安装工程有限公司,0001010000430009
1078358,华润登封电厂引热入郑长输供热管网工程郑州二手车市场（新密）边坡治理项目,0,5,中建一局集团安装工程有限公司,0001010000430009
1022100,青岛国际资源配置中心北片区综合管廊及配套工程（二期）项目,0,NULL,中建一局集团安装工程有限公司,0001010000430009
1021577,比亚迪厂区周边生态停车场远期实施项目一标段施工总承包项目,0,4,中建一局集团安装工程有限公司,0001010000430009
1017772,平房净水厂排泥水处理工程施工（一标段),0,NULL,中建一局集团安装工程有限公司,0001010000430009
1015107,大庆石化公司新建污泥焚烧装置EPC 项目,0,NULL,中建一局集团安装工程有限公司,0001010000430009
993303,聊城市香瓜市场综合体升级改造项目,0,5,中建一局集团安装工程有限公司,0001010000430009
992669,阿里巴巴浙江云计算数据中心杭州经开区二期项目（机电）,0,NULL,中建一局集团安装工程有限公司,0001010000430009
100307,齐鲁制药阿荣旗扶贫产业项目确保封闭-砌筑工程,0,11,中建一局集团安装工程有限公司,0001010000430009
97530,绍兴苏宁广场A地块商业及C地块酒店总承包（机电）工程,0,2,中建一局集团安装工程有限公司,0001010000430009
94313,嘉里粮油（天津）有限公司特油半连续车间及罐区工艺设备安装工程,0,11,中建一局集团安装工程有限公司,0001010000430009
89980,恒力石化（大连）化工有限公司150万吨年乙烯项目,0,11,中建一局集团安装工程有限公司,0001010000430009
94488,河南太极拳学院（郑州大学体育学院温县实训基地）建设项目一期EPC工程总承包,0,NULL,中建一局集团安装工程有限公司,0001010000430009
83144,沈阳市智慧云立体停车场工程项目,0,NULL,中建一局集团安装工程有限公司,0001010000430009
84276,阿里巴巴广东云计算数据中心河源桩基项目,0,11,中建一局集团安装工程有限公司,0001010000430009
80322,门源健身非物行政信息广场EPC,0,2,中建一局集团安装工程有限公司,0001010000430009
80580,中粮科技园标准厂房及配套附属设施建设项目,0,NULL,中建一局集团安装工程有限公司,0001010000430009
79182,利用山东里彦发电有限责任公司热源开展济宁市城区供热项目劳务分包工程,0,NULL,中建一局集团安装工程有限公司,0001010000430009
83603,阿里巴巴江苏云计算数据中心南通综合保税区A区项目机电设备安装工程,0,NULL,中建一局集团安装工程有限公司,0001010000430009
82220,三星(中国)半导体有限公司12英寸内闪芯片二期项目 X2-PJT 大气防止 电气工程,0,NULL,中建一局集团安装工程有限公司,0001010000430009
76488,通州运河核心区IX-02地块项目机电总包工程,0,NULL,中建一局集团安装工程有限公司,0001010000430009
52065,北京市仁和医院电梯维保工程,0,4,中建一局集团安装工程有限公司,0001010000430009
44523,中海寰宇天下项目三期81地块机电安装分包工程,0,NULL,中建一局集团安装工程有限公司,0001010000430009
45405,长春市伊通河流域水环境综合治理工程-伊通河流域跨河桥梁工程（伊通河干流）-桥梁装饰及亮化工程,0,2,中建一局集团安装工程有限公司,0001010000430009
36386,潍坊特钢集团有限公司烧结机烟气脱硫、除尘、脱硝一体化总承包工程,0,NULL,中建一局集团安装工程有限公司,0001010000430009
25068,河北涞源县万人移民搬迁扶贫安置小区项目白石山地块施工总承包工程,0,NULL,中建一局集团安装工程有限公司,0001010000430009
26252,S3 2F layout机电消防工程,0,4,中建一局集团安装工程有限公司,0001010000430009
28455,衡阳万达广场通风空调工程,0,NULL,中建一局集团安装工程有限公司,0001010000430009
27978,桂林万达文化旅游城和平项目N12地块机电工程,0,NULL,中建一局集团安装工程有限公司,0001010000430009
27703,1第10.5代薄膜晶体管液晶显示器件（TFT-LCD）项目,0,4,中建一局集团安装工程有限公司,0001010000430009
27389,PPG 涂料(天津)有限公司水漆2.0项目,0,NULL,中建一局集团安装工程有限公司,0001010000430009
17506,安装公司第三大项目部/大连天地河口湾工程,0,NULL,中建一局集团安装工程有限公司,0001010000430009
14649,河北冀海港务有限公司机电安装项目,0,NULL,中建一局集团安装工程有限公司,0001010000430009
10553,第十六大项目部/哈尔滨哈飞空客复合材料制造中心L2&L3生产线地基工程项目,0,NULL,中建一局集团安装工程有限公司,0001010000430009
8671,绥芬河新站前广场地下商业街,0,NULL,中建一局集团安装工程有限公司,0001010000430009
821710,阿里巴巴张北云计算数据中心二期小二台（基础设施）项目-劳务,0,NULL,中建一局集团安装工程有限公司,0001010000430009
13336,北京济民可信工程项目,0,NULL,中建一局集团安装工程有限公司,0001010000430009
9319,西局回迁楼,0,NULL,中建一局集团安装工程有限公司,0001010000430009
9648,华晨宝马新发动机工厂机加车间机电安装工程,0,NULL,中建一局集团安装工程有限公司,0001010000430009
8313,苏宁易购总部基地项目,0,NULL,中建一局集团安装工程有限公司,0001010000430009
820618,中海太华路项目二标段-劳务,0,NULL,中建一局集团安装工程有限公司,0001010000430009
2339,名硕N5厂SMT搬迁至7号厂3F专案之机电及空调工程,0,NULL,中建一局集团安装工程有限公司,0001010000430009
4526,N1厂房等13项（孙村组团标准厂房（二期）建设项目锅炉工程,0,NULL,中建一局集团安装工程有限公司,0001010000430009
3961,(2107140698)海顺德罐区工程,0,NULL,中建一局集团安装工程有限公司,0001010000430009
626,第五大项目部/内蒙古大唐克旗动力燃煤锅炉脱硝工程项目部,0,4,中建一局集团安装工程有限公司,0001010000430009
815873,抚顺大酒店及周边改造项目A地块工程-劳务,0,NULL,中建一局集团安装工程有限公司,0001010000430009
1083030,北京市大兴区安定镇卫生院改建项目拆除,0,5,中建一局集团安装工程有限公司,0001010000430009
1063300,大唐郓城630℃超超临界二次再热国家电力示范项目2×1000MW新建工程厂外补充水源及管线建筑安装工程施工总承包,0,5,中建一局集团安装工程有限公司,0001010000430009
1060202,河北鑫海化工集团有限公司化工新材料基地项目2个维修车间施工项目,0,5,中建一局集团安装工程有限公司,0001010000430009
1053947,苏州中环广场项目（DK20210187 地块）综合机电专业分包工程,0,11,中建一局集团安装工程有限公司,0001010000430009
1018903,广州分公司2022-2023年度三类投资项目施工总承包（框架协议）一标段项目,0,NULL,中建一局集团安装工程有限公司,0001010000430009
1014942,益海嘉里（周口）生物科技有限公司30000TD净水厂PC工程,0,NULL,中建一局集团安装工程有限公司,0001010000430009
1000296,天隆科技智能医疗设备研发生产项目,0,11,中建一局集团安装工程有限公司,0001010000430009
991920,北京阿帕科蓝科技有限公司充电场站智慧化改造项目总承包合同,0,NULL,中建一局集团安装工程有限公司,0001010000430009
111386,河湟新区九年一贯制学校建设项目,0,5,中建一局集团安装工程有限公司,0001010000430009
109664,益海嘉里（富裕）能源有限公司外网管线管道安装（污水、冷凝水、供暖、蒸汽） 、非标罐第二批次、污水厂机电总承包工程,0,NULL,中建一局集团安装工程有限公司,0001010000430009
107965,呼伦贝尔市宇泰房地产有限公司阿荣齐梦逸园三期、四期建筑工程,0,5,中建一局集团安装工程有限公司,0001010000430009
108172,徐庄镇慧德苑（一期）新型农村社区建设工程（EPC）,0,5,中建一局集团安装工程有限公司,0001010000430009
95642,光明晨光乳业污水改造提升工程,0,11,中建一局集团安装工程有限公司,0001010000430009
98602,华为苏州企业业务项目（二期）D 区机电工程,0,NULL,中建一局集团安装工程有限公司,0001010000430009
96889,铁西-冲压车间/研发中心-G2x&F39模具和工具卸货与拆包服务　,0,11,中建一局集团安装工程有限公司,0001010000430009
91689,顺义区农村污水治理工程（中部片区）ppp项目,0,NULL,中建一局集团安装工程有限公司,0001010000430009
80881,咸阳厂机电安装及一般装修工程,0,NULL,中建一局集团安装工程有限公司,0001010000430009
62768,铠嘉电脑配件一期B区厂房新建工程,0,4,中建一局集团安装工程有限公司,0001010000430009
57035,黑龙江省龙油石油化工股份有限公司550万吨年重油催化热裂解项目PC总承包项目,0,NULL,中建一局集团安装工程有限公司,0001010000430009
44219,东湖湾名苑2#、3#非配套公建之空调系统冬季临时供暖工程,0,11,中建一局集团安装工程有限公司,0001010000430009
44898,山东瑞阳制药项目,0,4,中建一局集团安装工程有限公司,0001010000430009
26081,泛海时代中心（宗地17北）项目  综合机电专业分包工程,0,NULL,中建一局集团安装工程有限公司,0001010000430009
20862,益海嘉里（武汉）粮油工业有限公司食品生产加工项目机械楼设备、电气安装工程,0,NULL,中建一局集团安装工程有限公司,0001010000430009
26181,哈飞空客制造中心2号厂房项目,0,NULL,中建一局集团安装工程有限公司,0001010000430009
25821,福州第8.5代新型半导体显示器件生产线项目机电（B\E）,0,4,中建一局集团安装工程有限公司,0001010000430009
18186,安装公司西安悦荟广场机电分包工程,0,NULL,中建一局集团安装工程有限公司,0001010000430009
13627,第十四大项目部/青岛华通高新装备产业园开世橡胶履带项目,0,NULL,中建一局集团安装工程有限公司,0001010000430009
12850,哈飞空客办公一区弱电间改造工程,0,NULL,中建一局集团安装工程有限公司,0001010000430009
11355,中建开元壹号二期、三期工程,0,NULL,中建一局集团安装工程有限公司,0001010000430009
11185,中海富华里中心工程,0,NULL,中建一局集团安装工程有限公司,0001010000430009
9222,地安门项目,0,NULL,中建一局集团安装工程有限公司,0001010000430009
12577,安装公司第八大项目部/总参旃坛寺办公楼中央空调设备采购工程,0,NULL,中建一局集团安装工程有限公司,0001010000430009
5465,安装公司第六大项目部/中核阿海珐（上海）锆合金管材有限公司附属设施改建项目部,0,NULL,中建一局集团安装工程有限公司,0001010000430009
9181,华晨宝马新工厂机电安装工程,0,4,中建一局集团安装工程有限公司,0001010000430009
8635,四川遂宁万达广场机电项目,0,NULL,中建一局集团安装工程有限公司,0001010000430009
8741,第十六大项目部/哈尔滨银行大厦采暖工程,0,NULL,中建一局集团安装工程有限公司,0001010000430009
7649,海淀区2014年老旧小区综合整治项目,0,NULL,中建一局集团安装工程有限公司,0001010000430009
3958,(2107100756)廊坊阿克苏项目,0,NULL,中建一局集团安装工程有限公司,0001010000430009
4530,华晨罗斯罗卡环卫车辆装备（大连）有限公司产前车间改造工程,0,4,中建一局集团安装工程有限公司,0001010000430009
3966,(2107140657)湖南郴州机电二期,0,NULL,中建一局集团安装工程有限公司,0001010000430009
4450,安装公司第八大项目部/阳光保险工程,0,NULL,中建一局集团安装工程有限公司,0001010000430009
1102956,华能保定博野县100兆瓦风储示范项目PC总承包工程,0,8,中建一局集团安装工程有限公司,0001010000430009
1049569,龙源电力龙源乐安风力发电有限公司鸭公嶂风电项目道路硬化刷黑施工工程,0,4,中建一局集团安装工程有限公司,0001010000430009
1049031,北京数字经济算力中心项目-安装,0,4,中建一局集团安装工程有限公司,0001010000430009
1030158,杭政储出【2019】26号地块商业商务、娱乐康体兼容住宅用房（杭州江河汇汇东区块暂命名）二期（景芳三堡单元JG1205-06地块）综合机电专业分包工程,0,11,中建一局集团安装工程有限公司,0001010000430009
1017861,"""兰州市盐场污水处理厂扩建 工程MBR膜处理系统成套设备招标及安装服务工程""",0,NULL,中建一局集团安装工程有限公司,0001010000430009
1015108,阿里巴巴浙江云计算数据中心杭州经开区二期招标项目,0,NULL,中建一局集团安装工程有限公司,0001010000430009
1003200,新桥科创产业园（标准化厂房）建设项目,0,11,中建一局集团安装工程有限公司,0001010000430009
992326,南京仙林苏宁广场项目B、C地块机电安装工程,0,NULL,中建一局集团安装工程有限公司,0001010000430009
989668,世纪互联新建太仓国际车联网大数据产业园项目机电承包工程（标段一：1#车间及配套楼）,0,NULL,中建一局集团安装工程有限公司,0001010000430009
109665,益海嘉里（富裕）生物科技有限公司外网管线管道安装（其他）、油厂粕烘干工段安装工程、非标罐第二批次、空压站机电总承包工程,0,11,中建一局集团安装工程有限公司,0001010000430009
100012,山西潞安煤基清洁能源有限责任公司潞安化产园区配套公 用工程项目（EPC）总承包,0,2,中建一局集团安装工程有限公司,0001010000430009
92439,西安市第九污水处理厂一、二期提标改造工程及三期提标改造工程建安工程,0,NULL,中建一局集团安装工程有限公司,0001010000430009
90546,太伟方恒广场二期住宅8#9#楼及地下车库(中段）工程,0,NULL,中建一局集团安装工程有限公司,0001010000430009
83217,泰康之家武汉楚园一期机电工程,0,NULL,中建一局集团安装工程有限公司,0001010000430009
81965,中粮智慧农场4、5、7号温室电力增容工程,0,NULL,中建一局集团安装工程有限公司,0001010000430009
55646,武汉国家存储器项目,0,NULL,中建一局集团安装工程有限公司,0001010000430009
52066,北京精密机电控制设备研究所电梯维保服务,0,4,中建一局集团安装工程有限公司,0001010000430009
76263,嘉吉生化有限公司变性淀粉改造项目,0,NULL,中建一局集团安装工程有限公司,0001010000430009
45721,张北阿里巴巴云计算数据中心二期庙滩项目,0,NULL,中建一局集团安装工程有限公司,0001010000430009
26165,邳州泰和家园项目部,0,NULL,中建一局集团安装工程有限公司,0001010000430009
27401,一汽-大众汽车有限公司青岛工厂一期通廊、车身编组站工程,0,NULL,中建一局集团安装工程有限公司,0001010000430009
27343,万达·西安one通风空调施工工程,0,NULL,中建一局集团安装工程有限公司,0001010000430009
25069,河北涞源县万人移民搬迁扶贫安置小区项目广源大街地块施工总承包工程,0,NULL,中建一局集团安装工程有限公司,0001010000430009
824677,一汽轿车股份有限公司红旗HS5、H5、EV系列产能提升物流项目工程,0,NULL,中建一局集团安装工程有限公司,0001010000430009
13619,三亚晋合艾迪逊机电综合机电工程项目部,0,2,中建一局集团安装工程有限公司,0001010000430009
10687,沈阳金杯车辆制造有限公司搬迁改造项目厂房桩基础工程标段一（一期）,0,NULL,中建一局集团安装工程有限公司,0001010000430009
821363,门源健身非物行政信息广场EPC工程-劳务,0,NULL,中建一局集团安装工程有限公司,0001010000430009
8653,河北嘉好粮油有限公司机电安装项目,0,NULL,中建一局集团安装工程有限公司,0001010000430009
6139,阿克苏诺贝尔装饰涂料（廊坊）有限公司LEVER-1,0,NULL,中建一局集团安装工程有限公司,0001010000430009
4525,哈尔滨电气动力装备有限公司全流量、小流量试验台安装工程,0,NULL,中建一局集团安装工程有限公司,0001010000430009
651,上海金山卫污水厂改扩建工程,0,NULL,中建一局集团安装工程有限公司,0001010000430009
3565,安装公司第六大项目部/益海（东莞）油化甘油精炼改扩建项目,0,NULL,中建一局集团安装工程有限公司,0001010000430009
4814,(1101070020)新城科技园创新综合体A＆B项目,0,NULL,中建一局集团安装工程有限公司,0001010000430009
4810,(1101070013)南京新城科技园企业加速器项目,0,NULL,中建一局集团安装工程有限公司,0001010000430009
3960,(2107140679)名硕电脑北五厂新建工程,0,NULL,中建一局集团安装工程有限公司,0001010000430009
2677,安装公司第九大项目部/海淀区房屋建筑抗震节能综合整治项目二批二标段项目,0,NULL,中建一局集团安装工程有限公司,0001010000430009
1085559,达拉特旗站埋地风险整治及显性化改造项目,0,5,中建一局集团安装工程有限公司,0001010000430009
1084344,大兴区安定镇卫生院改建项目（1#综合楼南楼等11项 ）,0,5,中建一局集团安装工程有限公司,0001010000430009
1070236,启动区中深层地热三期工程,0,5,中建一局集团安装工程有限公司,0001010000430009
1049777,上海静安区常熟路8号项目综合机电工程,0,4,中建一局集团安装工程有限公司,0001010000430009
1025459,新疆新冀能源循环经济联合化工项目-7标段土建安装,0,4,中建一局集团安装工程有限公司,0001010000430009
1017863,HCDA新增高压后备系统项目,0,NULL,中建一局集团安装工程有限公司,0001010000430009
1015105,佛山市轨道交通三号线工程车站设备安装及装修工程3205-4标段工程项目,0,NULL,中建一局集团安装工程有限公司,0001010000430009
1014894,青岛美锦氢燃料电池商用车零部件生产项目（一期）配套附属工程,0,5,中建一局集团安装工程有限公司,0001010000430009
998544,市级公立三甲医院停车设施建设项目,0,5,中建一局集团安装工程有限公司,0001010000430009
995797,大庆石化公司生活污水处理厂提标改造项目EPC,0,NULL,中建一局集团安装工程有限公司,0001010000430009
991599,矽品科技（苏州）有限公司S6厂房新建工程-机电工程-消防基础安装工程,0,4,中建一局集团安装工程有限公司,0001010000430009
109626,省道501台寿线东仝至解庄段公路改建工程第一标段,0,11,中建一局集团安装工程有限公司,0001010000430009
107671,北海惠科光电显示器件项目,0,5,中建一局集团安装工程有限公司,0001010000430009
101879,兴化英莱达广场一期商业广场暖通消防工程,0,11,中建一局集团安装工程有限公司,0001010000430009
100650,新疆国重鑫兴新材料科技有限公司8万吨/年聚甲醛一期4万吨/年项目场地平整、场外局部道路、现场办公设施、厂区围墙工程,0,11,中建一局集团安装工程有限公司,0001010000430009
109662,益海嘉里（富裕）粮油食品工业有限公司非标罐第二批次、小麦产线水洗等湿区车间机电总承包工程,0,11,中建一局集团安装工程有限公司,0001010000430009
97923,一汽轿车股份有限公司红旗HS5、H5、EV系列产能提升物流项目一般建安工程,0,5,中建一局集团安装工程有限公司,0001010000430009
94279,山西省襄垣县淤泥河水环境提升综合整治工程,0,NULL,中建一局集团安装工程有限公司,0001010000430009
92438,迁安市滦河—西沙河引水工程勘察设计施工总承包 EPC,0,NULL,中建一局集团安装工程有限公司,0001010000430009
83602,鹿泉-赞皇输气管道工程线路工程施工二标段,0,NULL,中建一局集团安装工程有限公司,0001010000430009
78907,深圳国际会展中心（一期）机电承包工程安装公司,0,NULL,中建一局集团安装工程有限公司,0001010000430009
80935,乐金显示光电科技（中国）有限公司显示器件建设项目(FAB栋一般建筑)电气工程一工区,0,NULL,中建一局集团安装工程有限公司,0001010000430009
66573,广西天然气支线管网项目项目隆安-武鸣天然气支线管道工程,0,NULL,中建一局集团安装工程有限公司,0001010000430009
55669,泸州二环路（高新区A段）、二环路（高新区B段）,0,11,中建一局集团安装工程有限公司,0001010000430009
44488,德莱赛机械（苏州）有限公司零星修缮工程,0,4,中建一局集团安装工程有限公司,0001010000430009
32067,长春市伊通河流域水环境综合治理工程-伊通河跨河桥梁工程-改造自由大路跨河桥,0,NULL,中建一局集团安装工程有限公司,0001010000430009
28335,永顺泰（秦皇岛）麦芽有限公司锅炉房、锅炉房输煤廊、碎煤机间工程,0,NULL,中建一局集团安装工程有限公司,0001010000430009
26784,一汽-大众汽车有限公司青岛工厂一期联合站房工程,0,NULL,中建一局集团安装工程有限公司,0001010000430009
26606,邳州市尚景嘉园三期二标段项目,0,NULL,中建一局集团安装工程有限公司,0001010000430009
18332,广华新城居住区616地块职工住宅项目第二施工经理部机电安装工程,0,NULL,中建一局集团安装工程有限公司,0001010000430009
10650,虹桥mini酒店项目综合机电工程,0,NULL,中建一局集团安装工程有限公司,0001010000430009
6618,第十三大项目部/资阳万达广场机电安装工程项目部,0,NULL,中建一局集团安装工程有限公司,0001010000430009
12238,安徽省滁州嘉吉试验农场项目,0,NULL,中建一局集团安装工程有限公司,0001010000430009
10164,唐山新世界中心消防设施工程,0,NULL,中建一局集团安装工程有限公司,0001010000430009
4811,(2107130796)北方石油内蒙古新能源有限公司LNG项目,0,NULL,中建一局集团安装工程有限公司,0001010000430009
1014868,中建一局华南区域公司总部（云筑办公专区机电事业部）,2,4,中建一局集团华南建设有限公司,0001010000430025
102728,中山市易天自动化设备有限公司-厂房、宿舍楼、门卫室工程,0,NULL,中建一局集团华南建设有限公司,0001010000430025
99484,广州市第五资源热力电厂二期工程及周边场地预处理工程施工总承包,0,NULL,中建一局集团华南建设有限公司,0001010000430025
54253,康达尔山海上园（三期）土石方及基坑支护工程,0,NULL,中建一局集团华南建设有限公司,0001010000430025
825831,人才安居中芯国际11-2地块项目设计采购施工总承包工程（EPC）,0,NULL,中建一局集团华南建设有限公司,0001010000430025
823479,荣和悦澜山项目三期工程（18#、19#楼及附属地下室）,0,NULL,中建一局集团华南建设有限公司,0001010000430025
12864,盛景家园(罗马家园)中四区E3-E6栋,0,NULL,中建一局集团华南建设有限公司,0001010000430025
13991,博鳌金湾B1-1#楼及B区人防地下室 施工总承包工程,0,NULL,中建一局集团华南建设有限公司,0001010000430025
13721,华为荔枝园员工宿舍（东区）项目工程,0,NULL,中建一局集团华南建设有限公司,0001010000430025
4190,星河雅宝高科创新园一期,0,NULL,中建一局集团华南建设有限公司,0001010000430025
817381,誉山国际四区-劳务,0,NULL,中建一局集团华南建设有限公司,0001010000430025
2666,博鳌金湾E2地块（E13#~E19#楼）总承包工程,0,NULL,中建一局集团华南建设有限公司,0001010000430025
815619,博今商务广场,NULL,NULL,中建一局集团华南建设有限公司,0001010000430025
814577,深圳市富士锦园桩基础与主体工程,0,NULL,中建一局集团华南建设有限公司,0001010000430025
824150,坪山区沙壆学校项目勘察设计施工总承包工程,0,NULL,中建一局集团华南建设有限公司,0001010000430025
12112,卓景花园13-21号楼垃圾站电房,0,NULL,中建一局集团华南建设有限公司,0001010000430025
14628,广州金融城起步区AT090908地块项目,0,NULL,中建一局集团华南建设有限公司,0001010000430025
818751,深圳工商银行大厦施工总承包工程-劳务,0,NULL,中建一局集团华南建设有限公司,0001010000430025
1981,(2101060086)宝安粮食储备仓库A标段,0,NULL,中建一局集团华南建设有限公司,0001010000430025
57026,智能交通射频识别与电子支付产品生产基地建设项目施工总承包,0,NULL,中建一局集团华南建设有限公司,0001010000430025
18689,河源康泉温泉养生度假酒店工程,0,NULL,中建一局集团华南建设有限公司,0001010000430025
824682,老坑学校项目设计采购施工总承包工程,0,NULL,中建一局集团华南建设有限公司,0001010000430025
822899,广西壮族自治区南溪山医院住院八号综合楼项目,0,NULL,中建一局集团华南建设有限公司,0001010000430025
820336,合景同创广场一期-劳务,0,NULL,中建一局集团华南建设有限公司,0001010000430025
6731,雅宝国际高科技软件园城市更新项目I标段施工总承包工程,0,NULL,中建一局集团华南建设有限公司,0001010000430025
817771,泉州东海组团C-6-1地块一标段总承包工程-劳务,0,NULL,中建一局集团华南建设有限公司,0001010000430025
1980,(2101060080)深圳布吉客运枢纽东西广场土建B102标,0,NULL,中建一局集团华南建设有限公司,0001010000430025
1985,(2101060094)广州万科清远,0,NULL,中建一局集团华南建设有限公司,0001010000430025
81978,南太云创谷园区项目一标段主体总承包工程,0,NULL,中建一局集团华南建设有限公司,0001010000430025
825741,鹿江沥南岸LJL-47-20、LJL-47-21地块（暂定名）1～17#楼、22#楼（幼儿园）、23#楼、地下室A区B区、九年一贯制学校,0,NULL,中建一局集团华南建设有限公司,0001010000430025
12871,御湖峰家园,0,NULL,中建一局集团华南建设有限公司,0001010000430025
818414,博翠天下府项目施工总承包工程-劳务,0,NULL,中建一局集团华南建设有限公司,0001010000430025
642,南昌莱蒙都会商业中心（B14地块）项目总承包工程,0,NULL,中建一局集团华南建设有限公司,0001010000430025
1014904,中建一局华南区域公司总部（云筑办公专区党委巡察办）,2,4,中建一局集团华南建设有限公司,0001010000430025
10639,润丰水尚工程,0,NULL,中建一局集团华南建设有限公司,0001010000430025
822448,城南誉府1-2号商业、住宅楼、3号地下室（基础工程）,0,NULL,中建一局集团华南建设有限公司,0001010000430025
1986,(2101060097)顺德杏坛可园二标段,0,NULL,中建一局集团华南建设有限公司,0001010000430025
817344,佳兆业中央广场二期（G03401-0025）1-3栋-劳务,0,NULL,中建一局集团华南建设有限公司,0001010000430025
1014818,中建一局华南区域公司总部（云筑办公专区总经办）,2,4,中建一局集团华南建设有限公司,0001010000430025
1014817,中建一局华南区域公司总部（云筑办公专区安全生产监督管理部）,2,4,中建一局集团华南建设有限公司,0001010000430025
989524,中国移动南方基地二期工程二阶段项目施工总承包,0,NULL,中建一局集团华南建设有限公司,0001010000430025
102685,广州市第五资源热力电厂二期工程及配套设施土建施工总承包,0,4,中建一局集团华南建设有限公司,0001010000430025
25669,康达尔山海上园二、三、四期工程,0,NULL,中建一局集团华南建设有限公司,0001010000430025
24890,测试用项目,0,NULL,中建一局集团华南建设有限公司,0001010000430025
13163,万科清远新城东29#地块3#楼,0,NULL,中建一局集团华南建设有限公司,0001010000430025
822255,禹洲•厦门翔安2013XP05项目-劳务,0,NULL,中建一局集团华南建设有限公司,0001010000430025
9728,华景花园工程,0,NULL,中建一局集团华南建设有限公司,0001010000430025
817647,景德镇观溪郡小区城市棚户区改造安置房建设项目设计采购施工总承包项目—东郡,0,NULL,中建一局集团华南建设有限公司,0001010000430025
1984,(2101060088)中兴通讯（深圳）科技研发大楼,0,NULL,中建一局集团华南建设有限公司,0001010000430025
826072,广州国际金融城起步区AT090908地块项目（复建）,0,NULL,中建一局集团华南建设有限公司,0001010000430025
7572,大成基金总部大厦土石方、基坑支护及桩基础工程,0,NULL,中建一局集团华南建设有限公司,0001010000430025
817405,OPPO（重庆）智能生态科技园项目一期工程（C 区）,0,NULL,中建一局集团华南建设有限公司,0001010000430025
1048254,北京奔驰汽车有限公司EB5型动力电池产线建设项目,0,4,中建一局集团华南建设有限公司,0001010000430025
1014813,中建一局华南区域公司总部（云筑办公专区项目管理部）,2,4,中建一局集团华南建设有限公司,0001010000430025
839512,佛山金域滨江广场二期Ⅱ标段施工总承包工程-劳务,NULL,NULL,中建一局集团华南建设有限公司,0001010000430025
82118,康达尔山海上园（二期）2、6、7栋工程,0,4,中建一局集团华南建设有限公司,0001010000430025
828306,珠海港机二期6#厂房施工总承包工程项目,NULL,NULL,中建一局集团华南建设有限公司,0001010000430025
821050,陶瓷原料基地项目,0,NULL,中建一局集团华南建设有限公司,0001010000430025
818466,翔安2013XP05地块,NULL,NULL,中建一局集团华南建设有限公司,0001010000430025
816193,郑州轨道3号线土建A2项目部一工区,0,NULL,中建一局集团华南建设有限公司,0001010000430025
813639,深圳地铁红树湾物业开发项目-劳务,0,NULL,中建一局集团华南建设有限公司,0001010000430025
1030098,龙腾工业区（二期）城市更新单元二期02-01地块,0,4,中建一局集团华南建设有限公司,0001010000430025
25670,广东欧珀移动通信有限公司增资扩产项目桩基工程、土石方、基坑支护设计连施工工程,0,NULL,中建一局集团华南建设有限公司,0001010000430025
823017,天泰金邸名门商住区1号商业、办公楼，2～8号住宅楼，9～13号商业楼，14号开关站，15号岗亭，16号地下室,0,NULL,中建一局集团华南建设有限公司,0001010000430025
11607,公园上苑项目,0,NULL,中建一局集团华南建设有限公司,0001010000430025
822069,利通·智汇晶谷项目C2-22-05地块工程施工总承包（项目）,0,NULL,中建一局集团华南建设有限公司,0001010000430025
9876,星河民乐总承包,0,NULL,中建一局集团华南建设有限公司,0001010000430025
8713,惠州珠江东岸北区一期工程,0,NULL,中建一局集团华南建设有限公司,0001010000430025
1896,罗马家园西二区,0,NULL,中建一局集团华南建设有限公司,0001010000430025
817051,融侨龙岩东肖一号地块-劳务,0,NULL,中建一局集团华南建设有限公司,0001010000430025
815206,深圳市城市轨道交通9号线西延线工程（笔架山停车场）9113标,0,NULL,中建一局集团华南建设有限公司,0001010000430025
1014809,中建一局华南区域公司总部（云筑办公专区商务法务部）,2,4,中建一局集团华南建设有限公司,0001010000430025
81936,中山景商领峰花园一期、二期、三期项目,0,1,中建一局集团华南建设有限公司,0001010000430025
826925,上杭融侨观邸（一期）,0,NULL,中建一局集团华南建设有限公司,0001010000430025
24626,金信广场,0,NULL,中建一局集团华南建设有限公司,0001010000430025
17638,荷康花园B区施工总承包工程,0,NULL,中建一局集团华南建设有限公司,0001010000430025
25656,润晶蓝宝石厂房及配套设施项目,0,NULL,中建一局集团华南建设有限公司,0001010000430025
823966,宁德新能源电池电源管系统生产项目（R6改建工程）,0,NULL,中建一局集团华南建设有限公司,0001010000430025
12870,佛山卓景花园,0,NULL,中建一局集团华南建设有限公司,0001010000430025
822026,国道G101古北口（京冀界）至偏桥段改建工程(),0,NULL,中建一局集团华南建设有限公司,0001010000430025
818439,宝吉06-劳务,NULL,NULL,中建一局集团华南建设有限公司,0001010000430025
3986,华南公司总部,0,5,中建一局集团华南建设有限公司,0001010000430025
1622,深圳“博今商务广场”建设工程施工总承包工程,0,NULL,中建一局集团华南建设有限公司,0001010000430025
815170,景德镇观溪郡小区城市棚户区改造安置房建设项目(揽枫郡),0,NULL,中建一局集团华南建设有限公司,0001010000430025
813166,佳兆业东江新城七期主体工程,0,NULL,中建一局集团华南建设有限公司,0001010000430025
1014994,中建一局华南区域公司总部（云筑办公专区信息部）,2,4,中建一局集团华南建设有限公司,0001010000430025
1014992,中建一局华南区域公司总部（云筑办公专区企划部）,2,4,中建一局集团华南建设有限公司,0001010000430025
1014814,中建一局华南区域公司总部（云筑办公专区审计分部）,2,4,中建一局集团华南建设有限公司,0001010000430025
1007334,河套项目机电安装,0,5,中建一局集团华南建设有限公司,0001010000430025
95191,OPPO（重庆）智能生态科技园环形道路工程,0,NULL,中建一局集团华南建设有限公司,0001010000430025
15561,华论南商大厦（2011XP04地块）主体施工工程,0,NULL,中建一局集团华南建设有限公司,0001010000430025
822879,广州白云国际机场物流综合服务大楼工程施工总承包-劳务,0,NULL,中建一局集团华南建设有限公司,0001010000430025
817607,大鹏金沙湾体育馆（一期）主体工程-劳务,0,NULL,中建一局集团华南建设有限公司,0001010000430025
1014822,中建一局华南区域公司总部（云筑办公专区纪检监督工作部）,2,4,中建一局集团华南建设有限公司,0001010000430025
1014821,中建一局华南区域公司总部（云筑办公专区国际工程事业部）,2,4,中建一局集团华南建设有限公司,0001010000430025
1014816,中建一局华南区域公司总部（云筑办公专区市场部）,2,4,中建一局集团华南建设有限公司,0001010000430025
1014815,中建一局华南区域公司总部（云筑办公专区质量部）,2,4,中建一局集团华南建设有限公司,0001010000430025
101150,老坑学校项目设计采购施工总承包工程（EPC）,0,NULL,中建一局集团华南建设有限公司,0001010000430025
95109,南航综合培训中心项目,0,NULL,中建一局集团华南建设有限公司,0001010000430025
82920,OPPO（重庆）智能生态科技园项目一期工程（C区）,0,NULL,中建一局集团华南建设有限公司,0001010000430025
45495,劲拓高新技术中心工程,0,NULL,中建一局集团华南建设有限公司,0001010000430025
1983,(2101060090)盐田港现代物流中心一期,0,NULL,中建一局集团华南建设有限公司,0001010000430025
814598,康达尔山海上园-劳务,0,NULL,中建一局集团华南建设有限公司,0001010000430025
813568,佛山金域滨江花园项目（二标段）施工总承包工程,0,NULL,中建一局集团华南建设有限公司,0001010000430025
92513,欧珀公司第二运营基地项目机电工程,0,11,中建一局集团华南建设有限公司,0001010000430025
54250,康达尔山海上园（二期）3、5栋工程,0,NULL,中建一局集团华南建设有限公司,0001010000430025
828228,康泰集团大厦施工总承包工程-劳务,0,NULL,中建一局集团华南建设有限公司,0001010000430025
25663,厦航新生产基地（一期）工程土建及机电总承包施工及总承包管理工程,0,NULL,中建一局集团华南建设有限公司,0001010000430025
15646,中粮凤凰里项目施工总承包工程项目,0,NULL,中建一局集团华南建设有限公司,0001010000430025
26367,光明凤凰余泥渣土受纳场整治工程,0,NULL,中建一局集团华南建设有限公司,0001010000430025
27446,富士锦园项目施工总承包工程,0,NULL,中建一局集团华南建设有限公司,0001010000430025
824863,深圳龙珠医院（二期）扩建项目,NULL,NULL,中建一局集团华南建设有限公司,0001010000430025
18913,长盛高尔夫庄园1期工程,0,NULL,中建一局集团华南建设有限公司,0001010000430025
10806,深圳湾科技生态园二三四区基坑土石方,0,NULL,中建一局集团华南建设有限公司,0001010000430025
817266,红坳村整村搬迁安置房工程代建总承包(EPC)项目-劳务,0,NULL,中建一局集团华南建设有限公司,0001010000430025
816702,智汇广场三期,0,NULL,中建一局集团华南建设有限公司,0001010000430025
813348,深圳龙珠医院项目总承包工程-劳务,NULL,NULL,中建一局集团华南建设有限公司,0001010000430025
813049,佛山金域滨江广场二期Ⅱ标段施工总承包工程,0,NULL,中建一局集团华南建设有限公司,0001010000430025
1014819,中建一局华南区域公司总部（云筑办公专区科技部）,2,4,中建一局集团华南建设有限公司,0001010000430025
997483,中建一局华南区域公司总部（云筑办公专区财务资金部）,2,4,中建一局集团华南建设有限公司,0001010000430025
27686,深圳市布吉河（特区内）水环境综合整治工程（第二阶段）第四标段,0,NULL,中建一局集团华南建设有限公司,0001010000430025
813419,佳兆业中央广场二期(03-05地块)项目,NULL,NULL,中建一局集团华南建设有限公司,0001010000430025
1047014,中建一局华南区域公司总部（云筑办公专区创新研发中心）,2,4,中建一局集团华南建设有限公司,0001010000430025
1014812,中建一局华南区域公司总部（云筑办公专区人力资源部）,2,4,中建一局集团华南建设有限公司,0001010000430025
989443,广州中远海运空运白云机场仓储项目,0,NULL,中建一局集团华南建设有限公司,0001010000430025
110371,华强北商圈党群服务中心建设改造工程、华强北街道政务服务大厅（信访大厅）建设改造工程,0,5,中建一局集团华南建设有限公司,0001010000430025
25374,康达尔山海上园项目,0,NULL,中建一局集团华南建设有限公司,0001010000430025
8864,深圳航空三机位机库,0,NULL,中建一局集团华南建设有限公司,0001010000430025
1624,黄冈中学惠州学校改扩建工程项目,0,NULL,中建一局集团华南建设有限公司,0001010000430025
1982,(2101060092)南海峰景湾,0,NULL,中建一局集团华南建设有限公司,0001010000430025
816656,佳兆业金沙湾国际酒店（一期）主体工程,0,NULL,中建一局集团华南建设有限公司,0001010000430025
1655,珠江国际金融中心项目基坑支护、桩基础工程,0,NULL,中建一局集团华南建设有限公司,0001010000430025
1979,(2101060071)惠州帝景湾三期住宅及酒店,0,NULL,中建一局集团华南建设有限公司,0001010000430025
813634,佳兆业东江新城十期主体工程,0,NULL,中建一局集团华南建设有限公司,0001010000430025
811933,深圳市城市轨道交通6号线6103标,0,NULL,中建一局集团华南建设有限公司,0001010000430025
1047250,中建一局华南区域公司总部（云筑办公专区投标中心）,2,4,中建一局集团华南建设有限公司,0001010000430025
1030177,荣和天筑7地块3、5号楼及地下室项目,0,4,中建一局集团华南建设有限公司,0001010000430025
1014825,中建一局华南区域公司总部（云筑办公专区融投资建造部）,2,4,中建一局集团华南建设有限公司,0001010000430025
1014824,中建一局华南区域公司总部（云筑办公专区党群品牌部）,2,4,中建一局集团华南建设有限公司,0001010000430025
1014811,中建一局华南区域公司总部（云筑办公专区基础设施事业部）,2,4,中建一局集团华南建设有限公司,0001010000430025
993594,广州市第五资源热力电厂垃圾运输专用道路扩建工程施工总承包,0,NULL,中建一局集团华南建设有限公司,0001010000430025
25665,江门纬丰商业广场二期工程,0,NULL,中建一局集团华南建设有限公司,0001010000430025
10646,南安市石井镇贤林大道道路工程,0,NULL,中建一局集团华南建设有限公司,0001010000430025
817069,景商领峰花园一期、二期、三期-劳务,0,NULL,中建一局集团华南建设有限公司,0001010000430025
813564,景德镇观溪郡小区城市棚户区改造安置房建设项目设计采购施工总承包工程（东郡）,0,NULL,中建一局集团华南建设有限公司,0001010000430025
1074704,中建一局西北公司（虚拟）,2,5,中国建筑一局（集团）有限公司西北分公司,0001010000430088
814667,中建北街花园项目-劳务,0,NULL,中国建筑一局（集团）有限公司西北分公司,0001010000430088
816574,咸阳高新区西里柏里村棚户区改造（高新·公园里）EPC总承包项目-劳务,NULL,NULL,中国建筑一局（集团）有限公司西北分公司,0001010000430088
814607,西安市浐灞第三小学建设项目-劳务,NULL,NULL,中国建筑一局（集团）有限公司西北分公司,0001010000430088
813555,西安市地下综合管廊建设PPP项目I标段-劳务,0,NULL,中国建筑一局（集团）有限公司西北分公司,0001010000430088
825834,西安体育中心外围提升改善道路PPP项目（一标段）C标,0,NULL,中国建筑一局（集团）有限公司西北分公司,0001010000430088
811360,陕西省西咸新区丝路经济带能源金融贸易区起步区一期,NULL,NULL,中国建筑一局（集团）有限公司西北分公司,0001010000430088
818555,渭南高新区北部棚户区改造实物安置小区项目-劳务,0,NULL,中国建筑一局（集团）有限公司西北分公司,0001010000430088
813042,西安市幸福林带建设工程PPP项目总承包工程,NULL,NULL,中国建筑一局（集团）有限公司西北分公司,0001010000430088
821069,西安市幸福林带建设工程PPP项目三工区第三项目部-劳务,NULL,NULL,中国建筑一局（集团）有限公司西北分公司,0001010000430088
811524,洛南县西北核桃交易中心项目,NULL,NULL,中国建筑一局（集团）有限公司西北分公司,0001010000430088
823602,西安国际美术博物馆项目一期（1-3、4）,0,NULL,中国建筑一局（集团）有限公司西北分公司,0001010000430088
821185,西安市幸福林带建设工程PPP项目三工区第二项目部-劳务,0,NULL,中国建筑一局（集团）有限公司西北分公司,0001010000430088
993941,雁塔区2020年第二批老旧小区改造项目EPC总承包,0,NULL,中国建筑一局（集团）有限公司西北分公司,0001010000430088
844951,西安市幸福林带建设工程PPP项目总承包工程-劳务,NULL,NULL,中国建筑一局（集团）有限公司西北分公司,0001010000430088
821496,兰州市第二中学雁滩分校项目施工（第一标段）-劳务,0,NULL,中国建筑一局（集团）有限公司西北分公司,0001010000430088
815598,省道212宝鸡市区过境公路金台段建设工程-劳务,0,NULL,中国建筑一局（集团）有限公司西北分公司,0001010000430088
812393,富平县温泉河综合治理二期工程,NULL,NULL,中国建筑一局（集团）有限公司西北分公司,0001010000430088
833513,富平县温泉河综合治理二期工程-劳务,NULL,NULL,中国建筑一局（集团）有限公司西北分公司,0001010000430088
828460,洛南县西北核桃交易中心项目-劳务,NULL,NULL,中国建筑一局（集团）有限公司西北分公司,0001010000430088
815872,红山路改扩建工程,NULL,NULL,中国建筑一局（集团）有限公司西北分公司,0001010000430088
814265,保安镇易地扶贫移民搬迁第五期工程一标段-劳务,NULL,NULL,中国建筑一局（集团）有限公司西北分公司,0001010000430088
814075,西安市浐灞第四小学建设项目-劳务,NULL,NULL,中国建筑一局（集团）有限公司西北分公司,0001010000430088
1090157,深圳龙岗区二次供水设施提标改造工程,0,4,中建一局集团建设发展有限公司华南分公司,00010100004300040016
1063309,东莞市先进阿秒激光设施,0,5,中建一局集团建设发展有限公司华南分公司,00010100004300040016
1061649,深圳云计算中心柴发机电,0,11,中建一局集团建设发展有限公司华南分公司,00010100004300040016
1044677,东莞OPPO滨海湾高级人才房机电,0,11,中建一局集团建设发展有限公司华南分公司,00010100004300040016
999509,深圳前海十单元3小镇,0,NULL,中建一局集团建设发展有限公司华南分公司,00010100004300040016
995554,海南中国石化自贸大厦,0,NULL,中建一局集团建设发展有限公司华南分公司,00010100004300040016
992623,珠海正威科创中心,0,5,中建一局集团建设发展有限公司华南分公司,00010100004300040016
83482,三亚海棠湾国际购物中心物流基地,0,NULL,中建一局集团建设发展有限公司华南分公司,00010100004300040016
57044,深圳石厦村综合管廊项目,0,NULL,中建一局集团建设发展有限公司华南分公司,00010100004300040016
1004259,广州市增城区房地产开发,0,2,中建一局集团建设发展有限公司华南分公司,00010100004300040016
1000582,深圳小米国际总部项目,0,NULL,中建一局集团建设发展有限公司华南分公司,00010100004300040016
995349,深圳礼鼎高端集成电路载板及先进封装基地,0,5,中建一局集团建设发展有限公司华南分公司,00010100004300040016
29098,三亚海棠湾河心岛项目,0,NULL,中建一局集团建设发展有限公司华南分公司,00010100004300040016
25836,广州金融街海珠区石岗路,0,NULL,中建一局集团建设发展有限公司华南分公司,00010100004300040016
1078176,深圳科学城体育中心EPCO机电,0,4,中建一局集团建设发展有限公司华南分公司,00010100004300040016
1065608,发展接口测试项目勿动test002,0,4,中建一局集团建设发展有限公司华南分公司,00010100004300040016
1064704,东莞骏鼎达功能性保护材料生产建设,0,5,中建一局集团建设发展有限公司华南分公司,00010100004300040016
93202,广州保利三元里,0,5,中建一局集团建设发展有限公司华南分公司,00010100004300040016
52188,上海黄金交易所深圳运营中心项目,0,NULL,中建一局集团建设发展有限公司华南分公司,00010100004300040016
4301,广州养老社区项目示范区工程,0,NULL,中建一局集团建设发展有限公司华南分公司,00010100004300040016
1084446,深圳机场B4货站,0,4,中建一局集团建设发展有限公司华南分公司,00010100004300040016
1066860,发展接口测试项目勿动test006,0,4,中建一局集团建设发展有限公司华南分公司,00010100004300040016
1065794,发展接口测试项目勿动test004,0,4,中建一局集团建设发展有限公司华南分公司,00010100004300040016
1047298,深圳市香港中文大学医学院,0,5,中建一局集团建设发展有限公司华南分公司,00010100004300040016
995081,东莞OPPO滨海湾数据中心机电,0,4,中建一局集团建设发展有限公司华南分公司,00010100004300040016
112653,广东阿里巴巴云计算数据中心河源源城区三期机电,0,NULL,中建一局集团建设发展有限公司华南分公司,00010100004300040016
91321,珠海华发广场,0,5,中建一局集团建设发展有限公司华南分公司,00010100004300040016
84246,深圳前湾信息枢纽中心,0,5,中建一局集团建设发展有限公司华南分公司,00010100004300040016
81416,深圳平安财险大厦,0,NULL,中建一局集团建设发展有限公司华南分公司,00010100004300040016
388,珠海醋酸纤维有限公司搬迁扩建,0,NULL,中建一局集团建设发展有限公司华南分公司,00010100004300040016
1081197,广东韶关联融粤港澳算力机电,0,4,中建一局集团建设发展有限公司华南分公司,00010100004300040016
1061314,深圳电子科技大学高等研究院,0,8,中建一局集团建设发展有限公司华南分公司,00010100004300040016
1019052,深圳中山大学附属七院二期工程,0,5,中建一局集团建设发展有限公司华南分公司,00010100004300040016
995161,深圳嘉里商务中心（三期）,0,5,中建一局集团建设发展有限公司华南分公司,00010100004300040016
993946,深圳南山中国电子科技园,0,5,中建一局集团建设发展有限公司华南分公司,00010100004300040016
83606,佛山建鑫乐家花园,0,NULL,中建一局集团建设发展有限公司华南分公司,00010100004300040016
75205,深圳技术大学建设项目（一期）,0,4,中建一局集团建设发展有限公司华南分公司,00010100004300040016
16154,贵阳万科劲嘉大都会商业综合体工程,0,NULL,中建一局集团建设发展有限公司华南分公司,00010100004300040016
11412,深圳金利通金融中心,0,NULL,中建一局集团建设发展有限公司华南分公司,00010100004300040016
81938,深圳首创商务大厦,0,5,中建一局集团建设发展有限公司华南分公司,00010100004300040016
1093510,东莞步步高学校游泳馆,0,5,中建一局集团建设发展有限公司华南分公司,00010100004300040016
1067944,东莞市大朗镇大井头工业区地块“工改工”改造项目（二区）,0,5,中建一局集团建设发展有限公司华南分公司,00010100004300040016
1067943,东莞市大朗镇大井头工业区地块“工改工”改造项目（一 区）,0,5,中建一局集团建设发展有限公司华南分公司,00010100004300040016
1051156,广东工商职业技术大学国际学术交流中心、音乐厅建设,0,5,中建一局集团建设发展有限公司华南分公司,00010100004300040016
1030471,深圳机场教育基地,0,5,中建一局集团建设发展有限公司华南分公司,00010100004300040016
1009219,深圳SZX-GF01字节跳动后海中心,0,5,中建一局集团建设发展有限公司华南分公司,00010100004300040016
112538,深圳嘉里商务中心（一期）,0,NULL,中建一局集团建设发展有限公司华南分公司,00010100004300040016
1098387,深圳前海华泰总部大楼机电,0,11,中建一局集团建设发展有限公司华南分公司,00010100004300040016
1097078,深圳T1航站楼拆除,0,4,中建一局集团建设发展有限公司华南分公司,00010100004300040016
1078177,深圳过沥路市政工程,0,4,中建一局集团建设发展有限公司华南分公司,00010100004300040016
1058872,深圳医学科学院及深圳湾实验室I标,0,5,中建一局集团建设发展有限公司华南分公司,00010100004300040016
1008561,深圳国深博物馆,0,5,中建一局集团建设发展有限公司华南分公司,00010100004300040016
108028,佛山市原干部家属区部分政府旧物业修缮改造,0,NULL,中建一局集团建设发展有限公司华南分公司,00010100004300040016
96879,深圳鹏鼎时代大厦机电,0,4,中建一局集团建设发展有限公司华南分公司,00010100004300040016
95208,湛江华发新城花园项目一期一标段施工总承包工程,0,5,中建一局集团建设发展有限公司华南分公司,00010100004300040016
89286,深圳大学西丽校区建设工程（二期）项目,0,2,中建一局集团建设发展有限公司华南分公司,00010100004300040016
94544,佛山市东亚项目西区EPC,0,NULL,中建一局集团建设发展有限公司华南分公司,00010100004300040016
36374,珠海臻林山庄,0,NULL,中建一局集团建设发展有限公司华南分公司,00010100004300040016
1096467,深圳龙岗河流域排水管网系统完善EPC,0,4,中建一局集团建设发展有限公司华南分公司,00010100004300040016
1022749,东莞小天才智能科技中心一期,0,NULL,中建一局集团建设发展有限公司华南分公司,00010100004300040016
994056,深圳联想创新科技园综合机电,0,NULL,中建一局集团建设发展有限公司华南分公司,00010100004300040016
111281,海口空港综合保税区监管设施项目,0,NULL,中建一局集团建设发展有限公司华南分公司,00010100004300040016
40796,绿城佛山禅城项目建安总承包工程,0,NULL,中建一局集团建设发展有限公司华南分公司,00010100004300040016
25137,佛山国际体育文化演艺中心,0,NULL,中建一局集团建设发展有限公司华南分公司,00010100004300040016
26695,深圳水木一方大厦,0,NULL,中建一局集团建设发展有限公司华南分公司,00010100004300040016
5323,广州金融街番禺市桥,0,NULL,中建一局集团建设发展有限公司华南分公司,00010100004300040016
1098989,深圳南湖31号,0,4,中建一局集团建设发展有限公司华南分公司,00010100004300040016
1059854,广州从化国际赛马发展中心,0,5,中建一局集团建设发展有限公司华南分公司,00010100004300040016
90684,深圳职业技术学院学生公寓拆建,0,NULL,中建一局集团建设发展有限公司华南分公司,00010100004300040016
2385,(2104100005)广州LG-Display-D工程,0,NULL,中建一局集团建设发展有限公司华南分公司,00010100004300040016
1090352,深圳A113-0080宗地项目地基与基础工程,0,5,中建一局集团建设发展有限公司华南分公司,00010100004300040016
1065798,发展接口测试项目勿动test005,0,4,中建一局集团建设发展有限公司华南分公司,00010100004300040016
1048166,深圳职业技术大学西丽校区修缮改造,0,5,中建一局集团建设发展有限公司华南分公司,00010100004300040016
1030802,深圳龙城街道龙飞学校新建工程（二期）,0,5,中建一局集团建设发展有限公司华南分公司,00010100004300040016
1019011,东莞小天才滨海湾,0,5,中建一局集团建设发展有限公司华南分公司,00010100004300040016
96048,深圳职业技术学院留仙洞校区,0,5,中建一局集团建设发展有限公司华南分公司,00010100004300040016
91255,江门华发四季,0,NULL,中建一局集团建设发展有限公司华南分公司,00010100004300040016
13394,佛山怡翠尊堤嘉园D2区,0,NULL,中建一局集团建设发展有限公司华南分公司,00010100004300040016
1061201,深圳深港智汇风华产业园项目一期工程II标段EPC,0,2,中建一局集团建设发展有限公司华南分公司,00010100004300040016
1050493,深圳市公安局刑事科学技术中心项目实验室工艺工程Ⅱ标段机电,0,11,中建一局集团建设发展有限公司华南分公司,00010100004300040016
1003982,深圳市吉华医院,0,5,中建一局集团建设发展有限公司华南分公司,00010100004300040016
4298,微软科通大厦,0,NULL,中建一局集团建设发展有限公司华南分公司,00010100004300040016
1084836,深圳抖音二期基坑,0,5,中建一局集团建设发展有限公司华南分公司,00010100004300040016
90503,东莞小天才生产中心,0,NULL,中建一局集团建设发展有限公司华南分公司,00010100004300040016
20865,广东惠州金融街巽寮湾海世界,0,NULL,中建一局集团建设发展有限公司华南分公司,00010100004300040016
1096900,深圳第四十高级中学EPC,1,4,中建一局集团建设发展有限公司华南分公司,00010100004300040016
1094577,深圳海洋大学一期实验室,0,4,中建一局集团建设发展有限公司华南分公司,00010100004300040016
1061377,广东河源江东CD楼及源城E楼最小化机电,0,11,中建一局集团建设发展有限公司华南分公司,00010100004300040016
91057,深圳光明区金融街项目,0,NULL,中建一局集团建设发展有限公司华南分公司,00010100004300040016
48562,广州LG Display GP3 项目,0,NULL,中建一局集团建设发展有限公司华南分公司,00010100004300040016
45102,广州黄石路白云汇广场影城,0,NULL,中建一局集团建设发展有限公司华南分公司,00010100004300040016
1083268,深圳市人才研修院配电设施建设,0,5,中建一局集团建设发展有限公司华南分公司,00010100004300040016
1006758,深圳前海深港青年梦工场北区(二期),0,5,中建一局集团建设发展有限公司华南分公司,00010100004300040016
2376,(2104100004)三亚海棠湾君悦酒店工程,0,NULL,中建一局集团建设发展有限公司华南分公司,00010100004300040016
1065787,发展接口测试项目勿动test003,0,4,中建一局集团建设发展有限公司华南分公司,00010100004300040016
1044064,深圳市药品检验研究院光明分院建设,0,5,中建一局集团建设发展有限公司华南分公司,00010100004300040016
1022376,深圳市坪地北地块场平工程,0,5,中建一局集团建设发展有限公司华南分公司,00010100004300040016
996245,深圳香港中文大学二期II标,0,5,中建一局集团建设发展有限公司华南分公司,00010100004300040016
104886,深圳职业技术学院北校区,0,5,中建一局集团建设发展有限公司华南分公司,00010100004300040016
90711,深圳嘉里商务中心,0,5,中建一局集团建设发展有限公司华南分公司,00010100004300040016
45855,深圳柔宇国际柔性显示产业园机电,0,NULL,中建一局集团建设发展有限公司华南分公司,00010100004300040016
14362,海口塔,0,NULL,中建一局集团建设发展有限公司华南分公司,00010100004300040016
1009679,深圳新皇岗口岸综合业务楼,0,5,中建一局集团建设发展有限公司华南分公司,00010100004300040016
995330,深圳市创新创业无障碍服务中心,0,5,中建一局集团建设发展有限公司华南分公司,00010100004300040016
91897,佛山顺德光正实验学校,0,NULL,中建一局集团建设发展有限公司华南分公司,00010100004300040016
45663,机场开发区西区四期A116-0009地块施工总承包工程,0,NULL,中建一局集团建设发展有限公司华南分公司,00010100004300040016
20394,深圳达实大厦改扩建,0,NULL,中建一局集团建设发展有限公司华南分公司,00010100004300040016
1094958,廊坊综合保税区进出口贸易产业园基础设施提升改造项目EPC工程总承包项目,0,2,一局华江公司直营项目,00010100004300070020
1072765,第三批央企在京老旧小区综合整治项目（标包一百五十一）（海淀区甘家口街道）,0,5,一局华江公司直营项目,00010100004300070020
1057506,北京中关村综合保税区HD00-0301-0046地块项目(0046-1#研发楼(含4#战时主要出入口)等13项）（西区）,0,5,一局华江公司直营项目,00010100004300070020
991580,北京城市副中心站综合交通枢纽工程03标段（二分部）,1,5,一局华江公司直营项目,00010100004300070020
1073540,北京市朝阳区三里屯北街81号改造项目总承包工程,0,5,一局华江公司直营项目,00010100004300070020
1021301,徐州高新技术产业开发区鸿硕建设管理有限公司光伏电池研发基地基础设施项目（二期）,0,5,一局华江公司直营项目,00010100004300070020
1017679,中国星网网络系统研究院有限公司库尔勒地面站试验试用系 统天线基础建设项目,0,5,一局华江公司直营项目,00010100004300070020
1017140,梁溪河综合整治提升工程,0,2,一局华江公司直营项目,00010100004300070020
998592,锡沂高新区秀水苑项目（EPC)工程,0,2,一局华江公司直营项目,00010100004300070020
992563,珠海供电局220千伏大港变电站巡维中心技术业务用房项目,0,5,一局华江公司直营项目,00010100004300070020
89056,益海嘉里（茂名）粮油工业有限公司粮油加工项目,0,2,一局华江公司直营项目,00010100004300070020
11972,炼化生产应急配套设施项目,0,4,一局华江公司直营项目,00010100004300070020
1075825,翠湖D22地块养老和残疾人托养中心项目,0,5,一局华江公司直营项目,00010100004300070020
1049872,京东方第8.6代AMOLED生产线项目（工业用房及配套设施项目2312-510109-04-01-753734）,0,5,一局华江公司直营项目,00010100004300070020
1023708,世园村F地块住宅项目,0,4,一局华江公司直营项目,00010100004300070020
1002643,西白莲峪村民宿改造项目（B04号院、B05号院及配套景观工程）标段项目,0,5,一局华江公司直营项目,00010100004300070020
992490,潦河南岸污水管网及其配套工程EPC总承包,0,2,一局华江公司直营项目,00010100004300070020
98379,青岛永成国际物流有限公司上合电商冷链项目施工,0,5,一局华江公司直营项目,00010100004300070020
44192,阿里巴巴张北云计算数据中心二期中都草原项目,0,4,一局华江公司直营项目,00010100004300070020
1945,白盆窑E座商业楼装修工程项目部,0,5,一局华江公司直营项目,00010100004300070020
1019376,延庆冬奥村超低能耗增加空气源热泵系统及空气检测设备安装工程,0,5,一局华江公司直营项目,00010100004300070020
1002642,西白莲峪村民宿改造项目（B01-B02号院及旅游接待中心）标段项目,0,5,一局华江公司直营项目,00010100004300070020
992601,怀柔科学城创新小镇众创街区提升项目,0,5,一局华江公司直营项目,00010100004300070020
75246,绵阳京东方第6代AMOLED（柔性）生产线项目总包（B标段）配套工程,0,NULL,一局华江公司直营项目,00010100004300070020
1072420,第三批央企在京老旧小区综合整治项目（标包一百五十）（西城区真武庙街道,0,5,一局华江公司直营项目,00010100004300070020
1044291,北京商务中心区（CBD）核心区Z5地块项目（塔楼（办公）等2项）,0,5,一局华江公司直营项目,00010100004300070020
1019037,中国星网网络系统研究院有限公司澄迈地面站试验试用系统天线基础建设项目,0,5,一局华江公司直营项目,00010100004300070020
815389,绵阳京东方第6代AMOLED（柔性）生产线（总包工程B标段）-劳务,NULL,NULL,一局华江公司直营项目,00010100004300070020
1086020,国家危险废物环境风险防控技术中心建设项目,0,5,一局华江公司直营项目,00010100004300070020
100452,09-1#住宅楼等 10 项、10-1#社区综合 服务设施等 2 项、11-1#幼儿园、12-1# 托老所（怀柔新城 04 街区土地一级开 发安置房项目）,0,5,一局华江公司直营项目,00010100004300070020
80555,中国摩（重庆）项目三期、四期（娱乐综合体项目）总承包项目,0,5,一局华江公司直营项目,00010100004300070020
1025139,江苏铜山经济开发区国有资产经营有限公司装备产业园标准化厂房及附属设施建设项目,0,2,一局华江公司直营项目,00010100004300070020
1003875,潞村世界乡村旅游小镇综合展示中心项目,0,2,一局华江公司直营项目,00010100004300070020
96735,乐山市殡仪馆迁建及市人民公墓异地扩建项目,0,5,一局华江公司直营项目,00010100004300070020
78861,南昌经开区中心城区市政基础设施项目建设工程勘察、设计、施工一体化,0,4,一局华江公司直营项目,00010100004300070020
1080216,首都师范大学海淀校区学生公寓翻建工程（1#宿舍楼等4项）,0,5,一局华江公司直营项目,00010100004300070020
1072764,第三批央企在京老旧小区综合整治项目（标包一百五十二）（丰台区玉泉营街道、右安门街道）,0,5,一局华江公司直营项目,00010100004300070020
1066384,鼓楼雨污分流达标区建设工程施工二标段,0,5,一局华江公司直营项目,00010100004300070020
1005991,发现和药学研究及申报平台实验室扩建项目,0,5,一局华江公司直营项目,00010100004300070020
1005990,车公庄大街3号项目（1#楼、2#楼、3#楼及地下车库）（1#楼等4项）,0,5,一局华江公司直营项目,00010100004300070020
992737,安义县人民法院审判法庭建设工程EPC总承包,0,5,一局华江公司直营项目,00010100004300070020
83664,益海嘉里（霸州）食品工业有限公司年初加工100万吨小麦制粉项目,0,5,一局华江公司直营项目,00010100004300070020
1096224,怀柔新城样瑞路东延(兴盛路-龙云路)道路工程(二次),0,5,一局华江公司直营项目,00010100004300070020
1069227,北京市延庆区YQ00-0300-0051地块（世园村D地块）住宅项目（1#住宅楼等23项）,0,5,一局华江公司直营项目,00010100004300070020
1065320,翠湖D21地块社区托老所项目（社区托老所等4项）,0,5,一局华江公司直营项目,00010100004300070020
1053190,中国矿产资源集团有限公司雄安总部项目土护降工程施工,0,5,一局华江公司直营项目,00010100004300070020
992556,珠海供电局检修中心（C级）技术业务用房项目,0,5,一局华江公司直营项目,00010100004300070020
91281,渔沟镇农村综合整治提升工程EPC总承包,0,2,一局华江公司直营项目,00010100004300070020
83916,石景山区古城集体租赁住房项目,0,4,一局华江公司直营项目,00010100004300070020
83749,延庆冬奥村及延庆山地新闻中心项目二标段,1,3,一局华江公司直营项目,00010100004300070020
24373,第10.5代薄膜晶体管液晶显示器件（TFT-LCD)项目综合配套区,0,5,一局华江公司直营项目,00010100004300070020
1057507,北京中关村综合保税区HD00-0301-0046地块项目(0046-1#研发楼(含4#战时主要出入口)等13项）（东区）,0,5,一局华江公司直营项目,00010100004300070020
1051800,公共组团北区泳池改造工程、冬奥村室外汤泉工程,0,11,一局华江公司直营项目,00010100004300070020
1044292,培训中心室内装修工程（1幢等2项）,0,5,一局华江公司直营项目,00010100004300070020
1021302,徐州市鼓楼区 2022 年度污水处理提质增效项目达标区（320302-27-03、320302-30-04）雨污分流改造工程（EPC）项目,0,2,一局华江公司直营项目,00010100004300070020
110324,徐州市鼓楼区社会福利中心装修装饰项目设计施工工程总承包,0,5,一局华江公司直营项目,00010100004300070020
108369,益海嘉里（霸州）食品工业有限公司 年初加工 100 万吨小麦制粉项目 -倒班楼,0,5,一局华江公司直营项目,00010100004300070020
92597,2018年度高新区重点市政配套设施建设项目（二标段）项目I路段（天谷一路）,1,2,一局华江公司直营项目,00010100004300070020
1065449,车公庄大街3号项目(4#楼)(4#楼),0,5,一局华江公司直营项目,00010100004300070020
1018219,延庆奥林匹克园区停车场、雪车雪橇中心赛后运营提升改造及防排洪临时设施工程,0,5,一局华江公司直营项目,00010100004300070020
1016834,大同经开区毛纺织加工改造升级基地及配套设施项目工程-同浑路至第一医药园区道路建设子项目施工第一标段,0,5,一局华江公司直营项目,00010100004300070020
1007012,北京广西大厦室内外装修工程-室内拆除工程,0,4,一局华江公司直营项目,00010100004300070020
96553,京东方重庆第 6 代 AMOLED（柔性）生 产线项目总包工程 B 标段,0,NULL,一局华江公司直营项目,00010100004300070020
79060,新港船厂住宅项目,0,NULL,一局华江公司直营项目,00010100004300070020
982,太原迎泽桥西项目,0,5,一局华江公司直营项目,00010100004300070020
1075824,首都师范大学海淀校区学生公寓翻建项目1-8号楼拆除工程,0,5,一局华江公司直营项目,00010100004300070020
1005753,万象汇购物中心（北区）,0,5,一局华江公司直营项目,00010100004300070020
997534,一局华江物资部,0,11,一局华江公司直营项目,00010100004300070020
89476,孙河乡前苇沟组团棚户区改造土地开发项目-回迁安置房项目二标段,0,5,一局华江公司直营项目,00010100004300070020
45676,新余市环城路改建工程A1标段,0,5,一局华江公司直营项目,00010100004300070020
1946,（210801C053）中云丽景城工程,0,5,一局华江公司直营项目,00010100004300070020
1101637,朝阳区商务中心区（CBD）核心区Z9地块项目,0,5,一局华江公司直营项目,00010100004300070020
1002639,蒂森克虏伯罗特艾德（徐州）环锻有限公司年产15 万吨大兆瓦风机用无缝环锻件项目(XREM4),0,5,一局华江公司直营项目,00010100004300070020
992135,横琴至和国际生命科学中心-桩基础工程,0,5,一局华江公司直营项目,00010100004300070020
100584,21-1#住宅楼等 21 项（怀柔新城 04 街区改造项目四区（安置房集中建设区）项目）,0,5,一局华江公司直营项目,00010100004300070020
84728,北京雁栖湖生态发展示范区环境整治定向安置房项目二期三标段,0,4,一局华江公司直营项目,00010100004300070020
1061437,新余市环城路水毁专项治理工程,0,5,一局华江公司直营项目,00010100004300070020
1017501,美迪西北上海生物医药研发创新产业基地项目总承包工程,0,4,一局华江公司直营项目,00010100004300070020
108278,厂区环境技改工程-泰安作坊技改工 程-泰安作坊博物馆工程土建施工工 程,0,5,一局华江公司直营项目,00010100004300070020
997533,一局华江办公室,0,5,一局华江公司直营项目,00010100004300070020
996812,奶西溪地公园建设工程,0,2,一局华江公司直营项目,00010100004300070020
995877,容东综合运动馆项目,0,5,一局华江公司直营项目,00010100004300070020
995214,乐清市盐盆山清和公园一体化建设工程-乐清欢乐公园设计-采购-施工（EPC）总承包,0,2,一局华江公司直营项目,00010100004300070020
107631,天津农药股份有限公司地块污染土壤及地下水修复项目-化学氧化工艺设备租赁及运行二期项目,1,NULL,一局华江公司直营项目,00010100004300070020
89057,益海嘉里（茂名）食品工业有限公司 食品加工项目,0,5,一局华江公司直营项目,00010100004300070020
77666,石景山区北辛安棚户区改造B区土地开发项目回迁安置房680/681/684地块,0,4,一局华江公司直营项目,00010100004300070020
78871,京秦高速公路遵秦段三分部,0,3,一局华江公司直营项目,00010100004300070020
28437,中建一局华江公司通州口岸（YZ00-0606-0019地块）项目（一标段）,0,5,一局华江公司直营项目,00010100004300070020
814514,通州区物流基地YZ00-0606-0019地块,NULL,NULL,一局华江公司直营项目,00010100004300070020
1031472,孝丰镇旧城改造及人居环境提升之新建曙光桥（曙光路）工程,0,5,一局华江公司直营项目,00010100004300070020
1017678,中国星网网络系统研究院有限公司佳木斯地面站试验试用系 统天线基础建设项目,0,5,一局华江公司直营项目,00010100004300070020
1012361,中国卫星网络集团有限公司雄安新区总部大楼建设项目,0,4,一局华江公司直营项目,00010100004300070020
1101940,深圳外环高速公路白花互通配套场地平整工程施工,0,5,中国建筑一局（集团）有限公司华南公司深圳分公司,000101000043002599de
1070490,深圳国际美术馆（暂定名）项目（土建部分）—室内装饰装修工程二标段,0,4,中国建筑一局（集团）有限公司华南公司深圳分公司,000101000043002599de
1031380,狮山片区楼辉路等九个项目,0,4,中国建筑一局（集团）有限公司华南公司深圳分公司,000101000043002599de
98939,惠州佳兆业东江熙园二期项目,0,5,中国建筑一局（集团）有限公司华南公司深圳分公司,000101000043002599de
98937,惠州佳兆业东江熙园一期项目,0,5,中国建筑一局（集团）有限公司华南公司深圳分公司,000101000043002599de
55636,东江新城项目十期主体工程,0,5,中国建筑一局（集团）有限公司华南公司深圳分公司,000101000043002599de
1054330,万乘储运大厦改造工程项目主体施工总承包,0,4,中国建筑一局（集团）有限公司华南公司深圳分公司,000101000043002599de
1008656,深铁瑞城（三期）施工总承包工程1标,0,5,中国建筑一局（集团）有限公司华南公司深圳分公司,000101000043002599de
1021659,光明科学城重大科研项目过渡场地建设工程施工总承包,0,5,中国建筑一局（集团）有限公司华南公司深圳分公司,000101000043002599de
97675,东莞市城南誉府项目总承包工程,0,5,中国建筑一局（集团）有限公司华南公司深圳分公司,000101000043002599de
98812,欧加大厦项目,0,NULL,中国建筑一局（集团）有限公司华南公司深圳分公司,000101000043002599de
83081,红坳村整村搬迁安置房工程,0,5,中国建筑一局（集团）有限公司华南公司深圳分公司,000101000043002599de
1054023,长春北路（振兴路-龙大路）市政工程Ⅱ标段,0,4,中国建筑一局（集团）有限公司华南公司深圳分公司,000101000043002599de
1022094,大运枢纽物业开发项目北地块施工总承包工程,0,5,中国建筑一局（集团）有限公司华南公司深圳分公司,000101000043002599de
101217,坪山区沙壆学校项目勘察设计施工总承包,0,5,中国建筑一局（集团）有限公司华南公司深圳分公司,000101000043002599de
56775,东江新城十期 预应力管桩基础工程,0,11,中国建筑一局（集团）有限公司华南公司深圳分公司,000101000043002599de
823158,微众银行大厦主体工程,0,NULL,中国建筑一局（集团）有限公司华南公司深圳分公司,000101000043002599de
1000835,深圳枫叶旗舰学校建设项目施工总承包及基坑支护工程,0,5,中国建筑一局（集团）有限公司华南公司深圳分公司,000101000043002599de
996471,鹿江沥LJL-47-19地块二期项目(暂定名）主体工程,0,5,中国建筑一局（集团）有限公司华南公司深圳分公司,000101000043002599de
16080,珑湖湾东岸花园项目三期总承包工程,0,NULL,中国建筑一局（集团）有限公司华南公司深圳分公司,000101000043002599de
25684,东江新城五期,0,4,中国建筑一局（集团）有限公司华南公司深圳分公司,000101000043002599de
1056659,深铁熙府项目配套工程,0,4,中国建筑一局（集团）有限公司华南公司深圳分公司,000101000043002599de
1030067,深圳国际美术馆（暂定名）项目施工总承包,0,5,中国建筑一局（集团）有限公司华南公司深圳分公司,000101000043002599de
1027131,深圳微棠第一批城中村装修改造项目施工总承包一标段,0,NULL,中国建筑一局（集团）有限公司华南公司深圳分公司,000101000043002599de
1002152,深圳万科深湾汇云中心项目四期改造施工工程,0,NULL,中国建筑一局（集团）有限公司华南公司深圳分公司,000101000043002599de
1094450,中建智地京东公司行政用车采购,2,4,北京兴鑫房地产开发有限公司,00010100004399ce999c999f
996470,鹿江沥LJL-47-19地块一期项目(暂定名）主体工程,0,5,中国建筑一局（集团）有限公司华南公司深圳分公司,000101000043002599de
95929,微众银行大厦施工总承包工程,0,NULL,中国建筑一局（集团）有限公司华南公司深圳分公司,000101000043002599de
1069284,马田街道薯田埔片区配套道路工程Ⅰ标施工,0,4,中国建筑一局（集团）有限公司华南公司深圳分公司,000101000043002599de
1053875,光明灭菌产业基地项目场地平整工程施工,0,4,中国建筑一局（集团）有限公司华南公司深圳分公司,000101000043002599de
1043058,消防训练基地及周边配套道路场地平整工程施工,0,4,中国建筑一局（集团）有限公司华南公司深圳分公司,000101000043002599de
993969,中山万科中央公园二期,0,5,中国建筑一局（集团）有限公司华南公司深圳分公司,000101000043002599de
90722,中兴通讯总部大厦项目施工总承包工程,0,4,中国建筑一局（集团）有限公司华南公司深圳分公司,000101000043002599de
17066,惠州中洲·央筑花园项目D组团工程,0,NULL,中国建筑一局（集团）有限公司华南公司深圳分公司,000101000043002599de
1084016,明湖智谷重点产业片区配套公共服务设施设计、采购、施工总承包、场馆运营（EPCO）,0,5,中国建筑一局（集团）有限公司华南公司深圳分公司,000101000043002599de
1066236,龙腾工业区(二期)城市更新单元二期 02-01 地块精装修样板房工程,0,4,中国建筑一局（集团）有限公司华南公司深圳分公司,000101000043002599de
62678,深圳龙珠医院项目总承包工程,0,5,中国建筑一局（集团）有限公司华南公司深圳分公司,000101000043002599de
13990,深圳地铁红树湾物业开发项目,0,NULL,中国建筑一局（集团）有限公司华南公司深圳分公司,000101000043002599de
1019057,中软国际云总部基地项目桩基、基坑支护及土石方工程,0,NULL,中国建筑一局（集团）有限公司华南公司深圳分公司,000101000043002599de
1096783,深圳机场环境适应性改造项目施工总承包等两个项目批量招标,0,5,中国建筑一局（集团）有限公司华南公司深圳分公司,000101000043002599de
1072421,李松蓢社区配套道路工程等2个工程施工,0,5,中国建筑一局（集团）有限公司华南公司深圳分公司,000101000043002599de
1064371,通州湾临港污水处理厂工程,0,5,中国建筑一局（集团）有限公司华南公司深圳分公司,000101000043002599de
999308,鹏峰大厦项目基坑支护、土石方与桩基础工程,0,NULL,中国建筑一局（集团）有限公司华南公司深圳分公司,000101000043002599de
1004627,光明区田寮中学（暂定名）建设工程,0,4,中国建筑一局（集团）有限公司华南公司深圳分公司,000101000043002599de
1004044,自贸时代中心项目施工总承包工程,0,4,中国建筑一局（集团）有限公司华南公司深圳分公司,000101000043002599de
992372,鹿江沥LJL-47-20地块、LJL-47-21地块一二期项目(暂定名）主体工程,0,5,中国建筑一局（集团）有限公司华南公司深圳分公司,000101000043002599de
107993,合正龙腾项目一、二期总包工程施工,0,5,中国建筑一局（集团）有限公司华南公司深圳分公司,000101000043002599de
98331,佛山卓越万科朗润园项目B地块施工总承包工程,0,5,中国建筑一局（集团）有限公司华南公司深圳分公司,000101000043002599de
98351,佛山卓越万科朗润园项目C地块幼儿园及D地块施工总承包工程,0,5,中国建筑一局（集团）有限公司华南公司深圳分公司,000101000043002599de
1052140,科学城大科学装置集群中试转化基地项目主体施工总承包,0,4,中国建筑一局（集团）有限公司华南公司深圳分公司,000101000043002599de
1041622,TCL华星配套产业园区基础设施建设项目一期施工总承包一标段,0,4,中国建筑一局（集团）有限公司华南公司深圳分公司,000101000043002599de
1027889,合水口人才房学校建设工程,0,5,中国建筑一局（集团）有限公司华南公司深圳分公司,000101000043002599de
1009192,西方美术馆（暂定名）项目基坑支护及土石方、桩基工程,0,5,中国建筑一局（集团）有限公司华南公司深圳分公司,000101000043002599de
994808,前海时代项目7-2号地块土石方、基坑支护及桩基础工程,0,NULL,中国建筑一局（集团）有限公司华南公司深圳分公司,000101000043002599de
96994,中国电子深圳湾总部基地建设施工总承包,0,2,中国建筑一局（集团）有限公司华南公司深圳分公司,000101000043002599de
55615,东江新城项目七期主体工程,0,5,中国建筑一局（集团）有限公司华南公司深圳分公司,000101000043002599de
1010462,光明区公共卫生服务中心主体工程,0,5,中国建筑一局（集团）有限公司华南公司深圳分公司,000101000043002599de
992835,光明区凤凰牛场周边地块拆迁安置房建设项目勘察设计施工总承包工程,0,5,中国建筑一局（集团）有限公司华南公司深圳分公司,000101000043002599de
992778,康泰生物腺病毒载体新冠疫苗配套土建及钢结构工程,0,NULL,中国建筑一局（集团）有限公司华南公司深圳分公司,000101000043002599de
89811,深圳工商银行大厦施工总承包工程,0,NULL,中国建筑一局（集团）有限公司华南公司深圳分公司,000101000043002599de
817540,中兴通讯总部大厦桩基础及主体工程,0,4,中国建筑一局（集团）有限公司华南公司深圳分公司,000101000043002599de
1045157,虹桥公园(二期)工程II标段施工总承包清水混凝土工程项目,0,4,中国建筑一局（集团）有限公司华南公司深圳分公司,000101000043002599de
1023620,合正方州瀚府（02-01地块）项目总承包工程,0,5,中国建筑一局（集团）有限公司华南公司深圳分公司,000101000043002599de
1020105,海洋新城健康驿站一期工程施工总承包,0,5,中国建筑一局（集团）有限公司华南公司深圳分公司,000101000043002599de
1006434,科学公园站北侧综合体项目A650-0375宗地（九樾广场项目）B地块施工总承包工程,0,4,中国建筑一局（集团）有限公司华南公司深圳分公司,000101000043002599de
1004813,前海时代项目7-2号地块开工土方清表工程,0,NULL,中国建筑一局（集团）有限公司华南公司深圳分公司,000101000043002599de
991901,深铁瑞城盖上施工总承包项目,0,5,中国建筑一局（集团）有限公司华南公司深圳分公司,000101000043002599de
109835,康泰集团大厦施工总承包工程,0,NULL,中国建筑一局（集团）有限公司华南公司深圳分公司,000101000043002599de
56795,深汕特别合作区开元小区建设工程,0,5,中国建筑一局（集团）有限公司华南公司深圳分公司,000101000043002599de
10153,东江新城三期二标段,0,5,中国建筑一局（集团）有限公司华南公司深圳分公司,000101000043002599de
1087751,光明区妇幼保健院(原光明区中心医院续建(二期))工程项目室外及配套工程,0,5,中国建筑一局（集团）有限公司华南公司深圳分公司,000101000043002599de
1045200,光明区楼村第二学校（暂定名）建设工程,0,4,中国建筑一局（集团）有限公司华南公司深圳分公司,000101000043002599de
1030069,科学城体育中心项目设计优化、采购、 施工总承包、场馆运营（EPCO）,0,5,中国建筑一局（集团）有限公司华南公司深圳分公司,000101000043002599de
1030068,光明区马田学校改扩建工程,0,5,中国建筑一局（集团）有限公司华南公司深圳分公司,000101000043002599de
1021839,深铁璟城（二期）施工总承包工程二标段,0,NULL,中国建筑一局（集团）有限公司华南公司深圳分公司,000101000043002599de
1020596,云智能总部大厦主体工程,0,5,中国建筑一局（集团）有限公司华南公司深圳分公司,000101000043002599de
110644,前海T102-0317地块项目基坑支护、土石方及桩基工程,0,NULL,中国建筑一局（集团）有限公司华南公司深圳分公司,000101000043002599de
15056,惠州中州项目,0,NULL,中国建筑一局（集团）有限公司华南公司深圳分公司,000101000043002599de
1086268,济南市市中区中博领创时代中西医结合诊所精装修工程项目,0,11,中建一局集团总承包建设有限公司山东分公司,000101000043003999cg
1026628,平谷区兴谷新消费综合体项目,0,5,中建一局集团总承包建设有限公司山东分公司,000101000043003999cg
1024784,鱼台县医养中心（康养项目）建设项目EPC（三次）,0,5,中建一局集团总承包建设有限公司山东分公司,000101000043003999cg
1009244,淄博高新区独角兽生态岛等四项工程（基础设施）,0,5,中建一局集团总承包建设有限公司山东分公司,000101000043003999cg
1086271,济南市市中区长春里教堂维修工程项目,0,11,中建一局集团总承包建设有限公司山东分公司,000101000043003999cg
1052896,兴隆E4地块建设项目工程总承包,0,5,中建一局集团总承包建设有限公司山东分公司,000101000043003999cg
1015524,兖州区少陵公园提升、示范道路 及口袋绿地EPC项目,0,2,中建一局集团总承包建设有限公司山东分公司,000101000043003999cg
89653,济宁高新区前苏村、后苏村城中村棚户区改造（F+EPC）总承包,0,NULL,中建一局集团总承包建设有限公司山东分公司,000101000043003999cg
81648,济宁市看守所、拘留所迁建项目,0,4,中建一局集团总承包建设有限公司山东分公司,000101000043003999cg
16644,漳河新区2015年市政道路项目（一期）工程（二工区）,0,3,中建一局集团总承包建设有限公司山东分公司,000101000043003999cg
1070469,微山县驩城镇袁堂村避险安置（EPC）建设项目,0,2,中建一局集团总承包建设有限公司山东分公司,000101000043003999cg
1031177,张店区公园片区老旧小区改造项目,0,5,中建一局集团总承包建设有限公司山东分公司,000101000043003999cg
1021857,淄博火车站北广场洪沟保安片区城市更新项目标段二,0,5,中建一局集团总承包建设有限公司山东分公司,000101000043003999cg
1019831,济宁高新区乡村振兴产业园项目总承包（EPC） （三标段）,0,5,中建一局集团总承包建设有限公司山东分公司,000101000043003999cg
1077160,玉环经济开发区风屿山综合开发项目,0,5,中建一局集团总承包建设有限公司山东分公司,000101000043003999cg
1028960,北国汇新城公共区域装饰装修及二次机电工程总承包项目,0,5,中建一局集团总承包建设有限公司山东分公司,000101000043003999cg
1020244,济宁高新区乡村振兴产业园项目总承包（EPC）（一标段）,0,5,中建一局集团总承包建设有限公司山东分公司,000101000043003999cg
6602,陕西学前师范学院单位职工住房3#楼工程,0,5,中建一局集团总承包建设有限公司山东分公司,000101000043003999cg
1042833,济南市市中区岳而城中村改造经营性地块 X-1幼儿园、地块X-2小学建设项目,0,5,中建一局集团总承包建设有限公司山东分公司,000101000043003999cg
1020245,济宁高新区乡村振兴产业园项目总承包（EPC）（二标段）,0,5,中建一局集团总承包建设有限公司山东分公司,000101000043003999cg
1011249,浪潮科技园三期项目,0,5,中建一局集团总承包建设有限公司山东分公司,000101000043003999cg
91486,济宁江北现代粮食物流园项目（施工）,0,4,中建一局集团总承包建设有限公司山东分公司,000101000043003999cg
93052,科创大厦,0,5,中建一局集团总承包建设有限公司山东分公司,000101000043003999cg
27227,欢乐海温泉度假酒店,0,5,中建一局集团总承包建设有限公司山东分公司,000101000043003999cg
1019578,济宁港航发展集团权属港口基础设施配套提升项目-龙拱港仓储、环保提升工程EPC总承包,0,5,中建一局集团总承包建设有限公司山东分公司,000101000043003999cg
1064638,山东大学齐鲁医院病房改造建设及能力提升项目二标段,0,5,中建一局集团总承包建设有限公司山东分公司,000101000043003999cg
1063865,中国人民大学附属中学园博园校区建设项目,0,5,中建一局集团总承包建设有限公司山东分公司,000101000043003999cg
1039672,抖音新文化产业园建设项目工程总承包(EPC),0,2,中建一局集团总承包建设有限公司山东分公司,000101000043003999cg
1039644,房山区南部山区沟道水毁修复工程,0,5,中建一局集团总承包建设有限公司山东分公司,000101000043003999cg
1022771,微山县高新技术产业升级及配套设施二期EPC建设项目（科研综合楼及厂房部分）,0,2,中建一局集团总承包建设有限公司山东分公司,000101000043003999cg
36490,烟台骅达农产品冷链物流批发市场项目,0,5,中建一局集团总承包建设有限公司山东分公司,000101000043003999cg
1086267,党家智慧城一期商业B-1地块建设项目体育盒子精装修及设施设备采购安装工程项目,0,11,中建一局集团总承包建设有限公司山东分公司,000101000043003999cg
1070506,中博谦崇云境建设项目精装修工程,0,4,中建一局集团总承包建设有限公司山东分公司,000101000043003999cg
1039674,太白楼东路医药片区改造工程,0,5,中建一局集团总承包建设有限公司山东分公司,000101000043003999cg
102483,山东警察学院信息图书综合楼建设项目,0,4,中建一局集团总承包建设有限公司山东分公司,000101000043003999cg
6222,连云港路66号青岛国际航运中心项目施工,0,5,中建一局集团总承包建设有限公司山东分公司,000101000043003999cg
9469,青岛国际航运中心-1,0,5,中建一局集团总承包建设有限公司山东分公司,000101000043003999cg
1031579,西苑操场108号装修改造项目,0,2,中建一局集团总承包建设有限公司山东分公司,000101000043003999cg
1029743,山东公路技师学院新校建设项目城市轨道交通工程实训中心施工总承包,0,5,中建一局集团总承包建设有限公司山东分公司,000101000043003999cg
1024634,算谷浪潮科技园项目（一标段）,0,5,中建一局集团总承包建设有限公司山东分公司,000101000043003999cg
996388,济宁高新区国际人才港（公寓）项目EPC总承包,0,5,中建一局集团总承包建设有限公司山东分公司,000101000043003999cg
1057106,海淀区2024年老旧小区综合整治项目（清河街道）,0,5,中建一局集团总承包建设有限公司山东分公司,000101000043003999cg
1054364,济南幼儿师范高等专科学校扩建项目（一标段）,0,5,中建一局集团总承包建设有限公司山东分公司,000101000043003999cg
1021794,中博谦崇云境建设项目,0,5,中建一局集团总承包建设有限公司山东分公司,000101000043003999cg
1061479,丰台区园博园配套幼儿园建设项目,0,5,中建一局集团总承包建设有限公司山东分公司,000101000043003999cg
1051939,平谷区兴谷城市公园建设工程,0,5,中建一局集团总承包建设有限公司山东分公司,000101000043003999cg
1043319,山东中烟雪茄烟研发实验室装修改造,0,5,中建一局集团总承包建设有限公司山东分公司,000101000043003999cg
1023459,平谷区兴谷新消费综合体项目土护降工程,0,5,中建一局集团总承包建设有限公司山东分公司,000101000043003999cg
1061110,西北旺镇冷泉村住宅腾退项目拆除工程（第一包）,0,5,中建一局集团总承包建设有限公司山东分公司,000101000043003999cg
1015516,任城区 Rrx_21006 钢材市场 A 地块商 住项目和中垠·铂悦府幼儿园项目一标段总承包施工,0,5,中建一局集团总承包建设有限公司山东分公司,000101000043003999cg
1015080,宁阳县第一小学改扩建项目,0,5,中建一局集团总承包建设有限公司山东分公司,000101000043003999cg
994095,漳河新区2015年市政道路项目（一期）工程-罗汉山隧道工程,0,5,中建一局集团总承包建设有限公司山东分公司,000101000043003999cg
97338,科创大厦项目土建及水电安装工程,0,4,中建一局集团总承包建设有限公司山东分公司,000101000043003999cg
89654,济宁市任城区液压件厂片区棚户区改造PPP项目,0,5,中建一局集团总承包建设有限公司山东分公司,000101000043003999cg
1042834,南北康片区南康初中项目工程总承包（EPC）项目,0,5,中建一局集团总承包建设有限公司山东分公司,000101000043003999cg
1094855,嘉兴商用航空发动机涡轮叶片EPC,0,2,中建一局集团建设发展有限公司华东分公司,00010100004300040008
1054846,杭州瓶窑二中装饰装修及室外附属工程,0,11,中建一局集团建设发展有限公司华东分公司,00010100004300040008
1049388,无锡京杭大运河东侧(金城大桥-蓉湖大桥)提升改造EPC,0,2,中建一局集团建设发展有限公司华东分公司,00010100004300040008
1021400,杭州启明医疗产业园,0,5,中建一局集团建设发展有限公司华东分公司,00010100004300040008
1005222,合肥泰康之家徽园一期机电,0,11,中建一局集团建设发展有限公司华东分公司,00010100004300040008
107073,嘉兴市嘉善县健康护理中心,0,5,中建一局集团建设发展有限公司华东分公司,00010100004300040008
111838,南京华夏幸福大校场项目G地块,0,5,中建一局集团建设发展有限公司华东分公司,00010100004300040008
27220,无锡中关村软件园太湖分园二期,0,NULL,中建一局集团建设发展有限公司华东分公司,00010100004300040008
1064869,无锡吉祥里商业街区提升改造,0,5,中建一局集团建设发展有限公司华东分公司,00010100004300040008
997918,常州市新北区住宅EPC项目,0,2,中建一局集团建设发展有限公司华东分公司,00010100004300040008
81662,无锡华发中南装饰城地块住宅,0,5,中建一局集团建设发展有限公司华东分公司,00010100004300040008
1071861,嘉兴新塍大道跨杭州塘桥梁工程EPC,0,2,中建一局集团建设发展有限公司华东分公司,00010100004300040008
1064828,芜湖无为火山引擎长三角算力中心9-2机电,0,11,中建一局集团建设发展有限公司华东分公司,00010100004300040008
1061508,张家港港城智能智造大数据产业园1#数据中心机电,0,11,中建一局集团建设发展有限公司华东分公司,00010100004300040008
1050810,杭州零磁科学谷启动区块－浦乐实业西侧地块,0,5,中建一局集团建设发展有限公司华东分公司,00010100004300040008
1030801,杭州白马湖实验室总部基地,0,11,中建一局集团建设发展有限公司华东分公司,00010100004300040008
1008098,宁波东部新城核心区E-1、E-9-a地块项目综合机电工程,0,4,中建一局集团建设发展有限公司华东分公司,00010100004300040008
107453,浦东新区曹路区级征收安置房12-06地块项目,0,NULL,中建一局集团建设发展有限公司华东分公司,00010100004300040008
7386,泰康松江养老社区08地块体验馆,0,NULL,中建一局集团建设发展有限公司华东分公司,00010100004300040008
2377,(2104050014)无锡市原河埒中学拆迁安置房工程（BT）,0,NULL,中建一局集团建设发展有限公司华东分公司,00010100004300040008
1081153,南京江宁区科学园污水处理厂五期,0,4,中建一局集团建设发展有限公司华东分公司,00010100004300040008
1031922,平湖市明湖科创产城之窗,0,5,中建一局集团建设发展有限公司华东分公司,00010100004300040008
1008682,嘉兴嘉善荷池社区项目北区地块,0,11,中建一局集团建设发展有限公司华东分公司,00010100004300040008
1001867,嘉兴长三角氢能创新中心,0,5,中建一局集团建设发展有限公司华东分公司,00010100004300040008
996809,嘉兴港区滨海中央广场项目二期,0,5,中建一局集团建设发展有限公司华东分公司,00010100004300040008
995545,上海商汤科技新一代人工智能计算和赋能平台机电,0,4,中建一局集团建设发展有限公司华东分公司,00010100004300040008
993317,南通江海阿里云计算数据中心,0,5,中建一局集团建设发展有限公司华东分公司,00010100004300040008
111684,杭州仁和阿里云计算数据中心二期,0,NULL,中建一局集团建设发展有限公司华东分公司,00010100004300040008
96552,徐州万科铜山路项目A地块商业机电,0,NULL,中建一局集团建设发展有限公司华东分公司,00010100004300040008
63866,上海浦东新区安置房11-01地块,0,5,中建一局集团建设发展有限公司华东分公司,00010100004300040008
12379,合肥联想研发基地工程,0,NULL,中建一局集团建设发展有限公司华东分公司,00010100004300040008
1344,(2104050015)英特宜家无锡购物中心机电项目,0,NULL,中建一局集团建设发展有限公司华东分公司,00010100004300040008
1096740,绍兴熙泰科技研发生产基地研发中心EPC,1,5,中建一局集团建设发展有限公司华东分公司,00010100004300040008
1096400,南京宝之云梅山基地智算中心机电,0,4,中建一局集团建设发展有限公司华东分公司,00010100004300040008
1084776,杭州中船产业化一期B区,0,5,中建一局集团建设发展有限公司华东分公司,00010100004300040008
1054044,安徽警官职业学院新校区一期EPC,0,5,中建一局集团建设发展有限公司华东分公司,00010100004300040008
1030337,上海浦东新区安置房三期05-01地块,0,5,中建一局集团建设发展有限公司华东分公司,00010100004300040008
1019937,嘉兴秦山同位素产业园标准厂房一期,0,2,中建一局集团建设发展有限公司华东分公司,00010100004300040008
1015880,苏州太仓斯凯奇物流中心二期,0,4,中建一局集团建设发展有限公司华东分公司,00010100004300040008
1011075,无锡滨湖区大箕山家园老旧小区改造EPC,0,NULL,中建一局集团建设发展有限公司华东分公司,00010100004300040008
62592,合肥邮件处理车间,0,NULL,中建一局集团建设发展有限公司华东分公司,00010100004300040008
6360,南京海峡城D地块一期工程,0,NULL,中建一局集团建设发展有限公司华东分公司,00010100004300040008
2388,无锡中关村软件园住宅,0,NULL,中建一局集团建设发展有限公司华东分公司,00010100004300040008
1094330,无锡氢能源产业园建设EPC,1,2,中建一局集团建设发展有限公司华东分公司,00010100004300040008
1073898,杭州阿里巴巴临平C楼C机电,0,4,中建一局集团建设发展有限公司华东分公司,00010100004300040008
1072082,无锡宏光光电子制造产业,1,4,中建一局集团建设发展有限公司华东分公司,00010100004300040008
1018793,浦东新区曹路区级征收安置房08-01地块项目,0,5,中建一局集团建设发展有限公司华东分公司,00010100004300040008
1003919,杭州阿里钉钉总部项目,0,5,中建一局集团建设发展有限公司华东分公司,00010100004300040008
110773,杭州菜鸟西湖云谷产业园项目,0,5,中建一局集团建设发展有限公司华东分公司,00010100004300040008
100684,南京腾讯华东云计算基地项目,0,5,中建一局集团建设发展有限公司华东分公司,00010100004300040008
27551,江苏镇江力信锂电池研发及产业化工程,0,NULL,中建一局集团建设发展有限公司华东分公司,00010100004300040008
20453,苏州泰康之家31703地块,0,NULL,中建一局集团建设发展有限公司华东分公司,00010100004300040008
1051493,上海万科乔高三期机电,0,11,中建一局集团建设发展有限公司华东分公司,00010100004300040008
1025234,嘉兴秀湖新城观音桥安置房EPC,0,2,中建一局集团建设发展有限公司华东分公司,00010100004300040008
1005502,沛县中医院迁院建设新建项目(一期),0,2,中建一局集团建设发展有限公司华东分公司,00010100004300040008
1004150,嘉善县区域急诊医学中心,0,5,中建一局集团建设发展有限公司华东分公司,00010100004300040008
993115,南通金属园阿里云计算数据中心项目,0,5,中建一局集团建设发展有限公司华东分公司,00010100004300040008
92054,合肥邮件处理中心后续建设项目,0,NULL,中建一局集团建设发展有限公司华东分公司,00010100004300040008
18519,徐州云龙湖悦府三期总承包工程,0,NULL,中建一局集团建设发展有限公司华东分公司,00010100004300040008
2430,(2104050010)无锡恒隆广场,0,NULL,中建一局集团建设发展有限公司华东分公司,00010100004300040008
1031064,上海声通智慧产业园项目,0,5,中建一局集团建设发展有限公司华东分公司,00010100004300040008
1004692,苏州浒关中建璟苑住宅项目,0,5,中建一局集团建设发展有限公司华东分公司,00010100004300040008
108029,上海万科南站商务城三期机电,0,4,中建一局集团建设发展有限公司华东分公司,00010100004300040008
12373,英特宜家无锡购物中心市政,0,NULL,中建一局集团建设发展有限公司华东分公司,00010100004300040008
1096295,嘉兴空港大道高架EPC,0,4,中建一局集团建设发展有限公司华东分公司,00010100004300040008
1072089,嘉兴海盐县城乡污水处理厂二期工程,0,4,中建一局集团建设发展有限公司华东分公司,00010100004300040008
1062061,杭州阿里巴巴临平ECC楼机电,0,11,中建一局集团建设发展有限公司华东分公司,00010100004300040008
1029005,上海泰康之家静安府项目,0,5,中建一局集团建设发展有限公司华东分公司,00010100004300040008
1012720,杭州滨江科技创新综合体项目,0,5,中建一局集团建设发展有限公司华东分公司,00010100004300040008
1002339,常州市新北区住宅EPC（发展）,0,5,中建一局集团建设发展有限公司华东分公司,00010100004300040008
999845,嘉兴市嘉善善东苑公寓房项目,0,5,中建一局集团建设发展有限公司华东分公司,00010100004300040008
104305,无锡欧谱纳轻型燃气机制造,0,NULL,中建一局集团建设发展有限公司华东分公司,00010100004300040008
51756,无锡河埒金融商务港,0,NULL,中建一局集团建设发展有限公司华东分公司,00010100004300040008
34259,上海泰康申园一期改造,0,NULL,中建一局集团建设发展有限公司华东分公司,00010100004300040008
10383,泰康松江养老社区08地块,0,NULL,中建一局集团建设发展有限公司华东分公司,00010100004300040008
4299,(2104120006)南京海峡城E地块住宅工程,0,NULL,中建一局集团建设发展有限公司华东分公司,00010100004300040008
1101670,合肥南湖29号,0,4,中建一局集团建设发展有限公司华东分公司,00010100004300040008
1099980,芜湖珑腾智算互联网产业园D08机电,0,4,中建一局集团建设发展有限公司华东分公司,00010100004300040008
1094332,无锡民航科创中心EPC,0,2,中建一局集团建设发展有限公司华东分公司,00010100004300040008
1057250,上海优刻得云基地二期机电,0,5,中建一局集团建设发展有限公司华东分公司,00010100004300040008
1019123,嘉兴善城中心,0,5,中建一局集团建设发展有限公司华东分公司,00010100004300040008
995563,绍兴钱清B地块商业机电,0,4,中建一局集团建设发展有限公司华东分公司,00010100004300040008
81973,上海浦东新区安置房10-11地块,0,NULL,中建一局集团建设发展有限公司华东分公司,00010100004300040008
2435,(2104050012)无锡中关村软件园,0,NULL,中建一局集团建设发展有限公司华东分公司,00010100004300040008
1102230,湖州镜辰创新中心与产业化平台,0,5,中建一局集团建设发展有限公司华东分公司,00010100004300040008
1045096,无锡连云港智能制造产业基地（EPC）,0,2,中建一局集团建设发展有限公司华东分公司,00010100004300040008
1018802,曹路区级征收安置房06-01地块项目,0,NULL,中建一局集团建设发展有限公司华东分公司,00010100004300040008
109855,上海点维通信总部和数据中心项目,0,5,中建一局集团建设发展有限公司华东分公司,00010100004300040008
92866,徐州万科翡翠之光商业综合机电工程,0,NULL,中建一局集团建设发展有限公司华东分公司,00010100004300040008
81026,苏州龙湖天街五期机电总包,0,NULL,中建一局集团建设发展有限公司华东分公司,00010100004300040008
2426,(2104050011)无锡市地铁控制中心基坑工程,0,NULL,中建一局集团建设发展有限公司华东分公司,00010100004300040008
1055630,上海金山阿里云CDEF楼机电,0,11,中建一局集团建设发展有限公司华东分公司,00010100004300040008
1055141,芜湖火山引擎长三角算力中心B期,0,5,中建一局集团建设发展有限公司华东分公司,00010100004300040008
1013733,苏州泰康之家吴园三期,0,5,中建一局集团建设发展有限公司华东分公司,00010100004300040008
1004480,上海万科安亭新镇项目能源站改造机电（一期）,0,4,中建一局集团建设发展有限公司华东分公司,00010100004300040008
79149,上海万科莘闵项目综合机电工程,0,NULL,中建一局集团建设发展有限公司华东分公司,00010100004300040008
999895,无锡滨湖区2021年宜居住区(旧住宅区)整治改造,0,NULL,中建一局集团建设发展有限公司华东分公司,00010100004300040008
998879,浦东新区曹路区级征收安置房17-02地块项目,0,4,中建一局集团建设发展有限公司华东分公司,00010100004300040008
1102754,绍兴芯联芯片制造项目（一阶段）,0,4,中建一局集团建设发展有限公司华东分公司,00010100004300040008
1068127,合肥徽商银行生产数据中心一期机电,0,4,中建一局集团建设发展有限公司华东分公司,00010100004300040008
1061792,芜湖火山引擎长三角算力中心项目A期机电,0,11,中建一局集团建设发展有限公司华东分公司,00010100004300040008
1028600,无锡梁溪科技城EPC,0,2,中建一局集团建设发展有限公司华东分公司,00010100004300040008
102825,芜湖三只松鼠研发运营中心,0,NULL,中建一局集团建设发展有限公司华东分公司,00010100004300040008
106616,嘉兴综合保税区物流仓储,0,NULL,中建一局集团建设发展有限公司华东分公司,00010100004300040008
65050,南京燕子矶G29B地块项目,0,NULL,中建一局集团建设发展有限公司华东分公司,00010100004300040008
2383,(2104050007)无锡市综合交通枢纽,0,NULL,中建一局集团建设发展有限公司华东分公司,00010100004300040008
2391,(2104120003)镇江新生村项目一期,0,NULL,中建一局集团建设发展有限公司华东分公司,00010100004300040008
1081785,合肥联想研发基地建设项目二期,0,5,中建一局集团建设发展有限公司华东分公司,00010100004300040008
1069251,张家港港城智能智造大数据产业园3#数据中心机电,0,4,中建一局集团建设发展有限公司华东分公司,00010100004300040008
1054316,嘉善县蓉溪净水厂及配套道路,0,5,中建一局集团建设发展有限公司华东分公司,00010100004300040008
1009680,嘉兴秀洲高新区职工之家,0,5,中建一局集团建设发展有限公司华东分公司,00010100004300040008
997705,淮安第三园区新建厂房,0,5,中建一局集团建设发展有限公司华东分公司,00010100004300040008
992648,文星公寓扩建项目施工总承包工程（二标段）,0,5,中建一局集团建设发展有限公司华东分公司,00010100004300040008
95841,嘉兴市文化艺术中心,0,NULL,中建一局集团建设发展有限公司华东分公司,00010100004300040008
20294,上海古北SOHO机电工程,0,NULL,中建一局集团建设发展有限公司华东分公司,00010100004300040008
1084824,无锡集成电路与微系统先进制造,0,11,中建一局集团建设发展有限公司华东分公司,00010100004300040008
1084717,芜湖无为火山引擎长三角算力中心9-4机电,0,4,中建一局集团建设发展有限公司华东分公司,00010100004300040008
1072085,杭州临江开发区污水处理厂,0,4,中建一局集团建设发展有限公司华东分公司,00010100004300040008
1043471,嘉兴长三角氢能创新中心三期,0,5,中建一局集团建设发展有限公司华东分公司,00010100004300040008
1030791,无锡广益XDG-2022-80号地块项目EPC,0,2,中建一局集团建设发展有限公司华东分公司,00010100004300040008
1008337,加纳-加纳交通系统改善项目- 1号公路（塔塔莱至延迪）,0,NULL,中国建筑一局（集团）有限公司,000101000043
1007849,塞尔维亚-塞尔维亚中国文化中心四至六层安装工程,0,NULL,中国建筑一局（集团）有限公司,000101000043
1004939,印度尼西亚-巴厘岛展览中心项目,0,NULL,中国建筑一局（集团）有限公司,000101000043
1004257,马其顿-施工项目新增-20211130-q-2,0,NULL,中国建筑一局（集团）有限公司,000101000043
1004250,肯尼亚-中建人防工事项目-变更,0,NULL,中国建筑一局（集团）有限公司,000101000043
1000934,OV1,0,NULL,中国建筑一局（集团）有限公司,000101000043
997390,菲律宾-菲律宾碧瑶山景酒店-发展授权,0,NULL,中国建筑一局（集团）有限公司,000101000043
994271,海地-0308施工项目,0,NULL,中国建筑一局（集团）有限公司,000101000043
823316,科创大厦-劳务,NULL,NULL,中国建筑一局（集团）有限公司,000101000043
991326,印度尼西亚-BMT智能制造中心建设项目一期总承包工程,0,NULL,中国建筑一局（集团）有限公司,000101000043
1079064,京东方运营与研发中心工程,0,5,中国建筑一局（集团）有限公司,000101000043
1060016,华南分局办公室装修工程项目,0,11,中国建筑一局（集团）有限公司,000101000043
1017384,印度-新能源科技有限公司印度电子厂房项目-封存,0,NULL,中国建筑一局（集团）有限公司,000101000043
1008340,俄罗斯联邦-中石油公寓装修项目,0,NULL,中国建筑一局（集团）有限公司,000101000043
1004463,赤道几内亚-赤道几内亚欧亚拉六个部委楼项目,0,NULL,中国建筑一局（集团）有限公司,000101000043
993534,俄罗斯联邦-俄罗斯阿穆尔天然气化工(АGCC)项目,0,NULL,中国建筑一局（集团）有限公司,000101000043
1103333,广西电网公司2026年第一批行政办公专业非生产场所技改修理项目,0,5,中国建筑一局（集团）有限公司,000101000043
1027438,印度尼西亚-海亮印尼年产10万吨高性能电解铜箔项目-土建一期工程,0,NULL,中国建筑一局（集团）有限公司,000101000043
1005603,马尔维纳斯群岛-东北黑土扩建项目信息-20211108,0,NULL,中国建筑一局（集团）有限公司,000101000043
1004179,安圭拉-呼伦贝尔项目,0,NULL,中国建筑一局（集团）有限公司,000101000043
991063,俄罗斯联邦-圣彼得堡涅瓦中心项目,0,NULL,中国建筑一局（集团）有限公司,000101000043
110997,菲律宾-菲律宾达沃86套安居项目工程,0,NULL,中国建筑一局（集团）有限公司,000101000043
96770,丰台路口东里小区、西四环南路52号院智慧社区建设项目,0,NULL,中国建筑一局（集团）有限公司,000101000043
1017383,印度-新能源科技有限公司印度电子厂房项目-封存,0,NULL,中国建筑一局（集团）有限公司,000101000043
1008272,重复项目,0,NULL,中国建筑一局（集团）有限公司,000101000043
1004948,德国-中汽中心实验室改造项目,0,NULL,中国建筑一局（集团）有限公司,000101000043
1004176,海地-全额问问去额我,0,NULL,中国建筑一局（集团）有限公司,000101000043
1002061,中建一局总部大楼装修项目,0,4,中国建筑一局（集团）有限公司,000101000043
1018008,塞尔维亚-塞尔维亚洛兹尼察2X133兆瓦联合循环热电联产厂,0,NULL,中国建筑一局（集团）有限公司,000101000043
1004952,俄罗斯联邦-中华人民共和国驻俄罗斯联邦大使馆健身房建设安装工程,0,NULL,中国建筑一局（集团）有限公司,000101000043
1004693,菲律宾-菲律宾马尼拉居文公寓,0,NULL,中国建筑一局（集团）有限公司,000101000043
1004251,肯尼亚-测试项目20211130-q,0,NULL,中国建筑一局（集团）有限公司,000101000043
16877,2015年沈阳地区保温材料联合集中采购项目,0,NULL,中国建筑一局（集团）有限公司,000101000043
14956,天津区域联合集中采购项目,1,NULL,中国建筑一局（集团）有限公司,000101000043
1005817,塞浦路斯-测试项目2022010602,0,NULL,中国建筑一局（集团）有限公司,000101000043
1004255,墨西哥-测试项目20211130-q2,0,NULL,中国建筑一局（集团）有限公司,000101000043
1004200,希腊-施工项目新增-20211129,0,NULL,中国建筑一局（集团）有限公司,000101000043
1101154,中建一局西安分公司,2,4,中国建筑一局（集团）有限公司,000101000043
1000935,INT,1,NULL,中国建筑一局（集团）有限公司,000101000043
1018009,塞尔维亚-塞尔维亚多瑙走廊项目LOT1及LOT2桥梁施工工程一标段,0,NULL,中国建筑一局（集团）有限公司,000101000043
1008273,中建电商劳务,0,NULL,中国建筑一局（集团）有限公司,000101000043
1004949,阿拉伯联合酋长国-阿联酋迪拜歌剧院区B4地块公寓楼项目,0,NULL,中国建筑一局（集团）有限公司,000101000043
824355,通州区运河核心区3号地杨坨四街道路项目,NULL,NULL,中国建筑一局（集团）有限公司,000101000043
972,中建一局集团2016年华北区域各项目,0,11,中国建筑一局（集团）有限公司,000101000043
817278,衢州市衢化棚户区安置房改造一期（东区块）-劳务,NULL,NULL,中国建筑一局（集团）有限公司,000101000043
1009554,俄罗斯联邦-圣彼得堡涅瓦中心项目（人民币）,0,NULL,中国建筑一局（集团）有限公司,000101000043
1008342,俄罗斯联邦-中华人民共和国驻俄罗斯联邦大使馆改造工程项目,0,NULL,中国建筑一局（集团）有限公司,000101000043
1004779,玻利维亚-施工项目测试-20211213,0,NULL,中国建筑一局（集团）有限公司,000101000043
1004462,赤道几内亚-赤道几内亚欧亚拉总统府1200套办公住宅项目,0,NULL,中国建筑一局（集团）有限公司,000101000043
997383,德国-驻慕尼黑总领馆馆舍新建工程-国际工程公司,0,NULL,中国建筑一局（集团）有限公司,000101000043
993217,几内亚-新增时报,0,NULL,中国建筑一局（集团）有限公司,000101000043
2941,中建一局集团2016年华东区域各项目,1,NULL,中国建筑一局（集团）有限公司,000101000043
1012429,塞尔维亚-塞尔维亚ECOFUTURE太阳能光伏发电,0,NULL,中国建筑一局（集团）有限公司,000101000043
1008338,俄罗斯联邦-中共六大会址修复工程,0,NULL,中国建筑一局（集团）有限公司,000101000043
1008335,加纳-加纳阿克拉16层高端公寓项目,0,NULL,中国建筑一局（集团）有限公司,000101000043
1007643,塞尔维亚-塞尔维亚贝尔麦克园区9#新建、2#楼扩建及周边配套设施工程,0,NULL,中国建筑一局（集团）有限公司,000101000043
1005951,柬埔寨-iikikioo,0,NULL,中国建筑一局（集团）有限公司,000101000043
997452,俄罗斯联邦-海参崴艺术文化综合体,0,NULL,中国建筑一局（集团）有限公司,000101000043
20255,中建一局集团2016年华南区域（深圳）各项目,0,NULL,中国建筑一局（集团）有限公司,000101000043
16878,中建一局集团2016年华南区域（广州、深圳）各项目,0,NULL,中国建筑一局（集团）有限公司,000101000043
1062624,1219项目,0,4,中国建筑一局（集团）有限公司,000101000043
1011303,塞尔维亚-塞尔维亚ECOFUTURE太阳能光伏发电项目,0,NULL,中国建筑一局（集团）有限公司,000101000043
24570,甘肃经理部,0,NULL,中国建筑一局（集团）有限公司,000101000043
1007505,中国香港-深圳援港医院三标段,0,NULL,中国建筑一局（集团）有限公司,000101000043
1006418,利比亚-施工项目-2022-02,0,NULL,中国建筑一局（集团）有限公司,000101000043
1004178,科特迪瓦-环球贸易中心项目,0,NULL,中国建筑一局（集团）有限公司,000101000043
995258,俄罗斯联邦-俄罗斯图拉州哈弗发动机车间,0,NULL,中国建筑一局（集团）有限公司,000101000043
1019368,印度尼西亚-巴厘岛中国城项目,0,NULL,中国建筑一局（集团）有限公司,000101000043
1007598,塞尔维亚-塞尔维亚诺维萨德维多夫丹定居点健康中心项目,0,NULL,中国建筑一局（集团）有限公司,000101000043
1006413,坦桑尼亚-施工项目-20220210,0,NULL,中国建筑一局（集团）有限公司,000101000043
1005856,海地-项目测试20220107,0,NULL,中国建筑一局（集团）有限公司,000101000043
1005604,马尔维纳斯群岛-东北黑土扩建项目信息-20211108,0,NULL,中国建筑一局（集团）有限公司,000101000043
1004950,印度尼西亚-印尼地标塔项目二标段,0,NULL,中国建筑一局（集团）有限公司,000101000043
996950,菲律宾-菲律宾吕宋岛中部高速公路连接线项目一期五标萨拉戈萨立交桥段土建工程项目,0,NULL,中国建筑一局（集团）有限公司,000101000043
1014888,塞尔维亚-塞尔维亚海天集团厂房项目测量地勘工程,0,NULL,中国建筑一局（集团）有限公司,000101000043
1008341,俄罗斯联邦-海参崴酒店项目,0,NULL,中国建筑一局（集团）有限公司,000101000043
1008339,俄罗斯联邦-新华社项目,0,NULL,中国建筑一局（集团）有限公司,000101000043
1008336,加纳-加纳阿克拉梅里·希尔斯学院项目,0,NULL,中国建筑一局（集团）有限公司,000101000043
1004808,塞尔维亚-塞尔维亚贝尔格莱德太和广场项目,0,NULL,中国建筑一局（集团）有限公司,000101000043
16656,2015中建一局华南区域（广东）临电电缆联合集采项目,1,NULL,中国建筑一局（集团）有限公司,000101000043
824050,通州区台湖镇2018-60号地块项目,NULL,NULL,中国建筑一局（集团）有限公司,000101000043
1045533,六安市方舱医院项目工程（暂定）,0,5,一公司安徽分公司,00010100004300080184
1014438,承寓清鸿里项目工程总承包,0,NULL,一公司安徽分公司,00010100004300080184
107571,亳州市谯城区万达广场建设项目,0,5,一公司安徽分公司,00010100004300080184
108269,皖投新悦里项目施工总承包工程,0,5,一公司安徽分公司,00010100004300080184
108420,亳州万达药都大道项目（亳州万达A3地块）,0,5,一公司安徽分公司,00010100004300080184
81892,淮南市中南漫悦湾项目,0,5,一公司安徽分公司,00010100004300080184
825004,寿县淮河行蓄洪区2019-2021年居民迁建双桥镇双桥安置点工程,0,NULL,一公司安徽分公司,00010100004300080184
821408,巢湖市栖凤山庄（黛岚苑）安置点工程施工,0,NULL,一公司安徽分公司,00010100004300080184
815400,滁州万达广场项目-劳务,NULL,NULL,一公司安徽分公司,00010100004300080184
96956,亳州九铭云府-御园项目,0,4,一公司安徽分公司,00010100004300080184
1065819,合肥高新中国电科四十三所圣达科技电子封装材料生产基地项目（一期）,0,5,一公司安徽分公司,00010100004300080184
1061303,合肥高新区合肥建投NQ2-2 地块租赁房EPC 项目-1,0,5,一公司安徽分公司,00010100004300080184
1002742,长丰县水湖镇阮巷安置小区一期工程,0,5,一公司安徽分公司,00010100004300080184
993158,阜阳保利颍州堂悦项目二期住宅土建及水电安装总承包工程,0,4,一公司安徽分公司,00010100004300080184
94294,家电智能控制产品建设项目,0,4,一公司安徽分公司,00010100004300080184
83865,蚌埠淮上万达广场项目,0,2,一公司安徽分公司,00010100004300080184
105351,蚌埠市淮上区万达广场大商业项目,0,5,一公司安徽分公司,00010100004300080184
99420,合肥保利滨湖BH2019项目03地块二标段土建及水电安装工程施工总承包工程,0,4,一公司安徽分公司,00010100004300080184
89995,亳州谯城万达广场项目工程（大商业、A2）,0,5,一公司安徽分公司,00010100004300080184
81579,上饶中航城三期项目一标段,0,4,一公司安徽分公司,00010100004300080184
78848,滁州万达广场,0,4,一公司安徽分公司,00010100004300080184
823686,撮镇镇瑶河家园安置小区项目二期,0,NULL,一公司安徽分公司,00010100004300080184
822172,合肥苏宁广场-劳务,0,NULL,一公司安徽分公司,00010100004300080184
7693,盐城万达广场项目,0,NULL,一公司安徽分公司,00010100004300080184
1367,合肥京商国际商贸城,0,5,一公司安徽分公司,00010100004300080184
1081569,合肥瑶海区合肥建投体育运动学校新校区一标段项目,0,5,一公司安徽分公司,00010100004300080184
1009086,亳州万达药都大道住宅项目,0,NULL,一公司安徽分公司,00010100004300080184
100951,合肥市第八人民医院门急诊综合楼,0,5,一公司安徽分公司,00010100004300080184
109641,阜阳合肥现代产业园区装备制造产业园,0,5,一公司安徽分公司,00010100004300080184
827510,龙王唐岗复建点施工2标段项目,0,NULL,一公司安徽分公司,00010100004300080184
16835,宿州万达广场项目,0,NULL,一公司安徽分公司,00010100004300080184
816183,合肥美丽景湾复建点 A 地块建设项目,0,NULL,一公司安徽分公司,00010100004300080184
1084367,合肥瑶海区合肥建投体育运动学校新校区二标段项目,0,2,一公司安徽分公司,00010100004300080184
1027812,合肥高新区合肥建投NQ2-2 地块租赁房EPC项目,0,2,一公司安徽分公司,00010100004300080184
1025473,合肥北城建投长丰县城市更新项目龙湖苑安置小区工程,1,NULL,一公司安徽分公司,00010100004300080184
1007189,南门小学恒盛皇家花园校区改扩建施工项目,0,NULL,一公司安徽分公司,00010100004300080184
993399,美丽景湾复建点项目A地块施工,0,4,一公司安徽分公司,00010100004300080184
992809,亳州学院五期工程（亳州学院中医药学院）,0,2,一公司安徽分公司,00010100004300080184
109611,小钱郢复建点部分主体与室外附属工程,0,4,一公司安徽分公司,00010100004300080184
91526,合肥工业大学工程管理与智能制造研究中心,0,4,一公司安徽分公司,00010100004300080184
1075966,合肥百大肥西农产品物流园重要商品流通基础设施项目一期工程,0,5,一公司安徽分公司,00010100004300080184
1061380,淮北市城乡地表水厂净水工程及配套供水管网建设项目,0,5,一公司安徽分公司,00010100004300080184
1013562,合肥经开城建承寓清鸿里住宅项目,0,2,一公司安徽分公司,00010100004300080184
995768,巢湖市中庙龙周安置点工程,0,NULL,一公司安徽分公司,00010100004300080184
109707,龙王唐岗复建点施工二标段,0,4,一公司安徽分公司,00010100004300080184
104846,滁州南谯苏宁广场项目北地块施工总承包工程,0,4,一公司安徽分公司,00010100004300080184
1006928,南门小学恒盛皇家花园校区改扩建施工,0,4,一公司安徽分公司,00010100004300080184
994178,合肥运河新城西城桂花苑工程总承包EPC,0,2,一公司安徽分公司,00010100004300080184
92574,合肥新桥国际机场新建二期货运站工程,0,NULL,一公司安徽分公司,00010100004300080184
78902,宿州市埇桥区三馆一院一中心及应用技术学校PPP项目,0,NULL,一公司安徽分公司,00010100004300080184
828735,阜阳合肥现代产业园区装备制造产业园工程,0,NULL,一公司安徽分公司,00010100004300080184
1004105,清华苑（黄麓）安置小区项目,0,NULL,一公司安徽分公司,00010100004300080184
81242,阜阳市城市资产投资经营有限责任公司文印中心停车场设计施工一体化项目,0,NULL,一公司安徽分公司,00010100004300080184
817241,庐江县新二中项目工程施工-劳务,NULL,NULL,一公司安徽分公司,00010100004300080184
112050,安徽合肥滨湖景城东区三期缓建工程,0,4,一公司安徽分公司,00010100004300080184
1102038,安徽分测试,0,5,一公司安徽分公司,00010100004300080184
90484,合肥苏宁广场施工总承包工程,0,5,一公司安徽分公司,00010100004300080184
1077861,长三角（合肥）镁业数智化制造基地配套基础设施工程一期,0,5,一公司安徽分公司,00010100004300080184
1061302,合肥北城建投长丰县城市更新项目龙湖苑安置小区工程项目-1,0,5,一公司安徽分公司,00010100004300080184
1001913,六安农村商业银行股份有限公司营业综合办公楼建设项目,0,4,一公司安徽分公司,00010100004300080184
1001461,黄麓镇清华苑安置点,0,4,一公司安徽分公司,00010100004300080184
105353,亳州谯城万达广场项目工程（A1地块）,0,5,一公司安徽分公司,00010100004300080184
97653,安徽合肥撮镇镇瑶河家园安置小区项目二期,0,4,一公司安徽分公司,00010100004300080184
83880,合肥北城万达广场项目,0,4,一公司安徽分公司,00010100004300080184
65163,宿州市港利锦绣江南东城安置小区项目,0,NULL,一公司安徽分公司,00010100004300080184
64971,亳州市城南地表水厂一标段（厂区建设）项目,0,11,一公司安徽分公司,00010100004300080184
823830,合肥滨湖BH2019项目03地块二标段土建及水电安装工程,NULL,NULL,一公司安徽分公司,00010100004300080184
816560,合肥京商商贸城F、I地块工程项目-劳务,NULL,NULL,一公司安徽分公司,00010100004300080184
1071531,健康智能家居及金属配件制造项目,0,5,一公司安徽分公司,00010100004300080184
1032211,淮南高新区新能源专用车智能制造产业基地项目施工,0,5,一公司安徽分公司,00010100004300080184
94985,巢湖市栖凤山庄（黛岚苑）安置点工程施工项目,0,4,一公司安徽分公司,00010100004300080184
83000,龙周安置点二期施工,0,NULL,一公司安徽分公司,00010100004300080184
1091920,淮南市高新区配租型保障性住房项目、淮南市高新区人才公寓及科技信息产业园A1、A2 车间提升改造工程施工项目,0,5,一公司安徽分公司,00010100004300080184
1077810,安徽大学史河校区新江园学生宿舍施工项目,0,5,一公司安徽分公司,00010100004300080184
101169,宿州市埇桥区新冠肺炎医学医疗集中隔离点建设工程项目,0,4,一公司安徽分公司,00010100004300080184
96081,保利阜阳2018-8项目一期一标段 土建及水电安装工程,0,4,一公司安徽分公司,00010100004300080184
90022,合肥高新区2018年第三批学校建设工程施工,0,5,一公司安徽分公司,00010100004300080184
74146,美丽景湾复建点B地块施工,0,5,一公司安徽分公司,00010100004300080184
998620,合肥市地矿家园初中一期项目工程施工,0,4,一公司安徽分公司,00010100004300080184
991460,安徽合肥巢湖龙周一期安置点项目,0,5,一公司安徽分公司,00010100004300080184
825945,合肥市第八人民医院门急诊诊综合楼施工,0,NULL,一公司安徽分公司,00010100004300080184
1068991,三山经济开发区智能网联汽车垂直配套零部件产业园项目EPC工程总承包,0,5,一公司安徽分公司,00010100004300080184
1043205,亳州万达商业综合项目,0,4,一公司安徽分公司,00010100004300080184
992707,合肥循环经济示范园智能产业标准化厂房一期项目（4号仓库及道路）,0,4,一公司安徽分公司,00010100004300080184
101520,淮南双桥镇人民政府寿县双桥安置点,0,5,一公司安徽分公司,00010100004300080184
82536,庐江县新二中项目工程施工,0,NULL,一公司安徽分公司,00010100004300080184
81793,砀山青山郡王府项目（三期）,0,4,一公司安徽分公司,00010100004300080184
1070530,中建一局华南区域公司总部（云筑办公专区EPC）,0,5,一局华南公司华南区域公司各下属项目,00010100004300250100
1078518,中山市东区街道2025年城镇老旧小区改造项目--,0,4,一局华南公司华南区域公司各下属项目,00010100004300250100
1837,(2101190004)西门子天津Ⅵ.2扩建,0,NULL,一局国际工程公司第二大项目部,0001010000430003002500010003
6859,西门子研发中心,0,NULL,一局国际工程公司第二大项目部,0001010000430003002500010003
19511,(2101190006)鄂温克马产业园及公务员小区,0,NULL,一局国际工程公司第二大项目部,0001010000430003002500010003
1835,(2101190005)苏州西门子电器有限公司4期厂房,0,NULL,一局国际工程公司第二大项目部,0001010000430003002500010003
1059114,鹊山龙湖A-4地块施工总承包,0,4,五公司山东分公司,0001010000430005999d
1051166,鹊山龙湖A-4地块,0,5,五公司山东分公司,0001010000430005999d
55401,琼海官塘·悦泉庄温泉小区一期,0,NULL,五公司山东分公司,0001010000430005999d
26515,莒南生物热电综合利用项目（一期）,0,0,五公司山东分公司,0001010000430005999d
94896,武汉金辰盈创置业有限公司P（2018）164号地块项目,0,4,五公司山东分公司,0001010000430005999d
96713,中国供销·滨州农产品电商物流园项目,0,4,五公司山东分公司,0001010000430005999d
82975,章丘区黄河镇新型城镇化项目中心社区一期项目A地块,0,2,五公司山东分公司,0001010000430005999d
18097,海口吾悦广场二期土建安装工程,0,NULL,五公司山东分公司,0001010000430005999d
1086114,微山县傅村街道三河口片区（后寨）居民避险搬迁项目施工,0,5,五公司山东分公司,0001010000430005999d
996060,西海岸低碳智能汽车产业园项目,0,5,五公司山东分公司,0001010000430005999d
105011,惠众·玉龙湖畔（三期）工程,0,5,五公司山东分公司,0001010000430005999d
95931,锦钰佳苑·太阳城C地块工程项目,0,5,五公司山东分公司,0001010000430005999d
28219,"琼海 · 官塘 水院 （B-05,B-08  号地块）",0,NULL,五公司山东分公司,0001010000430005999d
5857,（11010500601）青岛蓝色生物医药产业园配套商住项目,0,5,五公司山东分公司,0001010000430005999d
1068332,高质量发展先行区棚改项目（二标段）,0,4,五公司山东分公司,0001010000430005999d
77721,通用·未来城二期5#～6#商住楼、 7#、8#、18#、19#楼住宅楼及二期车库工程,0,NULL,五公司山东分公司,0001010000430005999d
8639,青岛蓝色生物医药产业园配套商住项目4#地块一、二期及S-10#楼工程,0,NULL,五公司山东分公司,0001010000430005999d
97753,日照锦钰佳苑·太阳城C地块工程项目,0,5,五公司山东分公司,0001010000430005999d
55762,锦钰佳苑·太阳城B地块工程项目,0,NULL,五公司山东分公司,0001010000430005999d
80941,滨城区棚户区改造凤湖景城、凤湖新城项目,0,NULL,五公司山东分公司,0001010000430005999d
6974,（2105080096）武汉新城璟悦城总承包一期,0,NULL,五公司山东分公司,0001010000430005999d
2977,（11010500631）铁路青岛北客站安置区A地块商品房及商服项目一期、二期,0,NULL,五公司山东分公司,0001010000430005999d
1085052,创新创业孵化产业园（二期）一地块（工程总承包）,0,5,五公司山东分公司,0001010000430005999d
1006119,东营农高区青年创新园项目,0,5,五公司山东分公司,0001010000430005999d
104998,滨州市滨城区梁才街道办事处第八小学（实验小学）第一教学楼、第二教学楼（幼儿园）建设项目,0,4,五公司山东分公司,0001010000430005999d
98531,长安路片区改造项目（工程总承包）,0,2,五公司山东分公司,0001010000430005999d
17253,（1101050051）烟台通盛置业有限公司通用未来城项目,0,4,五公司山东分公司,0001010000430005999d
1032007,文奎佳园项目,0,4,五公司山东分公司,0001010000430005999d
1017286,夏镇街道运河片区安置房建设项目（一期）,0,NULL,五公司山东分公司,0001010000430005999d
1004043,济南绿色循环经济产业园电化学专属园区一期污水处理厂、综合楼、仓库及管网道路工程项目,0,5,五公司山东分公司,0001010000430005999d
25396,章丘市黄河镇新型城镇化北房社区项目,0,NULL,五公司山东分公司,0001010000430005999d
28267,海南信息安全基地一期,0,NULL,五公司山东分公司,0001010000430005999d
2971,（2105080079）海口吾悦广场一期土建安装施工合同（二标段）,0,NULL,五公司山东分公司,0001010000430005999d
1019270,突发公共卫生救治中心隔离点建设项目,0,5,五公司山东分公司,0001010000430005999d
1005803,智慧海洋总部基地区域销售结算及产业转化中心,0,2,五公司山东分公司,0001010000430005999d
81650,北辰·孔雀洲项目,0,2,五公司山东分公司,0001010000430005999d
1049965,创投·颐和澜庭项目（一期）,0,4,五公司山东分公司,0001010000430005999d
1047964,玺悦东岸项目管网、门窗、外立面工程项目,0,4,五公司山东分公司,0001010000430005999d
1085179,龙口食用菌零碳产业园项目工程总承包项目,0,5,五公司山东分公司,0001010000430005999d
1061020,济南综保区航材产业基础设施施工总承包,0,4,五公司山东分公司,0001010000430005999d
1018503,京博·尚苑项目总承包工程,0,5,五公司山东分公司,0001010000430005999d
81410,涛雒风情小镇（一期）项目,0,2,五公司山东分公司,0001010000430005999d
28272,四川百途医药有限公司医药及新材料产业化项目,0,NULL,五公司山东分公司,0001010000430005999d
28247,1409工程营特建项目,0,NULL,五公司山东分公司,0001010000430005999d
1016492,汶上县城镇老旧小区改造项目,0,5,五公司山东分公司,0001010000430005999d
995126,济南高新区公共卫生临床中心项目工程总承包(EPC),0,2,五公司山东分公司,0001010000430005999d
7985,滨州市瑞府居住区二期,0,NULL,五公司山东分公司,0001010000430005999d
2974,（1101050072）中青文化创意信息产业园配套住宅小区建设工程,0,NULL,五公司山东分公司,0001010000430005999d
1058696,华安（山东）人工智能科技产业园项目,0,4,五公司山东分公司,0001010000430005999d
1047962,潍坊市奎文区新建潍州湖小学分校（宏伟学校）一期项目工程总承包（EPC）,0,4,五公司山东分公司,0001010000430005999d
994346,山钢康宏熙悦府项目,0,5,五公司山东分公司,0001010000430005999d
112005,平度市李园街道里半庄片区改造项目,0,4,五公司山东分公司,0001010000430005999d
30805,青岛蓝色生物医药产业园配套商住项目4#地块三期四期,0,4,五公司山东分公司,0001010000430005999d
26377,即墨商都片区一期（站前枢纽区）北安置区项目C地块,0,4,五公司山东分公司,0001010000430005999d
991183,玉龙湖畔三期,0,5,五公司山东分公司,0001010000430005999d
91454,康大江山樾项目,0,4,五公司山东分公司,0001010000430005999d
1031513,数据科创中心地块A、地块B建设工程项目,0,2,五公司山东分公司,0001010000430005999d
108456,济南绿色循环经济产业园表面处理集控区厂房建设项目,0,5,五公司山东分公司,0001010000430005999d
102792,通用·未来城项目9#、10#、11#、12#、13#、14#、15#、16#、17#住宅及地库工程,0,4,五公司山东分公司,0001010000430005999d
825514,宜城市滨汉小区及周边市政道路建设项目设计施工总承包,0,4,五公司安徽分公司自然项目部,0001010000430005999s999d
814184,郑州市中原新区白寨安置区项目北地块-劳务,0,NULL,五公司安徽分公司自然项目部,0001010000430005999s999d
814748,商丘建业壹号城邦B区-劳务,0,NULL,五公司安徽分公司自然项目部,0001010000430005999s999d
813537,饶商总部基地工程-劳务,0,NULL,五公司安徽分公司自然项目部,0001010000430005999s999d
1046388,安徽医学高等专科学校新桥校区产教融合实训基地项目EPC工程总承包,0,4,五公司安徽分公司自然项目部,0001010000430005999s999d
1024468,生产基地及研发总部（一期工程）建设项目,0,NULL,五公司安徽分公司自然项目部,0001010000430005999s999d
1044225,北京林业大学雄安校区5-1#土护降工程,0,11,三公司华北分公司,000101000043000399a7
103920,津滨高（挂）2019-13、14号地项目,0,5,三公司华北分公司,000101000043000399a7
822875,唐山南湖中央商务区核心区项目一期（A-02、A-03、A-07地块）总承包工程-劳务,NULL,NULL,三公司华北分公司,000101000043000399a7
1762,(1101030040)朝阳区东风乡绿隔第五宗地,0,NULL,三公司华北分公司,000101000043000399a7
1095952,北京城市副中心1201街区FZX-1201-0081、0171地块A4体育用地项目,0,5,三公司华北分公司,000101000043000399a7
1023303,朝阳区东风乡绿隔地区第一宗地（原朝阳区东风家园一区工程）（1#住宅楼等18项）,0,4,三公司华北分公司,000101000043000399a7
1003117,唐山市路南区综合改造项目,0,5,三公司华北分公司,000101000043000399a7
993423,老交大老火车站片区综合改造项目4标段路南区铁路二小及幼儿园设计-施工总承包工程,0,5,三公司华北分公司,000101000043000399a7
110465,津滨高（挂）2019-14号地项目,0,5,三公司华北分公司,000101000043000399a7
1050948,朝阳区东风乡绿隔地区第一宗地（原朝阳区东风家园一区工程）（6#写字楼/商业等20项）8#写字楼/商业、10#写字楼/商业、CK-2-4、CK-2-6 地下车库、1#~3#、6#、7#、14#人防出入口,0,5,三公司华北分公司,000101000043000399a7
1028593,硅诺标准厂房建设项目（一期）一标段,0,4,三公司华北分公司,000101000043000399a7
1027108,信创产业链适配技术研发及成果转化综合服务能力提升项目一期、二期,0,4,三公司华北分公司,000101000043000399a7
989479,1#住宅楼等34项（昌平新城回迁小区定向安置房项目）-2#车库北区、垃圾站,0,NULL,三公司华北分公司,000101000043000399a7
84900,密云区2018年度老旧小区节能保温综合整治工程（上营北区）,0,4,三公司华北分公司,000101000043000399a7
97173,中国建设银行股份有限公司党校教学配套用房(原地税培训中心)装修改造项目,0,NULL,三公司华北分公司,000101000043000399a7
90756,河西区解放南路（东侧一区）26号地幼儿园施工,0,NULL,三公司华北分公司,000101000043000399a7
81964,西局08地块商业、办公及酒店工程等2项,0,5,三公司华北分公司,000101000043000399a7
822595,固安中宏•新界南区一、二、三、四、五期35#、36#楼施工总承包工程,0,NULL,三公司华北分公司,000101000043000399a7
7584,丰台区王佐镇B1项目经理部,0,NULL,三公司华北分公司,000101000043000399a7
1083269,上园129号院3、4号楼及平房危旧楼房改建项目(3#住宅楼),0,4,三公司华北分公司,000101000043000399a7
1073647,梨园镇轨道站点周边重点区域综合治理提升项目（施工总承包）,0,5,三公司华北分公司,000101000043000399a7
1070505,北京通州排水管网专项治理EPC,1,4,三公司华北分公司,000101000043000399a7
1048213,北京林业大学雄安校区5-1#（后勤服务楼）建设项目,0,4,三公司华北分公司,000101000043000399a7
83441,朝阳区东风乡绿隔地区第一宗地（原朝阳区东风家园一区工程）项目（A座办公楼等14项）,0,NULL,三公司华北分公司,000101000043000399a7
825360,津滨高挂（挂）2019-13.14号地,NULL,NULL,三公司华北分公司,000101000043000399a7
822805,西礼尚庄城中村改造项目（A-02地块）-劳务,NULL,NULL,三公司华北分公司,000101000043000399a7
1086262,上园129号院3、4号楼及平房危旧楼房改建项目(3#住宅楼),0,5,三公司华北分公司,000101000043000399a7
1062461,北京城市副中心雨水方沟结构补强工程（一期）EPC设计施工总承包,0,5,三公司华北分公司,000101000043000399a7
1031090,江永县2023-2028年新增耕地开发项目EPC工程,0,2,三公司华北分公司,000101000043000399a7
1019268,唐山市路南区集中隔离点建设项目（EPC）,0,4,三公司华北分公司,000101000043000399a7
1003291,稻地镇农房抗震性能改造提升项目（一标段）工程总承包,0,NULL,三公司华北分公司,000101000043000399a7
823351,四季青镇常青回迁安置房项目-劳务,NULL,NULL,三公司华北分公司,000101000043000399a7
820742,津宁(挂）2017-01地块-A地块22#-38#楼、配建四-配建十及地下车库（一期）-劳务,NULL,NULL,三公司华北分公司,000101000043000399a7
818798,朝阳区东风乡绿隔地区第一宗地（原朝阳区东风家园一区工程）项目（A座办公楼等14项）工程-劳务,0,4,三公司华北分公司,000101000043000399a7
817850,XJ-08地块商业、办公及酒店工程等2项（北京市丰台区城乡一体化卢沟桥乡西局村旧村改造项目二期XJ-03-1、XJ-08地块二类居住、商业金融用地项目）-劳务,0,4,三公司华北分公司,000101000043000399a7
1004491,路南区女织寨乡农房抗震性能改造提升项目工程总承包,0,NULL,三公司华北分公司,000101000043000399a7
1083461,城市副中心减河北再生水厂配套污水干线工程,0,5,三公司华北分公司,000101000043000399a7
1027608,滨汇广场 (天津滨海旅游区02-02-13地块）一期,0,NULL,三公司华北分公司,000101000043000399a7
1000537,唐山市交大学校操场地下人防工程EPC总承包,1,5,三公司华北分公司,000101000043000399a7
814493,北京泛海,NULL,NULL,三公司华北分公司,000101000043000399a7
1047552,北京林业大学雄安校区 5-1#施工总承包,0,5,三公司华北分公司,000101000043000399a7
1083270,城市副中心减河北再生水厂配套污水干线工程施工,0,4,三公司华北分公司,000101000043000399a7
1026999,滨汇广场（天津滨海旅游区02-02-13地块）项目,0,4,三公司华北分公司,000101000043000399a7
1017605,南湖休闲美食广场提升改造项目EPCO（设计-采购-施工-试运营）总承包项目,0,4,三公司华北分公司,000101000043000399a7
111478,津宁（挂）2011-17号地块工程,0,5,三公司华北分公司,000101000043000399a7
103277,海泰项目售楼处钢结构及幕墙工程,0,NULL,三公司华北分公司,000101000043000399a7
90926,津宁（挂）2017-01号地块-A地块22#-38#楼、配建四-配建十及地下车库（一期）工程,0,5,三公司华北分公司,000101000043000399a7
83543,津宁（挂）2011-15地块,0,1,三公司华北分公司,000101000043000399a7
1097266,中国人民大学通州校区苏式古建项目,0,5,三公司华北分公司,000101000043000399a7
1079814,通州区土桥中路西侧棚户区改造项目工程总承包 （EPC）,0,5,三公司华北分公司,000101000043000399a7
1029858,路南区亚定点医院建设项目,0,4,三公司华北分公司,000101000043000399a7
997957,中新天津生态城旅游区域02-21地块住宅项目,0,5,三公司华北分公司,000101000043000399a7
100907,唐山南湖中央商务区核心区项目一期（A-02、A-03、A-07地块）总承包工程,0,5,三公司华北分公司,000101000043000399a7
1098994,北京通州学校改造项目,0,5,三公司华北分公司,000101000043000399a7
1087835,台湖镇生活垃圾转运站项目（施工）,0,5,三公司华北分公司,000101000043000399a7
1080694,通州区2025年平原重点区域造林绿化工程（二标段）（施工）,0,5,三公司华北分公司,000101000043000399a7
1067239,朝阳区东风乡绿隔地区第一宗地（原朝阳区东风家园一区工程）（6#写字楼/商业等20项）6#写字楼/商业、7#写字楼/酒店/商业、CK-2-2、CK-2-3 地下车库、12#、13#人防出入口,0,5,三公司华北分公司,000101000043000399a7
1015862,路南区南部城镇老旧管网改造提升项目设计、施工总承包,0,5,三公司华北分公司,000101000043000399a7
1003290,唐山市路南区供水保障工程项目（一期）居民区部分工程总承包,0,NULL,三公司华北分公司,000101000043000399a7
107305,唐山交大园（西南交大研究生院、交大酒店）项目 EPC 总承包,0,2,三公司华北分公司,000101000043000399a7
103791,中宏·新界（20#、21#、26#、27#、32#、5#S、6#S楼及部分地下车库）工程,0,5,三公司华北分公司,000101000043000399a7
97366,四季青镇常青回迁安置房项目,0,NULL,三公司华北分公司,000101000043000399a7
95755,西礼尚庄城中村改造项目A-02地块,0,5,三公司华北分公司,000101000043000399a7
719,西局村旧村改造项目一期项目,0,NULL,三公司华北分公司,000101000043000399a7
1044858,路南区公共卫生诊疗中心项目EPC总承包,0,5,三公司华北分公司,000101000043000399a7
1030514,创新里全民健身中心项目设计施工总承包  （EPC）,0,4,三公司华北分公司,000101000043000399a7
82475,中新天津生态城和畅园房屋修缮改造项目施工,0,1,三公司华北分公司,000101000043000399a7
10447,（1101030079）中航项目（大望京2号地626地块1#楼）,0,NULL,三公司华北分公司,000101000043000399a7
1090246,通州会议中心改造提升项目,0,5,三公司华北分公司,000101000043000399a7
1065185,四季青镇西郊机场周边及沿线（西冉、田村、常青片区）城中村改造西冉田村安置房项目（HD00-1408-0033地块） （A-01#住宅楼等36项）,0,4,三公司华北分公司,000101000043000399a7
1053091,朝阳区东风乡绿隔地区第一宗地（原朝阳区东风家园一区工程）（6#写字楼/商业等 20 项）8#写字楼/商业、 10#写字楼/商业、CK-2-4、CK-2-6 地下车库、1#~3#、6#、7#、14#人防出入口,0,4,三公司华北分公司,000101000043000399a7
1029692,信创产业链适配技术研发及成果转化综合服务能力提升一期、二期,0,4,三公司华北分公司,000101000043000399a7
1029227,创新里全民健身中心项目设计施工总承包（EPC）,0,2,三公司华北分公司,000101000043000399a7
25639,西局村旧村改造项目XJ-09商业金融用地项目,0,NULL,三公司华北分公司,000101000043000399a7
1062463,北京城市副中心排水管网结构隐患专项治理工程EPC设计施工总承包,0,2,三公司华北分公司,000101000043000399a7
991426,唐山市交大学校项目EPC总承包,0,5,三公司华北分公司,000101000043000399a7
111830,12#、13#、15#住宅楼、公共服务设施、16#住宅楼（昌平新城回迁小区定向安置房项目）,0,5,三公司华北分公司,000101000043000399a7
104291,西礼尚庄城中村改造项目A-03地块,0,5,三公司华北分公司,000101000043000399a7
829249,西礼尚庄城中村改造项目A-03地块-劳务,0,NULL,三公司华北分公司,000101000043000399a7
12668,（2103010158）永旺公交中心站工程,0,NULL,三公司华北分公司,000101000043000399a7
818780,汇丰苑-劳务,NULL,NULL,三公司华北分公司,000101000043000399a7
1027107,智能安防产业链协同创新园项目一期,0,4,三公司华北分公司,000101000043000399a7
97030,固安中宏•新界南区一、二、三、四、五期施工总承包工程,0,NULL,三公司华北分公司,000101000043000399a7
1061226,津宁(挂)2011-18号地块,0,5,三公司华北分公司,000101000043000399a7
1044980,朝阳区东风乡绿隔地区第一宗地（原朝阳区东风家园一区工程）（2-1#住宅楼等7项）,0,5,三公司华北分公司,000101000043000399a7
1022377,唐山市路南区文化创意产业园区基础设施改造提升项目 EPC 总承包,0,4,三公司华北分公司,000101000043000399a7
105512,津宁（挂） 2017-01 号地块—A 地块 3#-12#楼、14#-22#楼、 38#-45#楼、配建 1、配建 2、配建 11 及地下车库（二期）工程,0,5,三公司华北分公司,000101000043000399a7
826357,唐山交大园（西南交大研究生院、交大酒店）项目EPC总承包,0,NULL,三公司华北分公司,000101000043000399a7
1763,(1101030042)朝阳区东风乡绿隔第六宗地,0,NULL,三公司华北分公司,000101000043000399a7
1084910,武汉理工大学学科交叉创新示范园(军山校区二期)项目工程总承包(EPC),0,2,一公司湖北分公司,0001010000430008999a
1078663,安波福电气分配系统武汉工厂项目工程总承包(EPC),0,2,一公司湖北分公司,0001010000430008999a
1073733,随州曾都区中心医院龙门院区病房改造提升项目,0,5,一公司湖北分公司,0001010000430008999a
1004548,武汉泾河街五环停车楼项目,0,4,一公司湖北分公司,0001010000430008999a
1083888,武汉经开区军山科投官莲湖住宅改造项目,0,2,一公司湖北分公司,0001010000430008999a
89950,济南超算中心科技园项目一期（三标段）,0,2,一公司湖北分公司,0001010000430008999a
1077164,经开区雨水管网系统完善、提升工程设计施工总承包(EPC),0,2,一公司湖北分公司,0001010000430008999a
89316,济南市历城区教育局全福立交桥西北X-1地块学校建设项目,0,2,一公司湖北分公司,0001010000430008999a
1052474,远大医药永晟制剂工厂建设项目（一期）,0,5,一公司湖北分公司,0001010000430008999a
1041629,仙桃远大医药科诺生物厂房二期项目,0,5,一公司湖北分公司,0001010000430008999a
82971,济南鑫苑悦泉湾项目,0,NULL,一公司湖北分公司,0001010000430008999a
13416,济南鑫苑世家公馆二期项目,0,NULL,一公司湖北分公司,0001010000430008999a
111247,聊城信发高级中学项目工程施工,0,4,一公司湖北分公司,0001010000430008999a
109926,聊城市茌平区职业教育中心学校工程总承包（EPC）,0,NULL,一公司湖北分公司,0001010000430008999a
17255,呼雷汤温泉酒店土建工程,0,5,一公司湖北分公司,0001010000430008999a
1059016,中欧班列配套多式联运中转中心工程(一期),0,2,一公司湖北分公司,0001010000430008999a
89829,济南特警营房项目,0,4,一公司湖北分公司,0001010000430008999a
1084893,武汉同济军山医工产业园一期工程总承包(EPC+O)工程,0,2,一公司湖北分公司,0001010000430008999a
1055381,阳新远大医药制剂工厂建设项目（一期）,1,4,一公司湖北分公司,0001010000430008999a
1030139,远大医药科技中心项目（一期）施工总承包工程,0,5,一公司湖北分公司,0001010000430008999a
993618,茌平信发华兴化工有限公司40万吨/年聚氯乙烯项目,0,4,一公司湖北分公司,0001010000430008999a
99540,茌平县2018年棚户区改造项目隅东片区EPC项目,0,2,一公司湖北分公司,0001010000430008999a
1028339,中央储备粮昆明直属库有限公司扩建昆明粮油中心库项目四期,0,5,一公司湖北分公司,0001010000430008999a
104843,济南超算中心科技园项目二期工程总承包工程,0,4,一公司湖北分公司,0001010000430008999a
1101577,武汉洪山区武汉理工大学南院智园3舍宿舍维修工程（EPC）,0,2,一公司湖北分公司,0001010000430008999a
1098559,武汉经开区军山科投华科南P013地块产业园及配套EPC项目,0,5,一公司湖北分公司,0001010000430008999a
7708,济南鑫苑世家公馆项目,0,NULL,一公司湖北分公司,0001010000430008999a
1091595,聊城新材料产业园基础设施建设项目(一期)(EPC),0,2,一公司湖北分公司,0001010000430008999a
1005597,武汉市联勤第五代建办2021年度湖北区域第一批项目施工总承包,0,4,一公司湖北分公司,0001010000430008999a
91896,济南市历城区港沟街道港沟村城中村改造安置房项目,0,4,一公司湖北分公司,0001010000430008999a
41015,济南鑫苑世家项目三期工程,0,NULL,一公司湖北分公司,0001010000430008999a
22221,华熙LIVE·重庆鱼洞（巴南区体育中心综合整治）项目-地下停车库及北侧体育配套商业工程,0,NULL,一局六公司第十四大项目部,0001010000430007999d0015
16277,(2106080008)河南安阳中华梦幻谷项目部,0,NULL,一局六公司第十四大项目部,0001010000430007999d0015
1006065,华漕镇293街坊2/1（虹桥新商汇）项目二期项目,0,NULL,中建一局集团第一建筑有限公司,0001010000430008
96251,中建一局一公司西南分公司,1,4,中建一局集团第一建筑有限公司,0001010000430008
1008885,中建一局一公司河南分公司河南在施项目,0,5,中建一局集团第一建筑有限公司,0001010000430008
823073,北京百盛大厦办公及配套商业装修工程-劳务,NULL,NULL,中建一局集团第一建筑有限公司,0001010000430008
14692,中建一局一公司华东及海口地区集中招标,1,NULL,中建一局集团第一建筑有限公司,0001010000430008
995152,中建一局一公司江苏分公司,0,4,中建一局集团第一建筑有限公司,0001010000430008
14693,中建一局一公司华东和海南区域钢材招标,1,NULL,中建一局集团第一建筑有限公司,0001010000430008
98146,中建一局一公司江苏分公司山东在施项目,0,NULL,中建一局集团第一建筑有限公司,0001010000430008
92571,中国建筑一局（集团）有限公司一公司山东分公司,0,NULL,中建一局集团第一建筑有限公司,0001010000430008
1054756,韶关乐昌代建局街道内涝治理项目部,0,4,中建一局集团第一建筑有限公司,0001010000430008
989526,中建一局一公司华东分公司,0,4,中建一局集团第一建筑有限公司,0001010000430008
1084276,兴船重机动力供应工程,0,5,中国建筑一局（集团）有限公司华北公司,0001010000430080
1082447,第二批央企在京老旧小区综合整治项目(标包九十八)(东城区和平里街道) 工程总承包EPC,0,5,中国建筑一局（集团）有限公司华北公司,0001010000430080
1080754,天拖地块配套小学项目,0,5,中国建筑一局（集团）有限公司华北公司,0001010000430080
1079983,第三批央企在京老旧小区综合整治项目（标包一百一十五）（东城区东华门街道）,0,5,中国建筑一局（集团）有限公司华北公司,0001010000430080
1071944,广东省(肇庆)大型产业集聚区新材料产业园区基础设施建设项目（场地土方平整工程（四期））,0,5,中国建筑一局（集团）有限公司华北公司,0001010000430080
1065405,雄安新区雄县组团应急防汛排涝及配套管网工程（3、4号雨水泵站）建安工程3号雨水泵站,0,5,中国建筑一局（集团）有限公司华北公司,0001010000430080
1064083,长江左岸产城融合发展带人工智能产业园及配套基础设施提升项目人工智能产业园一标段设计施工总承包（EPC）,0,2,中国建筑一局（集团）有限公司华北公司,0001010000430080
1060243,通州区永顺镇0401街区46号地块（西马庄收储）B4综合性商业金融服务业用地项目,0,5,中国建筑一局（集团）有限公司华北公司,0001010000430080
1028511,数字经济产业园工程设计施工总承包,0,NULL,中国建筑一局（集团）有限公司华北公司,0001010000430080
1007376,廊霸路（城区段）拓宽改造工程,0,5,中国建筑一局（集团）有限公司华北公司,0001010000430080
993050,年产1200台非晶合金变压器、300台美式箱变电站项目 2#厂房工程,0,5,中国建筑一局（集团）有限公司华北公司,0001010000430080
106676,湾区产业投资大厦基坑支护、土石方及桩基础工程,0,NULL,中国建筑一局（集团）有限公司华北公司,0001010000430080
101646,百富科技大厦施工总承包工程,0,NULL,中国建筑一局（集团）有限公司华北公司,0001010000430080
100326,和茂苑项目示范区施工总承包工程,0,NULL,中国建筑一局（集团）有限公司华北公司,0001010000430080
100209,武汉华晟乾茂黄家湖项目（B-6）,0,NULL,中国建筑一局（集团）有限公司华北公司,0001010000430080
94737,滇中新区空港杉松园生产生活配套服务区开发建设项目场地平整（一期）,0,NULL,中国建筑一局（集团）有限公司华北公司,0001010000430080
92895,重庆鹏汇星耀天地项目24#、29~31#、36#楼C区2及36#楼B区车库施工总承包工程,0,NULL,中国建筑一局（集团）有限公司华北公司,0001010000430080
91797,江门合景领峰花园项目（一期）土建及机电总承包施工及总承包管理配合服务工程,0,5,中国建筑一局（集团）有限公司华北公司,0001010000430080
92402,前海合作区前湾十单元学校项目（国际学校部分）施工总承包,0,NULL,中国建筑一局（集团）有限公司华北公司,0001010000430080
84779,北京延庆世园B1#住宅楼等11项及幼儿园工程,0,NULL,中国建筑一局（集团）有限公司华北公司,0001010000430080
84847,中央华城三期总承包工程,0,NULL,中国建筑一局（集团）有限公司华北公司,0001010000430080
10163,大兴新金融基地1#-11#楼及配套项目建筑安装总承包工程,0,NULL,中国建筑一局（集团）有限公司华北公司,0001010000430080
1028996,滨河大道道路工程及繁富大街、繁盛大街、伟世大道施工总承包工程,0,5,中国建筑一局（集团）有限公司华北公司,0001010000430080
1026634,君通南疆宾馆综合改造项目施工,0,5,中国建筑一局（集团）有限公司华北公司,0001010000430080
1011456,滇中新区零碳示范园区建设（一期）设计、采购、施工总承包（EPC）,0,5,中国建筑一局（集团）有限公司华北公司,0001010000430080
1004317,霸州市全域供水管网升级改造项目（霸州水厂供水区域）施工,0,5,中国建筑一局（集团）有限公司华北公司,0001010000430080
997485,先导（昆明）新材料科技产业园项目18#地块一标段,0,5,中国建筑一局（集团）有限公司华北公司,0001010000430080
112109,滨海新区消防三项建设工程,0,5,中国建筑一局（集团）有限公司华北公司,0001010000430080
100113,前海合作区诚信三街等市政工程,0,5,中国建筑一局（集团）有限公司华北公司,0001010000430080
101745,滨海科技园渤龙新苑项目室内装修工程,0,NULL,中国建筑一局（集团）有限公司华北公司,0001010000430080
102660,江门领峰花园项目（二期）土建及机电总承包施工及总承包管理配合服务工程,0,5,中国建筑一局（集团）有限公司华北公司,0001010000430080
91138,锂离子动力电池及储能用锂离子电池生产项目（一期）施工总承包工程,0,NULL,中国建筑一局（集团）有限公司华北公司,0001010000430080
81401,G341线白银至中川至永登公路二期工程（白银至中川段）总承包部第三分部,0,3,中国建筑一局（集团）有限公司华北公司,0001010000430080
81549,濮阳市龙之光万达广场项目,0,NULL,中国建筑一局（集团）有限公司华北公司,0001010000430080
40871,深圳龙岗区启迪协信科技园一期总承包工程,0,4,中国建筑一局（集团）有限公司华北公司,0001010000430080
15385,廊坊北部湾*沁芳洲项目,0,NULL,中国建筑一局（集团）有限公司华北公司,0001010000430080
10197,房山区长阳镇01-08-03、01-11-04等地块居住、金融用地项目,0,NULL,中国建筑一局（集团）有限公司华北公司,0001010000430080
7335,北京联动项目,0,NULL,中国建筑一局（集团）有限公司华北公司,0001010000430080
1864,(2101170007)泰达广场G&H区,0,NULL,中国建筑一局（集团）有限公司华北公司,0001010000430080
1177,(1101030021)华北煤炭医学院外科住院楼,0,NULL,中国建筑一局（集团）有限公司华北公司,0001010000430080
818163,招商华府五标段1号楼工程-劳务,NULL,NULL,中国建筑一局（集团）有限公司华北公司,0001010000430080
1900,(2101170029)西红门鸿坤理想海商业中心A10,0,NULL,中国建筑一局（集团）有限公司华北公司,0001010000430080
816767,恒富大厦桩基础-劳务,NULL,NULL,中国建筑一局（集团）有限公司华北公司,0001010000430080
1079234,第三批央企在京老旧小区综合整治项目（标包二百八十八）（朝阳区来广营街道）工程总承包（EPC）,0,5,中国建筑一局（集团）有限公司华北公司,0001010000430080
1078085,津滨01-78产业H地块,0,5,中国建筑一局（集团）有限公司华北公司,0001010000430080
1072324,第二批央企在京老旧小区综合整治项目（标包二十九）（西城区德胜街道）工程总承包（一标段）,0,5,中国建筑一局（集团）有限公司华北公司,0001010000430080
1072323,第二批央企在京老旧小区综合整治项目（标包二十八）（东城区和平里街道） 工程总承包（一标段）,0,5,中国建筑一局（集团）有限公司华北公司,0001010000430080
1032048,房山区乡村公路水毁修复工程（第二批）—七工区,0,5,中国建筑一局（集团）有限公司华北公司,0001010000430080
1031125,房山区河道水毁修复工程(第一批）工程—四工区,0,5,中国建筑一局（集团）有限公司华北公司,0001010000430080
1021324,深圳市宝安区福永街道怀德旧村城市更新单元一期08地块施工总承包工程,0,5,中国建筑一局（集团）有限公司华北公司,0001010000430080
996894,安邦财险深圳总部大厦施工总承包,0,4,中国建筑一局（集团）有限公司华北公司,0001010000430080
991726,天津市宝坻区甜水湾花园小区项目,0,NULL,中国建筑一局（集团）有限公司华北公司,0001010000430080
990917,天津宝坻甜水湾花园小区项目,0,5,中国建筑一局（集团）有限公司华北公司,0001010000430080
104478,嵩明家居建材城项目设计施工总承包,0,NULL,中国建筑一局（集团）有限公司华北公司,0001010000430080
101509,安邦财险深圳总部大厦项目,0,5,中国建筑一局（集团）有限公司华北公司,0001010000430080
98316,中国人民解放军95429部队012、013、014栋营房修整工程,0,NULL,中国建筑一局（集团）有限公司华北公司,0001010000430080
84852,同济大学新建四平路校区彰武路研究生公寓（三期）及创新创业中心项目,0,NULL,中国建筑一局（集团）有限公司华北公司,0001010000430080
83723,深圳泰伦广场项目总承包工程,0,5,中国建筑一局（集团）有限公司华北公司,0001010000430080
81693,资阳花郡4#地块项目,0,NULL,中国建筑一局（集团）有限公司华北公司,0001010000430080
65394,招商银行金融创新大厦施工总承包工程,0,5,中国建筑一局（集团）有限公司华北公司,0001010000430080
25408,广佛江快速通道二期工程项目部,0,1,中国建筑一局（集团）有限公司华北公司,0001010000430080
25889,云南华丽高速项目第七标段,0,3,中国建筑一局（集团）有限公司华北公司,0001010000430080
25612,平赞项目,0,3,中国建筑一局（集团）有限公司华北公司,0001010000430080
17379,广华新城居住区615和621地块职工安置住宅项目,0,NULL,中国建筑一局（集团）有限公司华北公司,0001010000430080
16498,海拉尔项目,0,NULL,中国建筑一局（集团）有限公司华北公司,0001010000430080
7260,唐山曹家口平改工程（回迁区）,0,NULL,中国建筑一局（集团）有限公司华北公司,0001010000430080
3241,西安星河湾住宅一期工程,0,NULL,中国建筑一局（集团）有限公司华北公司,0001010000430080
1898,(2101170028)顺义新城马坡组团8号地西区,0,NULL,中国建筑一局（集团）有限公司华北公司,0001010000430080
1431,(2101170014)苏家屯SJT08-11地块一期,0,NULL,中国建筑一局（集团）有限公司华北公司,0001010000430080
80873,恒富大厦,0,4,中国建筑一局（集团）有限公司华北公司,0001010000430080
1102400,爱思达高性能结构功能一体轻质化研发中心项目,0,5,中国建筑一局（集团）有限公司华北公司,0001010000430080
1091986,华北基地展厅装修改造项目,0,5,中国建筑一局（集团）有限公司华北公司,0001010000430080
1082448,第二批央企在京老旧小区综合整治项目(标包九十九)(朝阳区大屯街道)工程总承包(EPC),0,5,中国建筑一局（集团）有限公司华北公司,0001010000430080
1058904,亦庄高新区物流园项目（市政基础设施）设计施工总承包,0,5,中国建筑一局（集团）有限公司华北公司,0001010000430080
1040750,房山区乡村公路水毁修复工程（第二批）—三工区,0,5,中国建筑一局（集团）有限公司华北公司,0001010000430080
1039610,九纵一街（前湾一路-公正北一街）工程,0,5,中国建筑一局（集团）有限公司华北公司,0001010000430080
1031181,房山区河北镇、十渡镇排水设施水毁修复工程-十渡镇（四工区）,0,5,中国建筑一局（集团）有限公司华北公司,0001010000430080
1026644,赵县碧水污水处理厂工程-土建及配套安装工程,0,5,中国建筑一局（集团）有限公司华北公司,0001010000430080
1020394,天津大港海滨港西学校项目,0,NULL,中国建筑一局（集团）有限公司华北公司,0001010000430080
1016681,2022年晋州市停车场建设项目-市医院南侧地下立体停车场项目EPC总承包,0,5,中国建筑一局（集团）有限公司华北公司,0001010000430080
992826,郑州专业教室工程,0,5,中国建筑一局（集团）有限公司华北公司,0001010000430080
106698,天津一汽丰田汽车有限公司新能源工厂建设项目总装检查联合厂房-检查车间,0,NULL,中国建筑一局（集团）有限公司华北公司,0001010000430080
109565,杭政储出（2019）30号地块人才专项租赁住房设计采购施工（EPC）总承包,0,5,中国建筑一局（集团）有限公司华北公司,0001010000430080
100076,只有红楼梦戏剧幻城配套商业项目施工总承包,0,5,中国建筑一局（集团）有限公司华北公司,0001010000430080
98851,西安合景汇峰项目施工总承包工程,0,5,中国建筑一局（集团）有限公司华北公司,0001010000430080
78850,昌平区南邵镇（昌平新城东区六期（东））0302-57地块F1住宅混合公建用地（配建“公共租赁住房”）项目,0,NULL,中国建筑一局（集团）有限公司华北公司,0001010000430080
40873,深圳北理莫斯科大学建设工程施工总承包Ⅰ标段,0,NULL,中国建筑一局（集团）有限公司华北公司,0001010000430080
45395,华为产品研发园总承包工程（南区）,0,NULL,中国建筑一局（集团）有限公司华北公司,0001010000430080
819423,深圳泰伦广场项目总承包工程-劳务,0,NULL,中国建筑一局（集团）有限公司华北公司,0001010000430080
1786,(2101170025)辽宁艺术中心,0,NULL,中国建筑一局（集团）有限公司华北公司,0001010000430080
1084288,第三批央企在京老旧小区综合整治项目（标包一百一十四）（朝阳区大屯街道、左家庄街道）工程总承包（EPC）,0,5,中国建筑一局（集团）有限公司华北公司,0001010000430080
1068231,天津师范大学新建宿舍楼项目施工（二标段）,0,5,中国建筑一局（集团）有限公司华北公司,0001010000430080
1058052,永清县市政排水管网一期改造项目工程总承包,0,5,中国建筑一局（集团）有限公司华北公司,0001010000430080
1044399,深圳市梅沙宾馆改造工程,0,5,中国建筑一局（集团）有限公司华北公司,0001010000430080
1031124,房山区河道水毁修复工程(第一批）工程—三工区,0,5,中国建筑一局（集团）有限公司华北公司,0001010000430080
1015286,杭政储出【2017】32号地块商业商务兼容排水用房项目——污水泵站上盖平台及围护结构,0,5,中国建筑一局（集团）有限公司华北公司,0001010000430080
1011843,融通地产（云南）有限责任公司昆明鼓楼大厦项目围挡、安全防护、垃圾清运等安全文明施工工程,0,NULL,中国建筑一局（集团）有限公司华北公司,0001010000430080
1011754,霸州市财信阳光文化教育基地,0,5,中国建筑一局（集团）有限公司华北公司,0001010000430080
992086,云南自贸区昆明片区形象大门-东绕城高速及机场高速节点形象大门建设工程,0,5,中国建筑一局（集团）有限公司华北公司,0001010000430080
990854,市法院审判业务用房调整改造工程,0,NULL,中国建筑一局（集团）有限公司华北公司,0001010000430080
112547,信息工程大学某大队公寓住房建设工程,0,NULL,中国建筑一局（集团）有限公司华北公司,0001010000430080
110758,信义科技大厦施工总承包工程,0,5,中国建筑一局（集团）有限公司华北公司,0001010000430080
94534,鸿坤新金融基地2号地A8-A10、B1-B6及3号地1-3号楼施工总承包工程,0,NULL,中国建筑一局（集团）有限公司华北公司,0001010000430080
90641,中建怡和雅苑,0,4,中国建筑一局（集团）有限公司华北公司,0001010000430080
81470,昆明综合保税区商务区二期项目(EPC)设计施工总承包项目,0,2,中国建筑一局（集团）有限公司华北公司,0001010000430080
62582,云南玉溪新天地万达广场,0,NULL,中国建筑一局（集团）有限公司华北公司,0001010000430080
26022,中储南仓一地块 A2 项目 总承包工程,0,NULL,中国建筑一局（集团）有限公司华北公司,0001010000430080
40878,华联南山B区地基与基础工程,0,NULL,中国建筑一局（集团）有限公司华北公司,0001010000430080
27880,亚新科天纬燃油系统（天津）有限公司建设燃油共轨喷射系统项目,0,NULL,中国建筑一局（集团）有限公司华北公司,0001010000430080
25628,深圳腾邦海捣网跨境商品展示交易中心,0,NULL,中国建筑一局（集团）有限公司华北公司,0001010000430080
18333,蒲公英中学施工总承包工程,0,NULL,中国建筑一局（集团）有限公司华北公司,0001010000430080
6639,珠海荔枝湾花园项目,0,NULL,中国建筑一局（集团）有限公司华北公司,0001010000430080
4639,连云港港逸花园项目,0,NULL,中国建筑一局（集团）有限公司华北公司,0001010000430080
1097051,第二批央企在京老旧小区综合整治项目（标包二百九十一）（朝阳区管庄乡）工程总承包（EPC）,0,5,中国建筑一局（集团）有限公司华北公司,0001010000430080
1084421,天津市经开区新型环保路面材料生产基地循环经济产业项目,0,5,中国建筑一局（集团）有限公司华北公司,0001010000430080
1072835,北京天坛饭店内部拆除工程,0,5,中国建筑一局（集团）有限公司华北公司,0001010000430080
1071810,新能源汽车产业化基地项目,0,5,中国建筑一局（集团）有限公司华北公司,0001010000430080
1053579,低温力学试验保障条件建设项目施工总承包,0,5,中国建筑一局（集团）有限公司华北公司,0001010000430080
1047487,中关村丰台园东区三期1516-53B地块项目（1#-研发办公楼等4项）,0,5,中国建筑一局（集团）有限公司华北公司,0001010000430080
1021923,济南遥墙机场项目,0,4,中国建筑一局（集团）有限公司华北公司,0001010000430080
1017033,邑升顺项目,0,5,中国建筑一局（集团）有限公司华北公司,0001010000430080
1015698,永清县第四小学项目（EPC）工程总承包,0,5,中国建筑一局（集团）有限公司华北公司,0001010000430080
991303,招商银行金融创新大厦项目0098地块高效制冷机房,0,NULL,中国建筑一局（集团）有限公司华北公司,0001010000430080
98801,武汉华晟乾茂黄家湖项目（B-2）,0,5,中国建筑一局（集团）有限公司华北公司,0001010000430080
103853,武汉华晟乾茂黄家湖项目（B-1、B-4）,0,5,中国建筑一局（集团）有限公司华北公司,0001010000430080
97358,文科大厦施工总承包工程,0,NULL,中国建筑一局（集团）有限公司华北公司,0001010000430080
98687,南京云商乐总部大厦项目施工总承包工程,0,5,中国建筑一局（集团）有限公司华北公司,0001010000430080
89568,株洲金茂如茂苑项目南区施工总承包工程,0,NULL,中国建筑一局（集团）有限公司华北公司,0001010000430080
83647,前湾消防及应急设施工程（一期）项目,0,NULL,中国建筑一局（集团）有限公司华北公司,0001010000430080
40880,华为产品研发园总承包工程,0,NULL,中国建筑一局（集团）有限公司华北公司,0001010000430080
26334,重庆复地金融中心,0,NULL,中国建筑一局（集团）有限公司华北公司,0001010000430080
14169,中国建设银行北京生产基地一期,0,4,中国建筑一局（集团）有限公司华北公司,0001010000430080
13248,武汉微电子项目,0,5,中国建筑一局（集团）有限公司华北公司,0001010000430080
7683,华发水郡花园三期B区一标段主体建安工程（B区）项目,0,NULL,中国建筑一局（集团）有限公司华北公司,0001010000430080
1899,(2101170023)地铁凤凰新城,0,NULL,中国建筑一局（集团）有限公司华北公司,0001010000430080
1074606,集团公司周转住房装修项目(西钓鱼台、世纪村),0,5,中国建筑一局（集团）有限公司华北公司,0001010000430080
1062146,锦悦庭项目EPC工程总承包,0,5,中国建筑一局（集团）有限公司华北公司,0001010000430080
992971,华北公司周转仓库,0,5,中国建筑一局（集团）有限公司华北公司,0001010000430080
992587,昆明市保利南亚之窗大厦项目土建施工总承包工程,0,5,中国建筑一局（集团）有限公司华北公司,0001010000430080
992366,华侨城第二总部大厦项目钢结构施工工程,0,NULL,中国建筑一局（集团）有限公司华北公司,0001010000430080
100576,创维海外发展大厦房屋建筑总承包工程,0,5,中国建筑一局（集团）有限公司华北公司,0001010000430080
92081,新金融基地B1办公楼等5项,0,NULL,中国建筑一局（集团）有限公司华北公司,0001010000430080
91369,石家庄新乐市美丽乡村建设,0,NULL,中国建筑一局（集团）有限公司华北公司,0001010000430080
91370,石家庄市2016年市级美丽乡村（新乐市-坚固村）建设项目设计采购施工总承包（EPC）,0,2,中国建筑一局（集团）有限公司华北公司,0001010000430080
82024,汝州市城北片区城中村改造项目二期,0,2,中国建筑一局（集团）有限公司华北公司,0001010000430080
48511,北京梵悦·万国府项目,0,NULL,中国建筑一局（集团）有限公司华北公司,0001010000430080
55564,龙山县职业教育中心建设项目,0,5,中国建筑一局（集团）有限公司华北公司,0001010000430080
28596,津南F4高层,0,NULL,中国建筑一局（集团）有限公司华北公司,0001010000430080
1694,(2101170005)神华技术创新基地,0,NULL,中国建筑一局（集团）有限公司华北公司,0001010000430080
1430,(2101170019)中铝科学技术研究院(一期),0,NULL,中国建筑一局（集团）有限公司华北公司,0001010000430080
2455,津南新城起步区H地块合畅园工程,0,NULL,中国建筑一局（集团）有限公司华北公司,0001010000430080
9685,廊坊鸿坤理想澜湾示范区项目,0,NULL,中国建筑一局（集团）有限公司华北公司,0001010000430080
3619,青岛碧桂园项目,0,NULL,中国建筑一局（集团）有限公司华北公司,0001010000430080
818377,招商银行金融创新大厦项目-劳务,0,NULL,中国建筑一局（集团）有限公司华北公司,0001010000430080
1635,通州合景项目,0,NULL,中国建筑一局（集团）有限公司华北公司,0001010000430080
815368,西柏坡红秀剧场建设项目,NULL,NULL,中国建筑一局（集团）有限公司华北公司,0001010000430080
1096581,国家高速公路网G4216成都至丽江高速公路华坪至丽江段2026年综合整治工程,0,5,中国建筑一局（集团）有限公司华北公司,0001010000430080
1068617,第二批央企在京老旧小区综合整治项目（标包四十五）（海淀区花园路街道、学院路街道、北太平庄街道、中关村街道）（一标段）项目,0,5,中国建筑一局（集团）有限公司华北公司,0001010000430080
1042536,6.29项目EPC工程总承包,0,2,中国建筑一局（集团）有限公司华北公司,0001010000430080
1040751,房山区乡村公路水毁修复工程（第二批）—五工区,0,5,中国建筑一局（集团）有限公司华北公司,0001010000430080
1032004,房山区乡村公路水毁修复工程（第二批）—一、六工区,0,5,中国建筑一局（集团）有限公司华北公司,0001010000430080
1031122,房山区河道水毁修复工程(第一批）工程—一工区,0,5,中国建筑一局（集团）有限公司华北公司,0001010000430080
1029596,深圳市宝安区福永街道怀德旧村城市更新单元二期07地块施工总承包工程,0,5,中国建筑一局（集团）有限公司华北公司,0001010000430080
1028176,徐州市2021-64号翠屏山B地块商品房项目,0,NULL,中国建筑一局（集团）有限公司华北公司,0001010000430080
1025652,昆明医科大学呈贡校区东、西苑连 接工程建设项目,0,5,中国建筑一局（集团）有限公司华北公司,0001010000430080
1016680,2022年晋州市停车场建设项目-信誉楼地下立体停车场项目EPC总承包,0,5,中国建筑一局（集团）有限公司华北公司,0001010000430080
1013619,天津中医药大学新校区三期工程-图书馆、博物馆、共享空间、研究生院、北大门、地下汽车库和人防工程及地下人防工程出入口施工工程,0,5,中国建筑一局（集团）有限公司华北公司,0001010000430080
1011455,武汉东庄、万家湖 110kV输电线路土建通道项目EPC工程总承包,0,5,中国建筑一局（集团）有限公司华北公司,0001010000430080
1009490,天津滨海新区航空产业园（八平方）标准厂房（空港经济区生物制造产业园）项目一期,0,NULL,中国建筑一局（集团）有限公司华北公司,0001010000430080
1002244,安徽联动天翼新能源动力电池及系统项目总承包工程,0,4,中国建筑一局（集团）有限公司华北公司,0001010000430080
1002089,华北公司京冀事业部,0,5,中国建筑一局（集团）有限公司华北公司,0001010000430080
998837,大理王宫·文旅基础设施综合体项目J地块施工总承包工程,0,NULL,中国建筑一局（集团）有限公司华北公司,0001010000430080
995318,顺义区顺义新城第13街区SY00-0013-6039等地块二类居住用地、康复护理用地和医院用地项目总承包工程,0,NULL,中国建筑一局（集团）有限公司华北公司,0001010000430080
110493,中节能之江华座项目（杭政储出[2019]53号地块）,0,NULL,中国建筑一局（集团）有限公司华北公司,0001010000430080
103267,3-1#楼酒店、商业等4项,0,5,中国建筑一局（集团）有限公司华北公司,0001010000430080
95350,安托山片区法定图则13-01地块项目施工总承包,0,NULL,中国建筑一局（集团）有限公司华北公司,0001010000430080
84785,社科院建外永安南里小区综合整治项目,0,NULL,中国建筑一局（集团）有限公司华北公司,0001010000430080
81469,廊坊-新奥•康保协同创新示范园EPC施工总承包项目,0,2,中国建筑一局（集团）有限公司华北公司,0001010000430080
82737,廊坊市市民服务中心项目合院裙楼施工总承包,0,4,中国建筑一局（集团）有限公司华北公司,0001010000430080
82609,泰丰贝悦汇大厦施工总承包工程,0,NULL,中国建筑一局（集团）有限公司华北公司,0001010000430080
28431,通州区运河核心区IX-11地块项目,0,4,中国建筑一局（集团）有限公司华北公司,0001010000430080
44710,华为研发实验室（一期）项目之桩基工程,0,NULL,中国建筑一局（集团）有限公司华北公司,0001010000430080
822403,津南新城C地块盈富商业中心1、9号楼及地下车库一、二工程,NULL,NULL,中国建筑一局（集团）有限公司华北公司,0001010000430080
821038,北京顺义牛栏山合景天汇广场项目-劳务,0,NULL,中国建筑一局（集团）有限公司华北公司,0001010000430080
1785,(2101170010)北塘总部基地二期,0,NULL,中国建筑一局（集团）有限公司华北公司,0001010000430080
2337,沈阳站西广场工程,0,NULL,中国建筑一局（集团）有限公司华北公司,0001010000430080
814339,凤凰县棚户区老政府地块改造项目施工总承包-劳务,NULL,NULL,中国建筑一局（集团）有限公司华北公司,0001010000430080
1101216,第二批、第三批央企在京老旧小区综合整治项目（标包一百一十三）（海淀区温泉镇）工程总承包（EPC）,0,5,中国建筑一局（集团）有限公司华北公司,0001010000430080
1090475,梦廊坊南大门建设项目南广场土建、机电工程,0,5,中国建筑一局（集团）有限公司华北公司,0001010000430080
1051557,永清县津兴高铁片区管网及配套建设项目工程总承包,0,5,中国建筑一局（集团）有限公司华北公司,0001010000430080
1044492,永清县人民医院迁建项目,0,5,中国建筑一局（集团）有限公司华北公司,0001010000430080
1006340,呈贡区万峰新冠肺炎集中隔离观察点,0,2,中国建筑一局（集团）有限公司华北公司,0001010000430080
993192,北京顺义合景天汇广场项目,0,NULL,中国建筑一局（集团）有限公司华北公司,0001010000430080
991986,天津市河东区成林道110号地块清理项目,0,NULL,中国建筑一局（集团）有限公司华北公司,0001010000430080
109647,欣嘉园 12 号地施工二标段,0,5,中国建筑一局（集团）有限公司华北公司,0001010000430080
110297,视源交互智能终端产业基地项目,0,5,中国建筑一局（集团）有限公司华北公司,0001010000430080
107690,宝坻区南部片区西环路新建工程,0,NULL,中国建筑一局（集团）有限公司华北公司,0001010000430080
90801,亚琦·潍坊物流商贸城,0,4,中国建筑一局（集团）有限公司华北公司,0001010000430080
92933,燕郊海绵城市-合流制管网溢流污染控制工程一期EPC总承包,0,2,中国建筑一局（集团）有限公司华北公司,0001010000430080
91357,北京顺义牛栏山项目一期土建、机电工程,0,NULL,中国建筑一局（集团）有限公司华北公司,0001010000430080
84821,中国核电工程有限公司研发基地一期工程Ⅱ标段项目,0,NULL,中国建筑一局（集团）有限公司华北公司,0001010000430080
81320,津南新城D地块合茂园三期项目,0,4,中国建筑一局（集团）有限公司华北公司,0001010000430080
84087,中国核电工程有限公司研发基地一期工程三标段施工,0,NULL,中国建筑一局（集团）有限公司华北公司,0001010000430080
12182,青岛星河湾项目,0,NULL,中国建筑一局（集团）有限公司华北公司,0001010000430080
4553,北京石景山启迪项目,0,NULL,中国建筑一局（集团）有限公司华北公司,0001010000430080
1865,(2101170011)X77R1地块拆迁安置房,0,NULL,中国建筑一局（集团）有限公司华北公司,0001010000430080
1570,北京富力通州核心区项目,0,NULL,中国建筑一局（集团）有限公司华北公司,0001010000430080
815205,长沙梅溪湖金茂湾F22地块总承包项目,0,NULL,中国建筑一局（集团）有限公司华北公司,0001010000430080
1099550,廊运集团廊坊临空智慧物流园围挡项目,0,5,中国建筑一局（集团）有限公司华北公司,0001010000430080
1090476,梦廊坊南大门建设项目南礼院土建、机电工程,0,5,中国建筑一局（集团）有限公司华北公司,0001010000430080
1083745,第三批央企在京老旧小区综合整治项目（标包二百八十三）（东城区和平里街道）工程总承包（EPC）,0,5,中国建筑一局（集团）有限公司华北公司,0001010000430080
1040752,房山区乡村公路水毁修复工程（第二批）—指挥部,0,5,中国建筑一局（集团）有限公司华北公司,0001010000430080
1031846,房山区河北镇、十渡镇排水设施水毁修复工程-指挥部,0,5,中国建筑一局（集团）有限公司华北公司,0001010000430080
1021378,锦绣天泽小区一期剩余工程,0,5,中国建筑一局（集团）有限公司华北公司,0001010000430080
1018045,津兴高铁永清新城站交通枢纽配套项目,0,5,中国建筑一局（集团）有限公司华北公司,0001010000430080
1013089,美里湖数据中心机房基础设施-机房环境建设项目,0,2,中国建筑一局（集团）有限公司华北公司,0001010000430080
1008742,中国石油勘探开发工程技术研发中心项目（A-19地块一期）（1#楼等15项）,0,5,中国建筑一局（集团）有限公司华北公司,0001010000430080
1000516,温州液化天然气（LNG）接收站项目接收站工程EPC-A2标段建筑工程,0,NULL,中国建筑一局（集团）有限公司华北公司,0001010000430080
995915,王益区王家河工业园区科创标准化厂房EPC项目（一期）,0,5,中国建筑一局（集团）有限公司华北公司,0001010000430080
104696,安新县农村人居环境改造提升（同口镇）项目设计施工总承包,0,NULL,中国建筑一局（集团）有限公司华北公司,0001010000430080
100811,32734部队招标大厅改造工程EPC总承包项目,0,NULL,中国建筑一局（集团）有限公司华北公司,0001010000430080
101593,昆明经济技术开发区茶高山截洪引清工程(EPC),0,NULL,中国建筑一局（集团）有限公司华北公司,0001010000430080
80974,潍坊光正实验学校项目二期建设工程,0,4,中国建筑一局（集团）有限公司华北公司,0001010000430080
84256,融悦大厦南区施工总承包项目,0,NULL,中国建筑一局（集团）有限公司华北公司,0001010000430080
83222,前海合作区前湾十单元学校项目基坑支护、土石方工程设计施工总承包及桩基础工程施工,0,NULL,中国建筑一局（集团）有限公司华北公司,0001010000430080
82322,滇中临空产业园工业污水处理厂设计施工总承包,0,2,中国建筑一局（集团）有限公司华北公司,0001010000430080
77733,天津武清鸿坤2、3、4#地建筑安装工程施工总承包,0,NULL,中国建筑一局（集团）有限公司华北公司,0001010000430080
40879,华联南山B区基坑支护及土方工程,0,NULL,中国建筑一局（集团）有限公司华北公司,0001010000430080
30619,滨江锦园二期,0,NULL,中国建筑一局（集团）有限公司华北公司,0001010000430080
27896,北京常营项目602地块及11#楼土建及水电安装工程,0,4,中国建筑一局（集团）有限公司华北公司,0001010000430080
10198,本溪希尔斯温泉小镇商业街项目,0,NULL,中国建筑一局（集团）有限公司华北公司,0001010000430080
7259,北京通州05 地块项目示范区,0,NULL,中国建筑一局（集团）有限公司华北公司,0001010000430080
9609,无锡XDG-2013-24号地块住宅项目,0,NULL,中国建筑一局（集团）有限公司华北公司,0001010000430080
1368,(2101170012)军粮城一期起步区住宅及配套5-6标,0,NULL,中国建筑一局（集团）有限公司华北公司,0001010000430080
816093,泰丰贝悦汇大厦施工总承包工程-劳务,0,NULL,中国建筑一局（集团）有限公司华北公司,0001010000430080
1083164,第二批央企在京老旧小区综合整治项目（标包一百一十一）（朝阳区小关街道、来广营街道）,0,5,中国建筑一局（集团）有限公司华北公司,0001010000430080
1065240,第二批央企在京老旧小区综合整治项目（标包二十五）（东城区和平里街道）工程总承包（EPC）,0,2,中国建筑一局（集团）有限公司华北公司,0001010000430080
1044397,南光（横琴）物流中心项目施工总承包工程,0,5,中国建筑一局（集团）有限公司华北公司,0001010000430080
1031010,北京市昌平区北七家镇东二旗村二期土地一级开发项目CP01-1503-0011、0001地块R2二类居住用地、A33基础教育用地项目,0,5,中国建筑一局（集团）有限公司华北公司,0001010000430080
1025190,通用技术集团昆明机床股份有限公司数控精密机床制造及铸造升级改造搬迁建设项目新建工程及技改工程,0,5,中国建筑一局（集团）有限公司华北公司,0001010000430080
1018742,华北公司北京分公司,0,4,中国建筑一局（集团）有限公司华北公司,0001010000430080
1011772,松山湖社区卫生服务中心迁建工程,0,5,中国建筑一局（集团）有限公司华北公司,0001010000430080
1003840,光环新网天津宝坻084地块土建总承包项目,0,5,中国建筑一局（集团）有限公司华北公司,0001010000430080
97281,金茂·岳茂苑,0,NULL,中国建筑一局（集团）有限公司华北公司,0001010000430080
98315,95668部队项目,0,5,中国建筑一局（集团）有限公司华北公司,0001010000430080
99122,廊坊市行政服务中心工程,0,NULL,中国建筑一局（集团）有限公司华北公司,0001010000430080
90175,天津公司武清项目1-1地块一期三期总承包工程,0,2,中国建筑一局（集团）有限公司华北公司,0001010000430080
47352,天津生态城南部片区青溪花苑项目二期项目部,0,0,中国建筑一局（集团）有限公司华北公司,0001010000430080
51637,西安佳莲里学院,0,NULL,中国建筑一局（集团）有限公司华北公司,0001010000430080
40867,深圳龙岗区启迪协信科技园项目二期总承包工程,0,5,中国建筑一局（集团）有限公司华北公司,0001010000430080
25210,沈机集团昆明机床项目,0,NULL,中国建筑一局（集团）有限公司华北公司,0001010000430080
17421,沈阳金沙 美丽都项目,0,NULL,中国建筑一局（集团）有限公司华北公司,0001010000430080
13670,天津津南FG地块银岛商业街项目,0,NULL,中国建筑一局（集团）有限公司华北公司,0001010000430080
819246,国家游泳中心南广场地下冰场建设项目（1#雨棚等4项 ）-劳务,0,NULL,中国建筑一局（集团）有限公司华北公司,0001010000430080
1255,(2101170026)北京京都转运中心一期,0,NULL,中国建筑一局（集团）有限公司华北公司,0001010000430080
1101591,天津航空物流区职工配套服务中心项目EPC工程总承包,0,2,中国建筑一局（集团）有限公司华北公司,0001010000430080
1091925,航空总医院1号楼外墙开裂及中庭挑空钢梁涂料开裂维修改造工程,0,5,中国建筑一局（集团）有限公司华北公司,0001010000430080
1090138,只有红楼梦戏剧幻城项目素土回填工程,0,5,中国建筑一局（集团）有限公司华北公司,0001010000430080
1084477,江门市（鹤山）精细化工产业园（扩园）基础配套设施建设项目-兴龙片区扩建工程项目(一期),0,5,中国建筑一局（集团）有限公司华北公司,0001010000430080
1084287,第二批央企在京老旧小区综合整治项目（标包一百一十二）（海淀区北下关街道、中关村街道）工程总承包（EPC）,0,5,中国建筑一局（集团）有限公司华北公司,0001010000430080
1083747,第三批央企在京老旧小区综合整治项目（标包二百八十四）（西城区德胜街道）工程总承包（EPC）,0,5,中国建筑一局（集团）有限公司华北公司,0001010000430080
1081041,廊坊开发区下庄头、上庄头、乃自房村城中村改造项目南区EPC工程总承包三标段,0,5,中国建筑一局（集团）有限公司华北公司,0001010000430080
1073126,北环路及永兴路排水管网工程EPC工程总承包项目,0,5,中国建筑一局（集团）有限公司华北公司,0001010000430080
1041284,美丽健康产业化创新建设项目（1#质检楼等17项）,0,5,中国建筑一局（集团）有限公司华北公司,0001010000430080
997486,先导（昆明）新材料科技产业园项目18#地块二标段,0,5,中国建筑一局（集团）有限公司华北公司,0001010000430080
991713,云南自贸区石龙路形象大门建设,0,5,中国建筑一局（集团）有限公司华北公司,0001010000430080
991583,辽宁庆阳特种化工有限公司129项目污水处理厂改造子项建设工程,0,NULL,中国建筑一局（集团）有限公司华北公司,0001010000430080
100363,前海合作区前湾十单元学校项目（民办学校部分）施工总承包工程,0,NULL,中国建筑一局（集团）有限公司华北公司,0001010000430080
98993,天津津南新城C地块1、9号楼及地库一期、二期总承包工程,0,5,中国建筑一局（集团）有限公司华北公司,0001010000430080
83830,天众塑胶厂城市更新单元工程施工总承包,0,5,中国建筑一局（集团）有限公司华北公司,0001010000430080
81624,洋湖之心A区土建总承包工程,0,NULL,中国建筑一局（集团）有限公司华北公司,0001010000430080
80814,秦皇岛市海港区张桥庄生活垃圾填埋场封场工程二次,0,4,中国建筑一局（集团）有限公司华北公司,0001010000430080
77784,长沙梅溪湖∙金茂湾项目,0,NULL,中国建筑一局（集团）有限公司华北公司,0001010000430080
47291,上善颐园·含芳苑项目,0,NULL,中国建筑一局（集团）有限公司华北公司,0001010000430080
9678,首创国际健康城项目示范区施工总承包工程,0,NULL,中国建筑一局（集团）有限公司华北公司,0001010000430080
1370,连云港开发区金融大厦项目,0,NULL,中国建筑一局（集团）有限公司华北公司,0001010000430080
1897,(2101170018)天津富力城津南项目B区二、三标段,0,NULL,中国建筑一局（集团）有限公司华北公司,0001010000430080
1381,(2101170022)第十二届全运会文化场馆档案馆,0,NULL,中国建筑一局（集团）有限公司华北公司,0001010000430080
1847,(2101170015)第十二届全运会文化场馆,0,NULL,中国建筑一局（集团）有限公司华北公司,0001010000430080
817717,花样年花郡一期二标段-劳务,NULL,NULL,中国建筑一局（集团）有限公司华北公司,0001010000430080
1083092,第二批央企在京老旧小区综合整治项目（标包九十五）（西城区德胜街道、展览路街道）工程总承包EPC,0,5,中国建筑一局（集团）有限公司华北公司,0001010000430080
1075075,第二批央企在京老旧小区综合整治项目（标包三十一）（朝阳区安贞街道、亚运村街道）工程总承包EPC项目,1,4,中国建筑一局（集团）有限公司华北公司,0001010000430080
1066231,第二批央企在京老旧小区综合整治项目（标包三十）（海淀区花园路街道）工程总承包（EPC）,0,2,中国建筑一局（集团）有限公司华北公司,0001010000430080
1060367,奉贤区海湾旅游区04-06地块保障性租赁住房项目,0,5,中国建筑一局（集团）有限公司华北公司,0001010000430080
1031847,房山区河道水毁修复工程(第一批）工程-指挥部,0,5,中国建筑一局（集团）有限公司华北公司,0001010000430080
1031180,房山区河北镇、十渡镇排水设施水毁修复工程-河北镇（二工区）,0,5,中国建筑一局（集团）有限公司华北公司,0001010000430080
1024891,津歧公路（轻纺大道～东风大桥）拓宽改造工程南段施工,0,5,中国建筑一局（集团）有限公司华北公司,0001010000430080
995917,温州液化天然气（LNG）接收站项目接收站工程3、4#LNG外罐工程,0,NULL,中国建筑一局（集团）有限公司华北公司,0001010000430080
994332,先导（昆明）新材料科技工业园项目场地预处理及挡土墙工程,0,5,中国建筑一局（集团）有限公司华北公司,0001010000430080
107725,航空机电（液压、燃油、环控）系统制造建设项目902号环控二动力试验厂房、903号液压试验厂房、904号燃油试验厂房及911号门房工程,0,5,中国建筑一局（集团）有限公司华北公司,0001010000430080
109568,华发汇华湾畔花园,0,5,中国建筑一局（集团）有限公司华北公司,0001010000430080
101447,燕郊西出口改建工程施工,0,NULL,中国建筑一局（集团）有限公司华北公司,0001010000430080
81626,G312线清水驿至苦水段、G109线忠和至河口段公路改建工程LJ-8标段,0,4,中国建筑一局（集团）有限公司华北公司,0001010000430080
84254,融悦大厦北区施工总承包合同,0,5,中国建筑一局（集团）有限公司华北公司,0001010000430080
50638,佳莲学院里住宅1#-11#、商业S1#-S6#及地下车库项目,0,5,中国建筑一局（集团）有限公司华北公司,0001010000430080
44338,中新广州知识城天韵住宅项目（1B期）项目一标段总承包工程,0,NULL,中国建筑一局（集团）有限公司华北公司,0001010000430080
25417,中国人寿天津空港经济区养老养生项目桩基工程,0,NULL,中国建筑一局（集团）有限公司华北公司,0001010000430080
16820,凯尔尚郡花园二期,0,NULL,中国建筑一局（集团）有限公司华北公司,0001010000430080
10633,天津津南JK地块银岛商业街项目,0,5,中国建筑一局（集团）有限公司华北公司,0001010000430080
1178,(2101170027)第十二届全运会游泳馆、多功能馆改造,0,NULL,中国建筑一局（集团）有限公司华北公司,0001010000430080
1783,(2101170016)丽水新城一期,0,NULL,中国建筑一局（集团）有限公司华北公司,0001010000430080
814122,天津武清鸿坤2、3、4#地建筑安装工程施工总承包项目-劳务,0,NULL,中国建筑一局（集团）有限公司华北公司,0001010000430080
1084779,航天临时工棚,0,5,中国建筑一局（集团）有限公司华北公司,0001010000430080
1083526,天津美术学院地纬路新建学生公寓项目,0,5,中国建筑一局（集团）有限公司华北公司,0001010000430080
1080274,廊坊开发区韩胜营村、梨园村棚户区改造(南区）项目,0,5,中国建筑一局（集团）有限公司华北公司,0001010000430080
1080257,第三批央企在京老旧小区综合整治项目（标包一百零一）,0,5,中国建筑一局（集团）有限公司华北公司,0001010000430080
1076813,HYJTTTFD改造项目施工总承包,0,5,中国建筑一局（集团）有限公司华北公司,0001010000430080
1070165,第二批央企在京老旧小区综合整治项目（标包三十一）（朝阳区安贞街道、亚运村街道）工程总承包（EPC）,0,2,中国建筑一局（集团）有限公司华北公司,0001010000430080
1056278,高功率激光器智慧工厂项目,0,5,中国建筑一局（集团）有限公司华北公司,0001010000430080
1026488,工业人工智能太湖产业基地项目施工总承包工程,0,5,中国建筑一局（集团）有限公司华北公司,0001010000430080
1008723,滨海新区看守所拘留所项目室外工程施工总承包,0,5,中国建筑一局（集团）有限公司华北公司,0001010000430080
101290,云南省昭通市鲁甸县第三中学项目,0,5,中国建筑一局（集团）有限公司华北公司,0001010000430080
90163,清华科技园（珠海）二期工程（2A区、2C区）基础工程施工,0,2,中国建筑一局（集团）有限公司华北公司,0001010000430080
90354,国家游泳中心南广场地下冰场建设工程项目（1#雨棚等4项）,0,NULL,中国建筑一局（集团）有限公司华北公司,0001010000430080
84624,滨海新区看守所拘留所建设项目,0,5,中国建筑一局（集团）有限公司华北公司,0001010000430080
76313,河北省职业技能公共实训基地项目综合服务楼施工,0,NULL,中国建筑一局（集团）有限公司华北公司,0001010000430080
57089,启迪科技城（肇庆）一期项目一标段工程施工总承包工程,0,4,中国建筑一局（集团）有限公司华北公司,0001010000430080
40883,望海小学施工总承包工程,0,NULL,中国建筑一局（集团）有限公司华北公司,0001010000430080
28080,南仓一地块 A2 项目总承包工程,0,NULL,中国建筑一局（集团）有限公司华北公司,0001010000430080
15325,昌平区东小口镇贺村中滩村组团A地块重点村旧村改造项目,0,NULL,中国建筑一局（集团）有限公司华北公司,0001010000430080
7823,圆通二期,0,NULL,中国建筑一局（集团）有限公司华北公司,0001010000430080
6244,郑州五龙口城中村改造开发区N04地块工程（郑州五龙口二期）,0,NULL,中国建筑一局（集团）有限公司华北公司,0001010000430080
817407,洋湖之心项目A区一标工程-劳务,NULL,NULL,中国建筑一局（集团）有限公司华北公司,0001010000430080
3579,天津津南双港142、147地块,0,NULL,中国建筑一局（集团）有限公司华北公司,0001010000430080
1745,本溪希尔斯温泉中心项目,0,NULL,中国建筑一局（集团）有限公司华北公司,0001010000430080
4177,华北公司总部,0,4,中国建筑一局（集团）有限公司华北公司,0001010000430080
816434,玉溪万达项目-劳务,NULL,NULL,中国建筑一局（集团）有限公司华北公司,0001010000430080
1096973,生物合成示范项目,0,5,中国建筑一局（集团）有限公司华北公司,0001010000430080
1084135,第二批央企在京老旧小区综合整治项目（标包一百一十）（朝阳区左家庄街道、香河园街道）,0,5,中国建筑一局（集团）有限公司华北公司,0001010000430080
1077300,泰达时尚广场街区A地块,0,5,中国建筑一局（集团）有限公司华北公司,0001010000430080
1054407,昆明君通南疆宾馆2024年提升性改造工程,0,5,中国建筑一局（集团）有限公司华北公司,0001010000430080
1031123,房山区河道水毁修复工程(第一批）工程—二工区,0,5,中国建筑一局（集团）有限公司华北公司,0001010000430080
1024496,天津市公交集团集团总部（辰纬路52号）光伏及充电桩建设工程一、二标段项目,0,2,中国建筑一局（集团）有限公司华北公司,0001010000430080
1010923,深圳市歌剧院临建项目,0,5,中国建筑一局（集团）有限公司华北公司,0001010000430080
1010095,数控机房等5项（数据中心机房、动力保障、总控中心、运行维护、科技研发及测试等金融后台服务用房）-B栋数控机房（第一部分）工程项目,0,5,中国建筑一局（集团）有限公司华北公司,0001010000430080
1009155,华北公司湖北分公司,0,5,中国建筑一局（集团）有限公司华北公司,0001010000430080
1003080,华东师范大学闵行校区绿色化学材料大楼项目,0,NULL,中国建筑一局（集团）有限公司华北公司,0001010000430080
1001869,昆明市第十三水质净化厂二期建设工程,0,5,中国建筑一局（集团）有限公司华北公司,0001010000430080
109614,招商银行金融创新大厦综合管廊工程,0,NULL,中国建筑一局（集团）有限公司华北公司,0001010000430080
98911,杭政储出【2017】32号地块商业商务兼容排水用房项目,0,5,中国建筑一局（集团）有限公司华北公司,0001010000430080
97487,杭政储出【2016】42号地块商业商务综合用房及社会停车场项目,0,5,中国建筑一局（集团）有限公司华北公司,0001010000430080
95907,华为生产中心G区改造项目总承包工程,0,NULL,中国建筑一局（集团）有限公司华北公司,0001010000430080
81958,新建京津中关村科技城中关村协同发展中心一期项目,0,NULL,中国建筑一局（集团）有限公司华北公司,0001010000430080
47412,寻梦牡丹亭大型实景演出项目演出创意策划及演出执行制作的施工总承包工程,0,NULL,中国建筑一局（集团）有限公司华北公司,0001010000430080
17414,昆河1号商业住宅,0,NULL,中国建筑一局（集团）有限公司华北公司,0001010000430080
830,北京崇文门项目,0,NULL,中国建筑一局（集团）有限公司华北公司,0001010000430080
2274,航华科贸中心A1、A2楼项目,0,NULL,中国建筑一局（集团）有限公司华北公司,0001010000430080
814512,FS00-YF06-0004地块1#住宅楼等17项（房山区城关中心区棚户区改造土地开发项目二期安置地块）5#、9#楼及G-2#、G-3#配套公建工程-劳务,NULL,NULL,中国建筑一局（集团）有限公司华北公司,0001010000430080
814086,深圳前湾消防及应急设施项目,NULL,NULL,中国建筑一局（集团）有限公司华北公司,0001010000430080
1101231,延庆区城乡供水一体化项目（一期）一体化加压泵站和八达岭加压站工程（施工）,0,5,中国建筑一局（集团）有限公司华北公司,0001010000430080
1083093,第二、三批央企在京老旧小区综合整治项目（标包号九十六）（施工总承包项目）,0,5,中国建筑一局（集团）有限公司华北公司,0001010000430080
1064082,第二批央企在京老旧小区综合整治项目（标包九）EPC工程,0,2,中国建筑一局（集团）有限公司华北公司,0001010000430080
1062011,天津市滨海新区新城镇棚户区改造收尾项目（中部区域）03-127 地块还迁安置房工程施工一标段,0,5,中国建筑一局（集团）有限公司华北公司,0001010000430080
1015722,二十里铺旧村改造4号地回迁房项目设计-施工（EPC）工程总承包,0,5,中国建筑一局（集团）有限公司华北公司,0001010000430080
1006112,熙麦（廊坊）智联网航空供应链项目试桩工程,0,5,中国建筑一局（集团）有限公司华北公司,0001010000430080
1005725,天津滨海新区航空产业区（八平方）标准厂房（空港经济区生物医药产业园）项目,0,5,中国建筑一局（集团）有限公司华北公司,0001010000430080
991266,经开三中教学楼改造勘察设计施工总承包项目,0,NULL,中国建筑一局（集团）有限公司华北公司,0001010000430080
991229,公安宁河分局看守所安防升级改造项目,0,5,中国建筑一局（集团）有限公司华北公司,0001010000430080
107661,航企生活保障基地项目(二期一标段)工程总包,0,5,中国建筑一局（集团）有限公司华北公司,0001010000430080
99619,黄埔大道646号项目土建及机电总承包施工及总承包管理配合服务,0,5,中国建筑一局（集团）有限公司华北公司,0001010000430080
101592,昆明经济技术开发区清水黄土坡片区再生水管网工程一期,0,NULL,中国建筑一局（集团）有限公司华北公司,0001010000430080
91403,只有红楼梦戏剧公园项目施工总承包工程,0,5,中国建筑一局（集团）有限公司华北公司,0001010000430080
80882,FS00-YF06-0004地块1#住宅楼等17项 （房山区城关中心区棚户区改造土地开发项目二期安置地块）5#、9#楼及G-2#、G-3#配套公建工程,0,NULL,中国建筑一局（集团）有限公司华北公司,0001010000430080
81321,津南新城E地块合祥园一期,0,4,中国建筑一局（集团）有限公司华北公司,0001010000430080
45556,湖南凤凰南华里项目,0,4,中国建筑一局（集团）有限公司华北公司,0001010000430080
40886,清华科技园（珠海）二期工程--创新大厦G、H座项目,0,4,中国建筑一局（集团）有限公司华北公司,0001010000430080
28244,金融谷4#地块12-16号楼,0,NULL,中国建筑一局（集团）有限公司华北公司,0001010000430080
25764,天津一汽丰田联合厂房涂装工程,0,NULL,中国建筑一局（集团）有限公司华北公司,0001010000430080
24521,昭君文化旅游区新博物馆,0,NULL,中国建筑一局（集团）有限公司华北公司,0001010000430080
16481,天津生态城南部片区青溪花苑项目一期项目部,0,NULL,中国建筑一局（集团）有限公司华北公司,0001010000430080
16466,滨海汇能东丽湖生态休闲居住区一期（商业）项目,0,NULL,中国建筑一局（集团）有限公司华北公司,0001010000430080
7667,郑州市五龙口城中村改造安置区N01地块工程,0,NULL,中国建筑一局（集团）有限公司华北公司,0001010000430080
6218,建设银生产行北京生产基地二期,0,NULL,中国建筑一局（集团）有限公司华北公司,0001010000430080
263,石家庄南二环东延道路工程,0,4,中国建筑一局（集团）有限公司华北公司,0001010000430080
1006614,金华市义乌福田街道白塘畈旧村改造全高层建设工程,0,4,中建一局集团第一建筑有限公司华东分公司,00010100004300080177
102678,三江都荟苑项目二期总承包工程,0,4,中建一局集团第一建筑有限公司华东分公司,00010100004300080177
82036,金华紫金湾B1地块二标段,0,4,中建一局集团第一建筑有限公司华东分公司,00010100004300080177
51746,景德镇碧桂园博能·天璟项目,0,NULL,中建一局集团第一建筑有限公司华东分公司,00010100004300080177
24924,2101050092 中国软件芜湖服务外包园一期,0,NULL,中建一局集团第一建筑有限公司华东分公司,00010100004300080177
18083,广西政法管理干部学院新校区一期学生宿舍、教学楼建设工程,0,NULL,中建一局集团第一建筑有限公司华东分公司,00010100004300080177
11171,佳兆业余政储出【2013】13号地,0,NULL,中建一局集团第一建筑有限公司华东分公司,00010100004300080177
823914,萧政储出（2018）29号地块商业商务（浙商银行钱江世纪城总部大楼）项目建安总承包工程,0,NULL,中建一局集团第一建筑有限公司华东分公司,00010100004300080177
6774,(1101200029)杭州高德,0,NULL,中建一局集团第一建筑有限公司华东分公司,00010100004300080177
819059,乐清市中心区B-c1-1b地块施工总承包工程-劳务,NULL,NULL,中建一局集团第一建筑有限公司华东分公司,00010100004300080177
6768,2101050089 中国商飞设计研发中心一期,0,NULL,中建一局集团第一建筑有限公司华东分公司,00010100004300080177
817781,海盐滨海新城项目部-劳务,0,NULL,中建一局集团第一建筑有限公司华东分公司,00010100004300080177
1024074,衢江区文体健康产业园二期工程-户外篮球场项目,0,5,中建一局集团第一建筑有限公司华东分公司,00010100004300080177
99645,正大园区管理服务中心项目（二期）工程,0,4,中建一局集团第一建筑有限公司华东分公司,00010100004300080177
81503,玉环市小城镇环境综合整治工程,0,NULL,中建一局集团第一建筑有限公司华东分公司,00010100004300080177
84074,建政储出（2018）06地块,0,4,中建一局集团第一建筑有限公司华东分公司,00010100004300080177
4640,杭州萧山荣星村,0,NULL,中建一局集团第一建筑有限公司华东分公司,00010100004300080177
1001803,义乌信息光电高新区人才社区项目工程总承包,0,5,中建一局集团第一建筑有限公司华东分公司,00010100004300080177
100388,浙商银行钱江世纪城总部大楼项目,0,5,中建一局集团第一建筑有限公司华东分公司,00010100004300080177
7240,2101050076 杭州国际办公中心A3一标,0,NULL,中建一局集团第一建筑有限公司华东分公司,00010100004300080177
8620,2101050109 白云亭文化中心等39个征收地块景观围墙建设工程,0,NULL,中建一局集团第一建筑有限公司华东分公司,00010100004300080177
90074,汽车南站上城临时过渡站点临时站房工程,0,4,中建一局集团第一建筑有限公司华东分公司,00010100004300080177
67853,湖州西湖漾单元01-03D-1号地块施工总承包工程,0,NULL,中建一局集团第一建筑有限公司华东分公司,00010100004300080177
27315,4000万吨/年炼化一体化项目一期二标段工程,0,NULL,中建一局集团第一建筑有限公司华东分公司,00010100004300080177
826110,萧政储出【2020】23号地块项目二标段,NULL,NULL,中建一局集团第一建筑有限公司华东分公司,00010100004300080177
1026357,衢州衢江区农投集团莲花镇商业地块住宅开发项目,0,NULL,中建一局集团第一建筑有限公司华东分公司,00010100004300080177
989677,良渚新城树兰国际医学中心项目主体工程,0,4,中建一局集团第一建筑有限公司华东分公司,00010100004300080177
111928,金华保利海秀花园二标段项目,0,4,中建一局集团第一建筑有限公司华东分公司,00010100004300080177
26146,华为杭州生产基地改扩建项目,0,NULL,中建一局集团第一建筑有限公司华东分公司,00010100004300080177
12775,2101050094 长兴综合物流园区公寓房及商务大厦,0,NULL,中建一局集团第一建筑有限公司华东分公司,00010100004300080177
8399,扬州香榭里花园二期土建及安装工程,0,4,中建一局集团第一建筑有限公司华东分公司,00010100004300080177
1887,2101050099 金华紫金湾,0,NULL,中建一局集团第一建筑有限公司华东分公司,00010100004300080177
1068063,太平鸟,0,4,中建一局集团第一建筑有限公司华东分公司,00010100004300080177
80390,临政储出[2017]41号锦北街道双林B-06地块,0,4,中建一局集团第一建筑有限公司华东分公司,00010100004300080177
13915,中建一局联合体（浙江金华紫金湾项目、铁路南京南站南广场二期工程）,1,NULL,中建一局集团第一建筑有限公司华东分公司,00010100004300080177
8909,2101050093 南瑞智能化电气装备产业园1-4标,0,NULL,中建一局集团第一建筑有限公司华东分公司,00010100004300080177
1595,千岛湖商务会议中心体育休闲中心度假公寓1#地块,0,NULL,中建一局集团第一建筑有限公司华东分公司,00010100004300080177
1022382,天能帅福得高能锂电池项目一期机电安装和净化工程二标段,0,4,中建一局集团第一建筑有限公司华东分公司,00010100004300080177
993235,衢江区文体健康产业园项目工程总承包（EPC）,0,5,中建一局集团第一建筑有限公司华东分公司,00010100004300080177
105356,三江都荟苑项目(5#-15#楼),0,5,中建一局集团第一建筑有限公司华东分公司,00010100004300080177
110656,祥符东单元GS0804-R22-01地块邻里中心设计-采购-施工（EPC）总承包项目部,0,2,中建一局集团第一建筑有限公司华东分公司,00010100004300080177
44709,正泰启迪智电港项目桩基工程,0,NULL,中建一局集团第一建筑有限公司华东分公司,00010100004300080177
19782,2101050081 海宁高星级酒店(一期),0,NULL,中建一局集团第一建筑有限公司华东分公司,00010100004300080177
1769,2101050086 青剑湖一期1A、1B区,0,NULL,中建一局集团第一建筑有限公司华东分公司,00010100004300080177
817582,杭政储出[2015]11号地块商业金融（艺术传媒）用房-劳务,NULL,NULL,中建一局集团第一建筑有限公司华东分公司,00010100004300080177
1083529,金华婺城交旅数智应急产业园项目,0,5,中建一局集团第一建筑有限公司华东分公司,00010100004300080177
1017807,衢江区农村生活污水治理“强基增效双提标”项目--EPC总承包合同,1,2,中建一局集团第一建筑有限公司华东分公司,00010100004300080177
39774,浙石化4000万吨炼化一体化项目一期工程1标、工程2标、公用工程6标工程,0,5,中建一局集团第一建筑有限公司华东分公司,00010100004300080177
24936,郑州鑫苑二期商业项目与郑西名家（荥阳）二期住宅及商业项目钢筋招标,0,NULL,中建一局集团第一建筑有限公司华东分公司,00010100004300080177
15786,复兴大厦桩基及基坑围护工程,0,NULL,中建一局集团第一建筑有限公司华东分公司,00010100004300080177
24926,2101050095 铁路南京南站 (南广场)二、三期废,0,NULL,中建一局集团第一建筑有限公司华东分公司,00010100004300080177
81499,埃及新行政首都CBD-P3项目,0,2,一局国际工程公司第九大项目部,0001010000430003002500010010
16889,俄罗斯海参崴酒店项目,0,NULL,一局国际工程公司第四大项目部,0001010000430003002500010004
1014458,中建一局集团（广东）建设有限公司,0,5,中建一局集团(广东)建设有限公司,0001010000430004999a
9797,2101050088 保利.观湖国际二期二标段,0,NULL,中建一局集团第一建筑有限公司华东分公司,00010100004300080177
1888,2101050097 海利得总部大楼及酒店,0,NULL,中建一局集团第一建筑有限公司华东分公司,00010100004300080177
999524,龙游妇女儿童健康医院项目EPC工程总承包,0,2,中建一局集团第一建筑有限公司华东分公司,00010100004300080177
91339,正大谷瑞现代机电制造项目（一期）,0,4,中建一局集团第一建筑有限公司华东分公司,00010100004300080177
80433,正大金色湖畔项目（二期）工程,0,NULL,中建一局集团第一建筑有限公司华东分公司,00010100004300080177
81570,嘉兴山水六旗项目B8~B11块总承包工程,0,NULL,中建一局集团第一建筑有限公司华东分公司,00010100004300080177
18812,2101050090 常州武进苏宁电器广场,0,NULL,中建一局集团第一建筑有限公司华东分公司,00010100004300080177
18532,2101050104 矽品科技内装机电工程,0,NULL,中建一局集团第一建筑有限公司华东分公司,00010100004300080177
821848,金华三江都荟苑项目,0,NULL,中建一局集团第一建筑有限公司华东分公司,00010100004300080177
1068535,浙赣合作省际窗口枢纽站配套工程--服务综合体（南区）设计施工总承包（EPC）,0,2,中建一局集团第一建筑有限公司华东分公司,00010100004300080177
1018517,四堡七堡单元JG1402-R22-49地块社区配套服 务中心,0,4,中建一局集团第一建筑有限公司华东分公司,00010100004300080177
96454,三江都荟苑项目一期总承包工程,0,4,中建一局集团第一建筑有限公司华东分公司,00010100004300080177
91955,湖州西湖漾单元  01- - 03D- -2 2  号地块施工总承包 工程,0,NULL,中建一局集团第一建筑有限公司华东分公司,00010100004300080177
81752,嘉兴山水六旗项目B17~B19地块总承包工程,0,NULL,中建一局集团第一建筑有限公司华东分公司,00010100004300080177
77811,杭政储出【2015】11号地块商业金融(艺术传媒）用房工程,0,NULL,中建一局集团第一建筑有限公司华东分公司,00010100004300080177
63904,景德镇碧桂园昌南府项目一期一标段总承包工程,0,NULL,中建一局集团第一建筑有限公司华东分公司,00010100004300080177
4515,郑州鑫苑鑫家二期商业项目施工总承包工程,0,NULL,中建一局集团第一建筑有限公司华东分公司,00010100004300080177
1019772,金华义乌陆港开发义甬舟大通道福田物流园区综合配套一标段,0,5,中建一局集团第一建筑有限公司华东分公司,00010100004300080177
1005006,富春湾智能安防制造项目,1,2,中建一局集团第一建筑有限公司华东分公司,00010100004300080177
996850,灵溪镇老旧住宅区改造工程（一期）项目,1,5,中建一局集团第一建筑有限公司华东分公司,00010100004300080177
24925,郑西名家(荥阳)二期住宅及商业项目,0,NULL,中建一局集团第一建筑有限公司华东分公司,00010100004300080177
15808,江南总部基地一期4#地块总承包项目,0,NULL,中建一局集团第一建筑有限公司华东分公司,00010100004300080177
13798,2101050080 南京市仙林物业发展第一B期,0,NULL,中建一局集团第一建筑有限公司华东分公司,00010100004300080177
14803,2101050098 苏州工业园区中新生态科技城住宅,0,NULL,中建一局集团第一建筑有限公司华东分公司,00010100004300080177
1064624,杭州淳安港中旅大排档提升项目施工总承包工程,0,5,中建一局集团第一建筑有限公司华东分公司,00010100004300080177
1046899,衢州智造新城时代锂电国际产业合作园配套安置房项目H-01#地块,0,5,中建一局集团第一建筑有限公司华东分公司,00010100004300080177
1021446,杭政储出【2022】15号地块施工总承包工程,0,4,中建一局集团第一建筑有限公司华东分公司,00010100004300080177
821308,湖州西湖漾项目-劳务,NULL,NULL,中建一局集团第一建筑有限公司华东分公司,00010100004300080177
4503,苏宁广西地区管理总部及配送中心项目,0,NULL,中建一局集团第一建筑有限公司华东分公司,00010100004300080177
814822,湖州西湖漾单元01-03D-1号地块,NULL,NULL,中建一局集团第一建筑有限公司华东分公司,00010100004300080177
1043068,杭州基地光储空低碳能源互联网系统项目,0,11,中建一局集团第一建筑有限公司华东分公司,00010100004300080177
7539,(2120013036)杭州萧山施家桥,0,NULL,中建一局集团第一建筑有限公司华东分公司,00010100004300080177
3764,2101050077 南京电气特高压电器产业园,0,NULL,中建一局集团第一建筑有限公司华东分公司,00010100004300080177
1079411,杭州民政社会服务配套用房及社会停车场项目,0,5,中建一局集团第一建筑有限公司华东分公司,00010100004300080177
1068528,宁波太平鸟全球时尚研发中心项目,0,5,中建一局集团第一建筑有限公司华东分公司,00010100004300080177
1025066,莲花镇202201商业地块开发项目,1,4,中建一局集团第一建筑有限公司华东分公司,00010100004300080177
992807,天城单元R21-34地块安置房设计采购施工（EPC）总承包,0,5,中建一局集团第一建筑有限公司华东分公司,00010100004300080177
930,2101050095 铁路南京南站 (南广场)二、三期,0,NULL,中建一局集团第一建筑有限公司华东分公司,00010100004300080177
3563,青奥会主媒体中心装修改造工程,0,NULL,中建一局集团第一建筑有限公司华东分公司,00010100004300080177
1002074,良渚新城树兰国际医学中心项目机电安装工程,0,11,中建一局集团第一建筑有限公司华东分公司,00010100004300080177
110310,萧政储出【2020】23号地块EPC工程总承包二标段项目,0,NULL,中建一局集团第一建筑有限公司华东分公司,00010100004300080177
84693,乐清市中心区B-c1-1b地块施工总承包工程,0,NULL,中建一局集团第一建筑有限公司华东分公司,00010100004300080177
10689,山东通益水产食品市场工程,0,5,中建一局集团第一建筑有限公司华东分公司,00010100004300080177
1077751,南充12英寸硅基OLED微显示产业园,0,5,中建一局集团建设发展有限公司西南分公司,00010100004300040015
1023618,成都田径网球运动训练中心,0,5,中建一局集团建设发展有限公司西南分公司,00010100004300040015
1019220,重庆市渝北区前沿科技城方舱医院,0,5,中建一局集团建设发展有限公司西南分公司,00010100004300040015
1003701,成都字节跳动办公楼项目,0,5,中建一局集团建设发展有限公司西南分公司,00010100004300040015
101743,成都成华区跳蹬河南路9号新建商品住宅项目一期,0,5,中建一局集团建设发展有限公司西南分公司,00010100004300040015
95413,张家口腾讯怀来瑞北云数据中心项目,0,5,中建一局集团建设发展有限公司西南分公司,00010100004300040015
92573,中船重工重庆永川智能制造产业园建设项目场地强夯工程,0,NULL,中建一局集团建设发展有限公司西南分公司,00010100004300040015
108018,中国商飞民机示范产业园二期项目,0,5,中建一局集团建设发展有限公司西南分公司,00010100004300040015
28235,成都温江区BLT,0,5,中建一局集团建设发展有限公司西南分公司,00010100004300040015
12376,重庆腾讯云计算中心,0,NULL,中建一局集团建设发展有限公司西南分公司,00010100004300040015
101192,成都锦绣江城EPC,0,NULL,中建一局集团建设发展有限公司西南分公司,00010100004300040015
81485,SK海力士重庆芯片封装项目（二期工程）,0,NULL,中建一局集团建设发展有限公司西南分公司,00010100004300040015
17126,成都泰康之家蜀园项目一期,0,NULL,中建一局集团建设发展有限公司西南分公司,00010100004300040015
1060159,成都电子科技大学博士公寓,0,5,中建一局集团建设发展有限公司西南分公司,00010100004300040015
1019218,德阳什邡隔离点援建工程,0,5,中建一局集团建设发展有限公司西南分公司,00010100004300040015
111733,重庆亚士创能长寿综合制造基地,0,5,中建一局集团建设发展有限公司西南分公司,00010100004300040015
92894,成都新津御宾府,0,NULL,中建一局集团建设发展有限公司西南分公司,00010100004300040015
74105,成都国际铁路港展览中心,0,NULL,中建一局集团建设发展有限公司西南分公司,00010100004300040015
14363,成都528艺术东村产业展示中心总承包工程,0,NULL,中建一局集团建设发展有限公司西南分公司,00010100004300040015
1091744,成都西南民族大学航空港校区研究生公寓,0,4,中建一局集团建设发展有限公司西南分公司,00010100004300040015
1030254,成都芯海科技研发总部办公楼,0,5,中建一局集团建设发展有限公司西南分公司,00010100004300040015
1007967,绵阳高新医院（肺病医院）建设项目,0,2,中建一局集团建设发展有限公司西南分公司,00010100004300040015
1003920,重庆锐石创芯MEMS器件生产基地新建工程（一期）,0,2,中建一局集团建设发展有限公司西南分公司,00010100004300040015
995835,成都大运会安居保障EPC项目,0,2,中建一局集团建设发展有限公司西南分公司,00010100004300040015
27262,重庆腾讯云计算中心二期,0,NULL,中建一局集团建设发展有限公司西南分公司,00010100004300040015
45825,成都乐天广场,0,NULL,中建一局集团建设发展有限公司西南分公司,00010100004300040015
1011459,成都阿里云未来科技城项目,0,5,中建一局集团建设发展有限公司西南分公司,00010100004300040015
994830,成都中医大附二院停车场,0,NULL,中建一局集团建设发展有限公司西南分公司,00010100004300040015
100815,重庆华发·滨江四季,0,NULL,中建一局集团建设发展有限公司西南分公司,00010100004300040015
3355,青白江区文化体育中心建设项目,0,NULL,中建一局集团建设发展有限公司西南分公司,00010100004300040015
1074142,成都四威科创基地项目（二期）,0,4,中建一局集团建设发展有限公司西南分公司,00010100004300040015
1058055,内江白马专业厂房EPC,0,2,中建一局集团建设发展有限公司西南分公司,00010100004300040015
1033677,成都大运会安居保障EPC市政工程,0,2,中建一局集团建设发展有限公司西南分公司,00010100004300040015
995095,绵阳市中心血站迁建,0,NULL,中建一局集团建设发展有限公司西南分公司,00010100004300040015
993808,资阳北部新城雷音大桥及路网项目,0,5,中建一局集团建设发展有限公司西南分公司,00010100004300040015
91447,成都蒲江鹤山街道办社区综合体,0,5,中建一局集团建设发展有限公司西南分公司,00010100004300040015
76472,成都中海·御湖世家总承包,0,NULL,中建一局集团建设发展有限公司西南分公司,00010100004300040015
19744,(2104120002)昆山龙飞光电厂房,0,NULL,中建一局集团建设发展有限公司西南分公司,00010100004300040015
10385,成都温江区蓉西新城新居B区,0,NULL,中建一局集团建设发展有限公司西南分公司,00010100004300040015
1084168,四川阆中直属库粮食仓储设施建设,0,4,中建一局集团建设发展有限公司西南分公司,00010100004300040015
1032158,成都大运会安居保障EPC弱电工程,0,11,中建一局集团建设发展有限公司西南分公司,00010100004300040015
98906,成都千行云谷,0,NULL,中建一局集团建设发展有限公司西南分公司,00010100004300040015
93038,成都新都区成青苑及桂荷馨苑小区,0,NULL,中建一局集团建设发展有限公司西南分公司,00010100004300040015
83106,成都黄甲尚善居C区,0,NULL,中建一局集团建设发展有限公司西南分公司,00010100004300040015
59493,重庆两江空港物流园项目,0,NULL,中建一局集团建设发展有限公司西南分公司,00010100004300040015
2427,(2104120004)苏州三星第8.5代TFT-LCD,0,NULL,中建一局集团建设发展有限公司西南分公司,00010100004300040015
1005030,成都锦绣湖畔,0,2,中建一局集团建设发展有限公司西南分公司,00010100004300040015
58274,上海腾讯改扩建厂房项目,0,NULL,中建一局集团建设发展有限公司西南分公司,00010100004300040015
61539,中粮·珑悦锦云项目总承包工程,0,NULL,中建一局集团建设发展有限公司西南分公司,00010100004300040015
1098988,成都中医药大学学科交叉创新中心建设,0,5,中建一局集团建设发展有限公司西南分公司,00010100004300040015
1063601,玉溪澄江设施农业生态蓝莓二期三标段,0,5,中建一局集团建设发展有限公司西南分公司,00010100004300040015
1028544,重庆“一带一路”商务中心改造机电,0,5,中建一局集团建设发展有限公司西南分公司,00010100004300040015
1026058,成都民航科技创新示范区一期,0,5,中建一局集团建设发展有限公司西南分公司,00010100004300040015
1000975,成华区团结村跳蹬河南路9号新建商品住宅、商业用房及附属设施项目（三期）施工总承包工程标段,0,5,中建一局集团建设发展有限公司西南分公司,00010100004300040015
81185,南京空港智能骨干网,0,NULL,中建一局集团建设发展有限公司西南分公司,00010100004300040015
83480,铜仁第二人民医院机电,0,NULL,中建一局集团建设发展有限公司西南分公司,00010100004300040015
49591,青白江PPP·房建,0,NULL,中建一局集团建设发展有限公司西南分公司,00010100004300040015
27904,成都青白江区智慧大道,0,NULL,中建一局集团建设发展有限公司西南分公司,00010100004300040015
2414,(1101040036)鄂尔多斯源盛光电第5.5代显示器（发展）,0,NULL,中建一局集团建设发展有限公司西南分公司,00010100004300040015
1025683,成都科创新城提升改造,0,NULL,中建一局集团建设发展有限公司西南分公司,00010100004300040015
111292,德阳市人民医院城北第五代医院项目,0,5,中建一局集团建设发展有限公司西南分公司,00010100004300040015
5324,成都市青白江区大同集中安置房,0,NULL,中建一局集团建设发展有限公司西南分公司,00010100004300040015
998858,成都双流TOD综合开发,0,5,中建一局集团建设发展有限公司西南分公司,00010100004300040015
98299,成都中医药大学附属第二医院一期工程项目,0,5,中建一局集团建设发展有限公司西南分公司,00010100004300040015
1074318,成都高端数控机床中试基地产业化厂房,0,5,中建一局集团建设发展有限公司西南分公司,00010100004300040015
1062374,成都中医药大学宿舍楼,0,5,中建一局集团建设发展有限公司西南分公司,00010100004300040015
998587,绵阳市中心血站迁建项目,0,2,中建一局集团建设发展有限公司西南分公司,00010100004300040015
92741,成都金牛人才公寓项目,0,5,中建一局集团建设发展有限公司西南分公司,00010100004300040015
1083488,西南区域危险废物环境风险防控中心武科院区,0,4,中建一局集团建设发展有限公司西南分公司,00010100004300040015
1079223,西南区域危险废物环境风险防控技术中心建设,0,4,中建一局集团建设发展有限公司西南分公司,00010100004300040015
1044552,四川水发科创中心机电,0,11,中建一局集团建设发展有限公司西南分公司,00010100004300040015
1040519,成都京东方创新中心,0,5,中建一局集团建设发展有限公司西南分公司,00010100004300040015
107492,四川泰康西南医院,0,5,中建一局集团建设发展有限公司西南分公司,00010100004300040015
9393,成都青白江区大同集中安置房(二期),0,NULL,中建一局集团建设发展有限公司西南分公司,00010100004300040015
1084763,眉山熙泰科技,0,4,中建一局集团建设发展有限公司西南分公司,00010100004300040015
1060157,成都医学院新都校区新医科实验楼,0,5,中建一局集团建设发展有限公司西南分公司,00010100004300040015
1008571,重庆云阳县水口镇产城融合示范项目EPC,0,5,中建一局集团建设发展有限公司西南分公司,00010100004300040015
1000470,成都泰和泰国际法律服务中心项目,0,5,中建一局集团建设发展有限公司西南分公司,00010100004300040015
101068,四川国际创新设计产业园A地块,0,5,中建一局集团建设发展有限公司西南分公司,00010100004300040015
81944,成都香榭林居二期,0,5,中建一局集团建设发展有限公司西南分公司,00010100004300040015
55592,青白江PPP·市政,0,NULL,中建一局集团建设发展有限公司西南分公司,00010100004300040015
55589,重庆腾讯云计算中心一期消防工程,0,NULL,中建一局集团建设发展有限公司西南分公司,00010100004300040015
992569,重庆云阳数智森林小镇产业园区(一期)EPC,0,5,中建一局集团建设发展有限公司西南分公司,00010100004300040015
92909,重庆腾讯云计算数据中心项目二期IDC消防工程,0,NULL,中建一局集团建设发展有限公司西南分公司,00010100004300040015
78988,贵阳市贵州妇女儿童国际医院机电,0,NULL,中建一局集团建设发展有限公司西南分公司,00010100004300040015
90632,南昌苏宁广场项目1-4/5地块施工总承包工程,0,4,中建一局集团第二建筑有限公司江西分公司,00010100004300020053
101305,鹰潭市纪委监委廉政教育中心,0,4,中建一局集团第二建筑有限公司江西分公司,00010100004300020053
1013263,青云谱区三店街道、洪都街道老旧小区提升改造项目（设计、采购、施工）EPC总承包,0,2,中建一局集团第二建筑有限公司江西分公司,00010100004300020053
992570,三南共建标准厂房示范园项目（赣州5G智能科技园一期）三标段,0,5,中建一局集团第二建筑有限公司江西分公司,00010100004300020053
83666,济民可信总部及新药产业化基地项目（一期）研发区项目,0,2,中建一局集团第二建筑有限公司江西分公司,00010100004300020053
1015200,鹰潭市月湖区廉政教育中心建设项目,0,NULL,中建一局集团第二建筑有限公司江西分公司,00010100004300020053
1015198,江西铜鼓高新技术成果孵化园项目一期,0,NULL,中建一局集团第二建筑有限公司江西分公司,00010100004300020053
112503,金坪K-08-06地块项目一期施工总承包工程,1,4,中建一局集团第二建筑有限公司江西分公司,00010100004300020053
90670,会昌县九州工业基地标准厂房宿舍楼建设工程设计、施工总承包(EPC)工程,1,2,中建一局集团第二建筑有限公司江西分公司,00010100004300020053
81058,高新区华勤南昌制造中心项目,0,4,中建一局集团第二建筑有限公司江西分公司,00010100004300020053
84397,S208 谢岗线余干县鹭鸶港至九龙段公路改建工程,0,5,中建一局集团第二建筑有限公司江西分公司,00010100004300020053
821364,萍乡市湘东区老关镇凯丰故里乡村振兴示范区（一期）-劳务,NULL,NULL,中建一局集团第二建筑有限公司江西分公司,00010100004300020053
995788,鹰潭市余江区廉政教育中心建设项目,0,5,中建一局集团第二建筑有限公司江西分公司,00010100004300020053
991611,国贸·江城花园,1,5,中建一局集团第二建筑有限公司江西分公司,00010100004300020053
111132,南昌高新电子精密结构件产业园项目,1,2,中建一局集团第二建筑有限公司江西分公司,00010100004300020053
95928,安义门窗特色产业小镇项目,0,2,中建一局集团第二建筑有限公司江西分公司,00010100004300020053
57223,（2102010831）南昌苏宁广场项目2-1/2-2/2-3地块施工总承包工程,0,NULL,中建一局集团第二建筑有限公司江西分公司,00010100004300020053
821436,济民可信总部及新药产业化基地项目-劳务,0,NULL,中建一局集团第二建筑有限公司江西分公司,00010100004300020053
991032,专用指控及保障装备产业化项目,1,5,中建一局集团第二建筑有限公司江西分公司,00010100004300020053
1027229,南昌市行知中学建设项目设计、采购、施工总承包,0,2,中建一局集团第二建筑有限公司江西分公司,00010100004300020053
1016368,南昌健康职业技术学院建设项目设计、采购、施工总承包,0,2,中建一局集团第二建筑有限公司江西分公司,00010100004300020053
90252,南昌苏宁广场项目1-1/2/3地块施工总承包工程,0,5,中建一局集团第二建筑有限公司江西分公司,00010100004300020053
65377,G70福银高速架桥互通立交项目,0,4,中建一局集团第二建筑有限公司江西分公司,00010100004300020053
1019013,南昌汉代海昏侯国遗址公园博物馆、游客服务展示中心及配套工程（墓园保护）,0,NULL,中建一局集团第二建筑有限公司江西分公司,00010100004300020053
995084,鹰潭市纪委、市监委月湖区廉政教育中心项目,0,NULL,中建一局集团第二建筑有限公司江西分公司,00010100004300020053
112051,南昌市高新区进贤电子信息产业园A区标准厂房及配套工程建设项目,0,NULL,中建一局集团第二建筑有限公司江西分公司,00010100004300020053
820918,S208谢岗线余干县至九龙段公路-劳务,0,NULL,中建一局集团第二建筑有限公司江西分公司,00010100004300020053
1022191,稻花香里-德安稻作文化生态旅游景区及配套基础设施（一期）项目,0,2,中建一局集团第二建筑有限公司江西分公司,00010100004300020053
1020993,年产4.7亿只汽车工程弹簧及新能源零部件一期工程,0,5,中建一局集团第二建筑有限公司江西分公司,00010100004300020053
1003884,专用指控及保障装备产业化项目二标段,1,5,中建一局集团第二建筑有限公司江西分公司,00010100004300020053
1003694,专用 VR/AR 及模拟训练装备产业化项目一标段,0,2,中建一局集团第二建筑有限公司江西分公司,00010100004300020053
816901,南昌汉代海昏侯国遗址公园博物馆工程-劳务,NULL,NULL,中建一局集团第二建筑有限公司江西分公司,00010100004300020053
1030261,安远县市民中心项目（城区综合停车场） EPC+F（设计、施工、采购、融资）,1,2,中建一局集团第二建筑有限公司江西分公司,00010100004300020053
1027162,江西教育415项目采购施工总承包,0,5,中建一局集团第二建筑有限公司江西分公司,00010100004300020053
1015197,鹰潭市纪委监委廉政中心项目,0,NULL,中建一局集团第二建筑有限公司江西分公司,00010100004300020053
1014315,宁都御制菜产业园项目,0,NULL,中建一局集团第二建筑有限公司江西分公司,00010100004300020053
83770,南昌市湾里城区部分路网及乌沙河等水系工程勘察设计施,0,2,中建一局集团第二建筑有限公司江西分公司,00010100004300020053
1015202,吉安幼儿师范高等专科学校建设项目施工总承包,0,NULL,中建一局集团第二建筑有限公司江西分公司,00010100004300020053
1015199,榕高新2020-03号地块,0,NULL,中建一局集团第二建筑有限公司江西分公司,00010100004300020053
998170,吉安滨江天懿项目,0,5,中建一局集团第二建筑有限公司江西分公司,00010100004300020053
96945,赣商中心项目,0,4,中建一局集团第二建筑有限公司江西分公司,00010100004300020053
821566,济民可信南昌生物（医药）产业园项目-劳务,0,NULL,中建一局集团第二建筑有限公司江西分公司,00010100004300020053
1014313,专用指控项目,0,NULL,中建一局集团第二建筑有限公司江西分公司,00010100004300020053
82923,济民可信生物医药产业园项目（一期）工程EPC总承包工程,0,2,中建一局集团第二建筑有限公司江西分公司,00010100004300020053
821435,南昌苏宁广场项目SF02-03地块-劳务,0,NULL,中建一局集团第二建筑有限公司江西分公司,00010100004300020053
1015194,南昌高新区进贤电子信息产业园A区标准厂房及配套工程建设项目,0,NULL,中建一局集团第二建筑有限公司江西分公司,00010100004300020053
111140,吉安幼儿师范高等专科学校建设项目,0,5,中建一局集团第二建筑有限公司江西分公司,00010100004300020053
90999,凤凰小区（铜鼓县城市棚户区改造）及凤凰山公园建设项目,1,2,中建一局集团第二建筑有限公司江西分公司,00010100004300020053
91307,萍乡市湘东区老关镇凯丰故里乡村振兴示范区（一期）建设项目,1,5,中建一局集团第二建筑有限公司江西分公司,00010100004300020053
821142,抚州市梦湖家园城市棚户区改造安置房建设项目勘察设计采购施工总承包（EPC）-劳务,0,NULL,中建一局集团第二建筑有限公司江西分公司,00010100004300020053
1016691,新宜吉科创芯孵化产业园项目,0,5,中建一局集团第二建筑有限公司江西分公司,00010100004300020053
1013254,安义职校二期项目（设计、采购、施工）EPC总承包,0,4,中建一局集团第二建筑有限公司江西分公司,00010100004300020053
1004559,一局二公司江西专班,0,4,中建一局集团第二建筑有限公司江西分公司,00010100004300020053
1003182,赣州综合商贸物流园E10地块粤港湾壹号I区施工总承包工程,0,NULL,中建一局集团第二建筑有限公司江西分公司,00010100004300020053
994867,榕高新2020-03地块（国贸·学原）项目,0,4,中建一局集团第二建筑有限公司江西分公司,00010100004300020053
112499,江西铜鼓高新技术成果孵化园建设项目（一期）,0,NULL,中建一局集团第二建筑有限公司江西分公司,00010100004300020053
112622,S208谢岗线余干县鹭鸶港至九龙段公路改建工程二标段,0,4,中建一局集团第二建筑有限公司江西分公司,00010100004300020053
111189,南康区老政宅基地安置点建设工程EPC工程总承包,1,2,中建一局集团第二建筑有限公司江西分公司,00010100004300020053
67765,南昌汉代海昏侯国遗址公园博物馆、游客服务展示中心及配套设施项目,0,NULL,中建一局集团第二建筑有限公司江西分公司,00010100004300020053
1016367,宁都县御制菜产业园项目,0,5,中建一局集团第二建筑有限公司江西分公司,00010100004300020053
998173,济民可信总部及新药产业化基地项目（一期）抗生素车间施工承包项目,0,5,中建一局集团第二建筑有限公司江西分公司,00010100004300020053
112621,抚州市梦湖家园项目部,0,5,中建一局集团第二建筑有限公司江西分公司,00010100004300020053
97125,安义县凤山片区安置房和凤山路北延工程（棚改项目）,0,4,中建一局集团第二建筑有限公司江西分公司,00010100004300020053
90373,南昌市洪都中医院二期工程（含中医药传承创新工程重点中医医院建设）项目,1,2,中建一局集团第二建筑有限公司江西分公司,00010100004300020053
77672,湾里区区域性旅游集散中心综合体项目,0,5,中建一局集团第二建筑有限公司江西分公司,00010100004300020053
56777,南昌高新电子产业园一期建设项目,0,2,中建一局集团第二建筑有限公司江西分公司,00010100004300020053
821298,南昌市湾里区区域性旅游集散中心综合体项目-劳务,NULL,NULL,中建一局集团第二建筑有限公司江西分公司,00010100004300020053
821143,湾里城区路网及乌沙河等水系改造工程勘察设计施工（EPC)总承包项目-劳务,0,4,中建一局集团第二建筑有限公司江西分公司,00010100004300020053
1063731,赣州市南康区第八人民医院建设项目,0,4,中建一局集团第二建筑有限公司江西分公司,00010100004300020053
1052767,专用指控及保障装备产业化项目一标段,0,2,中建一局集团第二建筑有限公司江西分公司,00010100004300020053
112630,安义凤山安置房项目,0,4,中建一局集团第二建筑有限公司江西分公司,00010100004300020053
94480,南昌市进贤县联决电子有限公司厂房一标段建设项目,0,4,中建一局集团第二建筑有限公司江西分公司,00010100004300020053
82529,抚州市梦湖家园城市棚户区改造安置房建设项目勘察设计,0,2,中建一局集团第二建筑有限公司江西分公司,00010100004300020053
820645,南昌市洪都中医院二期工程项目-劳务,0,NULL,中建一局集团第二建筑有限公司江西分公司,00010100004300020053
18418,沈阳宝马大东项目,0,NULL,一局国际工程公司第一大项目部,0001010000430003002500010002
1836,(2101190001)华晨宝马沈阳新厂房扩建（国际）,0,NULL,一局国际工程公司第一大项目部,0001010000430003002500010002
1085437,白水坡村农村基础设施补短板以及风貌提升项目,0,5,中国建筑一局（集团）有限公司华南公司广东分公司,000101000043002599dd
1077757,中山市东区街道2025年城镇老旧小区改造项目,0,5,中国建筑一局（集团）有限公司华南公司广东分公司,000101000043002599dd
1070800,湖光镇旧县村发展壮大集体经济项目,0,4,中国建筑一局（集团）有限公司华南公司广东分公司,000101000043002599dd
1063936,厚礼北村农村基础设施补短板以及风貌提升项目,0,4,中国建筑一局（集团）有限公司华南公司广东分公司,000101000043002599dd
1046781,广州市黄埔图书馆北侧地块项目,0,4,中国建筑一局（集团）有限公司华南公司广东分公司,000101000043002599dd
1028023,保利蕙兰苑项目,0,5,中国建筑一局（集团）有限公司华南公司广东分公司,000101000043002599dd
1011902,机场东区国际转运一号货站施工总承包工程,0,NULL,中国建筑一局（集团）有限公司华南公司广东分公司,000101000043002599dd
83505,合景天峻华府土建施工总承包工程,0,5,中国建筑一局（集团）有限公司华南公司广东分公司,000101000043002599dd
83310,泉州东海组团C-6-1地块一标段总承包工程,0,4,中国建筑一局（集团）有限公司华南公司广东分公司,000101000043002599dd
1068811,麻章区麻章镇典型镇“七个一”建设项目,0,4,中国建筑一局（集团）有限公司华南公司广东分公司,000101000043002599dd
1018972,广州市白云区均禾隔离酒店项目（三期）,0,5,中国建筑一局（集团）有限公司华南公司广东分公司,000101000043002599dd
1080593,麻章区推进全域旅游示范区创建提升项目二期(湖光红树林片区旅游设施提升工程)施工(微利),0,5,中国建筑一局（集团）有限公司华南公司广东分公司,000101000043002599dd
1054061,中山市东区街道2024年城镇老旧小区改造项目,0,4,中国建筑一局（集团）有限公司华南公司广东分公司,000101000043002599dd
1014230,广州市荔湾区西塱AF022050地块项目,0,4,中国建筑一局（集团）有限公司华南公司广东分公司,000101000043002599dd
98632,清远佳兆业城市广场一期项目,0,5,中国建筑一局（集团）有限公司华南公司广东分公司,000101000043002599dd
83496,誉山国际四区一期（商铺、高层住宅）,0,5,中国建筑一局（集团）有限公司华南公司广东分公司,000101000043002599dd
27531,佳兆业深圳中央广场03-04地块,0,4,中国建筑一局（集团）有限公司华南公司广东分公司,000101000043002599dd
27423,宝吉工业区改造项目03-11地块,0,NULL,中国建筑一局（集团）有限公司华南公司广东分公司,000101000043002599dd
10256,宝吉工业区改造项目03-03地块,0,NULL,中国建筑一局（集团）有限公司华南公司广东分公司,000101000043002599dd
1096891,太平镇典型镇建设项目（微利）,0,5,中国建筑一局（集团）有限公司华南公司广东分公司,000101000043002599dd
1029774,中山市东区街道2023年度老旧小区改造及沿街立面修整工程,0,5,中国建筑一局（集团）有限公司华南公司广东分公司,000101000043002599dd
1014420,广州市番禺区石楼镇利丰北侧地块项目工程施工总承包（一标段）,0,4,中国建筑一局（集团）有限公司华南公司广东分公司,000101000043002599dd
992718,清远佳兆业城市广场项目二期（威康地块）主体总承包工程,0,5,中国建筑一局（集团）有限公司华南公司广东分公司,000101000043002599dd
991988,深圳市盐田马留畲工业区城市更新单元项目,0,NULL,中国建筑一局（集团）有限公司华南公司广东分公司,000101000043002599dd
101120,佳颂花园一期、二期工程,0,4,中国建筑一局（集团）有限公司华南公司广东分公司,000101000043002599dd
110298,贵港市覃塘区覃塘镇特色镇建设项目电子商贸街（一期)-电商中心项目,0,NULL,中国建筑一局（集团）有限公司华南公司广东分公司,000101000043002599dd
98192,天泰金邸名门商住区1号商业、办公楼，2～8号住宅楼，9～13号商业楼，14号开关站，15号岗亭，16号地下室,0,5,中国建筑一局（集团）有限公司华南公司广东分公司,000101000043002599dd
98158,珠海勇达更新项目施工总承包工程,0,NULL,中国建筑一局（集团）有限公司华南公司广东分公司,000101000043002599dd
82591,贵港市荷家坞民俗风情度假村一期工程,0,NULL,中国建筑一局（集团）有限公司华南公司广东分公司,000101000043002599dd
51991,佛山万科金域滨江广场项目二期Ⅱ标段施工总承包工程,0,NULL,中国建筑一局（集团）有限公司华南公司广东分公司,000101000043002599dd
2698,半岛城邦花园（三期）施工总承包工程二标段,0,5,中国建筑一局（集团）有限公司华南公司广东分公司,000101000043002599dd
4818,智汇广场二标段,0,4,中国建筑一局（集团）有限公司华南公司广东分公司,000101000043002599dd
1082347,湖光市场升级改造工程(微利),0,5,中国建筑一局（集团）有限公司华南公司广东分公司,000101000043002599dd
1080667,省实东 36 班小学建设项目施工（微利）,0,5,中国建筑一局（集团）有限公司华南公司广东分公司,000101000043002599dd
1057520,麻章区湖光镇乡村振兴示范带建设项目（二期）,0,4,中国建筑一局（集团）有限公司华南公司广东分公司,000101000043002599dd
1024388,广州市番禺区保利利丰北地块项目三标段,0,5,中国建筑一局（集团）有限公司华南公司广东分公司,000101000043002599dd
1006761,广州市番禺区保利利丰北地块项目一标段,0,NULL,中国建筑一局（集团）有限公司华南公司广东分公司,000101000043002599dd
1002739,华强方特大厦项目施工总承包工程,0,NULL,中国建筑一局（集团）有限公司华南公司广东分公司,000101000043002599dd
999961,阳江岗鸿cn-08-02地块项目,0,NULL,中国建筑一局（集团）有限公司华南公司广东分公司,000101000043002599dd
26648,广州同宝路8号、10号地块（天墅项目）主体工程,0,4,中国建筑一局（集团）有限公司华南公司广东分公司,000101000043002599dd
25579,半岛城邦花园（四期）施工总承包工程二标段,0,5,中国建筑一局（集团）有限公司华南公司广东分公司,000101000043002599dd
1087545,太平镇太平市场升级改造工程(微利),0,5,中国建筑一局（集团）有限公司华南公司广东分公司,000101000043002599dd
1086344,太平镇文昌村重点村建设项目,0,5,中国建筑一局（集团）有限公司华南公司广东分公司,000101000043002599dd
1085436,田寮村农村基础设施补短板以及风貌提升项目,0,5,中国建筑一局（集团）有限公司华南公司广东分公司,000101000043002599dd
1021784,一局华南公司第三分公司,0,NULL,中国建筑一局（集团）有限公司华南公司广东分公司,000101000043002599dd
82032,金沙湾国际乐园项目06-02地块,0,0,中国建筑一局（集团）有限公司华南公司广东分公司,000101000043002599dd
81313,半岛城邦花园（三期）施工总承包工程二标段合同文件补充协议2之三、四、五期跨街连廊工程,0,5,中国建筑一局（集团）有限公司华南公司广东分公司,000101000043002599dd
1082221,麻章城区老旧小区综合改造工程第二批建设项目-瑞云路等道路排水改造工程,0,5,中国建筑一局（集团）有限公司华南公司广东分公司,000101000043002599dd
1067773,湛江市中心城区水系综合治理第二阶段（雨污分流）赤坎片区管网配套工程项目（一期）,0,4,中国建筑一局（集团）有限公司华南公司广东分公司,000101000043002599dd
14393,宝吉工业区改造项目03-02地块,0,NULL,中国建筑一局（集团）有限公司华南公司广东分公司,000101000043002599dd
1097583,田寮村产业发展项目,0,5,中国建筑一局（集团）有限公司华南公司广东分公司,000101000043002599dd
1077832,湛江市美术中学升级改造工程（不含校园信息化工程及教育设备购置）（微利）,0,5,中国建筑一局（集团）有限公司华南公司广东分公司,000101000043002599dd
100220,罗湖区翠竹街道木头龙小区更新单元项目总承包工程,0,5,中国建筑一局（集团）有限公司华南公司广东分公司,000101000043002599dd
89397,贵港市覃塘区覃塘镇特色镇建设项目电子商贸街（一期）商业住宅楼项目,0,NULL,中国建筑一局（集团）有限公司华南公司广东分公司,000101000043002599dd
81322,博翠天下府项目施工总承包工程,0,5,中国建筑一局（集团）有限公司华南公司广东分公司,000101000043002599dd
26424,胜坚紫悦花园项目,0,NULL,中国建筑一局（集团）有限公司华南公司广东分公司,000101000043002599dd
11178,宝吉工业区改造03-10地块保障房,0,NULL,中国建筑一局（集团）有限公司华南公司广东分公司,000101000043002599dd
1085678,畅侃村农村基础设施补短板以及风貌提升项目(奖补项目),0,5,中国建筑一局（集团）有限公司华南公司广东分公司,000101000043002599dd
1026572,星海丹堤花园工程,0,NULL,中国建筑一局（集团）有限公司华南公司广东分公司,000101000043002599dd
92852,深圳合景同创广场项目,0,NULL,中国建筑一局（集团）有限公司华南公司广东分公司,000101000043002599dd
82887,金沙湾国际乐园项目09-01地块,0,4,中国建筑一局（集团）有限公司华南公司广东分公司,000101000043002599dd
30420,金域滨江花园（二标段）,0,NULL,中国建筑一局（集团）有限公司华南公司广东分公司,000101000043002599dd
1096927,畅侃村农村基础设施补短板以及风貌提升项目（微利）,0,5,中国建筑一局（集团）有限公司华南公司广东分公司,000101000043002599dd
1065353,东区街道库充城中村微改造项目施工,0,4,中国建筑一局（集团）有限公司华南公司广东分公司,000101000043002599dd
995675,深圳佳兆业中央广场二期03-06地块轨道交通连接通道项目部,0,NULL,中国建筑一局（集团）有限公司华南公司广东分公司,000101000043002599dd
995142,新华保险大厦施工总承包,0,5,中国建筑一局（集团）有限公司华南公司广东分公司,000101000043002599dd
84654,佳兆业中央广场二期5栋工程,0,NULL,中国建筑一局（集团）有限公司华南公司广东分公司,000101000043002599dd
824301,罗湖区翠竹街道木头龙小区更新单元项目,0,NULL,中国建筑一局（集团）有限公司华南公司广东分公司,000101000043002599dd
1085748,白水坡农村基础设施补短板以及风貌提升项目（奖补项目）,0,5,中国建筑一局（集团）有限公司华南公司广东分公司,000101000043002599dd
1085434,大鹏村农村基础设施补短板以及风貌提升项目(奖补项目),0,5,中国建筑一局（集团）有限公司华南公司广东分公司,000101000043002599dd
997984,树根互联全国总部、三一集团华南总部项目主体技术服务工程,0,NULL,中国建筑一局（集团）有限公司华南公司广东分公司,000101000043002599dd
1094742,东区街道长江路沿线综合整治提升,0,5,中国建筑一局（集团）有限公司华南公司广东分公司,000101000043002599dd
1087385,广东省省级高水平疾控中心综合建设项目施工总承包,0,5,中国建筑一局（集团）有限公司华南公司广东分公司,000101000043002599dd
1086343,太平镇陈渔村重点村建设项目,0,5,中国建筑一局（集团）有限公司华南公司广东分公司,000101000043002599dd
1085435,田寮农村基础设施补短板以及风貌提升项目(奖补项目),0,5,中国建筑一局（集团）有限公司华南公司广东分公司,000101000043002599dd
1073061,麻章区人民政府业务用房改造,0,5,中国建筑一局（集团）有限公司华南公司广东分公司,000101000043002599dd
1013505,云海臻府项目施工总承包工程,0,4,中国建筑一局（集团）有限公司华南公司广东分公司,000101000043002599dd
1000155,益田雁山民国风情小镇建筑总承包工程,0,NULL,中国建筑一局（集团）有限公司华南公司广东分公司,000101000043002599dd
112300,海能达国际总部大厦项目,0,NULL,中国建筑一局（集团）有限公司华南公司广东分公司,000101000043002599dd
100837,佳熙雅园一期、二期工程,0,4,中国建筑一局（集团）有限公司华南公司广东分公司,000101000043002599dd
27424,呈祥花园二期1栋、2栋、3栋一标段,0,NULL,中国建筑一局（集团）有限公司华南公司广东分公司,000101000043002599dd
12625,智汇广场工程1,0,NULL,中国建筑一局（集团）有限公司华南公司广东分公司,000101000043002599dd
1094757,太平镇东黄村重点村建设项目,0,5,中国建筑一局（集团）有限公司华南公司广东分公司,000101000043002599dd
1063937,湖光镇旧县村典型村培育创建项目,0,4,中国建筑一局（集团）有限公司华南公司广东分公司,000101000043002599dd
1014079,白云机场三期扩建工程周边临空经济产业园区基础设施建设三期工程,0,5,中国建筑一局（集团）有限公司华南公司广东分公司,000101000043002599dd
993867,清远佳兆业城市广场项目五期（学校地块）主体总承包工程,0,5,中国建筑一局（集团）有限公司华南公司广东分公司,000101000043002599dd
110295,贵港市覃塘区图书馆项目及贵港市覃塘区文化馆项目,0,NULL,中国建筑一局（集团）有限公司华南公司广东分公司,000101000043002599dd
108398,三一集团珠海产业园港机二期6#厂房施工总承包工程,0,4,中国建筑一局（集团）有限公司华南公司广东分公司,000101000043002599dd
106371,广州金融城起步区 AT090908 地块（复建）项目,0,4,中国建筑一局（集团）有限公司华南公司广东分公司,000101000043002599dd
55614,佛山万科金域滨江花园项目(二标段)施工总承包工程,0,4,中国建筑一局（集团）有限公司华南公司广东分公司,000101000043002599dd
1045158,东区街道长江北路东侧岐江新城新建学校EPC总承包,0,4,中国建筑一局（集团）有限公司华南公司广东分公司,000101000043002599dd
1018856,云港城项目9#地块公区装修工程,0,5,中国建筑一局（集团）有限公司华南公司广东分公司,000101000043002599dd
1012628,广州市番禺区保利利丰北地块项目二标段,0,5,中国建筑一局（集团）有限公司华南公司广东分公司,000101000043002599dd
1001125,兴达地块新建住宅小区工程,0,5,中国建筑一局（集团）有限公司华南公司广东分公司,000101000043002599dd
993502,广东美味鲜调味食品有限公司中山厂区扩产项目,0,4,中国建筑一局（集团）有限公司华南公司广东分公司,000101000043002599dd
98189,广州白云国际机场物流综合服务大楼工程施工总承包,0,5,中国建筑一局（集团）有限公司华南公司广东分公司,000101000043002599dd
97804,利通智汇晶谷项目 C2-22-05 地块工程,0,5,中国建筑一局（集团）有限公司华南公司广东分公司,000101000043002599dd
89398,贵港市覃塘区覃塘镇特色镇建设项目电子商贸街（一期）接待中心项目,0,NULL,中国建筑一局（集团）有限公司华南公司广东分公司,000101000043002599dd
75171,佳兆业中央广场二期4栋工程,0,NULL,中国建筑一局（集团）有限公司华南公司广东分公司,000101000043002599dd
1082346,大鹏村农村基础设施补短板以及风貌提升项目,0,5,中国建筑一局（集团）有限公司华南公司广东分公司,000101000043002599dd
1003307,粤海·云港城11#地块,0,5,中国建筑一局（集团）有限公司华南公司广东分公司,000101000043002599dd
1018110,北京市朝阳区崔各庄乡奶西村棚户区改造土地开发项目29-318地块R2二类居住用地项目（1#住宅楼等20项）,0,4,中建一局集团第三建筑有限公司张春山项目部,000101000043000399ah999a999b
1025201,房山区京西棚户区改造安置房项目FS16-0001-0048、0059地块建设工程（施工）（土建）,0,4,中建一局集团第三建筑有限公司张春山项目部,000101000043000399ah999a999b
1101895,北京市朝阳区太阳宫新区D区土地一级开发项目CY00-0215-0627地块二类城镇住宅用地项目,0,5,中建一局集团第三建筑有限公司张春山项目部,000101000043000399ah999a999b
1081156,孙河组团2902-73地块B4综合性商业金融服务业用地项目,0,5,中建一局集团第三建筑有限公司张春山项目部,000101000043000399ah999a999b
1059178,北京市朝阳区酒仙桥旧城区改建项目1019-0005、0006、007地块项目（06-1#住宅楼等24项）（06-1#住宅楼等24项）,0,5,中建一局集团第三建筑有限公司张春山项目部,000101000043000399ah999a999b
1024668,房山区京西棚户区改造安置房项目（0038-01#住宅楼等55项）(0038-01#住宅楼等29项）,0,4,中建一局集团第三建筑有限公司张春山项目部,000101000043000399ah999a999b
1078066,天恒摩墅项目售后及空置房维修工程项目,0,5,中建一局集团第三建筑有限公司张春山项目部,000101000043000399ah999a999b
1020580,房山区京西棚户区改造安置房项目FS16-0001-0018地块,0,5,中建一局集团第三建筑有限公司张春山项目部,000101000043000399ah999a999b
1047395,闵行区七宝镇闵行新城MC10105单元08-07地块项目,0,4,一公司基础设施事业部,00010100004300080185
996054,仙居县经济开发区循环化改造提升项目管廊一期工程（EPC 总承包）,0,NULL,一公司基础设施事业部,00010100004300080185
103034,115省道天河至祁家湾段改建工程,0,NULL,一公司基础设施事业部,00010100004300080185
992583,武汉中建一局基础设施发展有限公司,0,4,一公司基础设施事业部,00010100004300080185
1011720,府君庙和等驾坡村民安置项目施工三标段（一公区）建设工程,0,4,一公司基础设施事业部,00010100004300080185
45703,横天公路项目,0,NULL,一公司基础设施事业部,00010100004300080185
1010536,长丰县龙门寺中心水厂项目-1,0,5,一公司基础设施事业部,00010100004300080185
992280,西安地铁15号线工程施工总承包项目4标段项目二分部,0,5,一公司基础设施事业部,00010100004300080185
104984,西安地铁八号线工程施工总承包1标段项目五分部,0,4,一公司基础设施事业部,00010100004300080185
1024996,上海市闵行绿化和市容管理局东部资源化利用中心项目,0,4,一公司基础设施事业部,00010100004300080185
1006866,聊城市松桂大街徒骇河桥及附属工程EPC,1,2,一公司基础设施事业部,00010100004300080185
996139,西安浐灞生态区数字经济园区基础设施及配套一期项目市政工程总承包（EPC）二工区,0,NULL,一公司基础设施事业部,00010100004300080185
82964,西安市高新区科技八路（河池塞立交-高新路以东）快速通道工程,0,3,一公司基础设施事业部,00010100004300080185
1075139,曲靖云南交投宣威至会泽高速公路路面工程,0,11,一公司基础设施事业部,00010100004300080185
1013995,丝路创智谷金融中心（一标段）,0,5,一公司基础设施事业部,00010100004300080185
28143,西安市地下综合管廊建设ＰＰＰ项目Ⅰ标段安装工程,0,3,一公司基础设施事业部,00010100004300080185
1045174,G310荥巩界至焦桐高速段改建工程施工3标段,0,5,一公司基础设施事业部,00010100004300080185
112457,长丰县龙门寺中心水厂工程,0,2,一公司基础设施事业部,00010100004300080185
1050087,飞鸾城镇综合污水处理厂建设运营一体化,0,4,一局华江公司厦门分公司,00010100004300070023
813818,安溪盛世金元居住小区二期工程-劳务,NULL,NULL,一局华江公司厦门分公司,00010100004300070023
1003523,中建一局,0,NULL,一局华江公司厦门分公司,00010100004300070023
994533,松原市江南第三净水厂工程工程总承包,0,5,三公司基础设施业务中心,00010100004300030017
1080617,太师屯镇山洪沟道水毁修复工程（第二批）,0,5,三公司基础设施业务中心,00010100004300030017
1055512,两渡铁路专用线环保整改一期项目,0,4,三公司基础设施业务中心,00010100004300030017
1046251,国道G508赤峰至曹妃甸公路滦州绕城段改建工程总承包,0,4,三公司基础设施业务中心,00010100004300030017
1091608,吉林省长春市绿园区2025年城镇老旧小区改造建设项目工程总承包五标段,0,4,三公司基础设施业务中心,00010100004300030017
1082309,科尔沁左翼后旗2025年高标准农田建设项目,0,5,三公司基础设施业务中心,00010100004300030017
1049677,阿拉善盟内蒙古西部荒漠综合治理项目（二期）设计施工总承包（EPC）,0,2,三公司基础设施业务中心,00010100004300030017
1040600,房山区北部山区沟道水毁修复工程,0,5,三公司基础设施业务中心,00010100004300030017
97172,104国道（五环路-清源路）市政管线工程6标段,0,NULL,三公司基础设施业务中心,00010100004300030017
38740,长春市创建“公交都市”农村公路建设项目,0,4,三公司基础设施业务中心,00010100004300030017
1077249,镇赉县污水处理厂设施设备提升改造建设项目工程,0,5,三公司基础设施业务中心,00010100004300030017
1080613,北庄镇2025年乡村公路水毁修复工程（第一批）二标段,0,5,三公司基础设施业务中心,00010100004300030017
1102691,吉林省长春市绿园区2025年城镇老旧小区改造建设项目工程-五标段,0,5,三公司基础设施业务中心,00010100004300030017
1072126,北京智慧生物科技创新中心项目（一期）工程,0,5,三公司基础设施业务中心,00010100004300030017
1056271,山西两渡铁路专用线环保整改一期项目工程总承包,0,5,三公司基础设施业务中心,00010100004300030017
1006243,中以防沙治沙生态产业园区核心示范区项目,0,NULL,三公司基础设施业务中心,00010100004300030017
76316,菏泽市人民路北延路工程,0,NULL,三公司基础设施业务中心,00010100004300030017
1031564,广东廉江核电项目配套附属一期-倒班宿舍工程施工,0,5,三公司基础设施业务中心,00010100004300030017
1080616,冯家峪镇2025年乡村公路水毁修复工程（第一批）（二标段）,0,5,三公司基础设施业务中心,00010100004300030017
1043320,广东廉江核电项目倒班宿舍一期工程施工,0,4,三公司基础设施业务中心,00010100004300030017
997877,通州区云景东路精品街道公共空间提升项目,0,NULL,三公司基础设施业务中心,00010100004300030017
1091921,怀柔科学城东区云西支二路(云西二街-密新路）道路工程,0,5,三公司基础设施业务中心,00010100004300030017
1080600,太师屯镇2025年乡村公路水毁修复工程（第一批,0,5,三公司基础设施业务中心,00010100004300030017
1027248,河南林州弓上抽水蓄能电站上下库连接道路工程项目,0,4,三公司基础设施业务中心,00010100004300030017
44877,宿迁洋河新区市政工程,0,3,三公司基础设施业务中心,00010100004300030017
1078470,长春市职工健康管理服务中心装修及消防改造项目,0,5,三公司基础设施业务中心,00010100004300030017
1053093,浑善达克-科尔沁沙地南缘治理一期项目,0,5,三公司基础设施业务中心,00010100004300030017
1029361,密云区农村污水治理第二片区PPP项目场站专业分包工程,0,4,三公司基础设施业务中心,00010100004300030017
1027561,国道G508赤峰至曹妃甸公路滦州绕城段改建工程项目,0,4,三公司基础设施业务中心,00010100004300030017
1008988,通化医药高新区冷链物流配套设施建设项目（施工）,0,5,三公司基础设施业务中心,00010100004300030017
1067652,浑善达克-科尔沁沙地南缘治理一期2025-2026年度施工总承包项目（第二标段）,0,5,三公司基础设施业务中心,00010100004300030017
1067653,通州区老城东部区域环境整治提升项目,0,5,三公司基础设施业务中心,00010100004300030017
1041613,泰兴开发区自来水厂项目土建工程分包,0,5,三公司基础设施业务中心,00010100004300030017
993335,池西区饮水安全及引水工程EPC总承包项目,0,5,三公司基础设施业务中心,00010100004300030017
1072201,三峡蒙能东胜热电近区（色连）4×1000MW扩建项目工程采购施工总承包（标段二）进厂、运煤路桥工程,0,5,五公司基础设施事业部,0001010000430005999t
1024837,2023 年昭阳区12所中小学、幼儿园建设项目,0,2,五公司基础设施事业部,0001010000430005999t
1018737,云南昭阳经济技术开发区白沙片区、旧圃片区、箐门片区基础设施及标准厂房、卡新公路、三善堂至乐居公路建设项目工程总承包工程,0,2,五公司基础设施事业部,0001010000430005999t
9980,(1201050002)基础设施事业部-南水北调东干渠盾构,0,NULL,五公司基础设施事业部,0001010000430005999t
1023344,昭阳经济技术开发区高原绿色产业30万平方米标准化厂房建设项目,0,NULL,五公司基础设施事业部,0001010000430005999t
101002,云南省普通高中建设项目EPC总承包（标段一）（四）,1,2,五公司基础设施事业部,0001010000430005999t
100998,云南省普通高中建设项目EPC总承包（标段一）（一）,1,2,五公司基础设施事业部,0001010000430005999t
1024337,包头市城市水生态提升综合利用PPP项目-非经营性PPP项目,0,NULL,五公司基础设施事业部,0001010000430005999t
101001,云南省普通高中建设项目EPC总承包（标段一）（三）,1,2,五公司基础设施事业部,0001010000430005999t
101000,云南省普通高中建设项目EPC总承包（标段一）（二）,1,2,五公司基础设施事业部,0001010000430005999t
101004,云南省普通高中建设项目EPC总承包（标段一）（五）,1,2,五公司基础设施事业部,0001010000430005999t
56952,包头水务第一项目部,0,3,五公司基础设施事业部,0001010000430005999t
56965,包头水务第二项目部,0,3,五公司基础设施事业部,0001010000430005999t
1063647,三峡蒙能东胜热电近区(色连)4x1000MW 扩建项目“五通一平”工程,0,5,五公司基础设施事业部,0001010000430005999t
95415,昭通市昭阳区靖安易地扶贫搬迁安置区建设项目二标段随迁户安置区、公共服务及基础设施配套建设工程,0,2,五公司基础设施事业部,0001010000430005999t
1061428,宁夏世强新能源有限公司平罗红崖子绿电园区100MV光伏复合发电项目,0,4,五公司基础设施事业部,0001010000430005999t
1007415,昭通市第二人民医院靖安分院工程总承包,0,2,五公司基础设施事业部,0001010000430005999t
57030,包头水务第三项目部,0,NULL,五公司基础设施事业部,0001010000430005999t
1024335,芳白城际五工区项目经理部,0,NULL,五公司基础设施事业部,0001010000430005999t
56763,包头水务第四项目部,0,NULL,五公司基础设施事业部,0001010000430005999t
1072174,三峡蒙能东胜热电近区(色连)4x1000MW扩建项目永临结合综合办公楼,0,5,五公司基础设施事业部,0001010000430005999t
1026875,昭通市大关县土地整治（补充耕地）二批次项目（EPC）,0,2,五公司基础设施事业部,0001010000430005999t
91068,昭通市昭阳区靖安乡易地扶贫搬迁安置区建设项目,0,2,五公司基础设施事业部,0001010000430005999t
77518,包头水务第五项目部,0,NULL,五公司基础设施事业部,0001010000430005999t
92810,鲁甸县卯家湾易地扶贫搬迁安置区建设项目二标段,0,4,五公司基础设施事业部,0001010000430005999t
1063645,平邑至鄄城高速公路兖州至郓城段工程施工,0,4,五公司基础设施事业部,0001010000430005999t
84014,威海国际经贸交流中心配套市政工程PPP项目,0,3,五公司基础设施事业部,0001010000430005999t
75150,福州市城市轨道交通4号线一期工程第2标段八工区,0,NULL,五公司基础设施事业部,0001010000430005999t
101806,云南省普通高中建设项目EPC总承包（标段一）（六）,1,2,五公司基础设施事业部,0001010000430005999t
1081782,房山区拱辰街道办事处梅花庄村商业金融项目（13#会议中心）,0,5,中建一局集团第三建筑有限公司北京分公司,000101000043000399a8
1075424,朝阳区平房乡黄杉木店平房区城中村改造2107-01住宅、2107-02托幼地块施工总承包工程,0,5,中建一局集团第三建筑有限公司北京分公司,000101000043000399a8
1071966,第三批央企在京老旧小区综合整治项目（标包二百零六）（海淀区紫竹院街道）,0,5,中建一局集团第三建筑有限公司北京分公司,000101000043000399a8
1044978,通州区2021年第三批老旧小区综合整治工程一标段（工程总承包、建筑师负责制）,0,5,中建一局集团第三建筑有限公司北京分公司,000101000043000399a8
89032,单县2017年棚户区改造建设项目总承包,0,NULL,中建一局集团第三建筑有限公司北京分公司,000101000043000399a8
1071011,通州区殡仪馆项目,0,5,中建一局集团第三建筑有限公司北京分公司,000101000043000399a8
1060885,通州区2022年第二批老旧小区综合整治项目三标段（工程总承包、建筑师负责制）,0,5,中建一局集团第三建筑有限公司北京分公司,000101000043000399a8
1060509,通州区 2022 年第二批老旧小区综合整治项目三标段（工程总承包、建筑师负责制）,0,4,中建一局集团第三建筑有限公司北京分公司,000101000043000399a8
1020536,2021年通州区老旧小区综合整治工程第一批（二标段）,0,5,中建一局集团第三建筑有限公司北京分公司,000101000043000399a8
1102689,中国儿童中心儿童探索自然体验馆项目,0,4,中建一局集团第三建筑有限公司北京分公司,000101000043000399a8
1087491,唐山市丰润区医疗卫生能力提升项目一标段工程总承包,0,5,中建一局集团第三建筑有限公司北京分公司,000101000043000399a8
1040552,中粮粮谷德州新建 90 万吨/年小麦加工项目二标段,0,4,中建一局集团第三建筑有限公司北京分公司,000101000043000399a8
1030580,廊坊海中信绿色云计算基地项目施工总承包,0,4,中建一局集团第三建筑有限公司北京分公司,000101000043000399a8
1016509,唐山市工人医院（一期项目）（2111-130200-89-01-759779）  设计采购施工(EPC)总承包,0,4,中建一局集团第三建筑有限公司北京分公司,000101000043000399a8
1014959,房山区拱辰街道FS00-0111-0019地块R2二类居住用地（配建“保障性租赁住房”）项目(土建),0,5,中建一局集团第三建筑有限公司北京分公司,000101000043000399a8
104906,北京市颐和金茂府项目,0,5,中建一局集团第三建筑有限公司北京分公司,000101000043000399a8
1076764,小龙河连心桥工程,0,5,中建一局集团第三建筑有限公司北京分公司,000101000043000399a8
1029619,中粮粮谷德州搬迁新建90万吨/年小麦加工项目施工总承包二标段,0,4,中建一局集团第三建筑有限公司北京分公司,000101000043000399a8
79115,刘智远城中村改造项目A-2地块项目,0,NULL,中建一局集团第三建筑有限公司北京分公司,000101000043000399a8
827920,海淀区四季青镇中坞重点村资金平衡用地北地块R2 二类居住用地项目（1 号住宅楼等 21 项）,0,NULL,中建一局集团第三建筑有限公司北京分公司,000101000043000399a8
818341,刘智远城中村改造项目A—2地块房地产开发项目-劳务,NULL,NULL,中建一局集团第三建筑有限公司北京分公司,000101000043000399a8
1071680,2024年通州区老旧小区市政管线改造项目施工（第四标段）,0,5,中建一局集团第三建筑有限公司北京分公司,000101000043000399a8
1044676,北京市昌平区北七家镇东二旗村二期土地一级开发项目 CP01-1503-0003 等地块用地项目(03-1#住宅楼等 31 项),0,4,中建一局集团第三建筑有限公司北京分公司,000101000043000399a8
1029618,北京市公安局昌平分局业务配套用房（业务配套用房）,0,4,中建一局集团第三建筑有限公司北京分公司,000101000043000399a8
81795,齐鲁国际塑化城二期1#楼、2#楼住宅楼-5#住宅楼,0,NULL,中建一局集团第三建筑有限公司北京分公司,000101000043000399a8
45309,北京金茂府660项目,0,NULL,中建一局集团第三建筑有限公司北京分公司,000101000043000399a8
819448,开封汴京华庭项目总承包工程-劳务,0,NULL,中建一局集团第三建筑有限公司北京分公司,000101000043000399a8
1098773,北京市朝阳区东坝乡单店区域平房区城中村改造项目1105-01地块二类城镇住宅用地项目(1至8#住宅楼、9#配套楼、10#配套楼、1#人防主要出入口、地下车库)施工总承包工程,0,4,中建一局集团第三建筑有限公司北京分公司,000101000043000399a8
1069223,中机检测智能应急装备检测产业园项目总承包工程,0,5,中建一局集团第三建筑有限公司北京分公司,000101000043000399a8
1031841,北京市朝阳区孙河乡前苇沟组团棚户区改造土地开发项目002、003地块 R2 二类居住用地建设项目（1#住宅楼等18项）,0,4,中建一局集团第三建筑有限公司北京分公司,000101000043000399a8
1016597,唐山市工人医院（一期项目）（2111-130200-89-01-759779）设计采购施工(EPC)总承包,0,2,中建一局集团第三建筑有限公司北京分公司,000101000043000399a8
1016139,房山区拱辰街道FS00-LX05-0045地块R2二类居住用地项目,0,4,中建一局集团第三建筑有限公司北京分公司,000101000043000399a8
65264,商丘建业壹号城邦施工总承包工程,0,NULL,中建一局集团第三建筑有限公司北京分公司,000101000043000399a8
83043,商丘爱琴海购物公园,0,NULL,中建一局集团第三建筑有限公司北京分公司,000101000043000399a8
1082539,2025年通州区老旧小区市政管线改造项目施工（第四标段）,0,5,中建一局集团第三建筑有限公司北京分公司,000101000043000399a8
1068895,北京市昌平区北七家镇东二旗村土地一级开发项目CP01-1503-0009地块R2二类居住用地项目（施工三标段）,0,5,中建一局集团第三建筑有限公司北京分公司,000101000043000399a8
1027388,北京市房山区良乡大学城主园区FS00-0120-0023地块R2二类居住用地项目,0,4,中建一局集团第三建筑有限公司北京分公司,000101000043000399a8
1009608,房山区拱辰街道FS00-0111-0018地块R2二类居住用地、FS00-0111-0016地块A33基础教育用地(配建“保障性租赁住房”)项目,0,5,中建一局集团第三建筑有限公司北京分公司,000101000043000399a8
825670,北京市丰台区南苑石榴庄0517-L02地块F1住宅混合公建用地项目-劳务,0,NULL,中建一局集团第三建筑有限公司北京分公司,000101000043000399a8
822187,房山区拱辰街道17-02-10地块F1住宅混合公建用地、17-02-09地块A33基础教育用地项目,0,NULL,中建一局集团第三建筑有限公司北京分公司,000101000043000399a8
1031771,北京市昌平区北七家镇东二旗村二期土地一级开发项目CP01-1503-0003地块R2二类居住用地项目,0,5,中建一局集团第三建筑有限公司北京分公司,000101000043000399a8
1026705,北京市房山区良乡大学城主园区 FS00-0120-0023 地块 R2 二类居住用地供地项目（1#住宅楼等 21 项）,0,NULL,中建一局集团第三建筑有限公司北京分公司,000101000043000399a8
1014063,工业厂房及附属配套设施项目A1-1#楼、A1-2#楼、A1-3#楼、A1-4楼局部装修,0,5,中建一局集团第三建筑有限公司北京分公司,000101000043000399a8
103438,北京市丰台区南苑石榴庄0517-L02地块F1住宅混合公建用地项目,0,5,中建一局集团第三建筑有限公司北京分公司,000101000043000399a8
1068896,北京市昌平区北七家镇东二旗村土地一级开发项目CP01-1503-0008地块B4综合性商业金融服务业用地项目（施工一标段）,0,5,中建一局集团第三建筑有限公司北京分公司,000101000043000399a8
1014956,房山区拱辰街道FS00-0111-0017地块R2二类居住用地（配建“保障性租赁住房”）项目(土建),0,5,中建一局集团第三建筑有限公司北京分公司,000101000043000399a8
827434,神武城中村改造一期项目B-9项目,0,NULL,中建一局集团第三建筑有限公司北京分公司,000101000043000399a8
820997,绿洲家园（单县2017年棚户区改造文化路周边片区二期）1#-21#楼、22#楼（幼儿园）、地下车库-劳务,NULL,NULL,中建一局集团第三建筑有限公司北京分公司,000101000043000399a8
1070395,京北云计算软件研发中心项目土建施工总承包工程,0,5,中建一局集团第三建筑有限公司北京分公司,000101000043000399a8
1040907,北京昌平智地国贤府03地块,0,5,中建一局集团第三建筑有限公司北京分公司,000101000043000399a8
1029218,北京市朝阳区孙河乡前苇沟组团棚户区改造土地开发项目002、003地块,0,4,中建一局集团第三建筑有限公司北京分公司,000101000043000399a8
1076397,北京市朝阳区平房乡黄杉木店平房区城中村改造项目2107-01地块R2二类居住用地项目（1#住宅楼等 16 项）,0,4,中建一局集团第三建筑有限公司北京分公司,000101000043000399a8
1039731,北京市昌平区北七家镇东二旗村二期土地一级开发项目CPO1-1503-0003地块R2类居住用地项目,0,5,中建一局集团第三建筑有限公司北京分公司,000101000043000399a8
822546,神武城中村改造一期项目B-6地块-劳务,NULL,NULL,中建一局集团第三建筑有限公司北京分公司,000101000043000399a8
1076638,张家坟B区棚户区改造土地开发项目蟒牛河左岸污水管线工程,0,5,中建一局集团第三建筑有限公司北京分公司,000101000043000399a8
1058908,通州区2023年第四批老旧小区综合整治项目一标段,0,5,中建一局集团第三建筑有限公司北京分公司,000101000043000399a8
1010349,北京市房山区拱辰街道办事处 FS00-LX05-0046、0056 地块 R2 二类居住用地项目（56-24#住宅楼等 11 项）三标段,0,NULL,中建一局集团第三建筑有限公司北京分公司,000101000043000399a8
112118,神武城中村改造一期项目B-9地块施工总承包,0,5,中建一局集团第三建筑有限公司北京分公司,000101000043000399a8
1046252,廊坊海中信绿色云计算基地项目,0,4,中建一局集团第三建筑有限公司北京分公司,000101000043000399a8
90371,开封汴京华庭项目,0,NULL,中建一局集团第三建筑有限公司北京分公司,000101000043000399a8
1095953,北京朝阳东坝金茂项目,0,5,中建一局集团第三建筑有限公司北京分公司,000101000043000399a8
1087448,良乡组团FS00-0110街区0001、0003、0004地块建设项目一期（展厅项目）,0,5,中建一局集团第三建筑有限公司北京分公司,000101000043000399a8
1068897,北京市昌平区北七家镇东二旗村土地一级开发项目CP01-1503-0002地块R2二类居住用地项目（施工二标段）,0,5,中建一局集团第三建筑有限公司北京分公司,000101000043000399a8
95876,济南神武城中村改造一期项目 B-6 地块总承包工程,0,NULL,中建一局集团第三建筑有限公司北京分公司,000101000043000399a8
91962,房山区拱辰街道17-02-10地块F1住宅混合公建用地、17-02-09地块A33基础教育用地项目总承包工程,0,NULL,中建一局集团第三建筑有限公司北京分公司,000101000043000399a8
1073018,唐山市第一中学新校园建设项目,0,5,中建一局集团第三建筑有限公司北京分公司,000101000043000399a8
1014065,静安里12号房屋维修项目,0,5,中建一局集团第三建筑有限公司北京分公司,000101000043000399a8
1010222,房山区拱辰街道 FS00-0111-0018 地块 R2 二类居住用地、FS00-0111-0016 地块 A33 基础教育用地（土建）,0,5,中建一局集团第三建筑有限公司北京分公司,000101000043000399a8
1002852,2020年通州区老旧小区综合整治工程（三标段）,0,5,中建一局集团第三建筑有限公司北京分公司,000101000043000399a8
993274,北京智地华发一标段项目,0,5,中建一局集团第三建筑有限公司北京分公司,000101000043000399a8
27517,北京鎏庄项目0517-661地块建设项目总承包工程,0,NULL,中建一局集团第三建筑有限公司北京分公司,000101000043000399a8
1065091,华源四里6号楼隐患改造工程,0,5,中建一局集团第三建筑有限公司北京分公司,000101000043000399a8
992589,北京市房山区拱辰街道办事处FS00-LX05-0046、0056地块R2二类居住用地项目（56-2#住宅楼等20项）,0,NULL,中建一局集团第三建筑有限公司北京分公司,000101000043000399a8
992026,北京市丰台区南苑乡分钟寺村L24、26地块 R2二类居住用地项目,0,0,中建一局集团第三建筑有限公司北京分公司,000101000043000399a8
1060535,津武（挂）2019-055号地块房地产开发雍盛广场EPC工程总承包,0,5,中建一局集团第三建筑有限公司总部,000101000043000399ah
1073400,四季青镇西郊机场周边及沿线(西冉、田村、常青片区)城中村改造西冉田村安置房项目(土护降)二标段,0,5,中建一局集团第三建筑有限公司总部,000101000043000399ah
1071516,四季青镇西郊机场周边及沿线（西冉、田村、常青片区）城中村改造西冉田村安置房项目（HD00-1408-0033地块）（A-01#住宅楼等36项）,0,5,中建一局集团第三建筑有限公司总部,000101000043000399ah
1064112,四季青镇西郊机场周边及沿线(西冉、田村、常青片区)城中村改造西冉田村安置房项目 (土护降)一标段,0,11,中建一局集团第三建筑有限公司总部,000101000043000399ah
1062145,津武（挂）2019-055号地块房地产开发雍盛广场EPC工程总承包,0,5,中建一局集团第三建筑有限公司总部,000101000043000399ah
666,(2106060003)瓯北12#、14#地块农改房一期项目,0,NULL,一局六公司第四大项目部,0001010000430007999d0007
51762,湖北黄石市大冶大道项目部,0,5,一局六公司第四大项目部,0001010000430007999d0007
17370,门头沟区少年宫项目,0,NULL,申德亮大项目部,00010100004300110013
1210,(2111010159)万隆广场A区裙房钢结构工程,0,NULL,申德亮大项目部,00010100004300110013
1211,(2111010173)内蒙古鄂温克旗赛马场,0,NULL,申德亮大项目部,00010100004300110013
992910,华东电力设计院办公大楼改扩建工程桩基工程,0,5,中建一局集团第一建筑有限公司直属项目,00010100004300080008
18753,上海光明项目,0,NULL,中建一局集团第一建筑有限公司直属项目,00010100004300080008
10685,南湖庄园二期工程,0,NULL,中建一局集团第一建筑有限公司直属项目,00010100004300080008
10670,昌硕科技生活配套区C区,0,NULL,中建一局集团第一建筑有限公司直属项目,00010100004300080008
589,复旦软件园高新技术产业基地配套项目,0,4,中建一局集团第一建筑有限公司直属项目,00010100004300080008
1026811,绥德路2弄27号装修工程,0,NULL,中建一局集团第一建筑有限公司直属项目,00010100004300080008
1025181,中建一局一公司上海区域所有项目,0,5,中建一局集团第一建筑有限公司直属项目,00010100004300080008
1004814,教培中心配套完善项目,0,NULL,中建一局集团第一建筑有限公司直属项目,00010100004300080008
1002630,银联商务新园区8号楼数据中心装修项目,0,NULL,中建一局集团第一建筑有限公司直属项目,00010100004300080008
110659,中外运大厦改造工程,0,NULL,中建一局集团第一建筑有限公司直属项目,00010100004300080008
26631,上海飞机客户服务有限公司C919大型客机研制保障条件建设二期项目,0,2,中建一局集团第一建筑有限公司直属项目,00010100004300080008
30334,上海市青浦区徐径镇联虹西虹桥32-01地块项目（E地块）项目,0,NULL,中建一局集团第一建筑有限公司直属项目,00010100004300080008
16816,无锡阳山东方田园一期工程,0,NULL,中建一局集团第一建筑有限公司直属项目,00010100004300080008
16780,复旦大学附属华山医院临床医学中心工程（桩基除外）,0,NULL,中建一局集团第一建筑有限公司直属项目,00010100004300080008
6911,(2120013035)奇瑞量子,0,NULL,中建一局集团第一建筑有限公司直属项目,00010100004300080008
6690,(1101200042)内蒙古伊品生物氨基酸项目及附属工程,0,NULL,中建一局集团第一建筑有限公司直属项目,00010100004300080008
6691,(1101200039)上海通用汽车天津售后配件配送中心,0,NULL,中建一局集团第一建筑有限公司直属项目,00010100004300080008
1669,复星健康蜂巢苏州项目桩基 基坑支护 土方开挖及外运工程,0,NULL,中建一局集团第一建筑有限公司直属项目,00010100004300080008
1019657,阿斯麦北京运营基地项目,0,NULL,中建一局集团第一建筑有限公司直属项目,00010100004300080008
19740,(2120013039)索尔维临时设施,0,NULL,中建一局集团第一建筑有限公司直属项目,00010100004300080008
16911,铠嘉电脑配件一期厂房新建工程,0,4,中建一局集团第一建筑有限公司直属项目,00010100004300080008
18549,（2120013041）温州BT保障房,0,NULL,中建一局集团第一建筑有限公司直属项目,00010100004300080008
11216,苏地2011-G-32地块项目,0,NULL,中建一局集团第一建筑有限公司直属项目,00010100004300080008
4518,三亚山海天酒店改造项目,0,NULL,中建一局集团第一建筑有限公司直属项目,00010100004300080008
3671,(2120011011)长兴路拓宽改建,0,NULL,中建一局集团第一建筑有限公司直属项目,00010100004300080008
3856,台州太阳城,0,NULL,中建一局集团第一建筑有限公司直属项目,00010100004300080008
1017474,泛林半导体应用服务基地项目局部装修工程,0,NULL,中建一局集团第一建筑有限公司直属项目,00010100004300080008
102883,上海飞机制造有限公司宽体客机研制保障一期复合材料工艺试验验证条件建设项目,0,NULL,中建一局集团第一建筑有限公司直属项目,00010100004300080008
84434,扬州文昌万象汇外墙结构改造工程项目,0,4,中建一局集团第一建筑有限公司直属项目,00010100004300080008
81669,上海首创青浦22-05/25-04项目总承包工程,0,4,中建一局集团第一建筑有限公司直属项目,00010100004300080008
66607,复旦大学中国南方脑科学影像中心设备平台项目,0,5,中建一局集团第一建筑有限公司直属项目,00010100004300080008
26261,宝山区淞南镇N12-0102单元0301地块,0,5,中建一局集团第一建筑有限公司直属项目,00010100004300080008
15922,瑞丰·鹅岭山项目,0,NULL,中建一局集团第一建筑有限公司直属项目,00010100004300080008
17776,（1101200044）苏宁易购研发办公基地,0,NULL,中建一局集团第一建筑有限公司直属项目,00010100004300080008
10714,昆山台湾商品城与无锡北创科技创业园,1,NULL,中建一局集团第一建筑有限公司直属项目,00010100004300080008
6910,(1101200040)卡特彼勒液压缸项目,0,NULL,中建一局集团第一建筑有限公司直属项目,00010100004300080008
7883,镇江中央公园项目,0,NULL,中建一局集团第一建筑有限公司直属项目,00010100004300080008
3669,(2120011012)太阳山路道路改建工程,0,NULL,中建一局集团第一建筑有限公司直属项目,00010100004300080008
83018,上海西门子医疗器械有限公司医学诊断试剂（中国）生产厂房项目,0,NULL,中建一局集团第一建筑有限公司直属项目,00010100004300080008
45452,汉高龙项目三期AIS项目土建及机电工程,0,NULL,中建一局集团第一建筑有限公司直属项目,00010100004300080008
44544,苏州阳澄湖二期,0,4,中建一局集团第一建筑有限公司直属项目,00010100004300080008
9661,FEI张江项目,0,NULL,中建一局集团第一建筑有限公司直属项目,00010100004300080008
7802,（1101200053）上海品食乐食品研发中心,0,NULL,中建一局集团第一建筑有限公司直属项目,00010100004300080008
4747,（20120013046）南码头2期,0,NULL,中建一局集团第一建筑有限公司直属项目,00010100004300080008
4748,(2120013034)杜邦研发中心扩建项目,0,NULL,中建一局集团第一建筑有限公司直属项目,00010100004300080008
3906,(2120013027)南码头,0,NULL,中建一局集团第一建筑有限公司直属项目,00010100004300080008
15745,嘉定维美德,0,NULL,中建一局集团第一建筑有限公司直属项目,00010100004300080008
12631,东莞沈恒粮油土建及钢结构制安工程,0,NULL,中建一局集团第一建筑有限公司直属项目,00010100004300080008
6134,(1101200035)苏州太湖花样年,0,NULL,中建一局集团第一建筑有限公司直属项目,00010100004300080008
4573,(2120010511)湖州星洲国际,0,NULL,中建一局集团第一建筑有限公司直属项目,00010100004300080008
2728,镇江中央公园和青年汇项目工程,1,NULL,中建一局集团第一建筑有限公司直属项目,00010100004300080008
25642,中航商发临港基地二期工程,0,NULL,中建一局集团第一建筑有限公司直属项目,00010100004300080008
17774,苏宁总部西区雨污水管网改造工程,0,NULL,中建一局集团第一建筑有限公司直属项目,00010100004300080008
13140,（1101200049）昆山台湾商品城,0,NULL,中建一局集团第一建筑有限公司直属项目,00010100004300080008
5127,(1101200037)成都华新锦绣尚郡别墅2A期,0,NULL,中建一局集团第一建筑有限公司直属项目,00010100004300080008
91228,珠海市钰海天然气热电联产工程项目B标段建筑安装工程,0,NULL,中建一局集团第一建筑有限公司直属项目,00010100004300080008
90691,上海西门子医疗器械有限公司新建停车楼项目,0,NULL,中建一局集团第一建筑有限公司直属项目,00010100004300080008
45582,浙江石油化工有限公司舟山临城地块临时围墙施工,0,NULL,中建一局集团第一建筑有限公司直属项目,00010100004300080008
12601,台升国际广场营销中心项目,0,NULL,中建一局集团第一建筑有限公司直属项目,00010100004300080008
12670,夏晖物流（东莞）有限公司物流项目,0,NULL,中建一局集团第一建筑有限公司直属项目,00010100004300080008
5397,(1101200028)淮安四馆,0,NULL,中建一局集团第一建筑有限公司直属项目,00010100004300080008
11806,（1101200048）扬州文昌乐都汇购物中心,0,NULL,中建一局集团第一建筑有限公司直属项目,00010100004300080008
5160,黄山悦榕庄度假村酒店项目,0,NULL,中建一局集团第一建筑有限公司直属项目,00010100004300080008
7699,金山工业区JSS3-0402单元06-04地块（一期）商品房项目,0,NULL,中建一局集团第一建筑有限公司直属项目,00010100004300080008
6405,(1101200036)淮安苏宁电器广场,0,NULL,中建一局集团第一建筑有限公司直属项目,00010100004300080008
3603,青岛悦荟广场改造项目,0,NULL,中建一局集团第一建筑有限公司直属项目,00010100004300080008
3672,（1201200001）杨浦经济开发区市政道路4标,0,NULL,中建一局集团第一建筑有限公司直属项目,00010100004300080008
2813,（1101200055）华新锦绣尚郡别墅3期4期及样板区,0,NULL,中建一局集团第一建筑有限公司直属项目,00010100004300080008
97919,上海飞机客户服务有限公司单位租赁房项目,0,2,中建一局集团第一建筑有限公司直属项目,00010100004300080008
62675,进贤碧桂园青岚府项目一期总承包工程,0,5,中建一局集团第一建筑有限公司直属项目,00010100004300080008
3670,(2120011014)大康度假城游泳馆改造,0,NULL,中建一局集团第一建筑有限公司直属项目,00010100004300080008
101516,北京百盛大厦办公及配套商业装修工程,0,4,中建一局集团第一建筑有限公司直属项目,00010100004300080008
84707,青龙地铁小镇一期居住组团国际高中建设工程项目,0,2,中建一局集团第一建筑有限公司直属项目,00010100004300080008
36628,九亭家园二期01-04号地块安置房项目,0,4,中建一局集团第一建筑有限公司直属项目,00010100004300080008
27981,中建一局集团无锡凯宜医院项目部,0,NULL,中建一局集团第一建筑有限公司直属项目,00010100004300080008
16756,上海迪士尼度假区核心区连接段项目PTCC-1总包工程,0,NULL,中建一局集团第一建筑有限公司直属项目,00010100004300080008
7971,(1101200047)苏地2009-B-65地块一期,0,NULL,中建一局集团第一建筑有限公司直属项目,00010100004300080008
1002276,张江中区78—02地块项目,0,4,中建一局集团第一建筑有限公司直属项目,00010100004300080008
25749,越界第三代产业园C楼建设项目,0,NULL,中建一局集团第一建筑有限公司直属项目,00010100004300080008
28265,嘉定惠民家园三期动迁安置房项目,0,5,中建一局集团第一建筑有限公司直属项目,00010100004300080008
15504,苏州市吴中区G49地块,0,NULL,中建一局集团第一建筑有限公司直属项目,00010100004300080008
11801,（2120013044）佘山北居住社区,0,NULL,中建一局集团第一建筑有限公司直属项目,00010100004300080008
10967,（2120013045 ）中建大观天下,0,NULL,中建一局集团第一建筑有限公司直属项目,00010100004300080008
6783,(1101200034)淮安大剧院,0,NULL,中建一局集团第一建筑有限公司直属项目,00010100004300080008
4099,台升悦园,0,NULL,中建一局集团第一建筑有限公司直属项目,00010100004300080008
3893,(2120013031)海拉电子,0,NULL,中建一局集团第一建筑有限公司直属项目,00010100004300080008
81119,上海交通大学转化医学大楼电镜实验室专业装饰装修工程,0,5,中建一局集团第一建筑有限公司直属项目,00010100004300080008
15899,保定万和悦都,0,NULL,中建一局集团第一建筑有限公司直属项目,00010100004300080008
13869,大港国际青年公寓,0,NULL,中建一局集团第一建筑有限公司直属项目,00010100004300080008
11435,合肥京商国际商贸城I地块北区,0,NULL,中建一局集团第一建筑有限公司直属项目,00010100004300080008
7801,(1101200051)交通银行金融服务中心（扬州）一期,0,NULL,中建一局集团第一建筑有限公司直属项目,00010100004300080008
10677,镇江中央公园项目2期,0,NULL,中建一局集团第一建筑有限公司直属项目,00010100004300080008
1579,青浦区崧泉路新建工程,0,NULL,中建一局集团第一建筑有限公司直属项目,00010100004300080008
3733,（1101200050）IT容灾、研发及后援中心,0,NULL,中建一局集团第一建筑有限公司直属项目,00010100004300080008
62747,I HUMAN 研究所冷冻电镜房装修工程,0,11,中建一局集团第一建筑有限公司直属项目,00010100004300080008
45018,悦荟广场四层改造工程,0,4,中建一局集团第一建筑有限公司直属项目,00010100004300080008
16701,重庆曼哈顿项目,0,NULL,中建一局集团第一建筑有限公司直属项目,00010100004300080008
8524,凯德商用项目,0,NULL,中建一局集团第一建筑有限公司直属项目,00010100004300080008
1020148,虹南排水泵站初雨调蓄池,0,NULL,中建一局集团第一建筑有限公司直属项目,00010100004300080008
81670,江西万华生态家居有限公司年产25万M3秸秆生态板项目,0,4,中建一局集团第一建筑有限公司直属项目,00010100004300080008
68888,上海阿特蒙医院精装修工程项目,0,11,中建一局集团第一建筑有限公司直属项目,00010100004300080008
5461,(2120012022)上海市浦东新区华侨银行大厦装修工程,0,NULL,中建一局集团第一建筑有限公司直属项目,00010100004300080008
2147,（1101200052）上海富士康,0,NULL,中建一局集团第一建筑有限公司直属项目,00010100004300080008
2223,苏地2011-G-32号地块土建安装工程,0,NULL,中建一局集团第一建筑有限公司直属项目,00010100004300080008
1024354,"""上海交通大学医学院附属第九人民医院10号楼急诊及会议中心 装饰装修项目""",0,NULL,中建一局集团第一建筑有限公司直属项目,00010100004300080008
11667,悦荟上海装修工程,0,NULL,中建一局集团第一建筑有限公司直属项目,00010100004300080008
10715,中建一局 华东地区钢材集中采购,1,NULL,中建一局集团第一建筑有限公司直属项目,00010100004300080008
10452,台升国际广场万豪酒店总承包工程,0,NULL,中建一局集团第一建筑有限公司直属项目,00010100004300080008
6253,悦鹏南桥半岛,0,NULL,中建一局集团第一建筑有限公司直属项目,00010100004300080008
1003036,上海康达检测车间装修项目,1,4,中建一局集团第一建筑有限公司直属项目,00010100004300080008
107919,东电电子二期厂房工程,0,NULL,中建一局集团第一建筑有限公司直属项目,00010100004300080008
16562,合肥京商商贸I南区,0,NULL,中建一局集团第一建筑有限公司直属项目,00010100004300080008
7538,(2120013037)杭州萧山塘湾,0,NULL,中建一局集团第一建筑有限公司直属项目,00010100004300080008
4574,(2120012021)静安希尔顿饭店19-25楼客房改造工程,0,NULL,中建一局集团第一建筑有限公司直属项目,00010100004300080008
4575,(2120013032)临港书院项目,0,NULL,中建一局集团第一建筑有限公司直属项目,00010100004300080008
1102176,印尼雅加达JKT-02数据中心电力模块,0,0,中建一局集团建设发展有限公司,0001010000430004
1090198,塔城地区托里县天润50万千瓦风电项目施工总承包工程（标段二）,0,4,中建一局集团建设发展有限公司,0001010000430004
1086775,第一批央企在京老旧小区综合整治项目（标包三十四）工程总承包（EPC）,0,2,中建一局集团建设发展有限公司,0001010000430004
1066827,北京一局发展基地改造,0,4,中建一局集团建设发展有限公司,0001010000430004
1058211,广州从化国际赛马发展中心,0,4,中建一局集团建设发展有限公司,0001010000430004
1049846,北京张仪-莲花池π入岳各庄220千伏线路,0,4,中建一局集团建设发展有限公司,0001010000430004
1015122,安徽枞阳县医养结合EPC,0,NULL,中建一局集团建设发展有限公司,0001010000430004
1014727,怀来合盈金融数据科技产业园项目,0,NULL,中建一局集团建设发展有限公司,0001010000430004
1012684,杭州滨江,0,NULL,中建一局集团建设发展有限公司,0001010000430004
992355,北京大学昌平新校区改造项目,0,NULL,中建一局集团建设发展有限公司,0001010000430004
823205,A1研发办公楼等5项（京芯产业园项目）、C1研发办公楼等6项（京芯产业园项目）,0,NULL,中建一局集团建设发展有限公司,0001010000430004
823028,北京大兴国际机场噪声区安置房项目,0,NULL,中建一局集团建设发展有限公司,0001010000430004
1090213,泛视频类科技研发总部基坑建设项目,0,4,中建一局集团建设发展有限公司,0001010000430004
1049843,绵阳京东方高端模组,0,4,中建一局集团建设发展有限公司,0001010000430004
1014788,烟台爱博诺德医用材料生产项目,0,NULL,中建一局集团建设发展有限公司,0001010000430004
828157,北京未来城学校-土护降工程项目,NULL,NULL,中建一局集团建设发展有限公司,0001010000430004
826133,嘉善县健康护理中心项目,0,NULL,中建一局集团建设发展有限公司,0001010000430004
823029,国家科技传播中心项目,0,NULL,中建一局集团建设发展有限公司,0001010000430004
1090553,第三批央企在京老旧小区综合整治项目（标包一百五十九）（朝阳区三间房乡）工程总承包（EPC）项目,0,4,中建一局集团建设发展有限公司,0001010000430004
1087551,中船重工海洋信息装备军民融合产业化项目一期B区,0,4,中建一局集团建设发展有限公司,0001010000430004
1049848,河南舞阳水资源综合利用-发展授权,0,4,中建一局集团建设发展有限公司,0001010000430004
1006503,宜春时代,0,NULL,中建一局集团建设发展有限公司,0001010000430004
1005097,合肥蓝科电子信息厂房,0,5,中建一局集团建设发展有限公司,0001010000430004
1004842,精测新能源装备生产项目,0,NULL,中建一局集团建设发展有限公司,0001010000430004
825855,淮南云谷大数据产业园（B地块）,0,NULL,中建一局集团建设发展有限公司,0001010000430004
824926,南京腾讯华东云计算基地,0,NULL,中建一局集团建设发展有限公司,0001010000430004
824322,容城县农村生活污水综合整治项目（EPC）一标-劳务,NULL,NULL,中建一局集团建设发展有限公司,0001010000430004
812414,成都金堂县五凤镇新型城镇化PPP项目,NULL,NULL,中建一局集团建设发展有限公司,0001010000430004
1090609,朱辛庄1#综合能源利用中心项目,0,4,中建一局集团建设发展有限公司,0001010000430004
1087797,火箭军东小口安置住房项目,0,4,中建一局集团建设发展有限公司,0001010000430004
1067640,北京昌平区东二旗东路道路及管线工程（一标段）,0,4,中建一局集团建设发展有限公司,0001010000430004
1055714,北京大学医学部生化楼改造,0,4,中建一局集团建设发展有限公司,0001010000430004
1046295,北戴河南湖七号,0,4,中建一局集团建设发展有限公司,0001010000430004
824059,朝阳区东三环北京商务中心区（CBD）核心区Z12地块项目机电分包工程,NULL,NULL,中建一局集团建设发展有限公司,0001010000430004
817372,北京盈创2#厂房等五项-劳务,0,NULL,中建一局集团建设发展有限公司,0001010000430004
1101208,深圳市第四十高级中学项目设计采购施工总承包（EPC）,0,4,中建一局集团建设发展有限公司,0001010000430004
1077839,安徽晶镁光罩厂房及厂务项目EPC工程总承包,0,4,中建一局集团建设发展有限公司,0001010000430004
1066904,苏州工业园区中建财富中心超高层,0,4,中建一局集团建设发展有限公司,0001010000430004
1030578,中关村广场城市更新A地块,0,4,中建一局集团建设发展有限公司,0001010000430004
1025133,南通绕城高速公路LJ3工区项目-发展授权,0,NULL,中建一局集团建设发展有限公司,0001010000430004
1008448,联想创新产业园（天津）项目,0,NULL,中建一局集团建设发展有限公司,0001010000430004
991053,欧菲光光学光电产业基地建设项目（工业地块）土建工程,0,NULL,中建一局集团建设发展有限公司,0001010000430004
826717,北京航天工程大学军事设施建设,0,NULL,中建一局集团建设发展有限公司,0001010000430004
825771,大同中联绿色大数据产业基地项目,0,NULL,中建一局集团建设发展有限公司,0001010000430004
1098851,北京怀柔新城项目,0,4,中建一局集团建设发展有限公司,0001010000430004
1065408,北京十一学校朝阳实验学校初中部,0,5,中建一局集团建设发展有限公司,0001010000430004
1007272,朝阳区,0,NULL,中建一局集团建设发展有限公司,0001010000430004
993358,珠海正威科创中心,0,NULL,中建一局集团建设发展有限公司,0001010000430004
828290,合肥鼎新型显示配套高端电子材料生产基地,0,NULL,中建一局集团建设发展有限公司,0001010000430004
827404,杭州海康威视,0,NULL,中建一局集团建设发展有限公司,0001010000430004
824490,呼和浩特凯德广场诺和木勒改造项目机电,NULL,NULL,中建一局集团建设发展有限公司,0001010000430004
823532,北京香山军队安置房项目,NULL,NULL,中建一局集团建设发展有限公司,0001010000430004
819673,小天才生产中心1号厂房、1号宿舍、4号厂房,NULL,NULL,中建一局集团建设发展有限公司,0001010000430004
817654,杭政工出【2017】2号地块（云谷园区）项目,NULL,NULL,中建一局集团建设发展有限公司,0001010000430004
1101589,昌平区朱辛庄新区（二期）土地一级开发项目CP01-0801-0055地块二类居住用地项目,0,4,中建一局集团建设发展有限公司,0001010000430004
1070314,北京中国建筑林河数据中心机电改造,0,4,中建一局集团建设发展有限公司,0001010000430004
1067267,北京SMC生产研发中心,0,4,中建一局集团建设发展有限公司,0001010000430004
1065828,成都郫县电子科大清水河校区博士公寓,0,4,中建一局集团建设发展有限公司,0001010000430004
1055509,安徽警官职业学院新校区（一期）建设项目（EPC）,0,4,中建一局集团建设发展有限公司,0001010000430004
1023181,香港中文大学（深圳）二期建设工程施工总承包II标,0,NULL,中建一局集团建设发展有限公司,0001010000430004
994613,无锡芯卓半导体产业化建设项目,0,NULL,中建一局集团建设发展有限公司,0001010000430004
824843,北京大学化学学院E区大楼项目,0,NULL,中建一局集团建设发展有限公司,0001010000430004
1090518,深圳市人才研修院配电设施建设项目,0,4,中建一局集团建设发展有限公司,0001010000430004
1086784,第三批央企在京老旧小区综合整治项目（标包一百五十九）（朝阳区三间房乡）工程总承包（EPC）,0,2,中建一局集团建设发展有限公司,0001010000430004
1078570,北京昌平沙河高教园区配套高中,0,4,中建一局集团建设发展有限公司,0001010000430004
1014842,天津中芯P3厂房项目,0,NULL,中建一局集团建设发展有限公司,0001010000430004
1006086,合肥国轩高科动力能源有限公司,0,NULL,中建一局集团建设发展有限公司,0001010000430004
826516,河南新乡中蓝地块自持办公项目,NULL,NULL,中建一局集团建设发展有限公司,0001010000430004
824398,建业中心项目,0,NULL,中建一局集团建设发展有限公司,0001010000430004
824142,北京纺织科研实验楼等11项（北京纺织科研综合楼）,NULL,NULL,中建一局集团建设发展有限公司,0001010000430004
817010,前海合作区前湾十单元学校项目-劳务,NULL,NULL,中建一局集团建设发展有限公司,0001010000430004
814191,无锡恒隆广场办公楼2座项目-劳务,NULL,NULL,中建一局集团建设发展有限公司,0001010000430004
1090556,存储器晶圆后道测试基地二期项目,0,4,中建一局集团建设发展有限公司,0001010000430004
1068758,上海新金湾产线厂房,0,4,中建一局集团建设发展有限公司,0001010000430004
1041746,广西融福高速公路No.4标,0,4,中建一局集团建设发展有限公司,0001010000430004
1030579,中关村广场城市更新B地块,0,4,中建一局集团建设发展有限公司,0001010000430004
827427,紫光成都存储器制造基地项目（一期）A标段,NULL,NULL,中建一局集团建设发展有限公司,0001010000430004
825688,四川国创产业园A地块,0,NULL,中建一局集团建设发展有限公司,0001010000430004
1060911,北京颐堤港二期JT627地块,0,4,中建一局集团建设发展有限公司,0001010000430004
1051775,深圳市药品检验研究院项目,0,4,中建一局集团建设发展有限公司,0001010000430004
1014790,运城新建铜基新材料基地项目,0,NULL,中建一局集团建设发展有限公司,0001010000430004
826026,天津地铁七号线10标项目,NULL,NULL,中建一局集团建设发展有限公司,0001010000430004
825450,霸州市蓝城•云庐小区Ⅰ、Ⅱ标段建安总承包工程,NULL,NULL,中建一局集团建设发展有限公司,0001010000430004
824116,维信诺第6代柔性AMOLED模组生产线项目土建工程,NULL,NULL,中建一局集团建设发展有限公司,0001010000430004
824022,顺义新城第13街区 SY00-0013-6010地块R2二类居住用地项目(1#共有产权住宅楼等 22 项),NULL,NULL,中建一局集团建设发展有限公司,0001010000430004
816836,绿城沈阳全运村四期,NULL,NULL,中建一局集团建设发展有限公司,0001010000430004
1102644,清华大学东主楼综合维修改造项目,0,4,中建一局集团建设发展有限公司,0001010000430004
1082223,过沥路市政工程（新布新路—丹梓西路）,0,4,中建一局集团建设发展有限公司,0001010000430004
1049845,北京门头沟沿河口村异地安置房,0,4,中建一局集团建设发展有限公司,0001010000430004
826176,郑州建业中心项目,NULL,NULL,中建一局集团建设发展有限公司,0001010000430004
826158,沈阳苏宁电子商务运营中心(一期),0,NULL,中建一局集团建设发展有限公司,0001010000430004
825882,西安阎良三四七区安置房项目,0,NULL,中建一局集团建设发展有限公司,0001010000430004
823931,北京霞光里5号、6号商业金融-劳务,NULL,NULL,中建一局集团建设发展有限公司,0001010000430004
823873,北京通州核心区运河II-05地块项目,NULL,NULL,中建一局集团建设发展有限公司,0001010000430004
1090176,128项目,0,4,中建一局集团建设发展有限公司,0001010000430004
1086967,昌平区未来科技城项目（南区）土地一级开发项目CP01-1703-0001地块A2文化设施用地项目（科技文化交流中心等4项）,0,4,中建一局集团建设发展有限公司,0001010000430004
1075912,一局发展总部空间改造工程,2,11,中建一局集团建设发展有限公司,0001010000430004
1018658,九州恒盛绿色电能设备研发及产业化基地项目,0,NULL,中建一局集团建设发展有限公司,0001010000430004
1017526,深圳南山中国电子科技园项目,0,NULL,中建一局集团建设发展有限公司,0001010000430004
1000637,沈阳市沈河区金廊22-1项目（地上主体工程）一期,0,NULL,中建一局集团建设发展有限公司,0001010000430004
828229,45013综合保障楼项目,NULL,NULL,中建一局集团建设发展有限公司,0001010000430004
823703,北京永定河混合垃圾治理项目,NULL,NULL,中建一局集团建设发展有限公司,0001010000430004
815556,合肥邮件处理车间工程施工总承包,NULL,NULL,中建一局集团建设发展有限公司,0001010000430004
1095812,第三批央企在京老旧小区综合整治项目（标包二百九十二）（煤科总院老旧小区综合整治项目）工程总承包（EPC）,0,4,中建一局集团建设发展有限公司,0001010000430004
1068258,第二批央企在京老旧小区综合整治项目（标包九）（海淀区学院路街道、中关村街道）工程总承包（EPC）,0,2,中建一局集团建设发展有限公司,0001010000430004
1056293,上海泰康之家静安府,1,4,中建一局集团建设发展有限公司,0001010000430004
1014740,山东滨州第二人民医院西院区项目,0,NULL,中建一局集团建设发展有限公司,0001010000430004
1005869,北京集成电路二期,0,NULL,中建一局集团建设发展有限公司,0001010000430004
824099,A座新增外挂电梯等3项（朝阳区望京B28地块办公楼外挂电梯项目）,NULL,NULL,中建一局集团建设发展有限公司,0001010000430004
819481,成都京东方光电科技有限公司第6代AMOLED触控一体化显示器件项目-劳务,NULL,NULL,中建一局集团建设发展有限公司,0001010000430004
816697,金融街佛山三水项目-劳务,NULL,NULL,中建一局集团建设发展有限公司,0001010000430004
816538,五棵松文化体育中心配套综合楼,NULL,NULL,中建一局集团建设发展有限公司,0001010000430004
1103085,怀柔科学城HR00-0211-6040地块图书与展览用地(怀柔科学城综合服务中心)项目,0,4,中建一局集团建设发展有限公司,0001010000430004
1046290,北京中国移动国际信息港园区基础设施维修,0,4,中建一局集团建设发展有限公司,0001010000430004
1026747,上海浦东新区安置房三期08-01地块,0,4,中建一局集团建设发展有限公司,0001010000430004
1026364,埃及新行政首都CBD项目P4标段,0,NULL,中建一局集团建设发展有限公司,0001010000430004
815781,武汉京东方高世代薄膜晶体管液晶显示器件项目-劳务,NULL,NULL,中建一局集团建设发展有限公司,0001010000430004
1098764,中建(天津)工业化建筑工程有限公司,0,4,中建一局集团建设发展有限公司,0001010000430004
1091910,上海崇明圆沙消防站项目,0,4,中建一局集团建设发展有限公司,0001010000430004
1090220,深圳机场南区新国际货站二期（B4 货站）项目,0,4,中建一局集团建设发展有限公司,0001010000430004
1087428,佰仁医疗-艾佰瑞产业基地项目（1#科研楼等12项）-（1#科研楼等10项）EPC工程总承包,0,4,中建一局集团建设发展有限公司,0001010000430004
1070315,北京颐堤港二期JT628地块-1,0,5,中建一局集团建设发展有限公司,0001010000430004
1053636,北京中煤产业基地机电,0,11,中建一局集团建设发展有限公司,0001010000430004
825180,天津武清080地块,0,NULL,中建一局集团建设发展有限公司,0001010000430004
824098,北京万科望溪项目,0,NULL,中建一局集团建设发展有限公司,0001010000430004
823930,北京丽泽金融商务区E区13、14地块项目,NULL,NULL,中建一局集团建设发展有限公司,0001010000430004
1102723,东莞市步步高实验学校新增项目16号游泳馆,0,4,中建一局集团建设发展有限公司,0001010000430004
1086211,北京大学新燕园校区风雨操场（健德楼）改造工程,0,4,中建一局集团建设发展有限公司,0001010000430004
1055119,福建漳州圆山大道和西环城路路面改造,0,4,中建一局集团建设发展有限公司,0001010000430004
1051580,港中文,0,4,中建一局集团建设发展有限公司,0001010000430004
1001061,先进动力,0,NULL,中建一局集团建设发展有限公司,0001010000430004
993512,上海格科半导体,0,5,中建一局集团建设发展有限公司,0001010000430004
828238,嘉兴综合保税区物流仓储项目,0,NULL,中建一局集团建设发展有限公司,0001010000430004
812973,万力时代三标段（西地块）项目,NULL,NULL,五公司直营项目,00010100004300050107
813264,滨州江森自控蓄电池项目,NULL,NULL,五公司直营项目,00010100004300050107
843104,万力时代三标段（西地块）项目-劳务,NULL,NULL,五公司直营项目,00010100004300050107
813543,花溪地工程-劳务,NULL,NULL,五公司直营项目,00010100004300050107
1004951,塞尔维亚-塞尔维亚Kopaonik（科帕奥尼克）体育休闲度假中心,0,NULL,五公司直营项目,00010100004300050107
815423,明昇壹城三期（07B地块）总承包工程-劳务,NULL,NULL,五公司直营项目,00010100004300050107
1064081,西北农林科技大学北校区21号学生公寓项目,0,4,一局西北公司直属项目部,00010100004300880006
1001872,中建一局西北公司,0,4,一局西北公司直属项目部,00010100004300880006
103155,咸阳体育场广场及地下停车场、秦都区体育场周边区域棚户区改造（五环公寓）项目,0,0,一局西北公司直属项目部,00010100004300880006
58284,红山路改扩建工程项目,0,NULL,一局西北公司直属项目部,00010100004300880006
45956,G341线白银至中川至永登公路二期工程（白银至中川）LJ-4标段,0,3,一局西北公司直属项目部,00010100004300880006
76318,咸阳高新区西里柏里村棚户区改造（高新·公园里）EPC总承包项目,0,2,一局西北公司直属项目部,00010100004300880006
45989,高陵文体中心项目,0,3,一局西北公司直属项目部,00010100004300880006
1046026,光通信器件研发及产业化项目部,0,4,一局西北公司直属项目部,00010100004300880006
1011328,沣颂苑项目施工总承包工程,0,NULL,一局西北公司直属项目部,00010100004300880006
108480,曲江电竞产业园——场馆区工程总承包（EPC）,1,2,一局西北公司直属项目部,00010100004300880006
84944,商洛紫荆慧谷A地块(启动区)项目,0,0,一局西北公司直属项目部,00010100004300880006
89657,西安市浐灞第三小学、第四小学建设项目工程施工,0,NULL,一局西北公司直属项目部,00010100004300880006
816844,启迪中心项目商业综合体工程,0,4,一局西北公司直属项目部,00010100004300880006
76320,思普瑞广场,0,NULL,一局西北公司直属项目部,00010100004300880006
1092041,高端装备模拟仿真技术研发生产及总部基地项目,0,4,一局西北公司直属项目部,00010100004300880006
1020498,杨凌职业技术学院新校区暨现代农业产教融合实训中心工程总承包（EPC）项目三标段,0,2,一局西北公司直属项目部,00010100004300880006
101763,沣东新城老旧小区综合改造项目,0,2,一局西北公司直属项目部,00010100004300880006
91561,西安市幸福林带建设工程项目-第三项目部,0,3,一局西北公司直属项目部,00010100004300880006
51786,省道212宝鸡市区过境公路工程,0,NULL,一局西北公司直属项目部,00010100004300880006
1026806,尧柏特种水泥集团有限公司研发培训基地（二期) 项目,0,NULL,一局西北公司直属项目部,00010100004300880006
1013418,府君庙和等驾坡村民安置项目施工一标段,0,5,一局西北公司直属项目部,00010100004300880006
94277,西安国际美术博物馆项目一期（斑斓小镇）,0,1,一局西北公司直属项目部,00010100004300880006
89561,丝路经济带能源金融贸易区2018环境提升项目工程施工（第一标段）,0,1,一局西北公司直属项目部,00010100004300880006
57135,富平县温泉河综合治理二期工程,0,NULL,一局西北公司直属项目部,00010100004300880006
817299,神木市滨河新区水体景观公园,0,NULL,一局西北公司直属项目部,00010100004300880006
1043033,陕西长生健康城建设项目总包工程,0,4,一局西北公司直属项目部,00010100004300880006
1016319,兰州资源环境职业技术学院南校区 3#、4#教学实训楼项目施工第一标段,0,NULL,一局西北公司直属项目部,00010100004300880006
1011295,神木市自来水厂三期项目N1标段,0,NULL,一局西北公司直属项目部,00010100004300880006
108444,雁塔区2020年第二批老旧小区改造项目（金裕花园小区、省科学器材等20 个小区）EPC 总承包,0,2,一局西北公司直属项目部,00010100004300880006
77816,京通易购（西北）智慧物联网共同运营中心,0,NULL,一局西北公司直属项目部,00010100004300880006
109579,空港国际医院一期EPC项目总承包,1,2,一局西北公司直属项目部,00010100004300880006
824065,启迪大院儿项目总承包工程,0,NULL,一局西北公司直属项目部,00010100004300880006
1030313,930号翼身对接厂房工程总承包,1,2,一局西北公司直属项目部,00010100004300880006
1016897,兰州资源环境职业技术学院南校区3#、4#教学实训楼项目施工第一标段,0,NULL,一局西北公司直属项目部,00010100004300880006
1011306,榆中生态创新城科七街道路新建工程,0,NULL,一局西北公司直属项目部,00010100004300880006
993936,兰州大学榆中校区人文社科组团 I工程施工,0,NULL,一局西北公司直属项目部,00010100004300880006
843097,陕西省西咸新区丝路经济带能源金融贸易区起步区一期项目1#地块建安工程,0,NULL,一局西北公司直属项目部,00010100004300880006
93060,启迪·大院儿项目,0,1,一局西北公司直属项目部,00010100004300880006
83648,云汉商业街二期及一期部分提升EPC项目,0,1,一局西北公司直属项目部,00010100004300880006
46064,云汉大道商业街（一期）EPC项目,0,1,一局西北公司直属项目部,00010100004300880006
815013,新能源汽车产业园一期厂房及配套设施项目施工总承包,0,NULL,一局西北公司直属项目部,00010100004300880006
1026417,康博环保（横山）固体废物综合利用及处置中心项目工程（总包）,0,4,一局西北公司直属项目部,00010100004300880006
997467,航天基地光伏产业园（二期）一标段项目EPC总承包,0,2,一局西北公司直属项目部,00010100004300880006
30568,西安市地下综合管廊建设PPP项目Ⅰ标段西    苑路、娄敬路项目,0,3,一局西北公司直属项目部,00010100004300880006
30561,丝绸之路能源金融贸易区起步区1#地块项目,0,NULL,一局西北公司直属项目部,00010100004300880006
1083163,西安建筑科技大学子午书院2号学生公寓楼项目,0,5,一局西北公司直属项目部,00010100004300880006
1014304,霍尔果斯经济开发区清水河配套园区装备制造产业园建设项目四标段（EPC模式）,1,NULL,一局西北公司直属项目部,00010100004300880006
1008020,沣东新城安置性商品房建设项目,0,2,一局西北公司直属项目部,00010100004300880006
991427,南雷村、北雷村和赤兰桥村安置用房EPC总承包二标段,0,2,一局西北公司直属项目部,00010100004300880006
89427,兰州市中医医院异地 新建项目施工（一标段）,0,1,一局西北公司直属项目部,00010100004300880006
92953,兰州大学榆中校区综合楼、第二教学楼、第二实验楼项目,0,1,一局西北公司直属项目部,00010100004300880006
90650,地铁1号线二期西咸新区段路面恢复工程设计施工总承包,0,0,一局西北公司直属项目部,00010100004300880006
82131,G312线清水驿至苦水段、G109线忠河至河口段公路改建工程,0,4,一局西北公司直属项目部,00010100004300880006
825166,咸阳体育场广场及地下停车场建设（咸阳体育广场）、秦都区体育场周边区域棚户区改造（五环公寓）项目,0,NULL,一局西北公司直属项目部,00010100004300880006
814022,高陵“通远创想小镇”文体中心及引水工程项目,0,4,一局西北公司直属项目部,00010100004300880006
813028,2015年城市棚户区改造东山棚户区一期（统建楼安置区）及配套幼儿园PPP项目,0,NULL,一局西北公司直属项目部,00010100004300880006
1012237,喀什大学职业本科教育东城校区建设项目（一期） 工程总承包第五标段,1,5,一局西北公司直属项目部,00010100004300880006
996459,曲江电竞产业园——配套区,0,NULL,一局西北公司直属项目部,00010100004300880006
91560,西安市幸福林带建设工程项目-第二项目部,0,NULL,一局西北公司直属项目部,00010100004300880006
82248,神木市滨河新区水体景观公园工程N1标段,0,4,一局西北公司直属项目部,00010100004300880006
81739,咸阳秦都高铁枢纽换乘中心项目,0,11,一局西北公司直属项目部,00010100004300880006
1027149,周至中医院整体迁建项目（一标段）EPC项目,0,4,一局西北公司直属项目部,00010100004300880006
1000896,西安市公共卫生医院项目,0,4,一局西北公司直属项目部,00010100004300880006
991716,西安市儿童医院经开院区三通一平项目,1,1,一局西北公司直属项目部,00010100004300880006
83428,渭南市高新区北部棚户区改造实物安置小区项目,0,NULL,一局西北公司直属项目部,00010100004300880006
80953,洛南县西北核桃交易中心项目,0,NULL,一局西北公司直属项目部,00010100004300880006
76321,兰州市第二中学雁滩分校项目施工（第一标段）,0,5,一局西北公司直属项目部,00010100004300880006
819387,兰州市中医医院异地新建项目施工（一标段）-劳务,0,NULL,一局西北公司直属项目部,00010100004300880006
1090042,伊犁师范大学东校区食堂(北区)建设项目,0,4,一局西北公司直属项目部,00010100004300880006
1029933,周至县中医医院整体迁建项目（一期）EPC总承包项目,1,2,一局西北公司直属项目部,00010100004300880006
1013678,霍尔果斯经济开发区兵团分区城乡供水一体化项目,0,2,一局西北公司直属项目部,00010100004300880006
1000977,曲江电竞产业园--配套区项目工程施工一标段,0,4,一局西北公司直属项目部,00010100004300880006
101836,某大学训练场地建设项目,0,4,一局西北公司直属项目部,00010100004300880006
65134,新能源汽车产业园一期厂房及配套设施项目,0,4,一局西北公司直属项目部,00010100004300880006
819521,G341白银至中川至永登一级公路二期工程（白银至中川段）LJ-4标段-劳务,0,NULL,一局西北公司直属项目部,00010100004300880006
1051498,33010013工程,0,4,一局西北公司直属项目部,00010100004300880006
1042542,智能底盘数字工厂项目EPC总承包二标段,0,2,一局西北公司直属项目部,00010100004300880006
1025614,康博环保（横山）固体废物综合利用及处置中心项目工程,0,5,一局西北公司直属项目部,00010100004300880006
1010202,曲江电竞产业园—配套区项目工程施工二标段,0,4,一局西北公司直属项目部,00010100004300880006
82423,大茅河水系污水排放拦截工程（施工第一阶段）,0,11,一局西北公司直属项目部,00010100004300880006
30557,启迪中心商业综合体,0,4,一局西北公司直属项目部,00010100004300880006
30564,西安市幸福林带建设工程项目-第一项目部,0,NULL,一局西北公司直属项目部,00010100004300880006
28498,保安镇易地扶贫移民搬迁第五期工程一标段,0,1,一局西北公司直属项目部,00010100004300880006
1071572,西安建筑科技大学草堂校区子午书院1号学生公寓楼项目,1,2,一局西北公司直属项目部,00010100004300880006
1056355,电加热器项目联合厂房工艺管网及总装车间设备基础等工程,0,2,一局西北公司直属项目部,00010100004300880006
1014775,霍尔果斯经济开发区清水河配套园区装备制造产业园 建设项目四标段（EPC模式）,0,NULL,一局西北公司直属项目部,00010100004300880006
1013679,霍尔果斯经济开发区兵团分区污水资源化利用项目总承包（EPC）项目,0,2,一局西北公司直属项目部,00010100004300880006
58280,2015年城市棚户区改造（东山棚户区一期）统建楼安置区及配套幼儿园PPP项目,0,NULL,一局西北公司直属项目部,00010100004300880006
819615,秦都高铁枢纽换乘中心项目,0,NULL,一局西北公司直属项目部,00010100004300880006
1026413,尧柏特种水泥集团有限公司研发培训基地（二期）项目-施工,0,4,一局西北公司直属项目部,00010100004300880006
1004843,西安市临潼区污水处理厂地表准IV类提标改造工程EPC工程总承包,0,NULL,一局西北公司直属项目部,00010100004300880006
1001916,63789部队集体宿舍整修改造工程一期外立面改造工程,0,4,一局西北公司直属项目部,00010100004300880006
94852,丝路经济带能源金融贸易区2018年园区道路环境提升项目设计施工总承包（第三标段）,0,0,一局西北公司直属项目部,00010100004300880006
99355,西安高新儿童医院项目总包工程,0,1,一局西北公司直属项目部,00010100004300880006
56824,中建北街花园,0,NULL,一局西北公司直属项目部,00010100004300880006
47404,伊金霍洛旗纪律检查委员会执纪审查业务用房建设项目,0,0,一局西北公司直属项目部,00010100004300880006
825536,西安曲江电竞产业园,0,NULL,一局西北公司直属项目部,00010100004300880006
3842,(2101190008)东城区定向安置房豆各庄1#地块8号楼,0,NULL,一局国际工程公司第三大项目部,0001010000430003002500010005
12843,豆各庄配套中学,0,NULL,一局国际工程公司第三大项目部,0001010000430003002500010005
1060080,OPPO(重庆)智能生态科技园项目二期施工总承包工程,0,4,中国建筑一局（集团）有限公司华南公司莞惠分公司,000101000043002599dc
1097233,东莞松山湖全民健身空间建设工程,0,5,中国建筑一局（集团）有限公司华南公司莞惠分公司,000101000043002599dc
1063155,清溪镇清林路道路工程,0,4,中国建筑一局（集团）有限公司华南公司莞惠分公司,000101000043002599dc
1030960,OPPO滨海湾高级人才房项目土建施工总承包工程,0,5,中国建筑一局（集团）有限公司华南公司莞惠分公司,000101000043002599dc
993285,合正方州泓园1-4栋/合正方州雅居1-3栋,0,NULL,中国建筑一局（集团）有限公司华南公司莞惠分公司,000101000043002599dc
1024449,光明科学城重大科研项目过渡场地建设工程施工总承包-1,0,NULL,中国建筑一局（集团）有限公司华南公司莞惠分公司,000101000043002599dc
1070514,珠海（阳江）合作共建园区海港大道等11条道路及次墩河排渠工程（六期工程） 设计施工总承包,0,4,中国建筑一局（集团）有限公司华南公司莞惠分公司,000101000043002599dc
1067273,清溪镇清林路道路工程项目,0,4,中国建筑一局（集团）有限公司华南公司莞惠分公司,000101000043002599dc
1059816,OPPO(重庆)智能生态科技园项目二期,0,4,中国建筑一局（集团）有限公司华南公司莞惠分公司,000101000043002599dc
996483,万熙花园一期二期项目,0,NULL,中国建筑一局（集团）有限公司华南公司莞惠分公司,000101000043002599dc
1019679,OPPO智能制造中心项目地块二-南区(厂房4、食堂、地下室、门卫1、门卫2)总承包工程,0,NULL,中国建筑一局（集团）有限公司华南公司莞惠分公司,000101000043002599dc
995393,OPPO智能制造中心地块二-南区总承包工程,0,NULL,中国建筑一局（集团）有限公司华南公司莞惠分公司,000101000043002599dc
1071127,东莞滨海湾新区路东安置房建设工程,0,4,中国建筑一局（集团）有限公司华南公司莞惠分公司,000101000043002599dc
1080267,深圳沙头角口岸基础设施（施工）,0,4,中建一局集团建设发展有限公司广佛分公司,0001010000430004999b
1075263,北京朝阳区黄杉木店城中村改造,0,5,中建一局集团建设发展有限公司广佛分公司,0001010000430004999b
1064974,广州众智科创园,0,5,中建一局集团建设发展有限公司广佛分公司,0001010000430004999b
1044992,广州中学凤凰校区加扩建工程,0,5,中建一局集团建设发展有限公司广佛分公司,0001010000430004999b
1032462,北京房山大石河水毁修复工程,0,5,中建一局集团建设发展有限公司广佛分公司,0001010000430004999b
1057910,北京朝阳区前苇沟006、008-011地块,0,5,中建一局集团建设发展有限公司广佛分公司,0001010000430004999b
96525,佛山捷和广场二期,0,NULL,中建一局集团建设发展有限公司广佛分公司,0001010000430004999b
1090608,秦皇岛东白塔岭返迁安置房,1,4,中建一局集团建设发展有限公司广佛分公司,0001010000430004999b
1024478,广东建设广州丸美高端洗护及彩妆机电,0,5,中建一局集团建设发展有限公司广佛分公司,0001010000430004999b
1059790,广州泰康之家粤园二期,0,5,中建一局集团建设发展有限公司广佛分公司,0001010000430004999b
1011555,佛山捷和广场三期,0,5,中建一局集团建设发展有限公司广佛分公司,0001010000430004999b
1047299,广东建设广州丸美高端洗护及彩妆（扩建）,0,5,中建一局集团建设发展有限公司广佛分公司,0001010000430004999b
1059852,广东建设佛山云华智慧园,0,5,中建一局集团建设发展有限公司广佛分公司,0001010000430004999b
104016,深圳至正大厦项目,0,NULL,中建一局集团建设发展有限公司广佛分公司,0001010000430004999b
66641,佛山金融街三水,0,5,中建一局集团建设发展有限公司广佛分公司,0001010000430004999b
1098757,广州员村二横路（员村新街-临江大道）改扩建,0,4,中建一局集团建设发展有限公司广佛分公司,0001010000430004999b
1075692,广东建设佛山拓亚智慧园,0,5,中建一局集团建设发展有限公司广佛分公司,0001010000430004999b
1054576,北京中汇人寿职场装修改造,0,5,中建一局集团建设发展有限公司广佛分公司,0001010000430004999b
1014964,广州丸美总部大楼,0,5,中建一局集团建设发展有限公司广佛分公司,0001010000430004999b
30963,广州阿里巴巴华南运营中心,0,NULL,中建一局集团建设发展有限公司广佛分公司,0001010000430004999b
1094331,广州三七互娱全球业务中心大楼,0,4,中建一局集团建设发展有限公司广佛分公司,0001010000430004999b
1075228,广州智慧城消防站,0,5,中建一局集团建设发展有限公司广佛分公司,0001010000430004999b
998285,中山宇宏健康花城二期四段项目,0,5,中建一局集团建设发展有限公司广佛分公司,0001010000430004999b
96665,佛山金融街融辰花园,0,5,中建一局集团建设发展有限公司广佛分公司,0001010000430004999b
1066508,珠海琴澳产业园,0,5,中建一局集团建设发展有限公司广佛分公司,0001010000430004999b
1014152,广州小鹏科技园项目,0,5,中建一局集团建设发展有限公司广佛分公司,0001010000430004999b
1058210,北京朝阳区电子城0017地块,0,5,中建一局集团建设发展有限公司广佛分公司,0001010000430004999b
112756,佛山金融街顺德陈村项目,0,5,中建一局集团建设发展有限公司广佛分公司,0001010000430004999b
1052296,北京房山新城安置房,0,5,中建一局集团建设发展有限公司广佛分公司,0001010000430004999b
1103296,北京SMC顺义工厂改造,0,4,中建一局集团建设发展有限公司第一厂房事业部,0001010000430004999c
1090110,河北固安无尘室净化及动力工程,0,4,中建一局集团建设发展有限公司第一厂房事业部,0001010000430004999c
1077720,北京集成电路标准厂房D项目,0,4,中建一局集团建设发展有限公司第一厂房事业部,0001010000430004999c
1068086,北京IC真空机械手及洁净自动化设备生产厂房,0,5,中建一局集团建设发展有限公司第一厂房事业部,0001010000430004999c
1067309,北京SMC生产研发中心,0,2,中建一局集团建设发展有限公司第一厂房事业部,0001010000430004999c
1015630,元琛科技新材料循环产业园施工总承包,0,4,中建一局集团建设发展有限公司第一厂房事业部,0001010000430004999c
995998,郑州海康威视科技园,0,5,中建一局集团建设发展有限公司第一厂房事业部,0001010000430004999c
47313,河北固安第6代有源矩阵AMOLED面板生产线装饰机电,0,NULL,中建一局集团建设发展有限公司第一厂房事业部,0001010000430004999c
1096161,合肥MicroLED微显示器研发制造二期,0,4,中建一局集团建设发展有限公司第一厂房事业部,0001010000430004999c
1024871,河北丰润经济开发区第二地表水厂及配套基础设施,0,4,中建一局集团建设发展有限公司第一厂房事业部,0001010000430004999c
1003484,常州精测新能源智能装备生产,0,5,中建一局集团建设发展有限公司第一厂房事业部,0001010000430004999c
998423,江苏溧阳时代上汽二期SD3项目,0,NULL,中建一局集团建设发展有限公司第一厂房事业部,0001010000430004999c
112164,广东阿里巴巴云计算数据中心河源源城区三期项目,0,5,中建一局集团建设发展有限公司第一厂房事业部,0001010000430004999c
81265,广州超视堺第10.5代TFT-LCD显示器件生产线（发展）,0,NULL,中建一局集团建设发展有限公司第一厂房事业部,0001010000430004999c
1074588,昆山国显创新定制厂房EPC,0,2,中建一局集团建设发展有限公司第一厂房事业部,0001010000430004999c
1021893,苏州龙驰半导体,0,5,中建一局集团建设发展有限公司第一厂房事业部,0001010000430004999c
82272,广东阿里巴巴云计算数据中心河源源城区项目,0,11,中建一局集团建设发展有限公司第一厂房事业部,0001010000430004999c
1024869,重庆光掩膜版制造,0,5,中建一局集团建设发展有限公司第一厂房事业部,0001010000430004999c
89894,合肥维信诺第六代AMOLED生产线项目,0,NULL,中建一局集团建设发展有限公司第一厂房事业部,0001010000430004999c
1096160,江苏江阴多层细线宽系统集成封测（一期）J3,0,4,中建一局集团建设发展有限公司第一厂房事业部,0001010000430004999c
1072083,大庆油田旧井复产液压抽油机增油服务,0,4,中建一局集团建设发展有限公司第一厂房事业部,0001010000430004999c
29149,第6代有源矩阵有机发光显示器件(AMOLED)面板生产线项目,0,NULL,中建一局集团建设发展有限公司第一厂房事业部,0001010000430004999c
11413,合肥京东方第10.5代薄膜晶体管液晶显示器件（TFT-LCD）,0,NULL,中建一局集团建设发展有限公司第一厂房事业部,0001010000430004999c
1071901,烟台京东方高端显示材料研究院,0,4,中建一局集团建设发展有限公司第一厂房事业部,0001010000430004999c
1000886,上海天岳碳化硅半导体材料项目,0,5,中建一局集团建设发展有限公司第一厂房事业部,0001010000430004999c
991630,广东阿里巴巴云计算数据中心河源江东二期,0,NULL,中建一局集团建设发展有限公司第一厂房事业部,0001010000430004999c
111083,合肥鼎材新型显示配套高端电子材料生产基地,0,NULL,中建一局集团建设发展有限公司第一厂房事业部,0001010000430004999c
1006484,武汉海康威视智慧产业园（一期）2标段,0,5,中建一局集团建设发展有限公司第一厂房事业部,0001010000430004999c
1005116,宜春时代锂离子电池生产基地项目（一期）一标段,0,5,中建一局集团建设发展有限公司第一厂房事业部,0001010000430004999c
103957,厦门天马显示科技有限公司第6代柔性AMOLED生产线,0,NULL,中建一局集团建设发展有限公司第一厂房事业部,0001010000430004999c
100056,广东阿里巴巴云计算数据中心河源源城区二期项目,0,NULL,中建一局集团建设发展有限公司第一厂房事业部,0001010000430004999c
65059,广州第10.5代TFT-LCD显示器生产线玻璃工厂建设项目,0,NULL,中建一局集团建设发展有限公司第一厂房事业部,0001010000430004999c
1102398,中国电信粤港澳大湾区一体化数据中心项目(浈江园 区)2.2 期（A3A4）工程 EPC 总承包,0,5,中建一局集团建设发展有限公司第一厂房事业部,0001010000430004999c
1075555,广州中微半导体研发生产基地一期,0,11,中建一局集团建设发展有限公司第一厂房事业部,0001010000430004999c
1074062,上海长江存储华东区总部及研发中心项目,0,4,中建一局集团建设发展有限公司第一厂房事业部,0001010000430004999c
1072086,合肥井松年产10000台套智能装备生产线,0,4,中建一局集团建设发展有限公司第一厂房事业部,0001010000430004999c
1027133,广州粤芯半导体三期B标段,0,5,中建一局集团建设发展有限公司第一厂房事业部,0001010000430004999c
1018866,珠海格力电子元器件有限公司电子元器件扩产项目总承包（EPC),0,2,中建一局集团建设发展有限公司第一厂房事业部,0001010000430004999c
999639,丰宁污水处理厂扩容提标改造及配套管网,0,5,中建一局集团建设发展有限公司第一厂房事业部,0001010000430004999c
111078,淮南云谷大数据产业园(B地块),0,5,中建一局集团建设发展有限公司第一厂房事业部,0001010000430004999c
1096360,上海12英寸生产线,0,4,中建一局集团建设发展有限公司第一厂房事业部,0001010000430004999c
1071700,年产10000台套智能装备生产线一期项目,0,4,中建一局集团建设发展有限公司第一厂房事业部,0001010000430004999c
1070284,北京北电集成12英寸集成电路生产线项目一般机电,0,11,中建一局集团建设发展有限公司第一厂房事业部,0001010000430004999c
1059919,合肥8.6代有源矩阵有机发光显示器件生产线,0,11,中建一局集团建设发展有限公司第一厂房事业部,0001010000430004999c
1021717,北京京东方第6代新型半导体显示器件生产线,0,5,中建一局集团建设发展有限公司第一厂房事业部,0001010000430004999c
992896,北京精测半导体设备及准分子激光器项目（厂房1等12项）,0,5,中建一局集团建设发展有限公司第一厂房事业部,0001010000430004999c
95110,合肥维信诺第六代AMOLED生产线（发展）,0,NULL,中建一局集团建设发展有限公司第一厂房事业部,0001010000430004999c
1078025,北京集成电路标准厂房D,0,5,中建一局集团建设发展有限公司第一厂房事业部,0001010000430004999c
1069250,广州领为汽车智能视觉产品大湾区总部生产研发基地,0,4,中建一局集团建设发展有限公司第一厂房事业部,0001010000430004999c
1030798,武汉长飞先进半导体基地,0,5,中建一局集团建设发展有限公司第一厂房事业部,0001010000430004999c
111512,晋城光机电产业园一期项目EPC总承包,0,4,中建一局集团建设发展有限公司第一厂房事业部,0001010000430004999c
1072392,上海长江存储华东区总部及研发中心,0,5,中建一局集团建设发展有限公司第一厂房事业部,0001010000430004999c
1068191,广州日月新半导体有限公司新建项目一期,1,5,中建一局集团建设发展有限公司第一厂房事业部,0001010000430004999c
1017634,合肥维信诺电子第6代（AMOLED）模组生产线,0,2,中建一局集团建设发展有限公司第一厂房事业部,0001010000430004999c
1004802,厦门时代锂离子电池生产基地项目（一期）二标段,0,5,中建一局集团建设发展有限公司第一厂房事业部,0001010000430004999c
100405,广州维信诺第6代柔性AMOLED模组生产线项目,0,NULL,中建一局集团建设发展有限公司第一厂房事业部,0001010000430004999c
76410,武汉高世代薄膜晶体管液晶显示器件（TFT-LCD）生产线项目,0,NULL,中建一局集团建设发展有限公司第一厂房事业部,0001010000430004999c
1086518,北京集成电路产业园建设,0,4,中建一局集团建设发展有限公司第一厂房事业部,0001010000430004999c
1079949,北京亦庄新城台湖再生水厂一期工程2,0,11,中建一局集团建设发展有限公司第一厂房事业部,0001010000430004999c
1061708,合肥维信诺电子第6代(AMOLED)模组生产线土建工程B,0,5,中建一局集团建设发展有限公司第一厂房事业部,0001010000430004999c
1030264,珠海Micro LED晶圆制造和封装测试基地及科技产业园生活配套建设,0,5,中建一局集团建设发展有限公司第一厂房事业部,0001010000430004999c
1005110,宁波灵芯微电子产业园EPC,0,5,中建一局集团建设发展有限公司第一厂房事业部,0001010000430004999c
107328,杭州海康高端安防产品及红外传感芯片研发、产业化,0,NULL,中建一局集团建设发展有限公司第一厂房事业部,0001010000430004999c
1101880,武汉国家存储器基地项目（一期）土建C包,0,5,中建一局集团建设发展有限公司第一厂房事业部,0001010000430004999c
1053151,北京青龙湖再生水厂（丰台）扩建工程,0,5,中建一局集团建设发展有限公司第一厂房事业部,0001010000430004999c
1021437,郑州航空港M区智慧仓储项目Ⅱ标段,0,5,中建一局集团建设发展有限公司第一厂房事业部,0001010000430004999c
1010633,北京华封集芯先进封测基地项目,0,5,中建一局集团建设发展有限公司第一厂房事业部,0001010000430004999c
1088102,北京集成电路标准厂房建设,0,4,中建一局集团建设发展有限公司第一厂房事业部,0001010000430004999c
1060019,江门格兰达高端装备制造项目宿舍及服务楼和1#厂房建设工程,0,5,中建一局集团建设发展有限公司第一厂房事业部,0001010000430004999c
1021772,广州粤芯半导体三期项目,0,5,中建一局集团建设发展有限公司第一厂房事业部,0001010000430004999c
1005927,江苏日丰镇江基地,0,5,中建一局集团建设发展有限公司第一厂房事业部,0001010000430004999c
1005669,合肥国轩新站年产20GWh大众标准电芯,0,5,中建一局集团建设发展有限公司第一厂房事业部,0001010000430004999c
45225,广州超视堺第10.5代TFT-LCD显示器件生产线,0,NULL,中建一局集团建设发展有限公司第一厂房事业部,0001010000430004999c
1098680,北京翰博光电改造,0,4,中建一局集团建设发展有限公司第一厂房事业部,0001010000430004999c
1079943,合肥8.6代有源矩阵有机发光显示器件生产线装饰,0,5,中建一局集团建设发展有限公司第一厂房事业部,0001010000430004999c
1066859,北京亦庄新城台湖再生水厂一期工程,0,11,中建一局集团建设发展有限公司第一厂房事业部,0001010000430004999c
1031527,广州金升阳模块电源产业,0,5,中建一局集团建设发展有限公司第一厂房事业部,0001010000430004999c
1029702,北京盛吉盛高端装备研发制造基地项目,0,5,中建一局集团建设发展有限公司第一厂房事业部,0001010000430004999c
1013738,北京亦庄金桥再生水厂项目,0,5,中建一局集团建设发展有限公司第一厂房事业部,0001010000430004999c
996110,杭州海康威视智能安检产品产业化基地,0,NULL,中建一局集团建设发展有限公司第一厂房事业部,0001010000430004999c
1049962,成都辰显光电微型发光二极管（Micro-LED）生产基地,0,11,中建一局集团建设发展有限公司第一厂房事业部,0001010000430004999c
78841,重庆京东方第6代AMOLED柔性生产线,0,5,中建一局集团建设发展有限公司第一厂房事业部,0001010000430004999c
1086715,2026年中建一局集团大兴物流园,0,11,中建一局集团资产运营管理有限公司,00010100004399ch
1080048,房山资产运营部2026年,0,11,中建一局集团资产运营管理有限公司,00010100004399ch
1058710,中建一局集团资产运营管理有限公司,2,4,中建一局集团资产运营管理有限公司,00010100004399ch
1058645,2025房山两基地保安保洁劳务招标采购项目,0,11,中建一局集团资产运营管理有限公司,00010100004399ch
1086914,2026年大兴资产事业部采购,0,4,中建一局集团资产运营管理有限公司,00010100004399ch
1079401,中建一局集团大兴物流园停车管理服务,0,11,中建一局集团资产运营管理有限公司,00010100004399ch
1055632,机械化横岭基地泄洪沟清淤项目,0,5,中建一局集团资产运营管理有限公司,00010100004399ch
1086764,第三批央企在京老旧小区综合整治项目（标包一百六十二）工程总承包,0,2,中建一局集团资产运营管理有限公司,00010100004399ch
1074319,CI传媒事业部2025年第一批CI制作服务采购,0,4,中建一局集团资产运营管理有限公司,00010100004399ch
1053498,中建一局北院公寓改造项目EPC总承包工程,0,11,中建一局集团资产运营管理有限公司,00010100004399ch
1074479,CI传媒事业部2025年第二批CI制作服务采购,0,11,中建一局集团资产运营管理有限公司,00010100004399ch
1060131,2025房山两基地保安、保洁劳务招标采购项目,0,11,中建一局集团资产运营管理有限公司,00010100004399ch
1060128,2025年房山两基地保安、保洁劳务招标采购项目,0,11,中建一局集团资产运营管理有限公司,00010100004399ch
1059849,2024年-2027年中建一局大兴物流园供暖服务,0,11,中建一局集团资产运营管理有限公司,00010100004399ch
1086901,2026年中建一局集团大兴资产事业部采购,0,4,中建一局集团资产运营管理有限公司,00010100004399ch
1065246,第三批央企在京老旧小区综合整治项目招标代理服务（丰台区、大兴区）,0,2,中建一局集团资产运营管理有限公司,00010100004399ch
1060129,房山两基地保安、保洁劳务招标采购项目（2025）,0,11,中建一局集团资产运营管理有限公司,00010100004399ch
1087730,2026年丰台资产运营部,0,11,中建一局集团资产运营管理有限公司,00010100004399ch
1080046,2026年房山两基地保安保洁劳务招标采购项目,0,11,中建一局集团资产运营管理有限公司,00010100004399ch
1066668,滨河西里、富强西里综合整治项目招标代理服务,0,2,中建一局集团资产运营管理有限公司,00010100004399ch
1060130,房山两基地保安保洁劳务招标采购项目（2025年）,0,11,中建一局集团资产运营管理有限公司,00010100004399ch
1095904,城市更新与运营部2026年,0,4,中建一局集团资产运营管理有限公司,00010100004399ch
1060884,2025-2027年度总部小区保洁服务,0,11,中建一局集团资产运营管理有限公司,00010100004399ch
1050403,总部小区,0,4,中建一局集团资产运营管理有限公司,00010100004399ch
1061625,第三批央企在京老旧小区综合整治项目（标包一百五十七）（大兴区兴丰街道、清源街道）工程总承包（EPC）,0,11,中建一局集团资产运营管理有限公司,00010100004399ch
1058638,2025年房山两基地保安保洁劳务招标采购项目,0,11,中建一局集团资产运营管理有限公司,00010100004399ch
1060882,2025年度总部小区保安服务,0,11,中建一局集团资产运营管理有限公司,00010100004399ch
1082613,CI传媒事业部2026年,0,4,中建一局集团资产运营管理有限公司,00010100004399ch
1074508,CI传媒事业部2025年,0,4,中建一局集团资产运营管理有限公司,00010100004399ch
1071413,先进金属基复合材料研发及产业化项目,0,4,中建一局集团资产运营管理有限公司,00010100004399ch
1077816,丰台资产运营部2025年,0,11,中建一局集团资产运营管理有限公司,00010100004399ch
1078819,延庆中机检测产业园项目,0,5,中建（天津）工业化建筑工程有限公司,0001010000430004999f
1078825,中建（天津）工业化建筑工程有限公司(运营）,0,4,中建（天津）工业化建筑工程有限公司,0001010000430004999f
1075224,北京朝阳区电子城0017地块项目,0,4,中建（天津）工业化建筑工程有限公司,0001010000430004999f
1066853,上海国际主题乐园,0,5,中建一局集团建设发展有限公司上海分公司,000101000043000499a1
1079948,上海同济大学综合运动馆,0,5,中建一局集团建设发展有限公司上海分公司,000101000043000499a1
1090120,上海崇明圆沙消防站,0,5,中建一局集团建设发展有限公司上海分公司,000101000043000499a1
1063859,上海曹路社区综合服务中心,0,11,中建一局集团建设发展有限公司上海分公司,000101000043000499a1
1019029,中创新航成都项目二期桩基一标段,0,11,中国建筑一局（集团）有限公司西南区域公司,0001010000430029
1015503,重庆现代制造职业学院一期项目桩基工程,0,4,中国建筑一局（集团）有限公司西南区域公司,0001010000430029
1002450,华侨城欢乐海湾-天鹅堡6～14栋施工总承包工程,0,5,中国建筑一局（集团）有限公司西南区域公司,0001010000430029
104377,乐山市苏稽新区基础设施建设工程（一期）PPP项目（北区）,0,3,中国建筑一局（集团）有限公司西南区域公司,0001010000430029
103513,保利大都汇4号地块5、6#楼土建及水电安装工程,0,NULL,中国建筑一局（集团）有限公司西南区域公司,0001010000430029
104216,乐山市苏稽新区基础设施建设工程（一期）PPP项目（南区）,0,5,中国建筑一局（集团）有限公司西南区域公司,0001010000430029
55643,泸州市江阳区妇幼保健院、疾病预防控制中心业务大楼项目,0,NULL,中国建筑一局（集团）有限公司西南区域公司,0001010000430029
814591,新黄浦南浔国际旅游度假中心项目-劳务,NULL,NULL,中国建筑一局（集团）有限公司西南区域公司,0001010000430029
1049414,总行营业办公用房安全性维修改造工程非改造区域恢复及隐患整改工程项目,0,5,中国建筑一局（集团）有限公司西南区域公司,0001010000430029
1031785,四川水发科创中心项目,0,11,中国建筑一局（集团）有限公司西南区域公司,0001010000430029
1017320,中创新航眉山项目一期施工总承包二标段,0,NULL,中国建筑一局（集团）有限公司西南区域公司,0001010000430029
1016436,华侨城欢乐海湾·天鹅堡6-14幢、垃圾收集站及地下室,0,NULL,中国建筑一局（集团）有限公司西南区域公司,0001010000430029
102638,昆明世博门户项目土方支护,0,NULL,中国建筑一局（集团）有限公司西南区域公司,0001010000430029
98997,保利国际城翡丽湾C区,0,NULL,中国建筑一局（集团）有限公司西南区域公司,0001010000430029
95934,保利和光屿湖项目15地块及相应地下室建筑安装总包工程项目,0,1,中国建筑一局（集团）有限公司西南区域公司,0001010000430029
80350,龙水湖1-4地块总承包工程,0,NULL,中国建筑一局（集团）有限公司西南区域公司,0001010000430029
822913,置悦城·贵安馨苑（二期）东区施工项目,NULL,NULL,中国建筑一局（集团）有限公司西南区域公司,0001010000430029
821668,自贡万达施工总承包工程,0,NULL,中国建筑一局（集团）有限公司西南区域公司,0001010000430029
814525,通济桥幼儿园等项目-东林幼儿园项目-劳务,NULL,NULL,中国建筑一局（集团）有限公司西南区域公司,0001010000430029
1085225,贵州亚太矿业有限公司普安县泥堡金矿采选工程选矿厂,0,5,中国建筑一局（集团）有限公司西南区域公司,0001010000430029
1065244,中创新航成都项目二期施工总承包一标段,0,5,中国建筑一局（集团）有限公司西南区域公司,0001010000430029
1017119,龙泉驿区整体城镇化北部片建设项目永丰家园工程施工（第二次）,0,NULL,中国建筑一局（集团）有限公司西南区域公司,0001010000430029
995929,宜宾保利临港区项目一标段5号地块、商业地块及幼儿园土建及水电安装工程,0,5,中国建筑一局（集团）有限公司西南区域公司,0001010000430029
92117,四川省成都市龙润丰锦项目,0,NULL,中国建筑一局（集团）有限公司西南区域公司,0001010000430029
96938,成都天府国际机场东航机务维修区项目,0,5,中国建筑一局（集团）有限公司西南区域公司,0001010000430029
82395,南充市中心医院下中坝院区等四个建设项目,0,NULL,中国建筑一局（集团）有限公司西南区域公司,0001010000430029
82137,重庆万达文旅城项目B05、B10 地块总承包工程,0,NULL,中国建筑一局（集团）有限公司西南区域公司,0001010000430029
66536,贵州省义龙新区康养智能小镇(一期)建设项目,0,3,中国建筑一局（集团）有限公司西南区域公司,0001010000430029
45838,乾和·新天汇项目,0,NULL,中国建筑一局（集团）有限公司西南区域公司,0001010000430029
815293,贵州省义龙新区康养小镇（一期）项目-劳务,NULL,NULL,中国建筑一局（集团）有限公司西南区域公司,0001010000430029
51807,龙泉驿区整体城镇化北部片区建设项目永丰家园工程,0,1,中国建筑一局（集团）有限公司西南区域公司,0001010000430029
1098839,昆明商贸服务型国家物流枢纽多式联运国际集结中心(一期),0,5,中国建筑一局（集团）有限公司西南区域公司,0001010000430029
1066312,绵阳某场平项目,0,5,中国建筑一局（集团）有限公司西南区域公司,0001010000430029
1032475,中储粮重庆涪陵直属库有限公司粮食仓储项目,0,5,中国建筑一局（集团）有限公司西南区域公司,0001010000430029
1018697,四川中烟工业有限责任公司烟叶原料仓库建设项目建筑安装工程施工总承包,0,4,中国建筑一局（集团）有限公司西南区域公司,0001010000430029
1018349,成都经开科技产业孵化园二期工程,0,NULL,中国建筑一局（集团）有限公司西南区域公司,0001010000430029
1014780,中创新航眉山项目一期施工总承包（二标段）,0,4,中国建筑一局（集团）有限公司西南区域公司,0001010000430029
1001086,滇中引水配套工程-昆明主城东南片区输水净配水工程,1,2,中国建筑一局（集团）有限公司西南区域公司,0001010000430029
992360,天府新区公共卫生指挥中心（疾控中心）项目,0,5,中国建筑一局（集团）有限公司西南区域公司,0001010000430029
90044,喜德县欣欣小学和向荣中学建设项目,0,NULL,中国建筑一局（集团）有限公司西南区域公司,0001010000430029
48553,铜仁市碧江区灯塔街道白岩溪安置点易地扶贫搬迁工程,0,NULL,中国建筑一局（集团）有限公司西南区域公司,0001010000430029
17682,重庆龙洲湾东公租房平基土石方项目,0,NULL,中国建筑一局（集团）有限公司西南区域公司,0001010000430029
16131,（2101070085）郫县方桥嘉苑农村新型社区及附属工程（二期）建设项目,0,NULL,中国建筑一局（集团）有限公司西南区域公司,0001010000430029
1074304,苗圃地块停车场项目,0,5,中国建筑一局（集团）有限公司西南区域公司,0001010000430029
1066998,宜宾市翠屏区安阜片区城中村改造项目（三和花园建设项目）EPC,0,4,中国建筑一局（集团）有限公司西南区域公司,0001010000430029
1050393,贵州电网科创示范园区一期(计量中心）及二期（食堂电气化厨房）近零碳建设项目,0,2,中国建筑一局（集团）有限公司西南区域公司,0001010000430029
1044668,蒲江县长滩湖水库配套设施建设工程（给排水工程）,0,2,中国建筑一局（集团）有限公司西南区域公司,0001010000430029
994742,有研科技创新中心项目,0,NULL,中国建筑一局（集团）有限公司西南区域公司,0001010000430029
994154,绵阳E区酒店施工总承包工程,0,NULL,中国建筑一局（集团）有限公司西南区域公司,0001010000430029
993905,遂宁保利养生谷项目三期土建及水电安装工程,0,NULL,中国建筑一局（集团）有限公司西南区域公司,0001010000430029
100258,凉山州保密技术服务中心建设项目,0,NULL,中国建筑一局（集团）有限公司西南区域公司,0001010000430029
76324,SIF1升级建设项目,0,NULL,中国建筑一局（集团）有限公司西南区域公司,0001010000430029
814581,通济桥幼儿园等项目-大石学校项目-劳务,NULL,NULL,中国建筑一局（集团）有限公司西南区域公司,0001010000430029
814159,老干妈油制辣椒产业园贵定工厂一期工程1标段-劳务,NULL,NULL,中国建筑一局（集团）有限公司西南区域公司,0001010000430029
812958,思南县双塘安置点易地扶贫搬迁工程EPC总承包项目,NULL,NULL,中国建筑一局（集团）有限公司西南区域公司,0001010000430029
1086660,第一批在京中央企业老旧小区综合整治项目（标包五）（海淀区北太平庄街道、花园路街道）工程总承包（EPC）一标段,0,5,中国建筑一局（集团）有限公司西南区域公司,0001010000430029
1085091,四川水发科创中心地下通道防汛保障工程项目,0,5,中国建筑一局（集团）有限公司西南区域公司,0001010000430029
1063986,宜宾市翠屏区安阜片区城中村改造项目（三和花园建设项目）,0,2,中国建筑一局（集团）有限公司西南区域公司,0001010000430029
1043604,南部县乡村振兴农业示范基地建设项目设计施工总承包一标段,0,2,中国建筑一局（集团）有限公司西南区域公司,0001010000430029
1027922,奉节县万胜小学扩建工程(第二次),0,5,中国建筑一局（集团）有限公司西南区域公司,0001010000430029
1027121,总行营业办公用房安全性维修改造工程施工总承包项目,0,5,中国建筑一局（集团）有限公司西南区域公司,0001010000430029
1024892,成都理工96亩住宅项目1期北区住宅总承包项目,0,5,中国建筑一局（集团）有限公司西南区域公司,0001010000430029
1022989,宜宾某安置住房项目施工总承包,0,5,中国建筑一局（集团）有限公司西南区域公司,0001010000430029
1015709,宜宾保利临港区项目一标段5号地块、商业地块及幼儿园土建及水电安装工程项目,0,NULL,中国建筑一局（集团）有限公司西南区域公司,0001010000430029
1011039,绵竹市大数据智能仓储物流园项目（EPC）,0,2,中国建筑一局（集团）有限公司西南区域公司,0001010000430029
107777,有研集团稀有金属技术创新平台建设项目,0,NULL,中国建筑一局（集团）有限公司西南区域公司,0001010000430029
98996,保利国际城中央花园B区,0,NULL,中国建筑一局（集团）有限公司西南区域公司,0001010000430029
62720,黔西南州义龙新区2018年易地扶贫搬迁顶效步马松林居住区工程,0,NULL,中国建筑一局（集团）有限公司西南区域公司,0001010000430029
826155,四川省成都市御园丰锦项目总承包工程,0,NULL,中国建筑一局（集团）有限公司西南区域公司,0001010000430029
819820,方桥嘉苑三期项目-劳务,NULL,NULL,中国建筑一局（集团）有限公司西南区域公司,0001010000430029
817333,龙水湖1-4地块项目-劳务,NULL,NULL,中国建筑一局（集团）有限公司西南区域公司,0001010000430029
816575,泸州高新区标准化厂房（二期）EPC总承包项目,0,NULL,中国建筑一局（集团）有限公司西南区域公司,0001010000430029
815116,黔西南州义龙新区2018年易地扶贫搬迁顶效居住区工程-劳务,NULL,NULL,中国建筑一局（集团）有限公司西南区域公司,0001010000430029
1044350,涪陵区2023年增福镇等2个乡镇丘陵山区 高标准农田改造提升示范项目（二标段）,0,4,中国建筑一局（集团）有限公司西南区域公司,0001010000430029
1028844,安宁市现代农业产业园区仓储冷链物流区EPC工程,0,2,中国建筑一局（集团）有限公司西南区域公司,0001010000430029
1021520,四川中烟工业有限公司烟叶原料仓库建设项目,0,NULL,中国建筑一局（集团）有限公司西南区域公司,0001010000430029
1018686,贵州电网公司电力科研技术产业用房项目一期（贵州省级电能计量检定中心（含配套用房）项目）,0,2,中国建筑一局（集团）有限公司西南区域公司,0001010000430029
1003270,华阳街道牧华路消防站项目,0,5,中国建筑一局（集团）有限公司西南区域公司,0001010000430029
111922,二期房建-北理工重庆创新中心EPC,0,4,中国建筑一局（集团）有限公司西南区域公司,0001010000430029
112324,成都天府国际生物产业加速器二期项目设计-施工总承包二标段,0,4,中国建筑一局（集团）有限公司西南区域公司,0001010000430029
82508,英诺赛科（苏州）半导体有限公司新建半导体生产厂房等项目土建工程B标段,0,NULL,中国建筑一局（集团）有限公司西南区域公司,0001010000430029
80621,省中西医结合医院外科病房暨转化医学综合楼项目土建及水电安装工程,0,NULL,中国建筑一局（集团）有限公司西南区域公司,0001010000430029
68921,众美现代城37#AB商业办公楼 施工总承包工程,0,4,中国建筑一局（集团）有限公司西南区域公司,0001010000430029
34181,贵州省铜仁市碧江区易地扶贫搬迁项目,0,NULL,中国建筑一局（集团）有限公司西南区域公司,0001010000430029
28301,乐夹大道市中区段及省道308线改线工程PPP项目,0,3,中国建筑一局（集团）有限公司西南区域公司,0001010000430029
27362,重庆京东方智慧电子系统智能制造生产线项目临时设施及场内道路工程,0,NULL,中国建筑一局（集团）有限公司西南区域公司,0001010000430029
818730,融创B05.10项目-劳务,0,NULL,中国建筑一局（集团）有限公司西南区域公司,0001010000430029
1006406,宜宾商务中心项目,0,4,中国建筑一局（集团）有限公司西南区域公司,0001010000430029
1006076,英诺赛科（苏州）半导体有限公司新建半导体生产厂房等项目（10号产品检验楼和39号产品检验扩建楼）项目,0,4,中国建筑一局（集团）有限公司西南区域公司,0001010000430029
997951,成都保利国际广场项目二期酒店机电总承包工程,0,NULL,中国建筑一局（集团）有限公司西南区域公司,0001010000430029
995774,华侨城青山51地块项目18街坊施工总承包工程,0,5,中国建筑一局（集团）有限公司西南区域公司,0001010000430029
101302,凤凰家园三期安置小区项目,0,NULL,中国建筑一局（集团）有限公司西南区域公司,0001010000430029
16707,（2101070068）重庆跳蹬幸福华庭公租房B、C组团,0,NULL,中国建筑一局（集团）有限公司西南区域公司,0001010000430029
817171,资阳万达广场项目-劳务,0,NULL,中国建筑一局（集团）有限公司西南区域公司,0001010000430029
814524,通济桥幼儿园等项目-天府六小项目-劳务,NULL,NULL,中国建筑一局（集团）有限公司西南区域公司,0001010000430029
814234,通济桥幼儿园等项目-交警七分局项目-劳务,NULL,NULL,中国建筑一局（集团）有限公司西南区域公司,0001010000430029
813820,碧江区灯塔街道打角冲安置点易地扶贫搬迁工程,NULL,NULL,中国建筑一局（集团）有限公司西南区域公司,0001010000430029
1062912,中储粮重庆涪陵直属库有限公司粮食仓储项目二期,0,5,中国建筑一局（集团）有限公司西南区域公司,0001010000430029
1014527,中创新航桩基项目,0,4,中国建筑一局（集团）有限公司西南区域公司,0001010000430029
1013639,10000吨TCPA钠盐及配套工程建设项目土建工程,0,5,中国建筑一局（集团）有限公司西南区域公司,0001010000430029
995441,德阳保利国际城会展中心土建及水电安装工程,0,1,中国建筑一局（集团）有限公司西南区域公司,0001010000430029
111614,保利德阳国际城翡丽湾C区二标段,0,4,中国建筑一局（集团）有限公司西南区域公司,0001010000430029
110657,成都水环境治理项目,0,4,中国建筑一局（集团）有限公司西南区域公司,0001010000430029
107940,白果安置小区项目,0,5,中国建筑一局（集团）有限公司西南区域公司,0001010000430029
104334,团结永定村安置房建设项目一期,0,5,中国建筑一局（集团）有限公司西南区域公司,0001010000430029
100373,宜宾五粮液厂房项目,0,5,中国建筑一局（集团）有限公司西南区域公司,0001010000430029
92511,四川大学生物治疗协同创新中心华西科教楼项目,0,NULL,中国建筑一局（集团）有限公司西南区域公司,0001010000430029
36699,贵州铜仁思南2017易地扶贫搬迁工程,0,NULL,中国建筑一局（集团）有限公司西南区域公司,0001010000430029
51744,新黄浦南浔国际旅游度假中心项目CD-04-01-010地块施工总承包工程,0,NULL,中国建筑一局（集团）有限公司西南区域公司,0001010000430029
45579,新黄浦南浔国际旅游度假中心项目贵宾楼土建、安装工程,0,NULL,中国建筑一局（集团）有限公司西南区域公司,0001010000430029
826102,昆明世博门户文化旅游综合体项目（1号地块）,0,NULL,中国建筑一局（集团）有限公司西南区域公司,0001010000430029
820647,喜德县欣欣小学和向荣中学建设项目-劳务,NULL,NULL,中国建筑一局（集团）有限公司西南区域公司,0001010000430029
815452,龙泉驿区整体城镇化北部片区建设项目永丰家园工程-劳务,0,NULL,中国建筑一局（集团）有限公司西南区域公司,0001010000430029
814310,乾和.新天汇（一期）-劳务,NULL,NULL,中国建筑一局（集团）有限公司西南区域公司,0001010000430029
811934,先进光源技术研发与测试平台,NULL,NULL,中国建筑一局（集团）有限公司西南区域公司,0001010000430029
1032256,阿克西蒙（中国西南）核心场项目土建及基础设施项目,0,4,中国建筑一局（集团）有限公司西南区域公司,0001010000430029
1016611,绵竹大数据智能仓储物流园项目（EPC）,0,NULL,中国建筑一局（集团）有限公司西南区域公司,0001010000430029
998580,宜宾保利阅江台项目1、3号地块土建及水电安装工程项目,0,5,中国建筑一局（集团）有限公司西南区域公司,0001010000430029
103587,保利和光逸境名邸项目,0,NULL,中国建筑一局（集团）有限公司西南区域公司,0001010000430029
79063,龙泉驿区整体城镇化北部片区建设项目永丰家园工程-四工段,0,NULL,中国建筑一局（集团）有限公司西南区域公司,0001010000430029
44163,先进光源技术研发与测试平台项目,0,NULL,中国建筑一局（集团）有限公司西南区域公司,0001010000430029
823219,自贡万达广场项目-劳务,0,NULL,中国建筑一局（集团）有限公司西南区域公司,0001010000430029
1102619,中国邮政储蓄银行股份有限公司遵义市分行业务技术用房,0,4,中国建筑一局（集团）有限公司西南区域公司,0001010000430029
1015106,滇中引水配套工程-昆明主城东南片区输水净配水工程项目,0,NULL,中国建筑一局（集团）有限公司西南区域公司,0001010000430029
992110,成都保利中环广场项目E、G地块及首开区土建及水电安装工程,0,4,中国建筑一局（集团）有限公司西南区域公司,0001010000430029
112034,脑认知机理与脑机融合交叉研究平台项目,0,4,中国建筑一局（集团）有限公司西南区域公司,0001010000430029
110648,西安东航空港总部保障基地项目（住宅东）,0,4,中国建筑一局（集团）有限公司西南区域公司,0001010000430029
107641,保利犀浦西汇智慧云城,0,5,中国建筑一局（集团）有限公司西南区域公司,0001010000430029
100215,四川大学江安校区东园学生宿舍四号楼、五号楼项目,0,NULL,中国建筑一局（集团）有限公司西南区域公司,0001010000430029
101538,雪松国际中心项目1#、2#地块及示范区建筑安装总承包工程项目,0,NULL,中国建筑一局（集团）有限公司西南区域公司,0001010000430029
96556,成都新机场东航生产辅助区项目施工总承包,0,NULL,中国建筑一局（集团）有限公司西南区域公司,0001010000430029
84137,方桥嘉苑三期,0,5,中国建筑一局（集团）有限公司西南区域公司,0001010000430029
74126,资阳万达广场三期项目,0,NULL,中国建筑一局（集团）有限公司西南区域公司,0001010000430029
39737,遂宁海绵城市东湖引水入城河湖连通及市政道路工程,0,NULL,中国建筑一局（集团）有限公司西南区域公司,0001010000430029
27560,隆鑫·印象东方总承包工程（二标段）,0,NULL,中国建筑一局（集团）有限公司西南区域公司,0001010000430029
826278,遂宁市船山区圣平岛棚户区改造（二期）建设项目-劳务,0,NULL,中国建筑一局（集团）有限公司西南区域公司,0001010000430029
28172,重庆京东方智慧电子系统智能制造生产线项目总包工程,0,NULL,中国建筑一局（集团）有限公司西南区域公司,0001010000430029
1019193,乐山市苏稽新区基础建设工程（一期）PPP项目北区,0,NULL,中国建筑一局（集团）有限公司西南区域公司,0001010000430029
1014947,宜宾市三江口CBD中央商务区一期工程（SJK-A-5-1地块）施工总承包工程,0,NULL,中国建筑一局（集团）有限公司西南区域公司,0001010000430029
1004981,YTD边坡及场平工程,0,4,中国建筑一局（集团）有限公司西南区域公司,0001010000430029
1002364,古什路维修改造工程,1,NULL,中国建筑一局（集团）有限公司西南区域公司,0001010000430029
94735,自贡万达施工总承包工程,0,NULL,中国建筑一局（集团）有限公司西南区域公司,0001010000430029
92579,宜宾市三江口CBD中央商务区一期工程（SJK-A-5-1地块）,0,5,中国建筑一局（集团）有限公司西南区域公司,0001010000430029
55462,宜宾万达广场,0,2,中国建筑一局（集团）有限公司西南区域公司,0001010000430029
28812,隆鑫·印象城邦三期项目,0,NULL,中国建筑一局（集团）有限公司西南区域公司,0001010000430029
815481,微创健康科技孵化与产业化基地二期、三期项目-劳务,NULL,NULL,中国建筑一局（集团）有限公司西南区域公司,0001010000430029
1090488,德阳市中心城区南片区污水管网改造工程,1,2,中国建筑一局（集团）有限公司西南区域公司,0001010000430029
1076081,绵阳某工房项目,0,5,中国建筑一局（集团）有限公司西南区域公司,0001010000430029
1023083,广汉市海绵城市建设项目排水防涝能力提升工程,0,NULL,中国建筑一局（集团）有限公司西南区域公司,0001010000430029
1022060,贵州电网公司电力科研技术产业用房项目一期（贵州省级电能计量检定中心（含配套用房）项目）设计采购施工总承包,0,NULL,中国建筑一局（集团）有限公司西南区域公司,0001010000430029
1019502,氯虫苯甲酰胺中试建设项目,0,5,中国建筑一局（集团）有限公司西南区域公司,0001010000430029
1018849,广安10000吨TPCA钠盐及配套工程建设项目土建工程,0,NULL,中国建筑一局（集团）有限公司西南区域公司,0001010000430029
1016528,白果安置小区项目设计-施工总承包一标段,0,NULL,中国建筑一局（集团）有限公司西南区域公司,0001010000430029
1010842,东航空港总部保障基地项目（住宅西）,0,5,中国建筑一局（集团）有限公司西南区域公司,0001010000430029
111891,保利国际城中央花园A区二标段,0,4,中国建筑一局（集团）有限公司西南区域公司,0001010000430029
102793,保利国际城中央花园B区12-23号楼、门卫室、垃圾用房及二期地下室,0,NULL,中国建筑一局（集团）有限公司西南区域公司,0001010000430029
82605,重庆天安数码城江畔珑园二期项目土建安装总承包工程,0,NULL,中国建筑一局（集团）有限公司西南区域公司,0001010000430029
814887,乐山市乐夹大道市中区段及省道308线改线工程PPP项目-劳务,0,NULL,中国建筑一局（集团）有限公司西南区域公司,0001010000430029
814652,通济桥幼儿园等项目-沙河小学项目-劳务,NULL,NULL,中国建筑一局（集团）有限公司西南区域公司,0001010000430029
57060,微创健康科技孵化与产业化基地二期、三期项目,0,NULL,中国建筑一局（集团）有限公司西南区域公司,0001010000430029
1082535,中创新航眉山材料厂A1车间改造项目,0,5,中国建筑一局（集团）有限公司西南区域公司,0001010000430029
1080066,中国邮政储蓄银行股份有限公司遵义分行业务技术用房建设项目施工,0,5,中国建筑一局（集团）有限公司西南区域公司,0001010000430029
1027788,猪亨亨阿克西蒙核心育种场A区基础设施项目总包工程,0,4,中国建筑一局（集团）有限公司西南区域公司,0001010000430029
111923,成都办公楼项目1-4层精装修设计-施工总承包工程,1,4,中国建筑一局（集团）有限公司西南区域公司,0001010000430029
98995,保利国际城中央花园A区一标段,0,4,中国建筑一局（集团）有限公司西南区域公司,0001010000430029
40846,老干妈油制辣椒产业园贵定工厂一期工程1标段,0,NULL,中国建筑一局（集团）有限公司西南区域公司,0001010000430029
28633,4#生产厂房等4项（北京有色金属研究总院怀柔基地建设项目（一期））,0,NULL,中国建筑一局（集团）有限公司西南区域公司,0001010000430029
820706,众美现代城37#AB商业办公楼项目-劳务,NULL,NULL,中国建筑一局（集团）有限公司西南区域公司,0001010000430029
820593,重庆天安数码城江畔珑园二期土建安装总承包工程-劳务,NULL,NULL,中国建筑一局（集团）有限公司西南区域公司,0001010000430029
819315,龙润丰锦项目,0,NULL,中国建筑一局（集团）有限公司西南区域公司,0001010000430029
818063,重庆万达文旅城酒店项目-劳务,NULL,NULL,中国建筑一局（集团）有限公司西南区域公司,0001010000430029
813316,宜宾万达广场项目,NULL,NULL,中国建筑一局（集团）有限公司西南区域公司,0001010000430029
1087569,乐山市市中区 2025 年度城镇老旧小区改造配套基础设施建设项目（一期）,0,5,中国建筑一局（集团）有限公司西南区域公司,0001010000430029
1068729,数字光源芯片先进封测基地项目,0,5,中国建筑一局（集团）有限公司西南区域公司,0001010000430029
1016008,华侨城青山51地块18街坊项目（二期）,0,NULL,中国建筑一局（集团）有限公司西南区域公司,0001010000430029
107640,重庆万达文化旅游城项目,0,NULL,中国建筑一局（集团）有限公司西南区域公司,0001010000430029
108491,保利湖心岛97亩2、3、4#地块土建安装总承包工程,0,NULL,中国建筑一局（集团）有限公司西南区域公司,0001010000430029
93194,置悦城·贵安馨苑（二期）项目（5号、6号地块）,0,NULL,中国建筑一局（集团）有限公司西南区域公司,0001010000430029
77722,碧江区滑石乡芭蕉安置点易地扶贫搬迁工程,0,NULL,中国建筑一局（集团）有限公司西南区域公司,0001010000430029
45577,新黄浦南浔国际旅游度假中心项目CD-04-01-010地块桩基及基坑支护工程,0,NULL,中国建筑一局（集团）有限公司西南区域公司,0001010000430029
45290,通济桥幼儿园等项目,0,NULL,中国建筑一局（集团）有限公司西南区域公司,0001010000430029
827233,团结永定村安置房建设项目一期-劳务,NULL,NULL,中国建筑一局（集团）有限公司西南区域公司,0001010000430029
27794,重庆市大渡口万达广场项目,0,NULL,中国建筑一局（集团）有限公司西南区域公司,0001010000430029
818461,京东方（苏州）智造服务产业园项目-劳务,NULL,NULL,中国建筑一局（集团）有限公司西南区域公司,0001010000430029
1098833,重庆生命科技城药食同源创新示范基地项目,0,5,中国建筑一局（集团）有限公司西南区域公司,0001010000430029
1026318,广汉市海绵城市建设项目排水防涝能力提升工程施工,0,NULL,中国建筑一局（集团）有限公司西南区域公司,0001010000430029
1006480,成都经开科技产业孵化园二期项目,0,4,中国建筑一局（集团）有限公司西南区域公司,0001010000430029
1006437,乐山高新区五通桥工业基地主次干道路网北二路（二期）工程,0,4,中国建筑一局（集团）有限公司西南区域公司,0001010000430029
111285,青白江保利123亩项目,0,5,中国建筑一局（集团）有限公司西南区域公司,0001010000430029
100453,御园丰锦项目,0,NULL,中国建筑一局（集团）有限公司西南区域公司,0001010000430029
108316,石象湖国际乡村俱乐部五期,0,NULL,中国建筑一局（集团）有限公司西南区域公司,0001010000430029
103643,遂宁市船山区圣平岛棚户区改造（二期）建设项目,0,4,中国建筑一局（集团）有限公司西南区域公司,0001010000430029
100942,遂宁市船山区圣平岛棚户区改造（二期）,0,NULL,中国建筑一局（集团）有限公司西南区域公司,0001010000430029
82301,重庆万达文旅城B02、B04地块项目,0,NULL,中国建筑一局（集团）有限公司西南区域公司,0001010000430029
55692,泸州市高新区标准化厂房二期,0,NULL,中国建筑一局（集团）有限公司西南区域公司,0001010000430029
814025,通济桥幼儿园等项目-博览城派出所和消防站-劳务,NULL,NULL,中国建筑一局（集团）有限公司西南区域公司,0001010000430029
1015310,张江康桥绿洲项目,0,5,一公司上海分公司,00010100004300080186
98040,凯德晶萃广场（即黄浦区卢湾65号地块（南区））项目塔楼总承包工程,0,5,一公司上海分公司,00010100004300080186
1088049,华硕电脑(上海)创新产业化基地项目机电工程,0,11,一公司上海分公司,00010100004300080186
1045235,上海先普气体技术研发总部项目,0,5,一公司上海分公司,00010100004300080186
1029717,中建一局华东区域总部项目,0,5,一公司上海分公司,00010100004300080186
1028629,张江集团·周浦医疗器械总部园项目,0,5,一公司上海分公司,00010100004300080186
1022274,上海闵行先声药业研发中心桩基工程项目,0,4,一公司上海分公司,00010100004300080186
89641,徐汇滨江景观照明提升工程项目,0,5,一公司上海分公司,00010100004300080186
80836,青浦区盈浦街道观云路南侧25-04地块项目工程,0,5,一公司上海分公司,00010100004300080186
1083009,上海维旺光电科技有限公司光伏支架及清扫机器人、巡检无人机产业化项目,0,5,一公司上海分公司,00010100004300080186
1059784,上海七宝镇丽友新村综合修缮项目,0,5,一公司上海分公司,00010100004300080186
1025043,天合光能上海国际总部项目桩基工程,0,4,一公司上海分公司,00010100004300080186
1020419,上海市黄浦区淮海社区100街坊建设项目,0,5,一公司上海分公司,00010100004300080186
1004374,首创广富林街道24-01地块商住办项目,0,5,一公司上海分公司,00010100004300080186
1003661,华为上海青浦研发生产项目（4号地块H组团）之总承包工程,0,4,一公司上海分公司,00010100004300080186
998416,张江中区78-02地块项目,0,5,一公司上海分公司,00010100004300080186
80727,青浦区盈浦街道观云路西侧22-05地块项目工程,0,5,一公司上海分公司,00010100004300080186
1031855,祝桥镇2-5C-1地块动迁安置房项目,1,5,一公司上海分公司,00010100004300080186
91755,上海市宝山区淞南镇N12-0102单元03-01地块项目综合机电工程,0,4,一公司上海分公司,00010100004300080186
1023024,上海金山巴陵新材料有限公司25万吨/年热塑性弹性体项目公用工程及配套设施建筑工程（桩基除外）,0,5,一公司上海分公司,00010100004300080186
1078289,七宝镇九星地区配套市政道路项目,0,5,一公司上海分公司,00010100004300080186
1076369,上海闵行区七宝古美北社区学校项目,0,5,一公司上海分公司,00010100004300080186
1042998,上海浦东艾为电子车规级可靠性测试中心建设项目临时围墙工程,0,5,一公司上海分公司,00010100004300080186
992876,国防大学杨浦教学区水源整治工程施工工程,0,5,一公司上海分公司,00010100004300080186
1085018,徐汇胡姬港湾项目全期总承包工程,0,5,一公司上海分公司,00010100004300080186
1001392,上海览海西南骨科医院项目综合机电专业分包工程,0,11,一公司上海分公司,00010100004300080186
84490,华硕科技研发大楼新建工程（机电工程）,0,4,一公司上海分公司,00010100004300080186
27372,上海市闸北区312街坊33丘地商办项目,0,11,一公司上海分公司,00010100004300080186
1027881,上海黄浦中海地产建国东路项目70#地块住宅项目机电工程,0,11,一公司上海分公司,00010100004300080186
1025532,华勤全球研发中心,0,5,一公司上海分公司,00010100004300080186
99375,顺络电子松江研发及智能制造基地,0,5,一公司上海分公司,00010100004300080186
14153,上海徐行佳兆业城市广场项目,0,NULL,一公司上海分公司,00010100004300080186
6864,上海青浦区新城一站（上海鑫苑）,0,NULL,一公司上海分公司,00010100004300080186
1079162,华硕电脑(上海)有限公司创新产业化基地项目施工总承包工程,0,5,一公司上海分公司,00010100004300080186
1047729,上海闵行区中建一局华东总部项目,0,4,一公司上海分公司,00010100004300080186
1045197,上海杨浦区国和路580号租赁住宅项目,0,5,一公司上海分公司,00010100004300080186
1045118,思特威全球总部园区项目总承包工程,0,5,一公司上海分公司,00010100004300080186
1053373,智能卡、智能自助设备研发及产业化项目,0,5,一公司上海分公司,00010100004300080186
1021169,上海融侨中心项目综合机电工程,1,11,一公司上海分公司,00010100004300080186
1031793,上海闵行区七宝安置房项目,0,5,一公司上海分公司,00010100004300080186
1005177,上海德建聪和糖尿病创新生物药研发及产业化基地项目（一期）,0,5,一公司上海分公司,00010100004300080186
111394,上海大名城松江永丰街道H24-07地块施工总承包工程,0,4,一公司上海分公司,00010100004300080186
111659,上海大名城临港科技城B0202地块施工总承包工程,0,4,一公司上海分公司,00010100004300080186
24763,上海佳兆业金融中心项目,0,NULL,一公司上海分公司,00010100004300080186
1004086,上海松江军陶新建生产用房项目（一期）（二期）,0,5,一公司上海分公司,00010100004300080186
1004061,华漕镇293街坊2-2丘地块(北地块)项目总承包工程,0,5,一公司上海分公司,00010100004300080186
111660,上海大名城临港科技城D0601地块施工总承包工程,0,4,一公司上海分公司,00010100004300080186
44857,上海百汇医院新建项目桩基工程,0,NULL,一公司上海分公司,00010100004300080186
1072926,上海拓璞数控科技股份有限公司航空航天高端数控装备生产研发运营总部一体化项目（华宁路新建厂房项目）,0,5,一公司上海分公司,00010100004300080186
1043302,上海闵行区南滨江大零号湾科创成果转化中心机电安装工程,0,11,一公司上海分公司,00010100004300080186
1040510,水星电子商务园区（智能仓储基地）项目,0,5,一公司上海分公司,00010100004300080186
1028581,上海浦东思特威全球总部园区项目桩基工程,0,4,一公司上海分公司,00010100004300080186
1025577,闵行东部资源化利用中心项目,0,5,一公司上海分公司,00010100004300080186
1025573,陇西排水泵站初雨调蓄池新建工程,0,5,一公司上海分公司,00010100004300080186
1022272,上海闵行先声诊断研发中心桩基工程项目,0,4,一公司上海分公司,00010100004300080186
993439,上海松江新开源新建生产及辅助用房项目,0,5,一公司上海分公司,00010100004300080186
18768,上海徐行佳兆业城市广场三期项目,0,4,一公司上海分公司,00010100004300080186
1025576,虹南排水泵站初雨调蓄池工程,0,5,一公司上海分公司,00010100004300080186
1016090,上海市闵行区七宝镇加装电梯项目,0,5,一公司上海分公司,00010100004300080186
1001302,西虹桥商务区徐泾中30-04(C地块)总承包工程,0,5,一公司上海分公司,00010100004300080186
997887,南洋商业银行（中国）有限公司新总部大厦办公场所装修工程,0,11,一公司上海分公司,00010100004300080186
1085528,嘉定区菊园新区九年一贯制学校新建项目,0,5,一公司上海分公司,00010100004300080186
1005877,华勤全球研发中心项目,0,5,一公司上海分公司,00010100004300080186
62601,上海百汇医院新建项目总承包工程,0,5,一公司上海分公司,00010100004300080186
1016983,地下监门防水堵漏工程,0,4,中建一局集团第二建筑有限公司第二事业部,000101000043000299bb
1002641,厂区道路、临时围墙、临时大门和门卫工程（二、三标段）,0,NULL,中建一局集团第二建筑有限公司第二事业部,000101000043000299bb
97651,北京协和药厂洁净取样间及细胞房等实验室装修工程,0,4,中建一局集团第二建筑有限公司第二事业部,000101000043000299bb
1003842,口腔医疗器械检验检测能力建设项目,0,NULL,中建一局集团第二建筑有限公司第二事业部,000101000043000299bb
83361,浦城县上水南安置小区建设项目设计采购施工（EPC）总承包,0,2,中建一局集团第二建筑有限公司第二事业部,000101000043000299bb
82421,建瓯市武夷根艺城（二期）基础设施建设项目EPC项目,0,2,中建一局集团第二建筑有限公司第二事业部,000101000043000299bb
17378,(2102010783)实验楼（北京协和药厂西区工程（北京协和药厂搬迁改扩建工程项目补充））,0,NULL,中建一局集团第二建筑有限公司第二事业部,000101000043000299bb
1013486,中国兵器装备研究院承接XX部XX应用中心、XX支持中心、XX办公室等事项统筹改造建设项目工程施工,0,4,中建一局集团第二建筑有限公司第二事业部,000101000043000299bb
823735,北昆国际文化艺术中心项目（文化艺术中心（非营利性公共文化设施）等3项）,0,NULL,中建一局集团第二建筑有限公司第二事业部,000101000043000299bb
823628,北京协和药厂洁净取样间及细胞房等实验室装修工程-劳务,0,NULL,中建一局集团第二建筑有限公司第二事业部,000101000043000299bb
1192,（1101020107）电子城西青1号地东区项目智尚中心1#、2#、11#研发厂房、地下车库一期二段,0,NULL,中建一局集团第二建筑有限公司第二事业部,000101000043000299bb
81963,电子城·厦门国际创新中心工程（一期）2#地块,0,4,中建一局集团第二建筑有限公司第二事业部,000101000043000299bb
823060,1#住宅楼等10项，13#住宅楼等21项、9#商务办公楼等8项-1#地下车库二段（顺义区赵全营镇镇中心区E1-01、E2-01、E3-01等地块居住、商业、（配建限价商品房）（原板桥一期））,0,NULL,中建一局集团第二建筑有限公司第二事业部,000101000043000299bb
821809,浦城县健康体检中心-劳务,NULL,NULL,中建一局集团第二建筑有限公司第二事业部,000101000043000299bb
12176,北京信息职业技术学院学生宿舍、图书馆工程,0,NULL,中建一局集团第二建筑有限公司第二事业部,000101000043000299bb
8652,中新天津生态城（原滨海旅游区）北部区域综合管廊一期工程,0,NULL,中建一局集团第二建筑有限公司第二事业部,000101000043000299bb
92642,浦城县残疾人康复服务中心建设项目设计采购施工（EPC）总承包,0,2,中建一局集团第二建筑有限公司第二事业部,000101000043000299bb
821047,浦城县樟元山森林公司旅游开发建设-劳务,NULL,NULL,中建一局集团第二建筑有限公司第二事业部,000101000043000299bb
816753,天津生态城中部片区04-02-01-01地块 （29#）住宅项目-劳务,0,NULL,中建一局集团第二建筑有限公司第二事业部,000101000043000299bb
94818,电子城·厦门国际创新中心（二期）-3#地块 3#楼（施工）工程,0,5,中建一局集团第二建筑有限公司第二事业部,000101000043000299bb
92466,西华路（芦东路-小龙河）雨水管线工程（大兴区西华路（芦东路-小龙河）雨水管线工程）,0,NULL,中建一局集团第二建筑有限公司第二事业部,000101000043000299bb
12392,中国机械设备股份公司总部综合楼工程,0,NULL,中建一局集团第二建筑有限公司第二事业部,000101000043000299bb
821048,浦城县第三医院精神卫生医养综合楼-劳务,NULL,NULL,中建一局集团第二建筑有限公司第二事业部,000101000043000299bb
158,（2102010790）北京新机场安置房项目（榆垡组团）8标段（6片区0310地块）工程,0,NULL,中建一局集团第二建筑有限公司第二事业部,000101000043000299bb
2160,(1101020072)北京政法职业学院大兴校区改扩建,0,NULL,中建一局集团第二建筑有限公司第二事业部,000101000043000299bb
814354,南平市武夷新区新岭工业园区市政道路与场平工程（二）投资建设项目-劳务,NULL,NULL,中建一局集团第二建筑有限公司第二事业部,000101000043000299bb
97713,中新天津生态城北部区域综合管廊一期工程（嘉顺道、渔泽路）,0,4,中建一局集团第二建筑有限公司第二事业部,000101000043000299bb
27200,（1101020116）北京市丰台区南苑乡槐新1404-657等地块工程项目售楼处总承包工程,0,NULL,中建一局集团第二建筑有限公司第二事业部,000101000043000299bb
820450,浦城县残疾人康复服务中心-劳务,NULL,NULL,中建一局集团第二建筑有限公司第二事业部,000101000043000299bb
818057,丰台区南苑乡槐新1404-657地块高层商品房及地下车库人防总承包项目-劳务,NULL,NULL,中建一局集团第二建筑有限公司第二事业部,000101000043000299bb
1191,（1101020098）1#住宅及配套楼等7项（1至3、5、6号住宅楼及F地下车库）,0,NULL,中建一局集团第二建筑有限公司第二事业部,000101000043000299bb
813788,漳州市南江滨路-（第I标、II标、IV标、VI标）工程-劳务,NULL,NULL,中建一局集团第二建筑有限公司第二事业部,000101000043000299bb
812924,北京市通州区潞城镇棚户区改造土地开发项目BCD区后北营东侧二期地块及西北角地块安置房项目施工总承包（四标段）,NULL,NULL,中建一局集团第二建筑有限公司第二事业部,000101000043000299bb
65439,中新天津生态城（原滨海旅游区）北部区域综合管廊一期,0,NULL,中建一局集团第二建筑有限公司第二事业部,000101000043000299bb
29040,主厂房等3项（新型高端仪表产业化）,0,NULL,中建一局集团第二建筑有限公司第二事业部,000101000043000299bb
13195,（2102010665）天津潘庄项目,0,NULL,中建一局集团第二建筑有限公司第二事业部,000101000043000299bb
2212,(1101020017)国家法官学校新校区,0,NULL,中建一局集团第二建筑有限公司第二事业部,000101000043000299bb
997295,天津千住电子有限公司新建厂房项目一期,0,NULL,中建一局集团第二建筑有限公司第二事业部,000101000043000299bb
65179,电子城·厦门国际创新中心工程（一期）2#地块桩基工程,0,NULL,中建一局集团第二建筑有限公司第二事业部,000101000043000299bb
827026,北京市通州区潞城镇棚户区改造土地开发项目BCD区后北营东侧二期地块及西北角地块安置房项目施工总承包（四标段）-劳务,NULL,NULL,中建一局集团第二建筑有限公司第二事业部,000101000043000299bb
30427,（2102010815）实验楼（北京协和药厂西区工程（北京协和药厂搬迁改扩建工程项目补充））实验楼工艺工程,0,NULL,中建一局集团第二建筑有限公司第二事业部,000101000043000299bb
16393,（2102010773）索林生产车间及办公楼（精确靶位透药治疗研发、生产项目）,0,NULL,中建一局集团第二建筑有限公司第二事业部,000101000043000299bb
8158,（1201020021）南平武夷新岭市政道路与场平（二）,0,1,中建一局集团第二建筑有限公司第二事业部,000101000043000299bb
3174,中关村电子城国际电子总部4#地块,0,NULL,中建一局集团第二建筑有限公司第二事业部,000101000043000299bb
816409,新翰崴运营中心-劳务,NULL,NULL,中建一局集团第二建筑有限公司第二事业部,000101000043000299bb
18459,新城镇紫枫苑住宅项目三期工程,0,5,中建一局集团第二建筑有限公司第二事业部,000101000043000299bb
13405,(1101020076)新青海大厦,0,NULL,中建一局集团第二建筑有限公司第二事业部,000101000043000299bb
821366,浦城县上水南安置小区-劳务,NULL,NULL,中建一局集团第二建筑有限公司第二事业部,000101000043000299bb
83681,天津生态城美林园外檐GRC及雨水管等构件拆除工程,0,4,中建一局集团第二建筑有限公司第二事业部,000101000043000299bb
14142,(2102010778)康华兴特厂房及办公楼（生产基地建设项目）,0,NULL,中建一局集团第二建筑有限公司第二事业部,000101000043000299bb
2448,(2102010639)旧宫镇绿隔产业发展项目工程,0,NULL,中建一局集团第二建筑有限公司第二事业部,000101000043000299bb
2213,(2102010680)北京市朝阳公园北公建混合住宅项目,0,NULL,中建一局集团第二建筑有限公司第二事业部,000101000043000299bb
1011665,北大附小肖家河分校改扩建工程,0,NULL,中建一局集团第二建筑有限公司第二事业部,000101000043000299bb
1007071,大兴狼垡集体产业用地 DX00-1002-L06 地块科创中心项目（03#产业独栋 C 等 36 项）,0,NULL,中建一局集团第二建筑有限公司第二事业部,000101000043000299bb
1000688,冬奥指挥大厅工程,0,NULL,中建一局集团第二建筑有限公司第二事业部,000101000043000299bb
818500,07-1#楼等6项（通州区运河核心区II-07-01地块F3其他类多功能用地项目、通州区运河核心区II-07-02地块F3其他类多功能用地项目）-劳务,0,NULL,中建一局集团第二建筑有限公司第二事业部,000101000043000299bb
110572,天津泰达西区热电有限公司西区热电煤改燃临时热源EPC总承包项目,0,NULL,中建一局集团第二建筑有限公司第二事业部,000101000043000299bb
94742,电子城·厦门国际创新中心（二期）-1#地块（施工）工程,0,5,中建一局集团第二建筑有限公司第二事业部,000101000043000299bb
94870,浦城县第三医院精神卫生医养综合楼,0,2,中建一局集团第二建筑有限公司第二事业部,000101000043000299bb
65116,（2102010835）天津生态城32号地块社区中心总包工程,0,NULL,中建一局集团第二建筑有限公司第二事业部,000101000043000299bb
824193,芦东路（金星路—清源西路）道路工程、给水工程、排水工程、芦东路（清源西路—枣园路）再生水工程（大兴新城芦东路（金星路—南六环）道路工程）-劳务,0,NULL,中建一局集团第二建筑有限公司第二事业部,000101000043000299bb
11685,(1101020105)武夷新区高新技术创业园一期工程,0,NULL,中建一局集团第二建筑有限公司第二事业部,000101000043000299bb
820984,建瓯市武夷根艺城（二期）基础设施建设项目EPC项目-劳务,NULL,NULL,中建一局集团第二建筑有限公司第二事业部,000101000043000299bb
8390,(2102010678)亚林西居住区三标段工程,0,NULL,中建一局集团第二建筑有限公司第二事业部,000101000043000299bb
996433,中国人民大学通州新校区北区学生宿舍二期及食堂项目,0,NULL,中建一局集团第二建筑有限公司第二事业部,000101000043000299bb
81891,安新县城部分道路升级改造项目第一标段项目,0,4,中建一局集团第二建筑有限公司第二事业部,000101000043000299bb
827226,通州区宋庄镇 0301-1201 地块 F3 其它类多功能用地项目（1#文创艺术办公楼等8 项）二标段,0,4,中建一局集团第二建筑有限公司第二事业部,000101000043000299bb
821355,丰台区南苑乡槐房村和新宫村1404-657等地块二类居住及基础教育用地（配建“公共租赁住房”）项目（A3#商品住宅楼等8项）-劳务,0,NULL,中建一局集团第二建筑有限公司第二事业部,000101000043000299bb
820971,中新天津生态城北部区域综合管廊一期工程（嘉顺道、渔泽路）-劳务,NULL,NULL,中建一局集团第二建筑有限公司第二事业部,000101000043000299bb
2208,(2102010621)润世中心一期工程,0,5,中建一局集团第二建筑有限公司第二事业部,000101000043000299bb
2210,(2102010604)北京中关村电子城研发中心等2项工程,0,5,中建一局集团第二建筑有限公司第二事业部,000101000043000299bb
97508,今尊大厦办公楼大堂及圆形会议室装修改造工程,0,4,中建一局集团第二建筑有限公司第二事业部,000101000043000299bb
96837,建瓯市武夷根艺城（二期）基础设施建设项目 附属工程EPC项目,0,2,中建一局集团第二建筑有限公司第二事业部,000101000043000299bb
34258,（1101020122）天津生态城中部片区04-02-01-01地块（29#）住宅项目,0,NULL,中建一局集团第二建筑有限公司第二事业部,000101000043000299bb
45897,（2102010825）福建省南平市武夷新区新岭片区市政道路工程—经一路、纬一路工程施工项目,0,2,中建一局集团第二建筑有限公司第二事业部,000101000043000299bb
823864,中国农业科学院马连洼院区研究生宿舍、中国农业科学院马连洼院区研究生辅助用房（研究生集体宿舍楼等3项）-劳务,0,NULL,中建一局集团第二建筑有限公司第二事业部,000101000043000299bb
9170,(1101020085)北京绿色印刷包装产业技术科研（实习、实训）楼,0,NULL,中建一局集团第二建筑有限公司第二事业部,000101000043000299bb
104871,中国兵器装备研究院园区5号楼改造建设项目,0,4,中建一局集团第二建筑有限公司第二事业部,000101000043000299bb
98070,中国农业科学院马连洼院区研究生宿舍、中国农业科学院马连洼院区研究生辅助用房（研究生集体宿舍楼等3项）,0,4,中建一局集团第二建筑有限公司第二事业部,000101000043000299bb
95772,浦城樟元山森林公园旅游开发建设项目设计采购施工（EPC）总承包,0,5,中建一局集团第二建筑有限公司第二事业部,000101000043000299bb
816322,北京协和药厂西区工程,NULL,NULL,中建一局集团第二建筑有限公司第二事业部,000101000043000299bb
825319,赣州市经开区杨边棚户区改造安居社区项目,0,NULL,五公司江西分公司自然项目部,0001010000430005999r999b
825473,赣州经济开发区章江棚户区改造安居小区E6地块项目,0,NULL,五公司江西分公司自然项目部,0001010000430005999r999b
817971,赣州经济开发区章江棚户区改造安居小区E5地块项目-劳务,0,NULL,五公司江西分公司自然项目部,0001010000430005999r999b
817907,赣州新能源汽车科技城标准厂房建设项目-劳务,0,NULL,五公司江西分公司自然项目部,0001010000430005999r999b
818059,赣州经济技术开发区电子信息产业标准厂房-劳务,0,NULL,五公司江西分公司自然项目部,0001010000430005999r999b
817457,赣州经济技术开发区河坝陈屋棚户区改造安居社区项目-劳务,0,NULL,五公司江西分公司自然项目部,0001010000430005999r999b
992220,宁德新能源湖东数字化精益工厂一期工程（二标段） 施工总承包工程,0,NULL,中国建筑一局（集团）有限公司华南公司广西分公司,000101000043002599db
13655,漳州碧湖生态园中学工程,0,NULL,中国建筑一局（集团）有限公司华南公司广西分公司,000101000043002599db
1044825,南宁公园里西地块11#、12#、13#、15#、17#、18#楼及地下室总包工程,0,4,中国建筑一局（集团）有限公司华南公司广西分公司,000101000043002599db
1028639,柳州天筑7号地块3#、5#楼及地下室总包工程,0,5,中国建筑一局（集团）有限公司华南公司广西分公司,000101000043002599db
29047,南平万达广场总承包工程（大商业）,0,NULL,中国建筑一局（集团）有限公司华南公司广西分公司,000101000043002599db
1087765,贵港市港南区工业园区建设项目（二期）1220206341,0,4,中国建筑一局（集团）有限公司华南公司广西分公司,000101000043002599db
1062091,广西壮族自治区上思县那板水库,0,4,中国建筑一局（集团）有限公司华南公司广西分公司,000101000043002599db
1002267,柳州天筑8~11号地块施工总承包工程,0,NULL,中国建筑一局（集团）有限公司华南公司广西分公司,000101000043002599db
25702,景德镇市陶新家园小区工程西区,0,NULL,中国建筑一局（集团）有限公司华南公司广西分公司,000101000043002599db
1003851,宁德蕉城项目三期总包工程,0,4,中国建筑一局（集团）有限公司华南公司广西分公司,000101000043002599db
989657,年产50万m3金绿能新材料生产线项目,0,NULL,中国建筑一局（集团）有限公司华南公司广西分公司,000101000043002599db
112183,荣和五象院子施工总承包工程,0,5,中国建筑一局（集团）有限公司华南公司广西分公司,000101000043002599db
99144,宁德新能源电池电源管理系统生产项目（R6改建）施工总承包工程,0,NULL,中国建筑一局（集团）有限公司华南公司广西分公司,000101000043002599db
1021359,景德镇学院学生宿舍二期建设工程设计采购施工总承包工程,0,4,中国建筑一局（集团）有限公司华南公司广西分公司,000101000043002599db
1000254,迁建合浦县第四中学高中部项目（EPC）工程总承包,0,5,中国建筑一局（集团）有限公司华南公司广西分公司,000101000043002599db
80946,浮梁县人民法院审判法庭采购施工总承包工程,0,NULL,中国建筑一局（集团）有限公司华南公司广西分公司,000101000043002599db
82462,景德镇观溪郡揽枫郡项目,0,NULL,中国建筑一局（集团）有限公司华南公司广西分公司,000101000043002599db
82520,景德镇观溪郡东郡一期项目,0,NULL,中国建筑一局（集团）有限公司华南公司广西分公司,000101000043002599db
55593,景德镇陶溪川园区配套路网延伸建设项目设计采购施工总承包,0,NULL,中国建筑一局（集团）有限公司华南公司广西分公司,000101000043002599db
989659,宿州市十里沟（华夏酒厂至小黄沟段）综合整治项目,0,NULL,中国建筑一局（集团）有限公司华南公司广西分公司,000101000043002599db
98115,陶瓷原料基地项目设计采购施工总承包,0,4,中国建筑一局（集团）有限公司华南公司广西分公司,000101000043002599db
96995,景北大道商居开发（望津府）项目设计采购施工总承包,0,NULL,中国建筑一局（集团）有限公司华南公司广西分公司,000101000043002599db
822442,景北大道商居开发(望津府)项目设计采购施工总承包,0,NULL,中国建筑一局（集团）有限公司华南公司广西分公司,000101000043002599db
7900,漳州市下洲棚户区危旧房改造,0,NULL,中国建筑一局（集团）有限公司华南公司广西分公司,000101000043002599db
99202,广西壮族自治区南溪山医院住院八号综合楼项目,0,NULL,中国建筑一局（集团）有限公司华南公司广西分公司,000101000043002599db
82521,景德镇观溪郡小区城市棚户区改造安置房建设项目,0,NULL,中国建筑一局（集团）有限公司华南公司广西分公司,000101000043002599db
57071,桂林万达城和平项目住宅N13地块5#6#13#楼工程,0,NULL,中国建筑一局（集团）有限公司华南公司广西分公司,000101000043002599db
28023,景德镇陶溪川项目配套路网建设工程,0,1,中国建筑一局（集团）有限公司华南公司广西分公司,000101000043002599db
6650,景德镇市陶新家园小区工程东区,0,NULL,中国建筑一局（集团）有限公司华南公司广西分公司,000101000043002599db
1057027,广西上思县那板水库灌区续建配套与节水改造工程Ⅰ标段,0,4,中国建筑一局（集团）有限公司华南公司广西分公司,000101000043002599db
1023289,广西从江-融安-荔浦公路（融安经永福至阳朔段）PPP项目施工总承包,0,3,中国建筑一局（集团）有限公司华南公司广西分公司,000101000043002599db
82632,禹洲•厦门翔安2013XP05项目,0,NULL,中国建筑一局（集团）有限公司华南公司广西分公司,000101000043002599db
15836,奥体融侨花园工程,0,NULL,中国建筑一局（集团）有限公司华南公司广西分公司,000101000043002599db
17850,漳州碧湖生态园土白安置房,0,NULL,中国建筑一局（集团）有限公司华南公司广西分公司,000101000043002599db
3728,漳州碧湖生态园土白安置房,0,NULL,中国建筑一局（集团）有限公司华南公司广西分公司,000101000043002599db
1072739,景德镇陶溪川凤凰山酒店建设项目,0,5,中国建筑一局（集团）有限公司华南公司广西分公司,000101000043002599db
1013117,广西壮族自治区南溪山医院公共卫生应急救治中心项目（EPC）工程总承包,0,NULL,中国建筑一局（集团）有限公司华南公司广西分公司,000101000043002599db
991491,望津府小区及陶溪川片区配套路网建设项目设计总承包项目,0,NULL,中国建筑一局（集团）有限公司华南公司广西分公司,000101000043002599db
106578,上杭融侨观邸项目展示区及幼儿园（含公园地下室）建设工程施工总承包,0,NULL,中国建筑一局（集团）有限公司华南公司广西分公司,000101000043002599db
98767,荣和悦澜山项目三期工程,0,NULL,中国建筑一局（集团）有限公司华南公司广西分公司,000101000043002599db
7675,南平万达中央华城总承包工程（住宅）,0,NULL,中国建筑一局（集团）有限公司华南公司广西分公司,000101000043002599db
1008433,中国建筑一局（集团）有限公司华南区域公司广西分公司,0,5,中国建筑一局（集团）有限公司华南公司广西分公司,000101000043002599db
1005874,景北大道商居开发（望津府）二期项目设计采购施工总承包,0,5,中国建筑一局（集团）有限公司华南公司广西分公司,000101000043002599db
109721,玉林职业技术学院（一期）项目,0,NULL,中国建筑一局（集团）有限公司华南公司广西分公司,000101000043002599db
1083694,贵港市港南区工业园区建设项目（二期）-北区一路、北区二路（城东大道-北区一路、北区一路-江南大道）建设工程工程总承包,0,5,中国建筑一局（集团）有限公司华南公司广西分公司,000101000043002599db
1030181,柳州天筑7号地块3#、5#楼及地下室总包工程,0,4,中国建筑一局（集团）有限公司华南公司广西分公司,000101000043002599db
104131,宿州市雨污管网改造工程（一期）采购项目,0,NULL,中国建筑一局（集团）有限公司华南公司广西分公司,000101000043002599db
6613,桂林万达城和平地块一期工程,0,NULL,中国建筑一局（集团）有限公司华南公司广西分公司,000101000043002599db
992106,玉林荣和观园尊府项目,0,5,中国建筑一局（集团）有限公司华南公司广西分公司,000101000043002599db
65340,龙岩融侨悦府项目,0,NULL,中国建筑一局（集团）有限公司华南公司广西分公司,000101000043002599db
55616,宿州市主城区黑臭水体综合整治工程（标段一）,0,NULL,中国建筑一局（集团）有限公司华南公司广西分公司,000101000043002599db
28022,景德镇陶瓷工业综合体项目,0,2,中国建筑一局（集团）有限公司华南公司广西分公司,000101000043002599db
14417,南昌莱蒙都会南地块住宅项目,0,NULL,中国建筑一局（集团）有限公司华南公司广西分公司,000101000043002599db
6637,融侨H2014P04地块项目,0,NULL,中国建筑一局（集团）有限公司华南公司广西分公司,000101000043002599db
27471,深圳地铁横岗车辆段综合物业开发项目二标段施工总承包,0,NULL,中国建筑一局（集团）有限公司华南公司基础设施事业部,000101000043002599dk
993404,华润深圳湾文化广场深圳市城市轨道交通13号线登良东站~后海站区间华润通道工程,0,5,中国建筑一局（集团）有限公司华南公司基础设施事业部,000101000043002599dk
108407,深圳市城市轨道交通13号线（北延）二期施工总承包,0,4,中国建筑一局（集团）有限公司华南公司基础设施事业部,000101000043002599dk
45264,滦平县两镇一河新城镇综合开发项目,0,NULL,中国建筑一局（集团）有限公司华南公司基础设施事业部,000101000043002599dk
98719,“三横四纵”车行道及爱国路等人行道品质提升项目(第二标段）,0,NULL,中国建筑一局（集团）有限公司华南公司基础设施事业部,000101000043002599dk
82477,金山岭悦苑酒店工程,0,NULL,中国建筑一局（集团）有限公司华南公司基础设施事业部,000101000043002599dk
47145,金山岭长城连接线公共停车场施工项目,0,NULL,中国建筑一局（集团）有限公司华南公司基础设施事业部,000101000043002599dk
82485,深圳市城市轨道交通13号线主体工程13101标段,0,NULL,中国建筑一局（集团）有限公司华南公司基础设施事业部,000101000043002599dk
695,深圳市城市轨道交通6号线工程 长圳车辆段综合工程6103标段,0,4,中国建筑一局（集团）有限公司华南公司基础设施事业部,000101000043002599dk
1093474,伟城贤德瑞府项目东侧广场深圳地铁13号线北延公明北站2号风亭管线改迁及地铁附属工程,0,5,中国建筑一局（集团）有限公司华南公司基础设施事业部,000101000043002599dk
1004629,粤港澳大湾区深圳都市圈城际铁路深圳至惠州城际前海保税区至坪地段工程2标（五和-坪地）投资+施工总承包,0,4,中国建筑一局（集团）有限公司华南公司基础设施事业部,000101000043002599dk
84212,省道S308巴克什营-沽源公路滦平下二寨至虎什哈段改造工程,0,NULL,中国建筑一局（集团）有限公司华南公司基础设施事业部,000101000043002599dk
17663,深圳地铁9号线BT工程9705标段,0,NULL,中国建筑一局（集团）有限公司华南公司基础设施事业部,000101000043002599dk
3645,深圳地铁9号线BT工程9705笔架山停车场,0,NULL,中国建筑一局（集团）有限公司华南公司基础设施事业部,000101000043002599dk
3690,深圳市城市轨道交通9号线BT项目9105标段,0,NULL,中国建筑一局（集团）有限公司华南公司基础设施事业部,000101000043002599dk
26425,肇庆新区地下综合管廊及同步建设工程（站前大道标段）,0,11,中国建筑一局（集团）有限公司华南公司基础设施事业部,000101000043002599dk
1004812,轨道交通5号线二期（南延线）铁路公园站-妈湾站区间自然形成空间应急围挡工程,0,4,中国建筑一局（集团）有限公司华南公司基础设施事业部,000101000043002599dk
45263,滦平县两镇一河新城镇综合开发项目金山岭生态文化旅游经济区项目,0,5,中国建筑一局（集团）有限公司华南公司基础设施事业部,000101000043002599dk
85004,汕头市汕北大道（凤东路）龙湖段PPP项目,0,5,中国建筑一局（集团）有限公司华南公司基础设施事业部,000101000043002599dk
1048313,深圳市城市轨道交通25号线一期工程25101标施工总承包工程,0,5,中国建筑一局（集团）有限公司华南公司基础设施事业部,000101000043002599dk
1026202,光侨路（群众体育中心-根玉路）隐患整治工程第一标段工程,0,5,中国建筑一局（集团）有限公司华南公司基础设施事业部,000101000043002599dk
993184,穗莞深城际铁路前海至皇岗口岸段工程先开段施工总承包,0,5,中国建筑一局（集团）有限公司华南公司基础设施事业部,000101000043002599dk
47146,金山岭生态文化旅游经济区主干道路（古北口至花楼沟段）改建工程项目,0,NULL,中国建筑一局（集团）有限公司华南公司基础设施事业部,000101000043002599dk
45496,深圳市城市轨道交通9号线西延线停车场工程（9113标段）,0,NULL,中国建筑一局（集团）有限公司华南公司基础设施事业部,000101000043002599dk
25666,深圳地铁9号线西延线工程9112标段科红区间盾构始发井工程,0,NULL,中国建筑一局（集团）有限公司华南公司基础设施事业部,000101000043002599dk
13656,深圳市竹子林车辆段运用库 大平台开发（加建汽车4S店）工程,0,4,中国建筑一局（集团）有限公司华南公司基础设施事业部,000101000043002599dk
98727,深圳市城市轨道交通13号线土建六工区,0,5,中国建筑一局（集团）有限公司华南公司基础设施事业部,000101000043002599dk
1082617,G0611张掖至汶川国家高速公路赛尔龙至郎木寺段与S45碌曲至久治（青海）高速公路尕秀至玛曲段特许经营项目,0,5,中国建筑一局（集团）有限公司华南公司基础设施事业部,000101000043002599dk
47221,郑州市轨道交通3号线一期工程A2部分一工区土建施工总承包项目,0,NULL,中国建筑一局（集团）有限公司华南公司基础设施事业部,000101000043002599dk
1090579,标包328,0,2,北京中建一局恒祥建设有限公司,00010100004399cm
1051820,乐清市盐盆山清和公园一体化建设工程-乐清欢乐公园设计-采购-施工（EPC)总承包,1,4,中建一局华江建设有限公司,0001010000430007
822006,宜春智慧小镇呼叫中心、孵化基地、双创基地项目EPC （设计采购施工一体化）总承包,0,NULL,中建一局华江建设有限公司,0001010000430007
8974,（1101080042）沈阳首开乐活小镇一期工程,0,NULL,中建一局华江建设有限公司,0001010000430007
1102722,怀柔商业街远明辉商场城市更新改造项目（施工）,0,5,中建一局华江建设有限公司,0001010000430007
816418,中国摩(重庆)项目三期、四期(娱乐综合体项目),0,NULL,中建一局华江建设有限公司,0001010000430007
818248,延庆冬奥村及延庆山地新闻中心项目二标段,0,NULL,中建一局华江建设有限公司,0001010000430007
815105,威宁·首府一期1#、2#、3#、5#楼和幼儿园、地下室B区工程-劳务,NULL,NULL,中建一局华江建设有限公司,0001010000430007
1102726,怀柔商业街富商市场城市更新改造项目,0,5,中建一局华江建设有限公司,0001010000430007
1051208,东北大街有机更新一期项目设计采购施总承包（EPC）,1,4,中建一局华江建设有限公司,0001010000430007
819451,石景山区古城集体租赁住房项目-劳务,0,NULL,中建一局华江建设有限公司,0001010000430007
817635,天津骏业共创置业有限公司新港一号路住宅开发项目-劳务,0,NULL,中建一局华江建设有限公司,0001010000430007
15388,廊坊新朝阳广场二期C区,0,NULL,中建一局华江建设有限公司,0001010000430007
812029,中关村集成电路二期项目部,NULL,NULL,中建一局华江建设有限公司,0001010000430007
1094790,新办公楼装修工程HJ,0,5,中建一局华江建设有限公司,0001010000430007
822917,紫晶国际会议中心工程设计施工总承包项目,0,NULL,中建一局华江建设有限公司,0001010000430007
821352,北京市朝阳区孙河乡前苇沟组团棚户区改造土地开发项目二标段-劳务,0,NULL,中建一局华江建设有限公司,0001010000430007
811553,自治区重大公益性项目片区民族风情街（北地块）房地产项目一期工程,NULL,NULL,中建一局华江建设有限公司,0001010000430007
824848,江西省景德镇御窑厂景区周边配套基础设施建设项目,0,NULL,中建一局华江建设有限公司,0001010000430007
822321,湖口县第五中学新建工程EPC总承包项目（装配式）-劳务,0,NULL,中建一局华江建设有限公司,0001010000430007
819156,安义县城市棚户区改造项目（潦河南岸旧城）<棚户区>二期（阳光丽景小区、湖安枫景小区）勘察、设计、施工一体化项目）-劳务,NULL,NULL,中建一局华江建设有限公司,0001010000430007
1103302,丰台区蒲黄榆一里、四里危改项目,0,5,中建一局华江建设有限公司,0001010000430007
1097190,首都师范大学海淀校区学生公寓翻建机电安装项目,0,11,中建一局华江建设有限公司,0001010000430007
1086328,怀柔新城祥瑞路东延（兴盛路-龙云路）道路工程（二次）,0,5,中建一局华江建设有限公司,0001010000430007
18317,（2108010112）冠捷显示科技（中国）有限公司生产基地及配套项目,0,NULL,中建一局华江建设有限公司,0001010000430007
822936,怀柔新城04街区棚户区改造项目四区（安置房集中建设区）项目规划HR00-0004-6021地块（21-1#住宅楼等21项）,0,NULL,中建一局华江建设有限公司,0001010000430007
821839,北京雁柏山庄项目-劳务,0,NULL,中建一局华江建设有限公司,0001010000430007
1947,(1101080055)产业孵化中心二期A区工程,0,NULL,中建一局华江建设有限公司,0001010000430007
15795,南通五洲国际汽车博览城商住区,0,NULL,中建一局华江建设有限公司,0001010000430007
813482,自治区重大公益性项目片区民族风情街（南地块）项目（一期）I标段-劳务,NULL,NULL,中建一局华江建设有限公司,0001010000430007
1051381,孝丰镇旧城改造及人居环境提升项目之曙光桥（曙光路）工程,1,4,中建一局华江建设有限公司,0001010000430007
838771,自治区重大公益性项目片区民族风情街（北地块）房地产项目一期工程-劳务,NULL,NULL,中建一局华江建设有限公司,0001010000430007
824138,渔沟镇农村综合整治提升工程EPC总承包-劳务,0,NULL,中建一局华江建设有限公司,0001010000430007
823371,青岛永成国际物流有限公司上合电商冷链项目,0,NULL,中建一局华江建设有限公司,0001010000430007
823206,怀柔新城04街区土地一级开发安置房项目规划HR00-0004-6009地块（09-1#住宅楼等10项）HR00-0004-6010地块（10-1#社区综合服务设施等2项）HR00-0004-6011地,0,NULL,中建一局华江建设有限公司,0001010000430007
7976,（1101080045）鄂尔多斯众和家园,0,NULL,中建一局华江建设有限公司,0001010000430007
817289,后溪长途汽车站主站房平移工程--地下室和主站房平移等主体工程,0,NULL,中建一局华江建设有限公司,0001010000430007
1102724,怀柔商业街城市更新-市政提升工程（施工）,0,5,中建一局华江建设有限公司,0001010000430007
825104,景德镇城区老瓷厂改造项目(建国瓷厂改造及新建工程),0,NULL,中建一局华江建设有限公司,0001010000430007
824223,白盆窑E座商业楼装修工程,NULL,NULL,中建一局华江建设有限公司,0001010000430007
15539,中建一局华江公司合肥鑫晟电子器件厂综合配套区二期工程,0,NULL,中建一局华江建设有限公司,0001010000430007
15138,（1101080058）贵阳青山映水·上城项目,0,NULL,中建一局华江建设有限公司,0001010000430007
1948,(2108010053)平潭海峡如意城项目,0,NULL,中建一局华江建设有限公司,0001010000430007
1091646,国创中心办公及绿色低碳展示项目—5 号楼外围护改造工程,0,4,中建一局华江建设有限公司,0001010000430007
6969,（1101080047）合肥鑫晟综合配套区一期项目,0,NULL,中建一局华江建设有限公司,0001010000430007
1051303,城发郑开智慧产业园一期EPC工程总承包项目,0,2,中建一局集团第一建筑有限公司河南分公司,00010100004300080181
1050147,洛阳市社区体育健身综合服务中心（二期）香山路、紫林官邸建设工程项目,0,5,中建一局集团第一建筑有限公司河南分公司,00010100004300080181
1005749,中牟绿博文化产业区绿博1号安置区2#（中科）,0,5,中建一局集团第一建筑有限公司河南分公司,00010100004300080181
1005311,郑州国际金贸港项目EPC总承包,0,2,中建一局集团第一建筑有限公司河南分公司,00010100004300080181
993716,平原示范区凤翔社区丹江路小学建设项目,0,2,中建一局集团第一建筑有限公司河南分公司,00010100004300080181
83715,鑫苑城七号院项目,0,NULL,中建一局集团第一建筑有限公司河南分公司,00010100004300080181
16626,名门·紫园项目89、90、92#地块建设工程,0,5,中建一局集团第一建筑有限公司河南分公司,00010100004300080181
1079228,黄河水利职业技术学院数智化产教融合实训中心项目,0,5,中建一局集团第一建筑有限公司河南分公司,00010100004300080181
1053923,郑州航空港区金港花园2号地块建设工程剩余项目,0,4,中建一局集团第一建筑有限公司河南分公司,00010100004300080181
1047274,洛阳市滨河南路下穿天街和龙门大道建设工程施工项目,0,5,中建一局集团第一建筑有限公司河南分公司,00010100004300080181
995096,融创中原文旅欢乐世界40#地（含幼儿园）、48#地商业、小学总承包工程,0,NULL,中建一局集团第一建筑有限公司河南分公司,00010100004300080181
104040,郑州保利天汇项目二期,0,5,中建一局集团第一建筑有限公司河南分公司,00010100004300080181
94783,名门雅橙苑（B03-04 地块)项目,0,NULL,中建一局集团第一建筑有限公司河南分公司,00010100004300080181
30931,登封新区颍河路（北扩）道路工程,0,NULL,中建一局集团第一建筑有限公司河南分公司,00010100004300080181
15604,名门·翠园项目,0,NULL,中建一局集团第一建筑有限公司河南分公司,00010100004300080181
825236,保利天汇居,0,NULL,中建一局集团第一建筑有限公司河南分公司,00010100004300080181
14659,郑州二七鑫苑名家,0,4,中建一局集团第一建筑有限公司河南分公司,00010100004300080181
1075195,河南科技大学第一附属医院开元院区整体提升改造门诊大厅扩建施工,0,5,中建一局集团第一建筑有限公司河南分公司,00010100004300080181
1008027,大郑北绿色智能科技园（二期）施工项目,0,4,中建一局集团第一建筑有限公司河南分公司,00010100004300080181
106391,中国平原·凤湖健康科技园项目（一期）,0,NULL,中建一局集团第一建筑有限公司河南分公司,00010100004300080181
100886,新乡市平原示范区第一初级中学及教师培训中心建设项目,0,2,中建一局集团第一建筑有限公司河南分公司,00010100004300080181
98797,河南省城乡规划设计研究总院有限公司洛阳科技研发中心项目,0,4,中建一局集团第一建筑有限公司河南分公司,00010100004300080181
97654,名门紫园项目  89# 地块 项目,0,NULL,中建一局集团第一建筑有限公司河南分公司,00010100004300080181
47258,登封市中岳街道办事处交河口村、韩村安置区棚户区改造项目（二期C5地块）,0,5,中建一局集团第一建筑有限公司河南分公司,00010100004300080181
28493,登封市中岳街道办事处交河口村、韩村安置区棚户区改造项目（二期C3地块）,0,NULL,中建一局集团第一建筑有限公司河南分公司,00010100004300080181
1102439,郑州航空港区安康雅苑保障房项目施工总承包一标,0,5,中建一局集团第一建筑有限公司河南分公司,00010100004300080181
83819,东湖中央花园工程,0,4,中建一局集团第一建筑有限公司河南分公司,00010100004300080181
77495,登封新区忠义路等六条道路建设项目,0,NULL,中建一局集团第一建筑有限公司河南分公司,00010100004300080181
44316,渠南新城南小李庄1号院,0,NULL,中建一局集团第一建筑有限公司河南分公司,00010100004300080181
24354,郑州市管城回族区席村安置区建设工程第二标段项目,0,NULL,中建一局集团第一建筑有限公司河南分公司,00010100004300080181
817025,登封市外国语高级中学（二期）项目-劳务,NULL,NULL,中建一局集团第一建筑有限公司河南分公司,00010100004300080181
65214,许昌博林首府 、许昌博林企业公园综合楼,0,NULL,中建一局集团第一建筑有限公司河南分公司,00010100004300080181
1096105,“两院一中心”二期项目科研办公楼施工总承包项目,0,5,中建一局集团第一建筑有限公司河南分公司,00010100004300080181
1044281,郑州市公共卫生应急救治中心(市一院港区医院二期)项目施工总承包,0,5,中建一局集团第一建筑有限公司河南分公司,00010100004300080181
1017607,信基供应链产业园项目展厅工程,0,5,中建一局集团第一建筑有限公司河南分公司,00010100004300080181
1016286,平顶山鹰创汇公租房项目,0,NULL,中建一局集团第一建筑有限公司河南分公司,00010100004300080181
1011562,金岱智慧产业园一期EPC工程总承包项目,0,2,中建一局集团第一建筑有限公司河南分公司,00010100004300080181
1003256,郑州市轨道交通第二调度中心施工项目,0,5,中建一局集团第一建筑有限公司河南分公司,00010100004300080181
1000213,郑济高铁平原新区站站前广场及配套工程,0,5,中建一局集团第一建筑有限公司河南分公司,00010100004300080181
22258,鑫苑郑州十里铺安置区项目B-07-01地块施工总承包工程,0,0,中建一局集团第一建筑有限公司河南分公司,00010100004300080181
823700,河南警察学院新校区建设工程项目科研楼、警体馆工程施工总承包项目,0,NULL,中建一局集团第一建筑有限公司河南分公司,00010100004300080181
1048155,郑州航空港区金港花园1号地块建设工程剩余项目,0,4,中建一局集团第一建筑有限公司河南分公司,00010100004300080181
107922,52047工程设计采购施工(EPC)总承包,0,2,中建一局集团第一建筑有限公司河南分公司,00010100004300080181
95099,郑东新区天府路以东科学大道地道及两侧道路工程施工4标段,0,1,中建一局集团第一建筑有限公司河南分公司,00010100004300080181
44247,郑东新区白沙刘集01号（棚户区改造项目）二期、三期项目工程施工,0,4,中建一局集团第一建筑有限公司河南分公司,00010100004300080181
45044,鑫苑郑州十里铺安置区项目B-08-01地块施工总承包工程,0,0,中建一局集团第一建筑有限公司河南分公司,00010100004300080181
22248,政府购买中牟县雁鸣湖镇中心卫生院门诊住院病房综合楼服务项目,0,NULL,中建一局集团第一建筑有限公司河南分公司,00010100004300080181
22249,名门·翠园项目名门·熙悦广场Ⅰ标段（5#~24#楼及其附属地库）工程,0,NULL,中建一局集团第一建筑有限公司河南分公司,00010100004300080181
27911,登封新区翠秀路、玉带路（北扩）道路工程,0,NULL,中建一局集团第一建筑有限公司河南分公司,00010100004300080181
17625,郑东新区刘集02号安置小区三期（豫兴家园）项目,0,5,中建一局集团第一建筑有限公司河南分公司,00010100004300080181
7701,郑州绿博安置区市政工程,0,NULL,中建一局集团第一建筑有限公司河南分公司,00010100004300080181
15266,美卓商业广场,0,NULL,中建一局集团第一建筑有限公司河南分公司,00010100004300080181
1074240,中国（郑州）国际进出口冷链物流产业园及市政配套道路建设项目（剩余工程）施工,0,5,中建一局集团第一建筑有限公司河南分公司,00010100004300080181
999185,中原物流超级分拨中心东地块,0,5,中建一局集团第一建筑有限公司河南分公司,00010100004300080181
105410,郑州郑东宝能国际金贸中心项目B-20-02地块施工总承包,0,NULL,中建一局集团第一建筑有限公司河南分公司,00010100004300080181
83713,鑫苑城五号院项目,0,5,中建一局集团第一建筑有限公司河南分公司,00010100004300080181
30302,郑州大学第三附属医院（河南省妇幼保健院）新区医院建设项目,0,NULL,中建一局集团第一建筑有限公司河南分公司,00010100004300080181
28368,郑州国际物流园区锦祥花园一期棚户区改造项目工程施工总承包,0,NULL,中建一局集团第一建筑有限公司河南分公司,00010100004300080181
20590,中牟县一初中轩顺街滨河路文博路太平庄周庄瓦灰郭学校投资施工总承包（一标段）,0,4,中建一局集团第一建筑有限公司河南分公司,00010100004300080181
8687,中牟绿博文化产业区绿博2号安置区,0,NULL,中建一局集团第一建筑有限公司河南分公司,00010100004300080181
3599,济南鑫苑陶瓷市场项目,0,NULL,中建一局集团第一建筑有限公司河南分公司,00010100004300080181
1070196,河南移动2024年光伏绿色能源合作服务项目,0,4,中建一局集团第一建筑有限公司河南分公司,00010100004300080181
1045015,郑州市刘湾水厂扩建工程土建工程施工二标段,0,5,中建一局集团第一建筑有限公司河南分公司,00010100004300080181
1010151,新乡市平原示范区滨湖小镇城中村改造项目（北苑）配套服务用房建设工程,0,5,中建一局集团第一建筑有限公司河南分公司,00010100004300080181
109834,平顶山市锦园建设项目,0,NULL,中建一局集团第一建筑有限公司河南分公司,00010100004300080181
103079,刘庄村安置房项目5号地（E-03-02地块）,0,5,中建一局集团第一建筑有限公司河南分公司,00010100004300080181
95702,河南警察学院新校区建设工程项目科研楼、警体馆工程施工总承包,0,4,中建一局集团第一建筑有限公司河南分公司,00010100004300080181
12629,中牟绿博文化产业园区安置小区（3号安置房）,0,NULL,中建一局集团第一建筑有限公司河南分公司,00010100004300080181
1087139,郑州金水区河南中医药大学龙子湖校区学生宿舍楼一标段项目,0,5,中建一局集团第一建筑有限公司河南分公司,00010100004300080181
1031150,洛阳格力电器中央空调智能制造基地光储空结合新能源示范工程,0,5,中建一局集团第一建筑有限公司河南分公司,00010100004300080181
1003681,新乡市平原示范区客运站建设项目,0,5,中建一局集团第一建筑有限公司河南分公司,00010100004300080181
105210,宝能泓寓项目B-20-03地块施工总承包工程,0,NULL,中建一局集团第一建筑有限公司河南分公司,00010100004300080181
104171,郑州市金水区东韩砦城中村改造项目B－02地块,0,NULL,中建一局集团第一建筑有限公司河南分公司,00010100004300080181
83182,河南省中原文化博物馆苑项目,0,4,中建一局集团第一建筑有限公司河南分公司,00010100004300080181
56796,登封中岳办汉武路学校工程,0,NULL,中建一局集团第一建筑有限公司河南分公司,00010100004300080181
1032422,洛玻公司太阳能光伏电池封装材料配套输气管道项目,0,5,中建一局集团第一建筑有限公司河南分公司,00010100004300080181
110686,融创中原文旅欢乐世界6号地、11号地住宅项目,0,4,中建一局集团第一建筑有限公司河南分公司,00010100004300080181
81030,登封市外国语高级中学（二期）工程,0,5,中建一局集团第一建筑有限公司河南分公司,00010100004300080181
80291,名门樾苑项目,0,NULL,中建一局集团第一建筑有限公司河南分公司,00010100004300080181
80760,名门雅园项目,0,4,中建一局集团第一建筑有限公司河南分公司,00010100004300080181
44227,郑州国际物流园区安置房项目,0,NULL,中建一局集团第一建筑有限公司河南分公司,00010100004300080181
57007,郑州市轨道交通6号线市政配套工程土建施工03标段,0,5,中建一局集团第一建筑有限公司河南分公司,00010100004300080181
1064977,河南鼎普新能源有限公司黄泛区绿色小镇90MWp分布式光伏项目,0,2,中建一局集团第一建筑有限公司河南分公司,00010100004300080181
1023543,华润登封电厂引热入郑长输供热管网工程施工总承包,0,5,中建一局集团第一建筑有限公司河南分公司,00010100004300080181
1002832,大郑北绿色智能科技园施工（一期）项目,0,5,中建一局集团第一建筑有限公司河南分公司,00010100004300080181
991182,殷墟遗址博物馆建设项目施工,0,4,中建一局集团第一建筑有限公司河南分公司,00010100004300080181
44320,渠南新城项目10#地块施工总承包,0,NULL,中建一局集团第一建筑有限公司河南分公司,00010100004300080181
3643,郑州绿博文化产业园规划设计专业园区孵化器,0,NULL,中建一局集团第一建筑有限公司河南分公司,00010100004300080181
812948,中牟1号,NULL,NULL,中建一局集团第一建筑有限公司河南分公司,00010100004300080181
1047062,洛阳市河南科技大学第一附属医院开元 院区优化提升项目（停车场建设）,0,5,中建一局集团第一建筑有限公司河南分公司,00010100004300080181
1046772,郑州航空港区金港花园1号、2号地块建设项目剩余工程,0,5,中建一局集团第一建筑有限公司河南分公司,00010100004300080181
77504,登封产业集聚区卢鸿街、蛟河路（郭阳公路）等两条道路建设项目,0,NULL,中建一局集团第一建筑有限公司河南分公司,00010100004300080181
25143,绿博大道南辅道道路工程(人文路-广惠街)、广惠街道路改造工程(郑开大道-贾鲁河北路)、文汇路道路工程(郑开大道-银鱼路)施工,0,NULL,中建一局集团第一建筑有限公司河南分公司,00010100004300080181
996821,平原示范区政和社区淮河路小学建设项目,1,2,中建一局集团第一建筑有限公司河南分公司,00010100004300080181
108123,二七华侨城五号院项目工程施工,0,4,中建一局集团第一建筑有限公司河南分公司,00010100004300080181
31017,郑州国际创意产业园区9#安置区项目,0,4,中建一局集团第一建筑有限公司河南分公司,00010100004300080181
28466,登封市外国语高级中学工程,0,NULL,中建一局集团第一建筑有限公司河南分公司,00010100004300080181
15605,2101050101 中牟绿博文化产业园区安置小区,0,5,中建一局集团第一建筑有限公司河南分公司,00010100004300080181
1074694,郑州航空港经济综合实验区产教融合实训基地项目一期施工总承包,0,5,中建一局集团第一建筑有限公司河南分公司,00010100004300080181
992741,河南省检验检测产业园·创智工园项目（二期）施工总承包项目,0,5,中建一局集团第一建筑有限公司河南分公司,00010100004300080181
99359,周口宁和家园项目1标段,0,5,中建一局集团第一建筑有限公司河南分公司,00010100004300080181
84251,郑州国际物流园区锦祥花园二期（宗地四、宗地五）棚户区改造项目EPC工程总承包,0,2,中建一局集团第一建筑有限公司河南分公司,00010100004300080181
80903,郑州鑫苑城9号院（A-13-02地块）项目施工总承包工程,0,5,中建一局集团第一建筑有限公司河南分公司,00010100004300080181
31007,郑州国际文化创意产业园8#安置区建设项目,0,5,中建一局集团第一建筑有限公司河南分公司,00010100004300080181
44692,新田印象商业中心项目,0,1,中建一局集团第一建筑有限公司河南分公司,00010100004300080181
821238,名门汇园项目-劳务,NULL,NULL,中建一局集团第一建筑有限公司河南分公司,00010100004300080181
8688,中牟新建学校项目,0,NULL,中建一局集团第一建筑有限公司河南分公司,00010100004300080181
668,郑州南岗刘3#地块项目,0,NULL,中建一局集团第一建筑有限公司河南分公司,00010100004300080181
4528,中牟县中医院新院区建设项目,0,4,中建一局集团第一建筑有限公司河南分公司,00010100004300080181
1074703,郑州航空港经济综合实验区新港第一安置区社区卫生服务中心建设项目,0,5,中建一局集团第一建筑有限公司河南分公司,00010100004300080181
1074602,郑州航空工业管理学院航空港校区一期建设工程（三标段、四标段）施工总承包项目四标段,0,5,中建一局集团第一建筑有限公司河南分公司,00010100004300080181
1040947,郑州航空港经济综合实验区双碳产业园配套道路东海路(梁州大道-豫州大道)、郑民高速广惠街站新建工程施工,0,5,中建一局集团第一建筑有限公司河南分公司,00010100004300080181
1002607,大河村国家考古遗址公园中国仰韶文化博物馆工程项目,0,5,中建一局集团第一建筑有限公司河南分公司,00010100004300080181
1002352,郑州市第三实验高级中学项目,0,5,中建一局集团第一建筑有限公司河南分公司,00010100004300080181
111631,秦淮住宅-01地块建设项目,0,1,中建一局集团第一建筑有限公司河南分公司,00010100004300080181
94346,十里铺新村六号院（B-05-01地块）总承包工程,0,NULL,中建一局集团第一建筑有限公司河南分公司,00010100004300080181
91871,郑州国际金贸中心项目A1地块基坑支护及降水工程,0,NULL,中建一局集团第一建筑有限公司河南分公司,00010100004300080181
79231,名门云鼎苑,0,5,中建一局集团第一建筑有限公司河南分公司,00010100004300080181
22259,鑫苑郑州十里铺开发区项目施工总承包工程,0,NULL,中建一局集团第一建筑有限公司河南分公司,00010100004300080181
1102064,河南省烟草公司安阳市公司豫北区域物流中心建设项目,0,5,中建一局集团第一建筑有限公司河南分公司,00010100004300080181
1094784,西平县五沟营镇全域土地综合整治项目,0,2,中建一局集团第一建筑有限公司河南分公司,00010100004300080181
1041269,郑州郑东新区龙子湖全民健身中心工程,0,5,中建一局集团第一建筑有限公司河南分公司,00010100004300080181
97781,名门汇园项目,0,NULL,中建一局集团第一建筑有限公司河南分公司,00010100004300080181
22212,河南分公司管理人员,0,NULL,中建一局集团第一建筑有限公司河南分公司,00010100004300080181
25144,郑州国际文化创意产业园区牡丹一街、牡丹二街等13条道路工程,0,NULL,中建一局集团第一建筑有限公司河南分公司,00010100004300080181
1024745,春辉厂测试专区的供应链改造项目-B1 厂房改造修缮加固工程,0,5,中建一局集团第一建筑有限公司江苏分公司,00010100004300080179
1009908,浦口林山项目,0,NULL,中建一局集团第一建筑有限公司江苏分公司,00010100004300080179
1009516,地铁四号线孟北站地块租赁住房项目 A、C 地块施工总承包,0,NULL,中建一局集团第一建筑有限公司江苏分公司,00010100004300080179
997837,脉络数据产业基地110KV变电站土建工程项目,0,4,中建一局集团第一建筑有限公司江苏分公司,00010100004300080179
991467,实地·花鹤翎（苏州）项目展示区施工总承包工程,0,NULL,中建一局集团第一建筑有限公司江苏分公司,00010100004300080179
58321,南京新媒体大厦项目设计施工总承包（EPC）,0,NULL,中建一局集团第一建筑有限公司江苏分公司,00010100004300080179
47211,苏州工业园区73046地块住宅项目3C2标段,0,NULL,中建一局集团第一建筑有限公司江苏分公司,00010100004300080179
3652,华为苏州企业业务项目,0,NULL,中建一局集团第一建筑有限公司江苏分公司,00010100004300080179
1052020,降雪亭（小白楼)项目改造工程,0,5,中建一局集团第一建筑有限公司江苏分公司,00010100004300080179
1025787,苏州可川电子科技股份有限公司秦峰路厂房新建工程,0,5,中建一局集团第一建筑有限公司江苏分公司,00010100004300080179
998963,地铁四号线孟北站地块租赁住房项目A、C地块施工总承包,0,5,中建一局集团第一建筑有限公司江苏分公司,00010100004300080179
112577,苏地2020-WG-5号地块项目 C地块总承包工程,0,5,中建一局集团第一建筑有限公司江苏分公司,00010100004300080179
84399,南京市工人文化宫建设项目,0,NULL,中建一局集团第一建筑有限公司江苏分公司,00010100004300080179
827039,苏地2018-WG-28号地块4#、5#地块总承包工程,0,NULL,中建一局集团第一建筑有限公司江苏分公司,00010100004300080179
18793,南京万科G22项目,0,NULL,中建一局集团第一建筑有限公司江苏分公司,00010100004300080179
18530,苏州天地源七里香都项目,0,NULL,中建一局集团第一建筑有限公司江苏分公司,00010100004300080179
1062114,无锡市梁溪区威孚地块规划幼儿园新建工程项目,0,4,中建一局集团第一建筑有限公司江苏分公司,00010100004300080179
1018210,南京栖霞区红枫片区保障性住房三期一标段项目,0,2,中建一局集团第一建筑有限公司江苏分公司,00010100004300080179
1005535,苏州工业园区独墅湖医院二期桩基项目,0,4,中建一局集团第一建筑有限公司江苏分公司,00010100004300080179
1000971,APP如东基地年产10.7亿片高端卫生用品项目-1#卫品区域土建、钢结构工程,0,5,中建一局集团第一建筑有限公司江苏分公司,00010100004300080179
84955,杭州余政储出42号地块项目,0,5,中建一局集团第一建筑有限公司江苏分公司,00010100004300080179
83955,佳兆业张家港凤鸣水岸项目建筑总承包工程,0,NULL,中建一局集团第一建筑有限公司江苏分公司,00010100004300080179
826591,济南超算中心科技园项目二期三标段,0,NULL,中建一局集团第一建筑有限公司江苏分公司,00010100004300080179
14576,天地源七里香都项目二期工程一标段,0,NULL,中建一局集团第一建筑有限公司江苏分公司,00010100004300080179
818415,鑫苑·悦泉湾项目施工总承包工程,0,NULL,中建一局集团第一建筑有限公司江苏分公司,00010100004300080179
813368,上海百汇医院新建项目-劳务,NULL,NULL,中建一局集团第一建筑有限公司江苏分公司,00010100004300080179
1086102,三峡江苏宝应柳堡镇夏集镇180MW渔光互补项目设计施工总承包,0,2,中建一局集团第一建筑有限公司江苏分公司,00010100004300080179
1065445,无锡梁溪区威孚地块规划幼儿园新建工程,0,5,中建一局集团第一建筑有限公司江苏分公司,00010100004300080179
1047461,软件谷南园总部经济园区二期项目,0,5,中建一局集团第一建筑有限公司江苏分公司,00010100004300080179
1043211,实地·花鹤翎（苏州）项目施工总承包工程,0,4,中建一局集团第一建筑有限公司江苏分公司,00010100004300080179
998321,苏州科技城浅悦静庭项目 C 地块机电工程,0,11,中建一局集团第一建筑有限公司江苏分公司,00010100004300080179
992400,江阴澄地2020-C-29号地块项目售楼处总承包工程,0,NULL,中建一局集团第一建筑有限公司江苏分公司,00010100004300080179
105415,南京软件谷智慧城市软件产业基地项目,0,4,中建一局集团第一建筑有限公司江苏分公司,00010100004300080179
825149,南京浦口区康居永宁棉场保障房A地块,0,NULL,中建一局集团第一建筑有限公司江苏分公司,00010100004300080179
11665,苏州工业园区73046地块住宅项目3C1期,0,NULL,中建一局集团第一建筑有限公司江苏分公司,00010100004300080179
5128,(1101200032)苏州73046地块住宅,0,NULL,中建一局集团第一建筑有限公司江苏分公司,00010100004300080179
817183,南京市工人文化宫建设项目施工总承包-劳务,0,NULL,中建一局集团第一建筑有限公司江苏分公司,00010100004300080179
1078731,苏州工业园区同程中心总部大厦,0,5,中建一局集团第一建筑有限公司江苏分公司,00010100004300080179
1031148,矽品,0,4,中建一局集团第一建筑有限公司江苏分公司,00010100004300080179
1028492,昆山高新区前进路南侧、江浦路西侧商住用房新建工程,0,NULL,中建一局集团第一建筑有限公司江苏分公司,00010100004300080179
991636,江北苏宁广场试桩工程施工,0,4,中建一局集团第一建筑有限公司江苏分公司,00010100004300080179
83313,苏地2017-WG-13号地块商品住宅房总包工程,0,NULL,中建一局集团第一建筑有限公司江苏分公司,00010100004300080179
27665,浙江大学紫金港校区西区理工农组团（一期）-机械与教学大楼施工总承包,0,2,中建一局集团第一建筑有限公司江苏分公司,00010100004300080179
821105,十里铺新村六号院项目,NULL,NULL,中建一局集团第一建筑有限公司江苏分公司,00010100004300080179
1101221,南京建邺城建公安分局主战中心用房改造项目,0,5,中建一局集团第一建筑有限公司江苏分公司,00010100004300080179
1079594,无锡光电新材料科技园会北路(会岸路-钱皋路)等5条道路新建工程,0,5,中建一局集团第一建筑有限公司江苏分公司,00010100004300080179
1051306,无锡梁溪区惠山北麓(重点片区)城市更新一期项目惠山北坡显山透绿项目 EPC 工程总承包,0,2,中建一局集团第一建筑有限公司江苏分公司,00010100004300080179
1024737,昆山高新技术创业服务中心大楼钢结构维保项目,0,4,中建一局集团第一建筑有限公司江苏分公司,00010100004300080179
1016512,A楼冷却塔及附属设施整体更换工程,0,4,中建一局集团第一建筑有限公司江苏分公司,00010100004300080179
995030,上海大名城松江区永丰街道H24-07号地块项目,0,NULL,中建一局集团第一建筑有限公司江苏分公司,00010100004300080179
993637,无锡宏诚花园三期、四期项目,0,NULL,中建一局集团第一建筑有限公司江苏分公司,00010100004300080179
99618,苏宁睿城剩余地块（C0102）项目,0,NULL,中建一局集团第一建筑有限公司江苏分公司,00010100004300080179
105338,昆山鑫宇嘉苑项目水电安装施工总承包工程,0,5,中建一局集团第一建筑有限公司江苏分公司,00010100004300080179
62580,苏地2016-WG-5号C地块工程,0,NULL,中建一局集团第一建筑有限公司江苏分公司,00010100004300080179
20160,华隆新寓二期（新百新城）B地块,0,NULL,中建一局集团第一建筑有限公司江苏分公司,00010100004300080179
7153,(1101200041)苏州工业园区澜溪苑三期一标,0,NULL,中建一局集团第一建筑有限公司江苏分公司,00010100004300080179
4347,2101050100 武田药品（中国）有限公司泰州仓库,0,NULL,中建一局集团第一建筑有限公司江苏分公司,00010100004300080179
1057241,北尖儿童友好公园新建工程项目,1,5,中建一局集团第一建筑有限公司江苏分公司,00010100004300080179
1051180,南京软件谷南园总部经济园区二期项目部,0,4,中建一局集团第一建筑有限公司江苏分公司,00010100004300080179
1026425,昆山高新区创业大厦交通组织优化工程,0,4,中建一局集团第一建筑有限公司江苏分公司,00010100004300080179
1000650,新上APP如东基地年产78万吨高档生活用纸项目一期7#生产线土建、钢结构工程,0,5,中建一局集团第一建筑有限公司江苏分公司,00010100004300080179
999244,2019G31地块商业综合体项目施工,0,5,中建一局集团第一建筑有限公司江苏分公司,00010100004300080179
993786,实地·花鹤翎（苏州）项目施工总承包工程,0,5,中建一局集团第一建筑有限公司江苏分公司,00010100004300080179
110069,新上APP如东基地年产78万吨高档生活用纸项目清水、废水处理PC总承包工程,0,4,中建一局集团第一建筑有限公司江苏分公司,00010100004300080179
94473,镇江东站综合交通枢纽建设工程,0,NULL,中建一局集团第一建筑有限公司江苏分公司,00010100004300080179
821416,鑫苑城7号院-劳务,NULL,NULL,中建一局集团第一建筑有限公司江苏分公司,00010100004300080179
9859,苏州尹山湖鑫苑世家项目,0,NULL,中建一局集团第一建筑有限公司江苏分公司,00010100004300080179
1031688,汾湖元太芯谷工程一标段工程,0,5,中建一局集团第一建筑有限公司江苏分公司,00010100004300080179
112576,苏地2020-WG-5号地块项目 B地块总承包工程,0,5,中建一局集团第一建筑有限公司江苏分公司,00010100004300080179
100072,虎丘D地块定销房建设项目房建施工总承包一标段,0,NULL,中建一局集团第一建筑有限公司江苏分公司,00010100004300080179
101096,浦口区永宁棉场四期保障房项目,0,5,中建一局集团第一建筑有限公司江苏分公司,00010100004300080179
27473,华为苏州企业业务项目之总承包工程（南区标段）,0,NULL,中建一局集团第一建筑有限公司江苏分公司,00010100004300080179
822991,镇江东站综合交通枢纽建设工程-劳务,NULL,NULL,中建一局集团第一建筑有限公司江苏分公司,00010100004300080179
7173,无锡市科技创业服务中心创业基地,0,NULL,中建一局集团第一建筑有限公司江苏分公司,00010100004300080179
1085369,NO.2025G55地块项目施工总承包,0,5,中建一局集团第一建筑有限公司江苏分公司,00010100004300080179
1059035,无锡市中心城区智能化停车场改造提升和新建工程（二期项目）惠山北麓社会停车场新建工程施工总承包,0,5,中建一局集团第一建筑有限公司江苏分公司,00010100004300080179
1054155,无锡梁溪区梁溪城发XDG-2023-41号地块住宅EPC项目,0,2,中建一局集团第一建筑有限公司江苏分公司,00010100004300080179
1044911,昆山高新区凯润置业前进路商住用房项目综合机电专业分包工程,0,11,中建一局集团第一建筑有限公司江苏分公司,00010100004300080179
1006569,浦口区桥林街道林山雅苑三期经济适用房（拆迁安置房）项目,1,4,中建一局集团第一建筑有限公司江苏分公司,00010100004300080179
997229,检测与应用评价平台建设项目（国家先进功能纤维创新中心研发大楼）施工总承包,0,4,中建一局集团第一建筑有限公司江苏分公司,00010100004300080179
105343,苏地2018-WG-37号地块施工总承包工程（青剑湖首创）,0,NULL,中建一局集团第一建筑有限公司江苏分公司,00010100004300080179
91411,中金华东数据中心扩建项目,0,4,中建一局集团第一建筑有限公司江苏分公司,00010100004300080179
99181,苏宁睿城剩余地块（D07)项目,0,NULL,中建一局集团第一建筑有限公司江苏分公司,00010100004300080179
92732,苏州苏地2018-WG-28号地块项目4#、5#地块工程总承包工程,0,NULL,中建一局集团第一建筑有限公司江苏分公司,00010100004300080179
83375,徐州经济技术开发区高标准厂房建设（一期）工程——沈大路北侧地块项目（二标段）项目,0,2,中建一局集团第一建筑有限公司江苏分公司,00010100004300080179
24975,2077*青年汇二期项目,0,NULL,中建一局集团第一建筑有限公司江苏分公司,00010100004300080179
5472,昆山嘉景丽都二期市政工程,0,NULL,中建一局集团第一建筑有限公司江苏分公司,00010100004300080179
817374,徐州经济技术开发区高标准厂房建设（一期）工程——沈大路北侧地块项目-劳务,NULL,NULL,中建一局集团第一建筑有限公司江苏分公司,00010100004300080179
1085709,昆山高新区中环西线西侧、规划茂迪路南侧、张家港河北侧住宅用房新建项目,0,5,中建一局集团第一建筑有限公司江苏分公司,00010100004300080179
1057240,苏国土2023-WG-4 号地块建设项目施工总承包,0,5,中建一局集团第一建筑有限公司江苏分公司,00010100004300080179
1023630,杭州钱塘区凯德15号地块住宅项目,0,NULL,中建一局集团第一建筑有限公司江苏分公司,00010100004300080179
1001243,脉络数据产业基地项目B栋数据中心,0,11,中建一局集团第一建筑有限公司江苏分公司,00010100004300080179
993614,苏州工业园区生物医药产业园五期A1地块项目施工总承包工程项目,0,4,中建一局集团第一建筑有限公司江苏分公司,00010100004300080179
112435,江苏润阳世纪光伏科技有限公司8GW高效PERC太阳能电池生产项目机电安装工程,0,5,中建一局集团第一建筑有限公司江苏分公司,00010100004300080179
821303,全福立交西北x-1地块学校建设项目,NULL,NULL,中建一局集团第一建筑有限公司江苏分公司,00010100004300080179
1078557,上海浦东新区东航浦东国际机场维修基地项目（除桩基）,0,5,中建一局集团第一建筑有限公司江苏分公司,00010100004300080179
1076125,苏州昆山市昆山国创集团固态动力电池厂房项目（EPC）,0,2,中建一局集团第一建筑有限公司江苏分公司,00010100004300080179
1027233,无锡经开区华侨城南湖大道10号地块住宅项目,0,NULL,中建一局集团第一建筑有限公司江苏分公司,00010100004300080179
1008214,宿迁沐阳县桐昆集团恒阳化纤产业安装项目,0,4,中建一局集团第一建筑有限公司江苏分公司,00010100004300080179
1006690,苏地2021-WG-31号地块项目（B区）-1#室内体育馆设施及零售餐饮商业建筑项目,0,5,中建一局集团第一建筑有限公司江苏分公司,00010100004300080179
1000814,DK20200118 地块土建总包工程,0,4,中建一局集团第一建筑有限公司江苏分公司,00010100004300080179
992703,江苏省食品安全检测中心和食品药品安全评价监测中心项目,0,5,中建一局集团第一建筑有限公司江苏分公司,00010100004300080179
105247,江苏省妇幼保健院门急诊前地下车库项目,0,4,中建一局集团第一建筑有限公司江苏分公司,00010100004300080179
103935,新建I-06-020308 地块娱乐康体用房及综合配套设施项目桩基工程,0,NULL,中建一局集团第一建筑有限公司江苏分公司,00010100004300080179
82663,苏州鲁能泰山7号展示区及样板间精装工程,0,4,中建一局集团第一建筑有限公司江苏分公司,00010100004300080179
61548,昆山鑫宇嘉苑土建、水电安装总承包工程项目,0,NULL,中建一局集团第一建筑有限公司江苏分公司,00010100004300080179
28145,名硕电脑北十仓库新建工程基桩工程,0,NULL,中建一局集团第一建筑有限公司江苏分公司,00010100004300080179
7974,(1101200045)招商小石城,0,NULL,中建一局集团第一建筑有限公司江苏分公司,00010100004300080179
1050367,淮安开发区可川科技厂房项目部,0,4,中建一局集团第一建筑有限公司江苏分公司,00010100004300080179
1050184,XDG-2023-53号地块开发建设项目EPC工程总承包,0,2,中建一局集团第一建筑有限公司江苏分公司,00010100004300080179
1047576,淮安电子生产厂房工程总承包项目—年产18500平方米功能薄膜项目厂房,0,5,中建一局集团第一建筑有限公司江苏分公司,00010100004300080179
1043113,上海黄浦中海地产建国东路项目70#地块住宅项目,0,4,中建一局集团第一建筑有限公司江苏分公司,00010100004300080179
1003494,西虹桥商务区徐泾中 30-04 地块（C 地块）总承包工程,0,4,中建一局集团第一建筑有限公司江苏分公司,00010100004300080179
105342,吴江太湖新城轨交4号线松陵大道综合交通枢纽项目土建工程,0,5,中建一局集团第一建筑有限公司江苏分公司,00010100004300080179
99381,南京江宁区秣陵新市镇三期安置房一标段项目,0,5,中建一局集团第一建筑有限公司江苏分公司,00010100004300080179
94719,吴江太湖新城轨交4号线松陵大道综合交通枢纽项目,0,5,中建一局集团第一建筑有限公司江苏分公司,00010100004300080179
75181,智慧校园综合解决方案软件开发项目,0,NULL,中建一局集团第一建筑有限公司江苏分公司,00010100004300080179
35314,昆山电子艺术创意城JH组团别墅及地下车库施工总承包工程,0,4,中建一局集团第一建筑有限公司江苏分公司,00010100004300080179
17537,2101050102东湖京华京珠苑A区B区住宅用房1#-8#楼,0,NULL,中建一局集团第一建筑有限公司江苏分公司,00010100004300080179
12671,苏州工业园区73046地块3B期工程,0,NULL,中建一局集团第一建筑有限公司江苏分公司,00010100004300080179
11795,2101050085 苏州相城区F3地块1b期总承包,0,NULL,中建一局集团第一建筑有限公司江苏分公司,00010100004300080179
9214,昆山花桥嘉景（二期）,0,NULL,中建一局集团第一建筑有限公司江苏分公司,00010100004300080179
1045904,南通如东栟茶古镇项目,0,4,中建一局集团第一建筑有限公司江苏分公司,00010100004300080179
993065,中国（南京）软件谷北辅道联建项目工程总承包,0,4,中建一局集团第一建筑有限公司江苏分公司,00010100004300080179
102616,扬中市城北、城南片区水环境综合整治EPC工程,0,2,中建一局集团第一建筑有限公司江苏分公司,00010100004300080179
80858,华宇·徐州泉山区火炬东南角地块项目总承包工程,0,NULL,中建一局集团第一建筑有限公司江苏分公司,00010100004300080179
822506,济南市历城公安局分局特警大队营房建设项目,NULL,NULL,中建一局集团第一建筑有限公司江苏分公司,00010100004300080179
816837,郑州鑫苑城9号院,0,NULL,中建一局集团第一建筑有限公司江苏分公司,00010100004300080179
1074471,苏州工业园区新建元集团圆融国际广场商业综合体项目,0,5,中建一局集团第一建筑有限公司江苏分公司,00010100004300080179
1047713,苏州工业园区市民服务中心项目,0,4,中建一局集团第一建筑有限公司江苏分公司,00010100004300080179
1028627,青龙地铁小镇国际高中校舍及设施设备检修维护工程项目,0,4,中建一局集团第一建筑有限公司江苏分公司,00010100004300080179
1012995,DK20210061地块项目（星华产业园二期）施工总承包工程,0,4,中建一局集团第一建筑有限公司江苏分公司,00010100004300080179
92024,苏州工业园区第八中学重建项目（一期,0,5,中建一局集团第一建筑有限公司江苏分公司,00010100004300080179
27474,华为苏州企业业务项目之总承包工程（北区标段）,0,NULL,中建一局集团第一建筑有限公司江苏分公司,00010100004300080179
18757,上海市第六人民医院科研综合楼,0,5,中建一局集团第一建筑有限公司江苏分公司,00010100004300080179
823726,上海松江顺络电子IV-169号项目,0,NULL,中建一局集团第一建筑有限公司江苏分公司,00010100004300080179
9680,新建荷花嘉苑三期安置房,0,NULL,中建一局集团第一建筑有限公司江苏分公司,00010100004300080179
1072867,江苏省中医院国家中医疫病防治基地项目,0,5,中建一局集团第一建筑有限公司江苏分公司,00010100004300080179
1047724,南京浦口区康居集团2号地保障房项目,0,5,中建一局集团第一建筑有限公司江苏分公司,00010100004300080179
1029902,南京市儿童医院河西院区二期项目,0,5,中建一局集团第一建筑有限公司江苏分公司,00010100004300080179
1029008,江苏天科合达半导体有限公司碳化硅晶片二期扩产项目,0,11,中建一局集团第一建筑有限公司江苏分公司,00010100004300080179
1023799,苏州市独墅湖医院二期土建总包工程,0,5,中建一局集团第一建筑有限公司江苏分公司,00010100004300080179
1022528,南通经开区林洋能源12GW光伏电池厂房一期机电工程,0,11,中建一局集团第一建筑有限公司江苏分公司,00010100004300080179
1021168,江苏嘉通能源有限公司阳光岛化工仓储项目储罐本体制作与安装,0,11,中建一局集团第一建筑有限公司江苏分公司,00010100004300080179
1004924,中国科学院上海硅酸盐研究所新建高性能先进陶瓷项目（二期工程）,0,4,中建一局集团第一建筑有限公司江苏分公司,00010100004300080179
108185,如东县栟茶古镇综合开发项目,0,NULL,中建一局集团第一建筑有限公司江苏分公司,00010100004300080179
99351,苏州吴中鲁能公馆C地块公区装修工程项目,0,5,中建一局集团第一建筑有限公司江苏分公司,00010100004300080179
96516,苏宁睿城剩余地块项目（E0102地块）,0,5,中建一局集团第一建筑有限公司江苏分公司,00010100004300080179
95644,台儿庄古城北园学校项目,0,4,中建一局集团第一建筑有限公司江苏分公司,00010100004300080179
82927,苏地2017-WG-66/68号地块施工总承包工程,0,5,中建一局集团第一建筑有限公司江苏分公司,00010100004300080179
44409,昆山电子艺术创意城HJ组团别墅及地下车库施工总承包工程,0,NULL,中建一局集团第一建筑有限公司江苏分公司,00010100004300080179
24597,东湖京华·京珠苑A区、B区住宅用房1#-8#楼工程,0,NULL,中建一局集团第一建筑有限公司江苏分公司,00010100004300080179
24556,中国电子第二总部（华大半导体）新建项目1标,0,NULL,中建一局集团第一建筑有限公司江苏分公司,00010100004300080179
825551,江宁区秣陵新市镇三期安置房一标段项目,0,NULL,中建一局集团第一建筑有限公司江苏分公司,00010100004300080179
825050,相城区2019-WG-29号地块住宅发展项目,0,NULL,中建一局集团第一建筑有限公司江苏分公司,00010100004300080179
1048406,昆山睿创科技产业园有限公司光电储能设备生产项目,0,5,中建一局集团第一建筑有限公司江苏分公司,00010100004300080179
1044593,苏州昆山城投庙泾河东线段配套服务建筑工程1#,0,5,中建一局集团第一建筑有限公司江苏分公司,00010100004300080179
1020718,连云港海州区农发汽车城工程（EPC项目）,0,2,中建一局集团第一建筑有限公司江苏分公司,00010100004300080179
1010112,上海德建聪和糖尿病创新生物药研发及产业化基地,0,NULL,中建一局集团第一建筑有限公司江苏分公司,00010100004300080179
1004673,吴江建筑再生资源处置项目,0,4,中建一局集团第一建筑有限公司江苏分公司,00010100004300080179
103273,江苏省苏州市相城区2019-WG-29号地块住宅发展项目总承包工程,0,4,中建一局集团第一建筑有限公司江苏分公司,00010100004300080179
94954,苏地2018-WG-37号地块,0,NULL,中建一局集团第一建筑有限公司江苏分公司,00010100004300080179
90692,数通用高速高密度多层印制电路板及高端汽车电子及工控用高频多层印制电路板投资项目（二期）工程项目,0,NULL,中建一局集团第一建筑有限公司江苏分公司,00010100004300080179
80463,铠嘉电脑配件有限公司一期C区机电一次侧安装工程,0,11,中建一局集团第一建筑有限公司江苏分公司,00010100004300080179
828762,聊城信发高级中学项目,0,NULL,中建一局集团第一建筑有限公司江苏分公司,00010100004300080179
20836,华大半导体,0,NULL,中建一局集团第一建筑有限公司江苏分公司,00010100004300080179
16527,苏州73046地块住宅3A,0,NULL,中建一局集团第一建筑有限公司江苏分公司,00010100004300080179
1011647,山东丰源中盛纸业有限公司35万吨涂布白纸板建设项目,0,NULL,中建一局集团第一建筑有限公司 山东分公司,00010100004300080187
1005249,德城区肛肠医院新院区建设项目,0,5,中建一局集团第一建筑有限公司 山东分公司,00010100004300080187
1003758,山东丰源中盛纸业有限公司35万吨涂布白纸板建设项目土建及配套安装工程,0,5,中建一局集团第一建筑有限公司 山东分公司,00010100004300080187
1001926,临沂金锣医院二期项目,0,4,中建一局集团第一建筑有限公司 山东分公司,00010100004300080187
998226,规划十九路南侧停车场人防项目,0,NULL,中建一局集团第一建筑有限公司 山东分公司,00010100004300080187
993790,实地青岛蔷薇国际一期施工总承包工程项目,0,NULL,中建一局集团第一建筑有限公司 山东分公司,00010100004300080187
104034,山东青岛黄岛区鑫苑御龙湾项目二次结构、初装修及机电安装工程,0,NULL,中建一局集团第一建筑有限公司 山东分公司,00010100004300080187
820911,中海·森林湖项目北湖3-1#地块土建总承包工程-劳务,0,NULL,中建一局集团第一建筑有限公司 山东分公司,00010100004300080187
1159,(2101100055)德州御景国际一期二标段,0,NULL,中建一局集团第一建筑有限公司 山东分公司,00010100004300080187
1160,(2101100056)瑞平中心总承包（三期）,0,NULL,中建一局集团第一建筑有限公司 山东分公司,00010100004300080187
3139,东平洲际花园一期,0,4,中建一局集团第一建筑有限公司 山东分公司,00010100004300080187
1087101,姜家庄停车场上盖体育公园(地块一)项目,0,4,中建一局集团第一建筑有限公司 山东分公司,00010100004300080187
1082038,济南轨交集团历下区姜家庄停车场上盖体育公园项目,0,2,中建一局集团第一建筑有限公司 山东分公司,00010100004300080187
1072944,中海朝阳无限地块总承包工程,0,5,中建一局集团第一建筑有限公司 山东分公司,00010100004300080187
1040650,青岛胶州保利云禧三期项目,0,4,中建一局集团第一建筑有限公司 山东分公司,00010100004300080187
1023123,青岛市保利云禧项目三期一标段项目,0,5,中建一局集团第一建筑有限公司 山东分公司,00010100004300080187
1022415,济南市槐荫区市水务局雨污合流管网改造和城市内涝治理项目,0,3,中建一局集团第一建筑有限公司 山东分公司,00010100004300080187
1013907,历下区住建局2022年度历山路以东老旧小区整治改造项目施工项目,0,5,中建一局集团第一建筑有限公司 山东分公司,00010100004300080187
1008563,无棣蓝洁污水处理有限公司2.5万吨/日提标改造及扩建项目（EPC）,0,5,中建一局集团第一建筑有限公司 山东分公司,00010100004300080187
112121,航材公共保税库工程总承包(EPC)项目,0,5,中建一局集团第一建筑有限公司 山东分公司,00010100004300080187
105345,山东省肿瘤防治研究院技术创新与临床转化平台项目（治子医院）,0,NULL,中建一局集团第一建筑有限公司 山东分公司,00010100004300080187
91053,中欧制造国际企业港1#路建设项目总承包（EPC）,0,2,中建一局集团第一建筑有限公司 山东分公司,00010100004300080187
92210,李沧区沧安路以北安顺路以西地块改造项目,0,0,中建一局集团第一建筑有限公司 山东分公司,00010100004300080187
92727,鑫苑青岛慧据智慧家园C2项目,0,4,中建一局集团第一建筑有限公司 山东分公司,00010100004300080187
83119,航天大道工程及其提升改造总承包(EPC+F),0,2,中建一局集团第一建筑有限公司 山东分公司,00010100004300080187
80947,中国航天科技园(济南)项目施工总承包项目,0,5,中建一局集团第一建筑有限公司 山东分公司,00010100004300080187
81393,山东高速·畅和苑A3地块房地产开发项目,0,NULL,中建一局集团第一建筑有限公司 山东分公司,00010100004300080187
17206,济南未来城A5地块房地产开发项目（西地块一期）,0,NULL,中建一局集团第一建筑有限公司 山东分公司,00010100004300080187
7175,【枫丹白露·澜郡】首期工程,0,NULL,中建一局集团第一建筑有限公司 山东分公司,00010100004300080187
1156,(2101100052)潍坊市佳兆业金域天下一期,0,4,中建一局集团第一建筑有限公司 山东分公司,00010100004300080187
816696,济南万达文化体育旅游城D17地块施工总承包-劳务,0,NULL,中建一局集团第一建筑有限公司 山东分公司,00010100004300080187
816169,东沙社区城中村改造村民安置用房项目总承包（EPC）项目-劳务,0,NULL,中建一局集团第一建筑有限公司 山东分公司,00010100004300080187
1086893,济南新旧动能转换起步区太平街道邢家渡干渠以东济太路以南谢胡路以西,0,4,中建一局集团第一建筑有限公司 山东分公司,00010100004300080187
1058309,济南监狱罪犯劳动改造场所建设项目工程总承包(EPC),0,2,中建一局集团第一建筑有限公司 山东分公司,00010100004300080187
1041282,济南市中心城区雨污合流管网改造和城市内涝治理腊山河与兴济河排水分区项目,0,4,中建一局集团第一建筑有限公司 山东分公司,00010100004300080187
1026055,青岛市地铁9号线一期工程土建施工一标段,0,NULL,中建一局集团第一建筑有限公司 山东分公司,00010100004300080187
1011825,青岛市地铁9号线一期工程土建施工1标段,1,5,中建一局集团第一建筑有限公司 山东分公司,00010100004300080187
1008511,齐鲁医药学院第一医院院区建设项目二标段,0,5,中建一局集团第一建筑有限公司 山东分公司,00010100004300080187
1005646,济南大学工科综合楼建设项目施工总承包,0,5,中建一局集团第一建筑有限公司 山东分公司,00010100004300080187
1000927,济南高新区国际企业港周边市政道路工程总承包(EPC),0,2,中建一局集团第一建筑有限公司 山东分公司,00010100004300080187
998229,济南至高青高速公路房建工程施工四标段总承包工程,0,NULL,中建一局集团第一建筑有限公司 山东分公司,00010100004300080187
994258,济南高新财投中心量子大厦(EPC)项目,0,NULL,中建一局集团第一建筑有限公司 山东分公司,00010100004300080187
991547,济南市高新区遥墙安置区配套市政基础设施项目工程总承包（EPC）,0,2,中建一局集团第一建筑有限公司 山东分公司,00010100004300080187
89125,临沂银河龙门花园北地块（F1#-F8#及车库）项目总承包工程项目,0,4,中建一局集团第一建筑有限公司 山东分公司,00010100004300080187
84422,济南转山A-4地块施工总承包工程,0,4,中建一局集团第一建筑有限公司 山东分公司,00010100004300080187
80766,济南济阳项目澄波湖东侧住宅项目施工总承包工程1标段,0,NULL,中建一局集团第一建筑有限公司 山东分公司,00010100004300080187
28535,西沙王庄村村民安置房建设项目,0,NULL,中建一局集团第一建筑有限公司 山东分公司,00010100004300080187
7174,即墨市经济技术开发区蓝色新区体育中心,0,NULL,中建一局集团第一建筑有限公司 山东分公司,00010100004300080187
817441,小西帐村城中村改造项目56#B-1地块-劳务,0,NULL,中建一局集团第一建筑有限公司 山东分公司,00010100004300080187
816652,济南济阳澄波湖住宅一标段项目部-劳务,0,NULL,中建一局集团第一建筑有限公司 山东分公司,00010100004300080187
1096897,市中区南北康分水岭路南B-3-1地块项目工程总承包（EPC）,0,2,中建一局集团第一建筑有限公司 山东分公司,00010100004300080187
1043657,济南高新区山东省血液中心东区一期建设项目（EPC）,0,2,中建一局集团第一建筑有限公司 山东分公司,00010100004300080187
1040664,青岛中海·森林湖北湖5#地块项目,0,4,中建一局集团第一建筑有限公司 山东分公司,00010100004300080187
1020942,深国际·正定智慧港项目（三期）EPC+O 总承包项目,0,4,中建一局集团第一建筑有限公司 山东分公司,00010100004300080187
1013058,城乡·鲁商·运河鑫城施工工程,0,NULL,中建一局集团第一建筑有限公司 山东分公司,00010100004300080187
1008510,济南高新区开拓路小学项目工程总承包（EPC）,0,5,中建一局集团第一建筑有限公司 山东分公司,00010100004300080187
1002686,山东太古飞机维修新厂区项目（一期）,0,NULL,中建一局集团第一建筑有限公司 山东分公司,00010100004300080187
995918,济南远洋赵家庄住宅项目,0,NULL,中建一局集团第一建筑有限公司 山东分公司,00010100004300080187
104740,临沂九曲国际金属生态城建设项目（一期）,0,NULL,中建一局集团第一建筑有限公司 山东分公司,00010100004300080187
92180,济南市济阳区市政园林公用事业局2019年城区防汛改造工程项目,0,4,中建一局集团第一建筑有限公司 山东分公司,00010100004300080187
80854,济南万达文化体育旅游城D17地块施工总承包项目,0,NULL,中建一局集团第一建筑有限公司 山东分公司,00010100004300080187
819578,唐冶新区飞跃大道以南A地块房地产开发项目（一期）-劳务,0,NULL,中建一局集团第一建筑有限公司 山东分公司,00010100004300080187
3138,万华?江山帝景,0,NULL,中建一局集团第一建筑有限公司 山东分公司,00010100004300080187
3141,青岛新机场 综合交通中心及停车楼工程,0,5,中建一局集团第一建筑有限公司 山东分公司,00010100004300080187
1097002,青岛市地铁 7 号线二期工程机电安装施工项目,0,5,中建一局集团第一建筑有限公司 山东分公司,00010100004300080187
1086361,济南市中城投AI大厦综合提升项目,0,4,中建一局集团第一建筑有限公司 山东分公司,00010100004300080187
1060354,正定县板材数字化转型科技园一期项目设计施工总承包（EPC）,0,5,中建一局集团第一建筑有限公司 山东分公司,00010100004300080187
1018834,山东太古飞机维修新厂区项目（二期）工程总承包（EPC）,0,5,中建一局集团第一建筑有限公司 山东分公司,00010100004300080187
1014864,德州德达地产商务中心项目（EPC项目）,0,NULL,中建一局集团第一建筑有限公司 山东分公司,00010100004300080187
1002566,青岛市保利云禧项目二期二标段工程,0,NULL,中建一局集团第一建筑有限公司 山东分公司,00010100004300080187
992055,济南市第五人民医院北区康养中心项目工程总承包（EPC）,0,2,中建一局集团第一建筑有限公司 山东分公司,00010100004300080187
991763,山东省精神卫生中心精神医学综合楼建设项目工程总承包（EPC）,0,2,中建一局集团第一建筑有限公司 山东分公司,00010100004300080187
82844,济南雪山项目X03、X07地块小学幼儿园工程施工总承包合同,0,NULL,中建一局集团第一建筑有限公司 山东分公司,00010100004300080187
820952,临沂银河龙门花园北地块（F1#-F8#及车库）项目总承包工程,NULL,NULL,中建一局集团第一建筑有限公司 山东分公司,00010100004300080187
1065402,山东地学科技创新中心项目工程总承包（EPC）项目,0,4,中建一局集团第一建筑有限公司 山东分公司,00010100004300080187
1058556,济南历城广厦三维冷水泉地块房地产开发项目,0,5,中建一局集团第一建筑有限公司 山东分公司,00010100004300080187
1016666,济宁城乡建设鲁商运河鑫城住宅项目,0,NULL,中建一局集团第一建筑有限公司 山东分公司,00010100004300080187
1016092,泰安新泰市齐鲁医药学院第一医院院区建设项目,0,NULL,中建一局集团第一建筑有限公司 山东分公司,00010100004300080187
1003745,济南综保航空服务有限公司济南飞机服务基地项目工程总承包（EPC）,0,5,中建一局集团第一建筑有限公司 山东分公司,00010100004300080187
84915,山东省肿瘤防治研究院技术创新与临床转化平台施工项目,0,4,中建一局集团第一建筑有限公司 山东分公司,00010100004300080187
84913,济南保利唐冶新区A地块项目,0,NULL,中建一局集团第一建筑有限公司 山东分公司,00010100004300080187
52138,济南东沙社区城中村改造村民安置房项目工程,0,2,中建一局集团第一建筑有限公司 山东分公司,00010100004300080187
3140,青岛市平度荷花湾金荷广场项目Ⅰ期Ⅱ期总承包工程,0,NULL,中建一局集团第一建筑有限公司 山东分公司,00010100004300080187
1152,(2101100047)临沂悦动广场,0,NULL,中建一局集团第一建筑有限公司 山东分公司,00010100004300080187
1041531,济南齐鲁交通集团济广高速公路济南至菏泽段改扩建工程,0,4,中建一局集团第一建筑有限公司 山东分公司,00010100004300080187
1022246,济南市历城区济南职业学院信息综合楼和实训教学楼施工,0,NULL,中建一局集团第一建筑有限公司 山东分公司,00010100004300080187
1020251,济南职业学院信息综合楼和实训教学楼（1 标段）,0,5,中建一局集团第一建筑有限公司 山东分公司,00010100004300080187
1011345,巨鹿县北部新区地下综合管廊及配套道路建设项目,0,NULL,中建一局集团第一建筑有限公司 山东分公司,00010100004300080187
1010564,济广高速公路济南至菏泽段改扩建工程项目主体工程施工（JHGKJ-3）,1,5,中建一局集团第一建筑有限公司 山东分公司,00010100004300080187
995811,济南远洋赵家庄项目施工总承包工程,0,NULL,中建一局集团第一建筑有限公司 山东分公司,00010100004300080187
92837,12英寸逻辑集成电路制造项目,0,4,中建一局集团第一建筑有限公司 山东分公司,00010100004300080187
82843,雪山片区X-07地块15班幼儿园建设项目施工总承包,0,NULL,中建一局集团第一建筑有限公司 山东分公司,00010100004300080187
40891,山东信息通信技术创新产业基地建设项目,0,NULL,中建一局集团第一建筑有限公司 山东分公司,00010100004300080187
5141,平度市开元城潘家疃安置房,0,NULL,中建一局集团第一建筑有限公司 山东分公司,00010100004300080187
2166,即墨市市医院片区改造项目（二标段）,0,NULL,中建一局集团第一建筑有限公司 山东分公司,00010100004300080187
1101795,山东中医药大学19#-20#学生公寓建设项目工程总承包（EPC）,0,2,中建一局集团第一建筑有限公司 山东分公司,00010100004300080187
1101033,北京大兴国际机场东航基地项目核心工作区K-01-01地块工程施工项目,0,4,中建一局集团第一建筑有限公司 山东分公司,00010100004300080187
1006282,济南市公安局人民警察训练基地二期（警务技能训练基地）建设项目施工总承包,0,NULL,中建一局集团第一建筑有限公司 山东分公司,00010100004300080187
1003659,河北石家庄循环化工园区养老公寓项目设计施工EPC总承包工程,0,5,中建一局集团第一建筑有限公司 山东分公司,00010100004300080187
994716,临沂奥罗置业棚改住宅项目,0,NULL,中建一局集团第一建筑有限公司 山东分公司,00010100004300080187
104943,东方新城·翰墨园（一期）项目,0,4,中建一局集团第一建筑有限公司 山东分公司,00010100004300080187
109513,中国（山东）自贸区济南片区产业园区2020年度东区27号路南段、西巨野河东侧规划路一期道路市政基础设施项目施工,0,4,中建一局集团第一建筑有限公司 山东分公司,00010100004300080187
97879,中德智汇中心建设项目及1#路市政道路项目工程总承包（EPC）,0,4,中建一局集团第一建筑有限公司 山东分公司,00010100004300080187
83207,国际金融城南区一期房地产开发项目施工总承包,0,NULL,中建一局集团第一建筑有限公司 山东分公司,00010100004300080187
46098,济南高新区遥墙安置房一期建设项目,0,2,中建一局集团第一建筑有限公司 山东分公司,00010100004300080187
828230,禹瀚城众园项目施工总承包工程二标段,0,NULL,中建一局集团第一建筑有限公司 山东分公司,00010100004300080187
826292,山东临沂国际金属生态城（一期）建设项目,NULL,NULL,中建一局集团第一建筑有限公司 山东分公司,00010100004300080187
9176,临沂西部新城中央公园建设项目,0,NULL,中建一局集团第一建筑有限公司 山东分公司,00010100004300080187
1155,(2101100051)济南奥体金融中心D栋楼,0,NULL,中建一局集团第一建筑有限公司 山东分公司,00010100004300080187
1079535,青岛中海朝阳无限地块住宅项目,0,4,中建一局集团第一建筑有限公司 山东分公司,00010100004300080187
1075809,历城区农村生活污水治理提升工程(二期)施工总承包三标段,0,5,中建一局集团第一建筑有限公司 山东分公司,00010100004300080187
1064032,2024年济南市天桥区老旧小区城市更新项目施工总承包5标段,0,5,中建一局集团第一建筑有限公司 山东分公司,00010100004300080187
1018921,中国石油大学（华东）古镇口校区（西区）土石方开挖及基坑支护工程（施工）02区,0,NULL,中建一局集团第一建筑有限公司 山东分公司,00010100004300080187
1016663,聊城医院综合楼（应急救援基地）项目（EPC项目）,0,5,中建一局集团第一建筑有限公司 山东分公司,00010100004300080187
1013743,山东特殊教育职业学院新校区建设项目（一期）园区市政工程,0,NULL,中建一局集团第一建筑有限公司 山东分公司,00010100004300080187
1012699,德州商务中心项目,0,NULL,中建一局集团第一建筑有限公司 山东分公司,00010100004300080187
1011646,国际金融城北区 A-5、A-6 地块项目施工,0,NULL,中建一局集团第一建筑有限公司 山东分公司,00010100004300080187
997581,国际金融城南区一期D栋E栋项目室内精装修项目施工合同（二标段）,0,NULL,中建一局集团第一建筑有限公司 山东分公司,00010100004300080187
991341,无棣县新海污水处理厂提标扩容改造项目设计-采购-施工（EPC）项目,0,NULL,中建一局集团第一建筑有限公司 山东分公司,00010100004300080187
97616,双峰商业广场二期项目（SF0604-410地块）,0,NULL,中建一局集团第一建筑有限公司 山东分公司,00010100004300080187
73064,石家庄臻园项目一期总承包工程,0,NULL,中建一局集团第一建筑有限公司 山东分公司,00010100004300080187
821933,融创济宁府D地块施工总承包项目-劳务,NULL,NULL,中建一局集团第一建筑有限公司 山东分公司,00010100004300080187
1151,(2101100046)临沂英伦花园,0,NULL,中建一局集团第一建筑有限公司 山东分公司,00010100004300080187
1061738,南北康片区06街区JQ0601-2地块建设项目工程总承包（EPC）,0,5,中建一局集团第一建筑有限公司 山东分公司,00010100004300080187
1013059,望岳路创意设计产业园项目工程施工总承包,0,NULL,中建一局集团第一建筑有限公司 山东分公司,00010100004300080187
1007051,济南至潍坊高速公路房建工程六标段建设项目施工总承包,0,NULL,中建一局集团第一建筑有限公司 山东分公司,00010100004300080187
1005444,王府车辆段租赁住房项目施工总承包,0,5,中建一局集团第一建筑有限公司 山东分公司,00010100004300080187
991204,济南高新区东区安居工程、配套教育及城市道路工程总承包（EPC）一标段,0,2,中建一局集团第一建筑有限公司 山东分公司,00010100004300080187
107014,济南市天桥区边庄项目E地块总承包工程,0,NULL,中建一局集团第一建筑有限公司 山东分公司,00010100004300080187
842634,济南转山项目A-4地块施工总承包工程-劳务,NULL,NULL,中建一局集团第一建筑有限公司 山东分公司,00010100004300080187
57046,济南市历城区董家街道十村整合城中村改造安置房项目工程总承包(EPC)项目二标段,0,NULL,中建一局集团第一建筑有限公司 山东分公司,00010100004300080187
823496,保利双峰商业广场二期项目（SF0604-410地块）项目,0,NULL,中建一局集团第一建筑有限公司 山东分公司,00010100004300080187
821756,李沧区沧安路以北、安顺路以西地块改造项目-劳务,NULL,NULL,中建一局集团第一建筑有限公司 山东分公司,00010100004300080187
819301,济南国际金融城南区一期项目-劳务,0,NULL,中建一局集团第一建筑有限公司 山东分公司,00010100004300080187
2164,济南转山项目B－2地块二标段,0,NULL,中建一局集团第一建筑有限公司 山东分公司,00010100004300080187
164,济南中新智慧城体验中心,0,NULL,中建一局集团第一建筑有限公司 山东分公司,00010100004300080187
816245,济南市历城区董家街道东杨村等十村城中村改造安置房二标段项目-劳务,NULL,NULL,中建一局集团第一建筑有限公司 山东分公司,00010100004300080187
812424,山东信息通信技术创新产业基地建设项目,0,NULL,中建一局集团第一建筑有限公司 山东分公司,00010100004300080187
1063113,山东省地质科学研究院山东地学科技创新中心建设项目工程总承包（EPC）,0,2,中建一局集团第一建筑有限公司 山东分公司,00010100004300080187
1042477,中海森林湖北湖5#地块项目,0,5,中建一局集团第一建筑有限公司 山东分公司,00010100004300080187
1021573,中德产业创新中心工程总承包(EPC),0,2,中建一局集团第一建筑有限公司 山东分公司,00010100004300080187
1012410,济南至潍坊高速公路房建工程施工六标项目,0,NULL,中建一局集团第一建筑有限公司 山东分公司,00010100004300080187
1003995,六合社区农贸市场综合改造提升基坑支护与土石方工程,0,NULL,中建一局集团第一建筑有限公司 山东分公司,00010100004300080187
1002994,国际金融城北区A-5、A-6地块项目,0,4,中建一局集团第一建筑有限公司 山东分公司,00010100004300080187
991542,临沂临港精钢基地配套服务启动区综合开发建设总承包工程,0,2,中建一局集团第一建筑有限公司 山东分公司,00010100004300080187
91305,小西帐村城中村改造项目56#B-2地块,0,4,中建一局集团第一建筑有限公司 山东分公司,00010100004300080187
91837,中海·森林湖项目北湖3-1#地块一标段土建总承包,0,4,中建一局集团第一建筑有限公司 山东分公司,00010100004300080187
13165,即墨锦绣华隆君汇,0,NULL,中建一局集团第一建筑有限公司 山东分公司,00010100004300080187
819974,财富中心A-2地块房地产开发项目（一期）（二期）,0,4,中建一局集团第一建筑有限公司 山东分公司,00010100004300080187
818753,山东省肿瘤防治研究院技术创新与临床转化平台项目施工-劳务,0,NULL,中建一局集团第一建筑有限公司 山东分公司,00010100004300080187
816484,济南高新安置区一期B区项目-劳务,0,NULL,中建一局集团第一建筑有限公司 山东分公司,00010100004300080187
1102386,2025年度济南高新区市政基础电力管廊建设项目港源六路电力管沟、港西路电力管沟项目工程总承包（EPC）,0,2,中建一局集团第一建筑有限公司 山东分公司,00010100004300080187
1086887,山东(济南)智能仿真实习实训基地建设项目(地块一)二期工程总承包(EPC）,0,4,中建一局集团第一建筑有限公司 山东分公司,00010100004300080187
1065018,济南市中城投南北康片区商业综合项目部,0,4,中建一局集团第一建筑有限公司 山东分公司,00010100004300080187
1043342,华山北片区A-1、A-3居住项目,0,5,中建一局集团第一建筑有限公司 山东分公司,00010100004300080187
1026278,济南槐荫城建集团杨柳春风住宅项目,0,NULL,中建一局集团第一建筑有限公司 山东分公司,00010100004300080187
1021154,中德智汇中心建设项目及1号路市政道路项目工程总承包（EPC）,0,NULL,中建一局集团第一建筑有限公司 山东分公司,00010100004300080187
993749,山东中茂实业集团有限公司生产综合楼项目,0,NULL,中建一局集团第一建筑有限公司 山东分公司,00010100004300080187
112153,泰安市东平县东平街道赤脸店社区城市棚户区改造项目（一期）,0,5,中建一局集团第一建筑有限公司 山东分公司,00010100004300080187
97768,转山西片区A-2地块房地产开发项目,0,5,中建一局集团第一建筑有限公司 山东分公司,00010100004300080187
89134,羊毛滩项目4#地块1.2标段、2.2标段项目,0,4,中建一局集团第一建筑有限公司 山东分公司,00010100004300080187
75161,济南万达城项目D14地块施工总承包工程,0,NULL,中建一局集团第一建筑有限公司 山东分公司,00010100004300080187
821348,青岛慧据智慧家园项目-劳务,NULL,NULL,中建一局集团第一建筑有限公司 山东分公司,00010100004300080187
818988,红岛羊毛滩项目4#地块一期3-7、13-17、24-28、34-36号楼、二期37、38、43、44号楼及地下车库工程-劳务,NULL,NULL,中建一局集团第一建筑有限公司 山东分公司,00010100004300080187
1097067,市中区南北康分水岭路南B-3-1地块工程总承包项目,0,4,中建一局集团第一建筑有限公司 山东分公司,00010100004300080187
1087724,北京大兴国际机场东航基地项目核心工作区K-01-01地块工程,0,5,中建一局集团第一建筑有限公司 山东分公司,00010100004300080187
1080543,山东（济南）智能仿真实习实训基地建设项目（地块一）二期工程总承包（EPC）,0,2,中建一局集团第一建筑有限公司 山东分公司,00010100004300080187
1014121,济南市市中区山东出版集团望岳路创意设计产业园项目,0,NULL,中建一局集团第一建筑有限公司 山东分公司,00010100004300080187
992088,正定新区污水处理厂工程（二期）,0,5,中建一局集团第一建筑有限公司 山东分公司,00010100004300080187
101274,遥墙街道安置房一期B区教育地块,0,NULL,中建一局集团第一建筑有限公司 山东分公司,00010100004300080187
81520,章丘清照府施工总承包项目,0,NULL,中建一局集团第一建筑有限公司 山东分公司,00010100004300080187
81227,天岳南路（西沙中路-二环西路）市政道路及管网工程施工,0,NULL,中建一局集团第一建筑有限公司 山东分公司,00010100004300080187
44797,山东省肿瘤防治研究院放射肿瘤学科医疗及科研基地建设项目,0,NULL,中建一局集团第一建筑有限公司 山东分公司,00010100004300080187
11180,(2101100044)瑞平金融中心二期住宅楼,0,NULL,中建一局集团第一建筑有限公司 山东分公司,00010100004300080187
822346,保利叁仟栋项目二期项目-劳务,0,NULL,中建一局集团第一建筑有限公司 山东分公司,00010100004300080187
13164,科瑞瑞香苑,0,NULL,中建一局集团第一建筑有限公司 山东分公司,00010100004300080187
811943,济南转山项目A-4地块施工总承包工程,NULL,NULL,中建一局集团第一建筑有限公司 山东分公司,00010100004300080187
1086350,济南市中区AI大厦综合提升项目,0,5,中建一局集团第一建筑有限公司 山东分公司,00010100004300080187
1060890,广厦三维冷水泉地块房地产开发项目施工总承包,0,4,中建一局集团第一建筑有限公司 山东分公司,00010100004300080187
1046394,石家庄邮件处理中心项目（一期）工程,0,4,中建一局集团第一建筑有限公司 山东分公司,00010100004300080187
1041796,赵县人民法院新建审判庭项目,0,4,中建一局集团第一建筑有限公司 山东分公司,00010100004300080187
1030307,济南槐荫区城建集团青岛路商办项目,0,5,中建一局集团第一建筑有限公司 山东分公司,00010100004300080187
1025403,吃遍中国商业街及地下建筑基坑支护（北侧）加固工程,0,11,中建一局集团第一建筑有限公司 山东分公司,00010100004300080187
1014294,赵县人民法院新建审判法庭项目,0,5,中建一局集团第一建筑有限公司 山东分公司,00010100004300080187
1003742,济南唐冶保利飞跃大道三期住宅项目,0,NULL,中建一局集团第一建筑有限公司 山东分公司,00010100004300080187
94430,保利叁仟栋项目二期,0,0,中建一局集团第一建筑有限公司 山东分公司,00010100004300080187
6153,青岛新机场综合交通中心高铁及地铁站房等工程,0,NULL,中建一局集团第一建筑有限公司 山东分公司,00010100004300080187
818243,济南章丘清照府项目,NULL,NULL,中建一局集团第一建筑有限公司 山东分公司,00010100004300080187
1043359,石家庄邮件处理中心项目（一期）,0,5,中建一局集团第一建筑有限公司 山东分公司,00010100004300080187
1022912,济南高铁围合杨柳春风梧桐郡项目,0,5,中建一局集团第一建筑有限公司 山东分公司,00010100004300080187
1009603,聊城市方舱医院建设项目（标段二）,0,NULL,中建一局集团第一建筑有限公司 山东分公司,00010100004300080187
998100,青岛远洋山水项目售楼处总包工程,0,NULL,中建一局集团第一建筑有限公司 山东分公司,00010100004300080187
996344,唐冶新区飞跃大道以南A地块房地产开发项目二期土建及水电安装工程施工承包工程,0,NULL,中建一局集团第一建筑有限公司 山东分公司,00010100004300080187
995354,济宁高新龙城坤园项目施工总承包,0,5,中建一局集团第一建筑有限公司 山东分公司,00010100004300080187
992147,济南新旧动能转换先行区大桥安置五区项目工程总承包（EPC）,0,2,中建一局集团第一建筑有限公司 山东分公司,00010100004300080187
108301,禹瀚城众园项目施工总承包工程,0,NULL,中建一局集团第一建筑有限公司 山东分公司,00010100004300080187
91834,融创济宁府B、D地块施工总承包,0,4,中建一局集团第一建筑有限公司 山东分公司,00010100004300080187
81196,济南市济阳县2018年道路新建工程施工一标段,0,4,中建一局集团第一建筑有限公司 山东分公司,00010100004300080187
9174,开元城·开元盛景一期,0,NULL,中建一局集团第一建筑有限公司 山东分公司,00010100004300080187
820017,中国航天科技园（济南）项目工程施工总承包（二标段）,0,NULL,中建一局集团第一建筑有限公司 山东分公司,00010100004300080187
819679,济南万达文化体育旅游城D3地块项目(B-18地块)-劳务,0,NULL,中建一局集团第一建筑有限公司 山东分公司,00010100004300080187
816857,济南万达文化体育旅游城D14地块施工总承包-劳务,0,NULL,中建一局集团第一建筑有限公司 山东分公司,00010100004300080187
1046393,青岛中国石油大学古镇口校区项目,0,4,中建一局集团第一建筑有限公司 山东分公司,00010100004300080187
1031072,青岛路以北、滨州路以西地块B二期项目,0,4,中建一局集团第一建筑有限公司 山东分公司,00010100004300080187
991237,唐冶新区飞跃大道以南A 地块房地产开发项目一期二标段（11#、18#、31#楼、地下车库）土建及水电安装工程施工总承包工程,0,NULL,中建一局集团第一建筑有限公司 山东分公司,00010100004300080187
83939,济南万达文化体育旅游城D3地块项目（B-18）地块,0,NULL,中建一局集团第一建筑有限公司 山东分公司,00010100004300080187
83113,高铁·黄金广场项目（1#-9#楼、10#垃圾收集站、地下车库及其它）施工总承包项目二标段,0,NULL,中建一局集团第一建筑有限公司 山东分公司,00010100004300080187
30753,济南雪山项目A-04地块一期项目,0,NULL,中建一局集团第一建筑有限公司 山东分公司,00010100004300080187
9177,鼎峰中央公园1A、1B期总承包工程,0,NULL,中建一局集团第一建筑有限公司 山东分公司,00010100004300080187
820821,融创济宁府B、D地块施工总承包项目-劳务,NULL,NULL,中建一局集团第一建筑有限公司 山东分公司,00010100004300080187
2165,德州御景国际6-9#楼及地下车库（一标段）,0,NULL,中建一局集团第一建筑有限公司 山东分公司,00010100004300080187
4107,即墨市龙延山路北延及莲花山路路段,0,NULL,中建一局集团第一建筑有限公司 山东分公司,00010100004300080187
2168,豪德财富中心、大卖场D4-1项目,0,NULL,中建一局集团第一建筑有限公司 山东分公司,00010100004300080187
1068383,谢岗镇银湖城中村改造配套项目,0,5,五公司华南分公司,0001010000430005999a
1063116,阳江市闸坡镇百千万工程,0,4,五公司华南分公司,0001010000430005999a
1022804,深业南方前海桂湾片区 T201-0168 号地块项目基坑支护、土石方及桩基础工程项目,0,5,五公司华南分公司,0001010000430005999a
991086,新材料产业大厦项目施工总承包工程,0,NULL,五公司华南分公司,0001010000430005999a
97557,宝城39区九年一贯制学校建设工程,0,2,五公司华南分公司,0001010000430005999a
94960,龙岗区妇幼保健院扩建工程土石方、基坑支护及桩基础工程,0,4,五公司华南分公司,0001010000430005999a
1078000,东莞市大朗镇巷头连片“工改工”项目一期,0,5,五公司华南分公司,0001010000430005999a
1059866,侨海大厦项目总承包工程,0,4,五公司华南分公司,0001010000430005999a
1058663,龙胜山顶公园西侧边坡治理工程（施工）,0,4,五公司华南分公司,0001010000430005999a
1045132,黄埔区城中村、老旧小区雨污分流改造工程施工总承包,0,4,五公司华南分公司,0001010000430005999a
1016350,松山湖松月文化广场-住宅地块施工总承包工程,0,5,五公司华南分公司,0001010000430005999a
62714,明昇壹城三期（07B地块）项目,0,NULL,五公司华南分公司,0001010000430005999a
36315,明昇壹城二期总承包工程第二标段,0,NULL,五公司华南分公司,0001010000430005999a
1078123,科学城智慧城二期,0,5,五公司华南分公司,0001010000430005999a
1064048,广州市幼儿师范学校附属幼儿园祥云园区施工总承包,0,4,五公司华南分公司,0001010000430005999a
1061830,阳江市江城区南恩街道2024年城镇老旧小区改造项目设计施工总承包,0,4,五公司华南分公司,0001010000430005999a
1022881,龙岗区龙城街道G01048-0153宗地项目基坑支护、土石方及桩基础工程,0,11,五公司华南分公司,0001010000430005999a
992728,亚龙湾国际玫瑰谷旅游休闲中心启动区项目总承包工程,0,NULL,五公司华南分公司,0001010000430005999a
1080495,大岭山大塘村优质产业空间项目(北地块)一期施工总承包,0,5,五公司华南分公司,0001010000430005999a
1058386,阳江市埠场镇百千万工程,0,4,五公司华南分公司,0001010000430005999a
1028979,服务局三亚湾维修,0,5,五公司华南分公司,0001010000430005999a
1006280,宝安区A006-0201地块项目施工总承包工程,0,NULL,五公司华南分公司,0001010000430005999a
91595,一甲村综合治理工程,0,4,五公司华南分公司,0001010000430005999a
1094587,福建师范大学体育中心引入企业合作共建“体育+”产学研用融合中心项目（一期）,0,5,五公司华南分公司,0001010000430005999a
1082372,东莞市谢岗医院新院区二期项目6号连廊工程,0,5,五公司华南分公司,0001010000430005999a
1077136,松山湖月荷湖(三枝松水库)配套设施改造工程,0,5,五公司华南分公司,0001010000430005999a
1012071,富联精密科技（赣州）有限公司新建厂房及配套设施项目一期一标段,0,5,五公司华南分公司,0001010000430005999a
81159,云浮市光明中小学（一期工程）,0,NULL,五公司华南分公司,0001010000430005999a
1067774,第二批央企在京老旧小区综合整治项目（标包四十三）（房山区星城街道）,0,5,五公司华南分公司,0001010000430005999a
1063775,阳江市禾虫产业研究院、阳江市禾虫种业创新中心建设项目（一期）工程,0,4,五公司华南分公司,0001010000430005999a
1063773,渔业产业园示范养殖基地基础提升及生态湿地结合尾水处理示范项目勘察设计施工总承包,0,4,五公司华南分公司,0001010000430005999a
1056615,黄家坣工业南路厂房“三旧”改造项目,0,4,五公司华南分公司,0001010000430005999a
997557,航城街道黄田学校改扩建工程,0,5,五公司华南分公司,0001010000430005999a
100378,新材料产业大厦基坑支护与土石方工程,0,1,五公司华南分公司,0001010000430005999a
107918,蛇口渔人码头—南山区蛇口街道西岸更新单元项目二期施工总承包工程,0,4,五公司华南分公司,0001010000430005999a
95291,高至旺龙产业园,0,4,五公司华南分公司,0001010000430005999a
30804,金色年华度假酒店,0,0,五公司华南分公司,0001010000430005999a
1083890,桥畔项目施工总承包工程,0,5,五公司华南分公司,0001010000430005999a
1061827,阳江市江城区城东街道2024年城镇老旧小区改造项目设计施工总承包,0,4,五公司华南分公司,0001010000430005999a
1060178,临水、临电工程,0,4,五公司华南分公司,0001010000430005999a
1028980,服务局海棠湾维修,0,5,五公司华南分公司,0001010000430005999a
996356,金信润府项目施工总承包工程,0,4,五公司华南分公司,0001010000430005999a
82845,卓伯根商业综合体项目基坑支护工程,0,4,五公司华南分公司,0001010000430005999a
69957,美岭湖II-2地块,0,NULL,五公司华南分公司,0001010000430005999a
101076,龙岗区南湾人民医院改扩建工程施工总承包项目,0,1,五公司华南分公司,0001010000430005999a
17811,（1101050044）马鞍山金鹰天地广场,0,4,五公司华南分公司,0001010000430005999a
6975,(11010500571)台州银泰城（F0205-B)项目施工总承包工程,0,NULL,五公司华南分公司,0001010000430005999a
1078005,东莞市大朗镇犀牛陂公凹工业一区地块“工改工”改造项目一期（1号、2号、3号、4号厂房）,0,5,五公司华南分公司,0001010000430005999a
1063774,渔业产业园特种水产品繁育基地项目勘察设计施工总承包,0,4,五公司华南分公司,0001010000430005999a
998040,深圳综合粒子设施研究院综合楼（暂定名）施工总承包工程,0,5,五公司华南分公司,0001010000430005999a
101251,蛇口渔人码头—南山区蛇口街道西岸更新单元项目一期施工总承包工程,0,4,五公司华南分公司,0001010000430005999a
101110,坪山区江边学校建设工程施工总承包项目,0,4,五公司华南分公司,0001010000430005999a
1086575,华侨城园林公司地块项目（暂定名）施工总承包工程,0,5,五公司华南分公司,0001010000430005999a
1074448,万江新村产业园区智能制造中心,0,5,五公司华南分公司,0001010000430005999a
1072820,里仁洞村更新改造项目番禺大道北天桥改造工程,0,5,五公司华南分公司,0001010000430005999a
1058385,阳江市白沙街道百千万工程,0,4,五公司华南分公司,0001010000430005999a
1014188,八卦岭上林苑城市更新单元项目施工总承包及配套道路工程（施工）,0,NULL,五公司华南分公司,0001010000430005999a
1006548,深业南方前海桂湾片区T201-0168号地块项目基坑支护、土石方及桩基础工程,0,NULL,五公司华南分公司,0001010000430005999a
14970,（1101050042）临海银泰城总承包项目,0,NULL,五公司华南分公司,0001010000430005999a
1011768,中国建筑一局（集团）有限公司芳白城际五工区项目经理部,0,5,五公司华南分公司,0001010000430005999a
1003078,花润里（白花社区征地返还用地地块二）施工总承包工程,0,5,五公司华南分公司,0001010000430005999a
93118,世界厂城市更新配套小学施工总承包,0,4,五公司华南分公司,0001010000430005999a
91583,田厦巷头新村正本清源改造工程,0,4,五公司华南分公司,0001010000430005999a
52131,官塘金色年华服务配套中心,0,NULL,五公司华南分公司,0001010000430005999a
1025172,松山湖松月文化广场1号大剧院、2号展览中心、3号展演中心地下室工程,0,NULL,五公司华南分公司,0001010000430005999a
1005893,中旅广州北站东广场项目土方及基坑支护工程,0,4,五公司华南分公司,0001010000430005999a
112633,深业创智大厦项目地基与基础工程,0,4,五公司华南分公司,0001010000430005999a
89986,世界厂城市更新配套小学地基与基础工程,0,4,五公司华南分公司,0001010000430005999a
91313,明昇壹城三期07C地块（一区）建筑安装工程,0,4,五公司华南分公司,0001010000430005999a
1056879,阳江市双捷镇百千万工程,0,4,五公司华南分公司,0001010000430005999a
1014185,基建项目西丽围挡工程,0,5,五公司华南分公司,0001010000430005999a
1001687,观澜文化小镇公共服务平台设计施工总承包（EPC）,0,2,五公司华南分公司,0001010000430005999a
108483,新材料产业大厦项目桩基础及抗浮锚杆工程,0,4,五公司华南分公司,0001010000430005999a
80972,官塘水院B-10地块,0,4,五公司华南分公司,0001010000430005999a
30745,南昌市公共停车场建设工程团结路停车场项目,0,NULL,五公司华南分公司,0001010000430005999a
1063772,阳江市江城区埠场镇农村水系综合整治工程（一期）施工,0,4,五公司华南分公司,0001010000430005999a
1055791,双捷镇岗元村委会岗元、水埒村基础设施建设项目,0,4,五公司华南分公司,0001010000430005999a
1045752,宏鹏精密零部件项目,0,4,五公司华南分公司,0001010000430005999a
1040738,东莞横沥田坑村模具智造社区项目施工总承包工程,0,4,五公司华南分公司,0001010000430005999a
1031946,西安银泰中心项目清表、前期工程及展示区总承包工程,0,4,五公司华南分公司,0001010000430005999a
1006361,龙胜旧村片区城市更新项目01地块（四海华亭）工程施工总承包,0,5,五公司华南分公司,0001010000430005999a
1000605,华堂里花园项目一期（一标段、二标段、三标段）施工总承包工程,0,5,五公司华南分公司,0001010000430005999a
78914,美岭湖II-1地块（西岛项目）,0,NULL,五公司华南分公司,0001010000430005999a
1083326,广州市观音山公墓（含市第二思园和教育基地及广场配套项目）二期工程施工总承包项目,0,5,五公司华南分公司,0001010000430005999a
1072065,东莞市寒溪河流域水质提升及排水管网提质增效项目(一期)第二阶段工程,0,5,五公司华南分公司,0001010000430005999a
1063126,阳江市海陵区海洋生态保护修复工程项目勘察设计施工总承包,0,4,五公司华南分公司,0001010000430005999a
1055770,双捷镇清冲村委会新村、双坪、河步田基础设施建设项目,0,4,五公司华南分公司,0001010000430005999a
1030022,深圳北站A811-0347地块项目基坑支护、土石方及桩基础工程,0,5,五公司华南分公司,0001010000430005999a
1012693,花润里（白花社区征地返还用地地块三）施工总承包工程项目,0,NULL,五公司华南分公司,0001010000430005999a
30802,美岭湖公寓二期28#楼，CDE商业项目,0,4,五公司华南分公司,0001010000430005999a
1075392,中国联通琶洲安全产业园项目基坑支护及土石方工程,0,5,五公司华南分公司,0001010000430005999a
1062046,阳江市江城区城南街道2024年城镇老旧小区改造项目设计施工总承包,0,4,五公司华南分公司,0001010000430005999a
1058861,侨海大厦项目总承包,0,5,五公司华南分公司,0001010000430005999a
998877,龙岗区妇幼保健院扩建工程（一期）项目,0,NULL,五公司华南分公司,0001010000430005999a
996802,金信中心科技大厦施工总承包工程,0,5,五公司华南分公司,0001010000430005999a
55764,金色年华度假酒店（培训楼A、宿舍C),0,NULL,五公司华南分公司,0001010000430005999a
69954,美岭湖I-1号（东岛项目）,0,NULL,五公司华南分公司,0001010000430005999a
62815,海南省陵水县高峰温泉度假区项目一期,0,4,五公司华南分公司,0001010000430005999a
18016,明昇壹城一期二标段住宅及沿街商业建安工程,0,NULL,五公司华南分公司,0001010000430005999a
14971,山海湖高档休闲住宅社区(公园88号),0,4,五公司华南分公司,0001010000430005999a
1017896,花润里（白花社区征地返还用地地块二）施工总承包,0,NULL,华南分公司自然项目部,0001010000430005999a999d
1015431,龙岗区妇幼保健院扩建工程（一期）项目施工总承包,0,4,华南分公司自然项目部,0001010000430005999a999d
1027361,松山湖松月文化广场1号大剧院、2号展览中心、3号展演中心地下室项目,0,NULL,华南分公司自然项目部,0001010000430005999a999d
1022486,花润里（白花社区征地返还用地地块三）施工总承包,0,NULL,华南分公司自然项目部,0001010000430005999a999d
1081957,东莞市大朗镇犀牛陂公凹工业一区地块“工改工”改造项目一期(1号、2号、3号、4号厂房),0,4,华南分公司自然项目部,0001010000430005999a999d
815881,十陵“一寸金”项目-劳务,NULL,NULL,华南分公司自然项目部,0001010000430005999a999d
813084,西安华南城项目三期五金机电D区Ⅱ标段施工总承包工程,NULL,NULL,五公司江苏分公司自然项目部,0001010000430005999q999c
815334,萍乡市金融综合体、金融中心建设工程-劳务,0,NULL,五公司江苏分公司自然项目部,0001010000430005999q999c
1075315,新桥街道大朗山城市更新单元九年一贯制学校新建工程,0,5,中建一局集团深圳建设有限公司,000101000043000299bl
1024650,深圳建设桃花源科技创新园二期（扩建）项目主体工程施工总承包,1,5,中建一局集团深圳建设有限公司,000101000043000299bl
1070437,深中通道沿线综合整治工程（EPC）,0,2,中建一局集团深圳建设有限公司,000101000043000299bl
1025892,新安公园品质提升工程施工总承包项目,1,5,中建一局集团深圳建设有限公司,000101000043000299bl
1082944,机电新桥街道大朗山城市更新单元九年一贯制学校新建工程,0,5,中建一局集团深圳建设有限公司,000101000043000299bl
1084282,新桥智能制造标杆园区综合提升改造项目设计采购施工总承包,1,2,中建一局集团深圳建设有限公司,000101000043000299bl
1021756,桃花源科技创新园二期（扩建）项目主体工程施工总承包,0,5,中建一局集团深圳建设有限公司,000101000043000299bl
1058468,石岩街道上屋社区初级中学新建工程施工总承包(二次公告),0,11,中建一局集团深圳建设有限公司,000101000043000299bl
1047780,石岩街道上屋社区初级中学新建工程施工总承包,0,5,中建一局集团深圳建设有限公司,000101000043000299bl
1032564,福永人民医院扩建（二期）施工总承包,0,5,中建一局集团深圳建设有限公司,000101000043000299bl
1084918,宝安区新桥街道新桥创谷（二期）整治提升工程设计采购施工总承包（EPC）,0,2,中建一局集团深圳建设有限公司,000101000043000299bl
989636,丰都县人民法院审判法庭项目EPC总承包,0,2,中建一局集团第二建筑有限公司西南分公司,000101000043000299c7
110313,重庆科学城高桥实验学校（暂定名）项目,0,4,中建一局集团第二建筑有限公司西南分公司,000101000043000299c7
1055032,宜宾表面处理集中区二期项目,0,5,中建一局集团第二建筑有限公司西南分公司,000101000043000299c7
997052,宜宾五粮液股份有限公司勾储酒库和待包酒库工艺设备集成项目,1,5,中建一局集团第二建筑有限公司西南分公司,000101000043000299c7
92873,西藏银行成都基地建设项目,1,2,中建一局集团第二建筑有限公司西南分公司,000101000043000299c7
44764,（1201020035）泸州迁建机场航站区建设PPP项目,0,3,中建一局集团第二建筑有限公司西南分公司,000101000043000299c7
26327,（1101020114）酿酒工程技改项目（一标段、二标段）,0,2,中建一局集团第二建筑有限公司西南分公司,000101000043000299c7
11247,（1101020103）新津县中医医院妇幼保健院配套区安置房建设项目,0,2,中建一局集团第二建筑有限公司西南分公司,000101000043000299c7
1068460,田湾河流域梯级水电站“9·5”地震灾后重建草科营地新营区建设工程,0,4,中建一局集团第二建筑有限公司西南分公司,000101000043000299c7
1066019,江北区观音桥组团I分区I08-2地块项目,0,4,中建一局集团第二建筑有限公司西南分公司,000101000043000299c7
1021942,重庆市第四人民医院科学城院区建设项目（一期）工程总承包,1,5,中建一局集团第二建筑有限公司西南分公司,000101000043000299c7
1007191,西南大学四新村博士生公寓,0,5,中建一局集团第二建筑有限公司西南分公司,000101000043000299c7
1074586,西南大学榕园学生宿舍(荣昌校区)工程总承包,0,2,中建一局集团第二建筑有限公司西南分公司,000101000043000299c7
1049951,江北区观音桥组团I分区I08-3地块项目,0,5,中建一局集团第二建筑有限公司西南分公司,000101000043000299c7
90391,大发熙悦書山镜项目,0,5,中建一局集团第二建筑有限公司西南分公司,000101000043000299c7
6142,杨柳河滨河路道路建设工程（含徐家渡桥危桥改造）,0,NULL,中建一局集团第二建筑有限公司西南分公司,000101000043000299c7
1010124,聚泓壹号项目,0,5,中建一局集团第二建筑有限公司西南分公司,000101000043000299c7
106583,天府金租中心项目建设工程施工总承包工程,0,4,中建一局集团第二建筑有限公司西南分公司,000101000043000299c7
993127,都江堰林盘水乡农业特色项目一期启动区,0,5,中建一局集团第二建筑有限公司西南分公司,000101000043000299c7
110769,北滨天下项目二期施工总承包工程,0,5,中建一局集团第二建筑有限公司西南分公司,000101000043000299c7
1052757,年拆解10万辆报废汽车和年处理15万吨退役锂电池项目一期一标段,0,5,中建一局集团第二建筑有限公司西南分公司,000101000043000299c7
1079934,四川民族学院泸定校区基础设施建设项目,0,2,中建一局集团第二建筑有限公司西南分公司,000101000043000299c7
989641,临空第一小学项目、临空第一幼儿园项目,0,4,中建一局集团第二建筑有限公司西南分公司,000101000043000299c7
45588,毕节市公共卫生中心建设,0,2,中建一局集团第二建筑有限公司西南分公司,000101000043000299c7
1083205,CNP/045重庆新观音桥CQ2301项目地块间钢结构连廊工程,0,5,中建一局集团第二建筑有限公司西南分公司,000101000043000299c7
1064696,年拆解10万辆报废汽车和年处理15万吨退役锂电池项目一期二标段,0,5,中建一局集团第二建筑有限公司西南分公司,000101000043000299c7
112620,天府金租中心项目,0,5,中建一局集团第二建筑有限公司西南分公司,000101000043000299c7
1083743,生物学大楼-1F~12F室内装修工程总承包项目,0,5,中建一局集团第二建筑有限公司西南分公司,000101000043000299c7
1063528,田湾河流域梯级水电站“9·5”地震灾后重建草科营地新营区建设工程项目,0,4,中建一局集团第二建筑有限公司西南分公司,000101000043000299c7
1049429,水泥窑资源化利用固体废物项目,0,5,中建一局集团第二建筑有限公司西南分公司,000101000043000299c7
1006635,西南大学生物学大楼,0,5,中建一局集团第二建筑有限公司西南分公司,000101000043000299c7
992668,都江堰黄金小镇项目,0,5,中建一局集团第二建筑有限公司西南分公司,000101000043000299c7
1000684,重庆市江北区人民医院两江分院施工总承包项目,0,5,中建一局集团第二建筑有限公司西南分公司,000101000043000299c7
1071532,康定市东大街及新市后街城市更新项目设计施工总承包,0,2,中建一局集团第二建筑有限公司西南分公司,000101000043000299c7
1023699,天府新区建国汽车全国总部、建国国际汽车艺术中心项目,0,4,中建一局集团第二建筑有限公司西南分公司,000101000043000299c7
995085,渝兴环湖企业公园二期施工总承包工程,0,5,中建一局集团第二建筑有限公司西南分公司,000101000043000299c7
93263,重庆市怡置招商上东汇项目（F66-2/F67-2/F68-2/F73-1）地块,0,5,中建一局集团第二建筑有限公司西南分公司,000101000043000299c7
1004601,高新区人才社区一期工程EPC总承包项目,1,2,中建一局集团第二建筑有限公司西南分公司,000101000043000299c7
24721,（1201020026）杨柳河滨河路道路建设工程（含徐家渡桥危桥改造）,0,4,中建一局集团第二建筑有限公司西南分公司,000101000043000299c7
1010120,2022宜昌当阳市老旧小区改造项目,0,2,中建一局集团第二建筑有限公司西南分公司,000101000043000299c7
18816,(2106080005)江苏大丰城南区老年养护中心,0,5,一局六公司第十三大项目部,0001010000430007999d0014
7662,(2106080006)华远大兴孙村项目,0,NULL,一局六公司第十三大项目部,0001010000430007999d0014
825178,云南省普通高中建设项目EPC总承包（标段一）（一）-劳务,0,NULL,中建一局集团第五建筑有限公司,0001010000430005
825064,工业厂房及配套附属设施项目A2-1#、 A2-2#、A2-3#楼，C1-1#、C1-2#、 C1-3#楼内部装修工程,0,NULL,中建一局集团第五建筑有限公司,0001010000430005
15438,（2105030087）天津艺境名苑工程项目部,0,NULL,中建一局集团第五建筑有限公司,0001010000430005
12976,京东方视讯S2项目,0,NULL,中建一局集团第五建筑有限公司,0001010000430005
9977,(1101050036)京东方集团运营与研发中心,0,NULL,中建一局集团第五建筑有限公司,0001010000430005
1978,（21050100077）清华大学李兆基科技大楼换热站,0,NULL,中建一局集团第五建筑有限公司,0001010000430005
815509,年产1800台高端医疗影像设备及农产品智能分选设备生产基地项目-劳务,0,NULL,中建一局集团第五建筑有限公司,0001010000430005
18456,(21050300841)中新天津生态城远雄项目经理部,0,NULL,中建一局集团第五建筑有限公司,0001010000430005
822440,武汉金辰盈创置业有限公司P(2018)164号地块项目,0,NULL,中建一局集团第五建筑有限公司,0001010000430005
998744,总部部门-总经理办公室,0,4,中建一局集团第五建筑有限公司,0001010000430005
28266,重庆市城口县“名豪百年文化广场文旅城一体化项目”A组团工程,0,NULL,中建一局集团第五建筑有限公司,0001010000430005
824095,解放军新闻传播中心新闻采编用房翻建工程,0,NULL,中建一局集团第五建筑有限公司,0001010000430005
10980,(1101050033)杭政储出（2004）69号地块,0,NULL,中建一局集团第五建筑有限公司,0001010000430005
821376,燕都紫金台工程项目-劳务,0,NULL,中建一局集团第五建筑有限公司,0001010000430005
820822,昌平区兴寿镇半壁店住宅小区工程-劳务,0,NULL,中建一局集团第五建筑有限公司,0001010000430005
9979,(2105030064)光华路soho2工程项目经理部,0,NULL,中建一局集团第五建筑有限公司,0001010000430005
1017757,清华大学19号楼综合维修改造工程,0,NULL,中建一局集团第五建筑有限公司,0001010000430005
94387,王府·中环广场-创客空间B期地下室；创客空间6栋；7栋；8栋,0,4,中建一局集团第五建筑有限公司,0001010000430005
81623,上海松江经济技术开发区茸康路109弄31号2幢一楼,0,1,中建一局集团第五建筑有限公司,0001010000430005
11982,（2105010092）乐成国际学校幼儿园工程,0,NULL,中建一局集团第五建筑有限公司,0001010000430005
11619,（21050500911）基础设施事业部-华硕电脑（上海）有限公司生产及辅助用房新建工程,0,NULL,中建一局集团第五建筑有限公司,0001010000430005
8981,中外运天津王稳庄物流中心项目,0,NULL,中建一局集团第五建筑有限公司,0001010000430005
1024450,龙岗区南湾人民医院改扩建工程施工总承包（2标）项目,0,NULL,中建一局集团第五建筑有限公司,0001010000430005
1022259,科学城天府科创园及配套项目8号地块工程,0,NULL,中建一局集团第五建筑有限公司,0001010000430005
1018657,蜀菱智港地块一 1#标段房建工程项目,0,NULL,中建一局集团第五建筑有限公司,0001010000430005
15314,京棉危改二期A1区商品房项目I期IV标段（4#楼）施工总承包工程,0,NULL,中建一局集团第五建筑有限公司,0001010000430005
820016,科大讯飞股份有限公司产成品库及宿舍楼项目-劳务,0,NULL,中建一局集团第五建筑有限公司,0001010000430005
826311,昌平区兴寿镇半壁店住宅小区项目（44#商品住宅等109项））—105#商品住宅等53项,0,4,中建一局集团第五建筑有限公司,0001010000430005
825437,邢台悦荣府,0,NULL,中建一局集团第五建筑有限公司,0001010000430005
10979,(2105030055)天津生态城远雄项目经理部,0,NULL,中建一局集团第五建筑有限公司,0001010000430005
8983,（21050100079）清华大学艺术博物馆,0,NULL,中建一局集团第五建筑有限公司,0001010000430005
6978,（1101050070）和荣大厦工程,0,NULL,中建一局集团第五建筑有限公司,0001010000430005
7981,（21050100644)办公商业楼（民源大厦）,0,NULL,中建一局集团第五建筑有限公司,0001010000430005
1022922,观澜文化小镇公共服务平台设计施工总承包(EPC)项目,0,NULL,中建一局集团第五建筑有限公司,0001010000430005
998575,昭通市昭阳区城北片区迁建项目,0,2,中建一局集团第五建筑有限公司,0001010000430005
16265,（1101050046）滕投·龙泉首府工程,0,NULL,中建一局集团第五建筑有限公司,0001010000430005
10983,(2105030085)碧桂园天津滨海旅游区工程项目部,0,NULL,中建一局集团第五建筑有限公司,0001010000430005
11983,(1101050018)中国移动南方基地项目经理部,0,NULL,中建一局集团第五建筑有限公司,0001010000430005
10982,(1101050041)大众汽车天津新建项目,0,NULL,中建一局集团第五建筑有限公司,0001010000430005
11980,（基础设施事业部）万福家和园回迁安置房项目,0,NULL,中建一局集团第五建筑有限公司,0001010000430005
84173,王府·中环广场项目,0,4,中建一局集团第五建筑有限公司,0001010000430005
44660,京哈铁路沿线（通州段）第一阶段环境整治工程,0,4,中建一局集团第五建筑有限公司,0001010000430005
825810,南平市闽江大桥北桥头至316国道连接线及杨真隧道工程,0,NULL,中建一局集团第五建筑有限公司,0001010000430005
825058,中辰 翰林苑项目,0,NULL,中建一局集团第五建筑有限公司,0001010000430005
824997,大东海瑞景园CDEF地块建筑安装工程-劳务,0,NULL,中建一局集团第五建筑有限公司,0001010000430005
822401,蒙城县2018-66地块建设项目-劳务,0,NULL,中建一局集团第五建筑有限公司,0001010000430005
822257,宿州富力城总承包工程-劳务,0,NULL,中建一局集团第五建筑有限公司,0001010000430005
816766,通用•未来城5#、6#商住楼，7#、8#、18#、19#住宅楼及地下车库-劳务,0,NULL,中建一局集团第五建筑有限公司,0001010000430005
30765,中洲嘉兴2016南-023号地块施工总承包,0,NULL,中建一局集团第五建筑有限公司,0001010000430005
1015415,军队安置住房统建项目北京西北旺二期、香山配套公建施工总承包,0,NULL,中建一局集团第五建筑有限公司,0001010000430005
93123,滨江商务区桃花岛片区T02、T03地块暨体育休闲公园——垃圾填埋场强化治理项目设计采购施工（EPC）总承包,1,5,中建一局集团第五建筑有限公司,0001010000430005
10985,(21050100072)清华大学出版社大楼工程,0,NULL,中建一局集团第五建筑有限公司,0001010000430005
822194,明昇壹城二期15#、18#-22#栋地上部分及B2#建安工程,0,NULL,中建一局集团第五建筑有限公司,0001010000430005
5855,（2105080086）江苏省盐城市城中雅苑二期工程,0,NULL,中建一局集团第五建筑有限公司,0001010000430005
823993,房山区长阳镇06、07街区棚户区改造土地开发六片区项目FS10-0107-0032地块-劳务,0,NULL,中建一局集团第五建筑有限公司,0001010000430005
15320,（21050100941）基础设施事业部-北京市通州区残疾人职业康复中心,0,NULL,中建一局集团第五建筑有限公司,0001010000430005
822150,平潭海峡如意城G007地块一期土建总包工程-劳务,NULL,NULL,中建一局集团第五建筑有限公司,0001010000430005
821818,威海国际经贸交流中心配套市政工程PPP项目一标段,0,NULL,中建一局集团第五建筑有限公司,0001010000430005
815848,锦钰佳苑·太阳城B地块工程项目,0,NULL,中建一局集团第五建筑有限公司,0001010000430005
1018992,成都京东方医院（二期）-智慧慢病管理中心,0,NULL,中建一局集团第五建筑有限公司,0001010000430005
823549,高至旺龙产业园-劳务,0,NULL,中建一局集团第五建筑有限公司,0001010000430005
1025085,松山湖松月文化广场-住宅地块施工总承包项目,0,NULL,中建一局集团第五建筑有限公司,0001010000430005
28262,名豪百年文化广场文旅城一体化项目A组团工程,0,NULL,中建一局集团第五建筑有限公司,0001010000430005
826330,星耀五洲20号地鹭洲湾1-8号楼、配建1-3及地下车库一项目,0,NULL,中建一局集团第五建筑有限公司,0001010000430005
822880,万科澜悦花园三区项目-劳务,0,NULL,中建一局集团第五建筑有限公司,0001010000430005
9984,（21050800941）中洲控股（上海）新场项目,0,NULL,中建一局集团第五建筑有限公司,0001010000430005
820927,万象生活城三期-劳务,0,NULL,中建一局集团第五建筑有限公司,0001010000430005
819559,阜阳富力皖投大河城章项目-劳务,0,NULL,中建一局集团第五建筑有限公司,0001010000430005
817891,清华大学附属中学郑东学校建设项目第2标段-劳务,0,NULL,中建一局集团第五建筑有限公司,0001010000430005
1018929,昭通市第二人民医院靖安分院工程总承包项目,0,NULL,中建一局集团第五建筑有限公司,0001010000430005
97979,星耀五洲 20 号地鹭洲湾 1-8号楼、配建 1-3及地下车库一项目,0,4,中建一局集团第五建筑有限公司,0001010000430005
10981,(11010500401)长兴环球中心B幢,0,NULL,中建一局集团第五建筑有限公司,0001010000430005
820915,福州市城市轨道交通4号线一期工程第2标段土建8工区-劳务,0,NULL,中建一局集团第五建筑有限公司,0001010000430005
6526,（21050100961）北京大兴孙村,0,NULL,中建一局集团第五建筑有限公司,0001010000430005
1976,(21050100661)L2线通州定向安置房,0,NULL,中建一局集团第五建筑有限公司,0001010000430005
1025087,龙岗区龙城街道G01048-0153宗地项目基坑支护、土石方工程,0,NULL,中建一局集团第五建筑有限公司,0001010000430005
1023005,赣州经济技术开发区梨园科技园项目,0,5,中建一局集团第五建筑有限公司,0001010000430005
1019120,达州高新区新材料产业园项目,0,NULL,中建一局集团第五建筑有限公司,0001010000430005
820702,1＃研发中心（地上部分）等12项（广发金融中心（北京））项目部-劳务,0,NULL,中建一局集团第五建筑有限公司,0001010000430005
820574,明昇壹城三期07地块（一区）建筑安装工程-劳务,0,NULL,中建一局集团第五建筑有限公司,0001010000430005
1073122,公司办公区环境升级改造项目,0,5,中建一局集团第五建筑有限公司,0001010000430005
1020206,黄田学校（不含桩基）,0,NULL,中建一局集团第五建筑有限公司,0001010000430005
1018804,天府新区成都片区直管区兴隆镇（保水村三组）、安置房建设项目4#、5#、6#楼及其附属工程,0,NULL,中建一局集团第五建筑有限公司,0001010000430005
10987,(2105020064)安阳亚龙湾东湖工程项目部,0,NULL,中建一局集团第五建筑有限公司,0001010000430005
822317,昭通市昭阳区靖安易地扶贫搬迁安置建设项目-劳务,0,NULL,中建一局集团第五建筑有限公司,0001010000430005
10977,(1101050035)杭政储出（2006）46号地块商品住宅,0,NULL,中建一局集团第五建筑有限公司,0001010000430005
10986,(2105010032)太阳星城Ａ区项目经理部（09年以前）,0,NULL,中建一局集团第五建筑有限公司,0001010000430005
991548,哈尔滨新区文旅商贸园区基础设施项目,0,5,中建一局三公司华东分公司,00010100004300030011
102783,金陵天泉湖养生居住社区•翡翠园(二期南)施工总承包,0,5,中建一局三公司华东分公司,00010100004300030011
100102,北京大兴国际机场东航基地项目二阶段工程第I标段（核心工作区域F-04-02地块,0,NULL,中建一局三公司华东分公司,00010100004300030011
100272,新沂市棋盘镇双新村、杨庄、城岗村、白草村农民集中居住区,0,5,中建一局三公司华东分公司,00010100004300030011
51885,浙江工业大学德清校区建设工程一标段,0,2,中建一局三公司华东分公司,00010100004300030011
80491,来安区域五星级酒店项目,0,5,中建一局三公司华东分公司,00010100004300030011
51882,益海嘉里（德州）粮油有限公司三期,0,NULL,中建一局三公司华东分公司,00010100004300030011
1100482,蓼河二期”现状楼装修和家具家电设施配套项目,0,5,中建一局三公司华东分公司,00010100004300030011
1070460,连云港市年产9GWh钛锂高能动力电池生产项目（一期3GWh）施工总承包,0,5,中建一局三公司华东分公司,00010100004300030011
1026603,华芯半导体科技产业园项目一期总承包工程,0,NULL,中建一局三公司华东分公司,00010100004300030011
1006240,牧原项目,0,NULL,中建一局三公司华东分公司,00010100004300030011
30987,益海嘉里（德州）粮油有限公司一期项目,0,NULL,中建一局三公司华东分公司,00010100004300030011
13579,河北检验检疫局暨石家庄办事处技术业务用房项目工程,0,NULL,中建一局三公司华东分公司,00010100004300030011
819532,紫阳南星单元SC0501-06地块居住区文化设施及配套公共服务设施项目-劳务,NULL,NULL,中建一局三公司华东分公司,00010100004300030011
58460,工程名称：益海嘉里（安阳）食品工业有限公司二期1200T/D小麦制粉加工项目,0,NULL,中建一局三公司华东分公司,00010100004300030011
27877,丽水青田碧桂园总承包工程,0,4,中建一局三公司华东分公司,00010100004300030011
702,衢州城市物流综合体二期一标段工程,0,NULL,中建一局三公司华东分公司,00010100004300030011
817567,丰台区西铁营村 0501-634 等地块 F1 住宅混合公建用地、B4 综合性商业金融服 务业用地、A33 基础教育用地项目,0,NULL,中建一局三公司华东分公司,00010100004300030011
814434,碧桂园江山印项目-劳务,NULL,NULL,中建一局三公司华东分公司,00010100004300030011
1017017,中山医院苏北健康管理中心用房建设项目EPC工程总承包,0,4,中建一局三公司华东分公司,00010100004300030011
36356,来广营B1地块医院项目,0,NULL,中建一局三公司华东分公司,00010100004300030011
825059,望江单元SC0402-R21-04地块公共租赁房项目,NULL,NULL,中建一局三公司华东分公司,00010100004300030011
818340,温州市滨江商务区桃花岛片区T05-18地块房地产建设工程-劳务,NULL,NULL,中建一局三公司华东分公司,00010100004300030011
813175,常德万达广场项目-劳务,NULL,NULL,中建一局三公司华东分公司,00010100004300030011
1008940,普陀山机场二期航空口岸非现场配套设施建设项目,0,NULL,中建一局三公司华东分公司,00010100004300030011
996933,哈尔滨市双城区雨污分流及再生水利用工程施工第三标段,0,NULL,中建一局三公司华东分公司,00010100004300030011
996904,黑龙江省哈尔滨新区文旅商贸园区基础设施建设项目,0,NULL,中建一局三公司华东分公司,00010100004300030011
98899,京北金茂悦项目,0,5,中建一局三公司华东分公司,00010100004300030011
65262,汝州万达广场,0,NULL,中建一局三公司华东分公司,00010100004300030011
825108,新沂经济开发区神井花园三期工程（EPC）-劳务,NULL,NULL,中建一局三公司华东分公司,00010100004300030011
3184,北大国际医院倒班宿舍及行政办公楼工程,0,4,中建一局三公司华东分公司,00010100004300030011
81094,富力院士廷项目,0,NULL,中建一局三公司华东分公司,00010100004300030011
995360,益海嘉里（合肥）粮油工业有限公司面粉加工一期项目,0,NULL,中建一局三公司华东分公司,00010100004300030011
994894,海尚苑东区项目（二期）,0,5,中建一局三公司华东分公司,00010100004300030011
111969,汝州产业园1厂3标猪舍土建及附属工程,0,5,中建一局三公司华东分公司,00010100004300030011
91725,研祥国际金融中心项目,0,5,中建一局三公司华东分公司,00010100004300030011
44681,淮安市淮安区城区教育建设PPP项目,0,NULL,中建一局三公司华东分公司,00010100004300030011
12555,青岛东方影都游艇码头,0,5,中建一局三公司华东分公司,00010100004300030011
1003090,山海湾三期、四期总包,0,4,中建一局三公司华东分公司,00010100004300030011
89222,朝阳区孙河乡前苇沟组团棚户区改造土地开发项目二标段,0,NULL,中建一局三公司华东分公司,00010100004300030011
83235,温州市桃花岛T05-18地块建设项目建安总承包工程,0,NULL,中建一局三公司华东分公司,00010100004300030011
45962,横山项目--西山林语,0,NULL,中建一局三公司华东分公司,00010100004300030011
20489,衢州碧桂园项目,0,NULL,中建一局三公司华东分公司,00010100004300030011
823481,辽宁省铁岭市万达广场项目,NULL,NULL,中建一局三公司华东分公司,00010100004300030011
816745,益海嘉里（德州）粮油工业有限公司1500吨/天小麦加工项目-劳务,NULL,NULL,中建一局三公司华东分公司,00010100004300030011
814770,浙江工业大学德清校区建设工程一标段总承包-劳务,NULL,NULL,中建一局三公司华东分公司,00010100004300030011
1030647,济南市钢城区艾山街道城子坡片区城市更新项目艾山街道中心学校工程总承包（EPC） 工程,0,4,中建一局三公司华东分公司,00010100004300030011
26983,衢州城市物流综合体二期二标段工程1,0,NULL,中建一局三公司华东分公司,00010100004300030011
822125,北京北七家镇未来科学城C-18地块二类居住项目-劳务,0,NULL,中建一局三公司华东分公司,00010100004300030011
821452,朝阳区孙河乡前苇沟组团棚户区改造土地开发项目二标段-劳务,0,NULL,中建一局三公司华东分公司,00010100004300030011
813898,来广营B1医院-劳务,NULL,NULL,中建一局三公司华东分公司,00010100004300030011
1049124,西北地区(兰州)空中交通管制能力提升基础设施建设工程,0,4,中建一局三公司华东分公司,00010100004300030011
1020612,邢台新能源职业技术学院建设项目-一期A工程施工总承包(三、四标段),0,4,中建一局三公司华东分公司,00010100004300030011
993163,舟山万达广场施工总承包工程,0,NULL,中建一局三公司华东分公司,00010100004300030011
92676,昌平区北七家镇未来科学城南区C-18地块R2二类居住用地项目（1#商品住宅楼等26项）,0,NULL,中建一局三公司华东分公司,00010100004300030011
825242,徐州梁都置业有限公司2019-31号地块建设项目（韩山C地块项目）,NULL,NULL,中建一局三公司华东分公司,00010100004300030011
824560,徐州市2018-31号地块建设项目A1地块二标段,NULL,NULL,中建一局三公司华东分公司,00010100004300030011
13988,（2103010154）朝阳区六公主坟安置房,0,NULL,中建一局三公司华东分公司,00010100004300030011
814167,顺义美驰项目部-劳务,0,NULL,中建一局三公司华东分公司,00010100004300030011
1085259,皇朝智能家居生产基地项目一期前期工程,0,5,中建一局三公司华东分公司,00010100004300030011
1018807,漓铁集团旧矿区更新改造工程,0,4,中建一局三公司华东分公司,00010100004300030011
1003966,哈轴路四排干跨渠桥工程施工,0,NULL,中建一局三公司华东分公司,00010100004300030011
998699,哈尔滨新区利民中心医院(含妇幼保健中心)EPC项目,0,2,中建一局三公司华东分公司,00010100004300030011
993988,东方影都岛外A-6-1地块项目,0,NULL,中建一局三公司华东分公司,00010100004300030011
106594,东港（半升洞）客运站场及城市广场建设工程,0,NULL,中建一局三公司华东分公司,00010100004300030011
100593,望江单元SC0402-R21-04地块公共租赁房工程,0,5,中建一局三公司华东分公司,00010100004300030011
55618,衡水保利拉菲公馆项目一期二标段,0,4,中建一局三公司华东分公司,00010100004300030011
825880,南部新城校场一路公交综合体建设工程施工,0,NULL,中建一局三公司华东分公司,00010100004300030011
1048069,平阳县萧江镇凤头B-15、B-25地块安置房建设工程,0,5,中建一局三公司华东分公司,00010100004300030011
1042831,济南市钢城区艾山街道城子坡片区城市更新 项目市政配套工程一期总承包（EPC）,0,4,中建一局三公司华东分公司,00010100004300030011
51889,碧桂园.江山印项目（1-12#、地下室）,0,NULL,中建一局三公司华东分公司,00010100004300030011
47336,衡水保利拉菲公馆一期项目,0,NULL,中建一局三公司华东分公司,00010100004300030011
1063636,杭钢(玉环)汽摩配智能智造中心及产业链集成项目(一期)建安二标段,0,5,中建一局三公司华东分公司,00010100004300030011
1008692,灌云经济开发区实验学校改扩建项目,0,5,中建一局三公司华东分公司,00010100004300030011
103882,徐州市韩山C地块施工总承包工程,0,5,中建一局三公司华东分公司,00010100004300030011
80492,城市示范商业（来安）项目,0,5,中建一局三公司华东分公司,00010100004300030011
823084,淮南市山南新区综合医院项目（1#门急诊医技康复病房综合楼门急诊医技AB区、病房D区）,NULL,NULL,中建一局三公司华东分公司,00010100004300030011
820987,青岛金茂智慧新城A16地块项目-劳务,NULL,NULL,中建一局三公司华东分公司,00010100004300030011
819126,邯郸磁县富力院士廷-劳务,0,NULL,中建一局三公司华东分公司,00010100004300030011
818475,北京新机场东航基地项目第V标段（货运区）工程-劳务,NULL,NULL,中建一局三公司华东分公司,00010100004300030011
817860,益海嘉里（安阳）食品工业有限公司二期1200T/D小麦制粉加工项目-劳务,NULL,NULL,中建一局三公司华东分公司,00010100004300030011
817479,青岛万达东方影都A-4-3住宅新项目一期工程-劳务,0,NULL,中建一局三公司华东分公司,00010100004300030011
1010591,裕龙岛炼化一体化项目（一期）公用工程十二标段,0,NULL,中建一局三公司华东分公司,00010100004300030011
1008967,中国科学院大学附属肿瘤医院（浙江省肿瘤医院）绍兴院区 （浙江滨海医院）新建工程（二期）,0,5,中建一局三公司华东分公司,00010100004300030011
97559,新沂经济开发区神井花园三期工程（EPC）,0,2,中建一局三公司华东分公司,00010100004300030011
47337,昆山年产面粉、大米以及仓储中转项目,0,NULL,中建一局三公司华东分公司,00010100004300030011
21218,辽阳 忠旺·上上城,0,NULL,中建一局三公司华东分公司,00010100004300030011
817080,衡水保利拉菲公馆项目部-劳务,0,NULL,中建一局三公司华东分公司,00010100004300030011
816628,横山项目（西山林语南区）二期二标段-劳务,0,NULL,中建一局三公司华东分公司,00010100004300030011
1073131,石家庄国际陆港中欧班列进境粮食高效集疏运设施建设项目（西地块一期）施工总承包,0,5,中建一局三公司华东分公司,00010100004300030011
1070903,北湖科技园产业三期,0,5,中建一局三公司华东分公司,00010100004300030011
1006332,南沙横沥2×60MW级天然气分布式能源站项目,0,5,中建一局三公司华东分公司,00010100004300030011
993511,益海嘉里(合肥)粮油工业有限公司面粉加工一期项目,0,5,中建一局三公司华东分公司,00010100004300030011
98504,新沂市棋盘镇筛子材农民集中居中区工程（EPC）,0,5,中建一局三公司华东分公司,00010100004300030011
77775,舒城酒店项目,0,5,中建一局三公司华东分公司,00010100004300030011
80979,北京新机场东航基地项目第V标段（货运区）,0,NULL,中建一局三公司华东分公司,00010100004300030011
26140,海宁中梁香缇锦园项目,0,4,中建一局三公司华东分公司,00010100004300030011
24616,东郡项目一标段工程,0,NULL,中建一局三公司华东分公司,00010100004300030011
15530,（1101030074）衢州城市物流综合体一期工程项目,0,NULL,中建一局三公司华东分公司,00010100004300030011
17320,关东店项目,0,NULL,中建一局三公司华东分公司,00010100004300030011
25685,衢州城市物流综合体二期二标段工程,0,4,中建一局三公司华东分公司,00010100004300030011
822534,济北生命科技产业园生物医药基地B区及D区生命科技园综合服务中心建设项目-劳务,0,NULL,中建一局三公司华东分公司,00010100004300030011
814008,青岛金茂智慧新城A11地块项目-劳务,NULL,NULL,中建一局三公司华东分公司,00010100004300030011
1064206,灯塔忠旺土建项目,0,5,中建一局三公司华东分公司,00010100004300030011
1002557,钱门江南府工程,0,5,中建一局三公司华东分公司,00010100004300030011
97392,安徽省淮南市山南新区综合医院PPP项目（一期）,0,5,中建一局三公司华东分公司,00010100004300030011
90572,紫阳南星单元SC0501-06地块居住区文化设施及配套公共服务设施项目,0,4,中建一局三公司华东分公司,00010100004300030011
1603,莱西市姜山新城基础设施配套建设工程-,0,NULL,中建一局三公司华东分公司,00010100004300030011
1072661,浙江外国高端人才创新集聚科创高地项目,0,5,中建一局三公司华东分公司,00010100004300030011
110554,舟山万达广场项目,0,5,中建一局三公司华东分公司,00010100004300030011
92639,徐州市2018-31地块建设项目A1地块二标段总承包工程,0,NULL,中建一局三公司华东分公司,00010100004300030011
80486,衢州江山碧桂园二期总承包工程,0,NULL,中建一局三公司华东分公司,00010100004300030011
827505,洛阳路34号项目,0,NULL,中建一局三公司华东分公司,00010100004300030011
7697,（2106010160）朝阳区六公主坟安置房三期,0,NULL,中建一局三公司华东分公司,00010100004300030011
819652,青岛金茂智慧新城A3地块项目（一期）-劳务,NULL,NULL,中建一局三公司华东分公司,00010100004300030011
817275,汝州万达广场项目-劳务,NULL,NULL,中建一局三公司华东分公司,00010100004300030011
817054,北京金茂659项目-劳务,NULL,NULL,中建一局三公司华东分公司,00010100004300030011
816882,年产面粉、大米24.42万吨以及仓储中转项目（面粉车间、筒仓、消防泵房）-劳务,NULL,NULL,中建一局三公司华东分公司,00010100004300030011
94545,乌梁素海流域治理（东区）机电项目,0,5,中建一局集团第三建筑有限公司乌梁素海流域指挥部,00010100004300030023
94415,乌梁素海山水林田湖草生态修复试点工程西区项目,0,NULL,中建一局集团第三建筑有限公司乌梁素海流域指挥部,00010100004300030023
1051923,七里镇三期A地块项目EPC工程,0,2,中建一局集团总承包建设有限公司华北分公司,000101000043003999c7
1020085,智慧经济产业园（云上经济示范园）项目EPC工程总承包III标段,0,5,中建一局集团总承包建设有限公司华北分公司,000101000043003999c7
1012304,甘家口阜北1号楼抗震节能综合改造工程,0,5,中建一局集团总承包建设有限公司华北分公司,000101000043003999c7
100747,圆明园西路公寓区综合整治工程,0,5,中建一局集团总承包建设有限公司华北分公司,000101000043003999c7
91658,2018年度高新区重点市政配套设施建设项目（二标段）I路段（天谷一路、天谷五路、天谷六路、天谷八路、天谷九路、绕城辅道、规划路）,0,5,中建一局集团总承包建设有限公司华北分公司,000101000043003999c7
12641,潮白河孔雀城雅琴园、雅辰园普通商品住宅小区工程,0,5,中建一局集团总承包建设有限公司华北分公司,000101000043003999c7
9690,清华大学新建继续教育综合楼及学生宿舍、迁建附属小学工程,0,5,中建一局集团总承包建设有限公司华北分公司,000101000043003999c7
1085837,人民出版社新办公楼维修改造项目,0,5,中建一局集团总承包建设有限公司华北分公司,000101000043003999c7
1070451,阎吕路（良三路-南水北调巡线路）道路工程及（雨水、污水、给,0,5,中建一局集团总承包建设有限公司华北分公司,000101000043003999c7
1066925,太原长风中心3.3期总承包工程,0,5,中建一局集团总承包建设有限公司华北分公司,000101000043003999c7
1062879,北京高端制造业基地彩色光伏高端装备研发及产业化项目厂房改造,0,5,中建一局集团总承包建设有限公司华北分公司,000101000043003999c7
1026948,大同市云冈区雨污水分流建设项目施工第五标段,0,5,中建一局集团总承包建设有限公司华北分公司,000101000043003999c7
992584,1603工程军民融合业务楼EPC工程总承包,0,5,中建一局集团总承包建设有限公司华北分公司,000101000043003999c7
94522,平谷区妇幼保健院迁建工程,0,4,中建一局集团总承包建设有限公司华北分公司,000101000043003999c7
22241,潮白河孔雀城襄颖园项目,0,5,中建一局集团总承包建设有限公司华北分公司,000101000043003999c7
9703,核与辐射安全监管技术研发基地建设项目,0,4,中建一局集团总承包建设有限公司华北分公司,000101000043003999c7
9687,“3938工程”Ⅱ标段,0,5,中建一局集团总承包建设有限公司华北分公司,000101000043003999c7
4382,大卫城二期,0,5,中建一局集团总承包建设有限公司华北分公司,000101000043003999c7
1025439,12110072工程,0,5,中建一局集团总承包建设有限公司华北分公司,000101000043003999c7
1000599,北京清华长庚医院二期建设工程项目,0,5,中建一局集团总承包建设有限公司华北分公司,000101000043003999c7
107224,电科嘉园一期建设项目一标段工程,0,5,中建一局集团总承包建设有限公司华北分公司,000101000043003999c7
47382,学府壹号院项目二标段总承包工程,0,5,中建一局集团总承包建设有限公司华北分公司,000101000043003999c7
34167,丰台区康庄北路（郭公庄路-张新路）道路工程,0,5,中建一局集团总承包建设有限公司华北分公司,000101000043003999c7
44365,融创外滩壹号1.1期工程,0,1,中建一局集团总承包建设有限公司华北分公司,000101000043003999c7
10468,2013年朝阳区老旧小区综合改造第二标段(第四包)项目,0,5,中建一局集团总承包建设有限公司华北分公司,000101000043003999c7
9470,石化工程科研成果中试及转化中心等6项,0,5,中建一局集团总承包建设有限公司华北分公司,000101000043003999c7
9463,（2101780036）海淀区老旧小区综合治理工程,0,5,中建一局集团总承包建设有限公司华北分公司,000101000043003999c7
2696,国家旅游局静安东里小区综合整治项目,0,5,中建一局集团总承包建设有限公司华北分公司,000101000043003999c7
1048814,七里镇三期C地块项目EPC工程,0,2,中建一局集团总承包建设有限公司华北分公司,000101000043003999c7
100032,太原市城区棚户区改造新建北路自来水宿舍地块项目 1号住宅楼、2号住宅楼、3号住宅楼、小区卫生站、小区换热站、小区大门门房、地下车库施工,0,5,中建一局集团总承包建设有限公司华北分公司,000101000043003999c7
81437,青少年校外活动基地和教育研修中心等2项（平谷区青少年校外活动基地和教育研修中心建设工程）,0,5,中建一局集团总承包建设有限公司华北分公司,000101000043003999c7
22242,潮白河孔雀城雅宸园及雅琴园项目,0,5,中建一局集团总承包建设有限公司华北分公司,000101000043003999c7
14437,动力站房及辅助用房等2项工程-1,0,5,中建一局集团总承包建设有限公司华北分公司,000101000043003999c7
9462,新材料研发及产业化项目,0,5,中建一局集团总承包建设有限公司华北分公司,000101000043003999c7
7467,科研实验楼主楼等3项工程,0,5,中建一局集团总承包建设有限公司华北分公司,000101000043003999c7
1074555,"2024年第二批老旧小区综合整治项目-永定门外街道-李村东里(李村东里3-8、10、12、30 号楼,李村南里2、3号楼)项自",0,5,中建一局集团总承包建设有限公司华北分公司,000101000043003999c7
1024635,房山区长阳镇中心城人口疏解配套教育学校—西城区黄城根小学房山分校项目,0,5,中建一局集团总承包建设有限公司华北分公司,000101000043003999c7
994234,太原市水峪村项目二期建筑安装总承包工程,0,5,中建一局集团总承包建设有限公司华北分公司,000101000043003999c7
990954,丝绸之路风情城二期恒河象谷、沙海秘境街区 主体及北区室外管网、道路基层工程施工,0,5,中建一局集团总承包建设有限公司华北分公司,000101000043003999c7
96378,中国乐谷音乐休闲公园项目（景观及配套）工程,0,NULL,中建一局集团总承包建设有限公司华北分公司,000101000043003999c7
48541,榆林万达广场项目,0,5,中建一局集团总承包建设有限公司华北分公司,000101000043003999c7
66595,月坛北街1号楼、地藏庵5号楼抗震节能综合改造工程,0,4,中建一局集团总承包建设有限公司华北分公司,000101000043003999c7
28038,丝绸之路风情城一期·陕西慈善医院工程,0,5,中建一局集团总承包建设有限公司华北分公司,000101000043003999c7
22226,1#住宅楼等4项（海淀区学院路31号院职工住宅工程）,0,5,中建一局集团总承包建设有限公司华北分公司,000101000043003999c7
22243,潮白河雅清园项目,0,5,中建一局集团总承包建设有限公司华北分公司,000101000043003999c7
16209,（2101780005）华雁湖畔B组团,0,5,中建一局集团总承包建设有限公司华北分公司,000101000043003999c7
10631,2015年朝阳区直管公房老旧小区综合治理(节能改造),0,5,中建一局集团总承包建设有限公司华北分公司,000101000043003999c7
11284,昆明池项目,0,1,中建一局集团总承包建设有限公司华北分公司,000101000043003999c7
15194,（2101090028）青海省委海湖住宅小区I标,0,5,中建一局集团总承包建设有限公司华北分公司,000101000043003999c7
8907,晋中万达广场项目,0,5,中建一局集团总承包建设有限公司华北分公司,000101000043003999c7
3584,潮白河孔雀城5.2期牡丹园普通商品住宅工程,0,5,中建一局集团总承包建设有限公司华北分公司,000101000043003999c7
4377,渭河家苑住宅小区,0,5,中建一局集团总承包建设有限公司华北分公司,000101000043003999c7
1030048,车道沟十号院兵器综合服务保障楼项目,0,5,中建一局集团总承包建设有限公司华北分公司,000101000043003999c7
1014797,良乡镇集中医学观察点室内A区202户、B区185户改造工程,0,5,中建一局集团总承包建设有限公司华北分公司,000101000043003999c7
995025,滦州荣望府项目,0,5,中建一局集团总承包建设有限公司华北分公司,000101000043003999c7
90666,96611部队三标段工程,0,5,中建一局集团总承包建设有限公司华北分公司,000101000043003999c7
96971,房山区长阳镇06、07街区棚户区改造土地开发五片区项目FS10-0107-0046地块,0,5,中建一局集团总承包建设有限公司华北分公司,000101000043003999c7
91482,中国乐谷音乐休闲公园项目（市政）工程,0,4,中建一局集团总承包建设有限公司华北分公司,000101000043003999c7
25839,青年湖北里10号楼综合整治项目,0,5,中建一局集团总承包建设有限公司华北分公司,000101000043003999c7
19921,（2101780044）朝阳管庄北二里住宅及公建项目,0,5,中建一局集团总承包建设有限公司华北分公司,000101000043003999c7
18352,（2101780071）潮白河孔雀城五期香醍园、清泉园普通商品住宅二标段工程,0,5,中建一局集团总承包建设有限公司华北分公司,000101000043003999c7
19397,（2101780020）太原万国城MOMA二期,0,5,中建一局集团总承包建设有限公司华北分公司,000101000043003999c7
22237,山西晋善晋美农产品批发市场（一期）工程,0,4,中建一局集团总承包建设有限公司华北分公司,000101000043003999c7
14574,实验与检测中心二期工程(103号科研综合楼) (实验及检测中心二期工程),0,5,中建一局集团总承包建设有限公司华北分公司,000101000043003999c7
14189,中央社会主义学院教学区建筑群安全加固及修缮工程（三期）,0,5,中建一局集团总承包建设有限公司华北分公司,000101000043003999c7
10467,２０１３年海淀区老旧小区综合治理项目（三标段）工程,0,5,中建一局集团总承包建设有限公司华北分公司,000101000043003999c7
4376,科研实验楼等3项工程,0,5,中建一局集团总承包建设有限公司华北分公司,000101000043003999c7
1092057,西北旺镇HD00-0201-6010地块集体产业用地项目,0,5,中建一局集团总承包建设有限公司华北分公司,000101000043003999c7
103489,西黄城根北街23号院、大拐棒胡同6号、警尔,0,5,中建一局集团总承包建设有限公司华北分公司,000101000043003999c7
99434,太原市水峪村项目一期一标段建筑安装总承包工程,0,5,中建一局集团总承包建设有限公司华北分公司,000101000043003999c7
81346,苏州鲁能泰山9号会所及样板间装修工程,0,5,中建一局集团总承包建设有限公司华北分公司,000101000043003999c7
44366,太原保利海德公园项目9#地土建及水电安装总承包工程,0,4,中建一局集团总承包建设有限公司华北分公司,000101000043003999c7
48465,潮白河田各庄97亩总包工程,0,5,中建一局集团总承包建设有限公司华北分公司,000101000043003999c7
45898,阳曲县2017年易地扶贫搬迁集中安置项目施工工程,0,5,中建一局集团总承包建设有限公司华北分公司,000101000043003999c7
17913,意田苑1-10#楼、配建1及地下车库,0,4,中建一局集团总承包建设有限公司华北分公司,000101000043003999c7
6436,华雁湖畔A组团,0,5,中建一局集团总承包建设有限公司华北分公司,000101000043003999c7
8622,2014年朝阳区老旧小区综合改造（节能）工程第11标段项目,0,5,中建一局集团总承包建设有限公司华北分公司,000101000043003999c7
1025268,太原保利珑樾项目东侧市政道路工程,0,5,中建一局集团总承包建设有限公司华北分公司,000101000043003999c7
1022428,国家电投北京氢能中试与生产基地建设项目,0,5,中建一局集团总承包建设有限公司华北分公司,000101000043003999c7
1005186,神木市能矿产业服务综合体项目施工,0,4,中建一局集团总承包建设有限公司华北分公司,000101000043003999c7
100869,丝绸之路风情城二期瑰丽波斯、众神之战、荣耀罗马、雪国极光项目,0,5,中建一局集团总承包建设有限公司华北分公司,000101000043003999c7
104375,大兴区庞各庄镇PGZ01-05地块商业办公项目临时办公用房（1#办公用房）,0,2,中建一局集团总承包建设有限公司华北分公司,000101000043003999c7
99435,山西大同大学北校区建设项目-化学与环境工程学院和生命科学学院教学实验楼项目施工1,0,5,中建一局集团总承包建设有限公司华北分公司,000101000043003999c7
18380,首都医科大学附属北京天坛医院迁建工程一标段,0,4,中建一局集团总承包建设有限公司华北分公司,000101000043003999c7
17354,北京昌平大型旅游商业文化综合体项目施工总承包2#标段,0,5,中建一局集团总承包建设有限公司华北分公司,000101000043003999c7
6437,（2101780055）中央社会主义学院学院宿舍及文体中心,0,5,中建一局集团总承包建设有限公司华北分公司,000101000043003999c7
5360,青海新力项目,0,5,中建一局集团总承包建设有限公司华北分公司,000101000043003999c7
1610,山西国信城郊森林公园一期项目,0,5,中建一局集团总承包建设有限公司华北分公司,000101000043003999c7
1082655,阳高县2025年高标准农田建设项目施工,0,5,中建一局集团总承包建设有限公司华北分公司,000101000043003999c7
1043814,西山生态文化旅游示范区乡村振兴示范项目（一期）EPC总承包,0,2,中建一局集团总承包建设有限公司华北分公司,000101000043003999c7
1014389,杏花岭区老旧小区改造项目（三桥片区三桥街小区等15个小区）设计施工总承包（EPC）001标段,0,2,中建一局集团总承包建设有限公司华北分公司,000101000043003999c7
1004611,丝绸之路风情城二期项目北区游乐设备基础、土石方及配套工程,0,5,中建一局集团总承包建设有限公司华北分公司,000101000043003999c7
105031,朔黄铁路黄骅港港前新建综合楼等工程施工公开招标第001标段朔黄铁路黄骅港港前新建综合楼等工程,0,5,中建一局集团总承包建设有限公司华北分公司,000101000043003999c7
81789,西城区新街口外大街甲4号院综合整治项目,0,5,中建一局集团总承包建设有限公司华北分公司,000101000043003999c7
29228,知春路2号院综合整治项目,0,5,中建一局集团总承包建设有限公司华北分公司,000101000043003999c7
22247,中国服务大厦B区改造,0,5,中建一局集团总承包建设有限公司华北分公司,000101000043003999c7
22240,潮白河孔雀城牡丹园项目,0,5,中建一局集团总承包建设有限公司华北分公司,000101000043003999c7
18390,2418工程涿州营区建设项目,0,5,中建一局集团总承包建设有限公司华北分公司,000101000043003999c7
17336,大地科技大厦装修改造工程,0,5,中建一局集团总承包建设有限公司华北分公司,000101000043003999c7
11108,青海永录藏文化艺术博物馆改扩建项目,0,5,中建一局集团总承包建设有限公司华北分公司,000101000043003999c7
3627,大同富力城S3-S6地块小学、公交站、会所施工总承包工程,0,5,中建一局集团总承包建设有限公司华北分公司,000101000043003999c7
715,安全部万寿寺甲2号院综合整治项目一标段,0,5,中建一局集团总承包建设有限公司华北分公司,000101000043003999c7
1094743,第一、二、三批央企在京老旧小区综合整治项目（标包二百九十七）（朝阳区和平街街道）,0,5,中建一局集团总承包建设有限公司华北分公司,000101000043003999c7
1051634,庞各庄镇隆顺西街道路建设工程、给水工程、排水工程、再生水工程,0,5,中建一局集团总承包建设有限公司华北分公司,000101000043003999c7
1047096,东里三期B地块项目 EPC 总承包工程,0,2,中建一局集团总承包建设有限公司华北分公司,000101000043003999c7
1025788,顺义区杨镇棚户区改造土地开发A片区项目SY01-0101-6012地块安置房工程,0,5,中建一局集团总承包建设有限公司华北分公司,000101000043003999c7
109844,太原邮件处理中心一期工程,0,5,中建一局集团总承包建设有限公司华北分公司,000101000043003999c7
1030286,中央商务区3-26文化地块方案设计项目,0,11,北京中建建筑设计院有限公司,0001010000430013
1103237,中国人民大学通州校区苏式古建项目 （配套用房1等13项）,0,4,中建一局集团第三建筑有限公司华北分公司,000101000043000399at
1103224,浑善达克-科尔沁沙地南缘治理一期 2025-2026年度施工总承包采购项目二标段,0,4,中建一局集团第三建筑有限公司生态环保分公司,000101000043000399b3
108181,7883 工程设计施工总承包,0,5,中建一局集团总承包建设有限公司华北分公司,000101000043003999c7
91020,中国电信博物馆室内外装修工程,0,4,中建一局集团总承包建设有限公司华北分公司,000101000043003999c7
80508,太化紫景天城B5#楼/B6#楼/C1#楼/S1商业/二期地下车库工程,0,5,中建一局集团总承包建设有限公司华北分公司,000101000043003999c7
20337,1#住宅楼等4项 （海淀区学院路31号院职工住宅工程）,0,5,中建一局集团总承包建设有限公司华北分公司,000101000043003999c7
7706,双河农场音河、阿伦河防洪堤建设工程,0,5,中建一局集团总承包建设有限公司华北分公司,000101000043003999c7
4566,潮白河孔雀城雅清园住宅小区项目,0,3,中建一局集团总承包建设有限公司华北分公司,000101000043003999c7
84,2015年北京市朝阳区老旧小区综合治理（节能改造）工程1标段-6标,0,5,中建一局集团总承包建设有限公司华北分公司,000101000043003999c7
1081,延安圣地河谷一期钟鼓楼、西街项目,0,5,中建一局集团总承包建设有限公司华北分公司,000101000043003999c7
1045058,庞各庄镇中心卫生院新建工程,0,5,中建一局集团总承包建设有限公司华北分公司,000101000043003999c7
1014529,太原市小店区老旧小区改造项目(四期工程)施工-坞城街办许坦西街片区改造项目（二）,0,5,中建一局集团总承包建设有限公司华北分公司,000101000043003999c7
91024,2号航站楼要客休息室配套改造项目,0,1,中建一局集团总承包建设有限公司华北分公司,000101000043003999c7
66596,洋桥西里2#楼节能综合改造工程,0,5,中建一局集团总承包建设有限公司华北分公司,000101000043003999c7
44605,延安圣地河谷一期北街工程,0,5,中建一局集团总承包建设有限公司华北分公司,000101000043003999c7
30374,开阳里六区11号楼综合整治工程,0,5,中建一局集团总承包建设有限公司华北分公司,000101000043003999c7
22239,“2418”工程涿州营区建设项目,0,5,中建一局集团总承包建设有限公司华北分公司,000101000043003999c7
17406,太原万科金域华府项目,0,5,中建一局集团总承包建设有限公司华北分公司,000101000043003999c7
12643,清徐县徐沟镇集中供热项目,0,5,中建一局集团总承包建设有限公司华北分公司,000101000043003999c7
12462,（2101780046）朝阳老旧小区综合治理项目,0,5,中建一局集团总承包建设有限公司华北分公司,000101000043003999c7
14438,中外运长春物流中心一期项目,0,5,中建一局集团总承包建设有限公司华北分公司,000101000043003999c7
7469,动力站房及辅助用房等2项工程-2,0,5,中建一局集团总承包建设有限公司华北分公司,000101000043003999c7
4681,秦汉佳苑住宅小区项目一期,0,5,中建一局集团总承包建设有限公司华北分公司,000101000043003999c7
659,道安寺配套商业工程,0,5,中建一局集团总承包建设有限公司华北分公司,000101000043003999c7
1085763,中汽中心主院区研发中心及附属设施建设项目EPC工程总承包,0,2,中建一局集团总承包建设有限公司华北分公司,000101000043003999c7
1023568,先正达北京生物科技研究实验室项目,0,5,中建一局集团总承包建设有限公司华北分公司,000101000043003999c7
1022682,良乡镇集中医学观察点室内A区240户、B区249户修复改造工程,0,5,中建一局集团总承包建设有限公司华北分公司,000101000043003999c7
994615,太原邮件处理中心工艺改造四期室外硬化工程施工,0,5,中建一局集团总承包建设有限公司华北分公司,000101000043003999c7
97085,6537公寓楼工程,0,5,中建一局集团总承包建设有限公司华北分公司,000101000043003999c7
66681,增光路甲51号院综合整治项目,0,5,中建一局集团总承包建设有限公司华北分公司,000101000043003999c7
81968,奥运会安保情报中心（代号“179工程”）,0,5,中建一局集团总承包建设有限公司华北分公司,000101000043003999c7
61519,信易佳合商务楼,0,4,中建一局集团总承包建设有限公司华北分公司,000101000043003999c7
48536,太原保利海德公园项目10号地土建及水电安装总承包工程,0,5,中建一局集团总承包建设有限公司华北分公司,000101000043003999c7
22234,昌平酒店项目,0,5,中建一局集团总承包建设有限公司华北分公司,000101000043003999c7
1101569,阳高县人民医院服务能力提升项目工程施工采购,0,5,中建一局集团总承包建设有限公司华北分公司,000101000043003999c7
999893,新材料数字化创新研发中心,0,5,中建一局集团总承包建设有限公司华北分公司,000101000043003999c7
991718,长安区第八小学建设项目,0,2,中建一局集团总承包建设有限公司华北分公司,000101000043003999c7
111636,良乡基地综合楼装修改造项目,0,5,中建一局集团总承包建设有限公司华北分公司,000101000043003999c7
103180,太原保利海德公园项目8号地二标段（主体结构以外）土建及水电安装专业工程,0,5,中建一局集团总承包建设有限公司华北分公司,000101000043003999c7
80733,潇河产业园区太原起步区辛村街（人民路—大运东路）建设项目施工,0,4,中建一局集团总承包建设有限公司华北分公司,000101000043003999c7
84409,北京首都国际机场股份有限公司T3-C航站楼主流程旅客卫生间改造项目（隔离区外）,0,5,中建一局集团总承包建设有限公司华北分公司,000101000043003999c7
79177,北营社区回迁安置小区二期土建施工总承包工程,0,5,中建一局集团总承包建设有限公司华北分公司,000101000043003999c7
29089,丰台区芦井路A段(大灰厂东路-长辛店北十五路)道路工程,0,5,中建一局集团总承包建设有限公司华北分公司,000101000043003999c7
26712,马坊镇中心区南区定向安置房（一期）项目B3#住宅楼、B4#住宅楼、B5#住宅楼、B8#住宅楼、B9#住宅楼及配套、B区地下汽车库,0,5,中建一局集团总承包建设有限公司华北分公司,000101000043003999c7
16416,山西晋善晋美农产品批发市场项目,0,5,中建一局集团总承包建设有限公司华北分公司,000101000043003999c7
1017031,中国康复研究中心I段装修改造、I段结构加固和连廊建设、发热门诊翻扩建工程采购项目,0,5,中建一局集团总承包建设有限公司华北分公司,000101000043003999c7
107028,韩城市韩明里、富兴里、韩棉老旧小区改造及小区内配套基础设施改造项目施工,0,5,中建一局集团总承包建设有限公司华北分公司,000101000043003999c7
45912,八达岭英国宫玫瑰园项目,0,1,中建一局集团总承包建设有限公司华北分公司,000101000043003999c7
44571,北京丽泽金融商务区（北区）地下交通环廊工程三标段,0,5,中建一局集团总承包建设有限公司华北分公司,000101000043003999c7
26313,西咸新区沣东新城西柏梁村安置项目（启航馨苑）,0,3,中建一局集团总承包建设有限公司华北分公司,000101000043003999c7
20823,青海新力商住、办公楼工程,0,5,中建一局集团总承包建设有限公司华北分公司,000101000043003999c7
16358,朝阳区2015年老旧小区节能改造第三批工程第11标段,0,5,中建一局集团总承包建设有限公司华北分公司,000101000043003999c7
10672,格盟金融城一期工程,0,5,中建一局集团总承包建设有限公司华北分公司,000101000043003999c7
10093,中外运长春物流中心二期项目,0,5,中建一局集团总承包建设有限公司华北分公司,000101000043003999c7
4063,外运发展长春保税物流中心项目,0,5,中建一局集团总承包建设有限公司华北分公司,000101000043003999c7
4381,（2101150009）山西太原铜厂（御龙城）,0,5,中建一局集团总承包建设有限公司华北分公司,000101000043003999c7
1040516,庞各庄镇赵村、韩家铺村等紧邻永定河周边村落开展统规自建房项目,0,5,中建一局集团总承包建设有限公司华北分公司,000101000043003999c7
999851,柳莺路S2地块、S3地块房地产项目（一期）,0,5,中建一局集团总承包建设有限公司华北分公司,000101000043003999c7
96358,丝绸之路风情城二期1#~6#楼工程施工,0,5,中建一局集团总承包建设有限公司华北分公司,000101000043003999c7
92153,快速通道改造和文化长廊工程,0,5,中建一局集团总承包建设有限公司华北分公司,000101000043003999c7
26711,马坊镇中心区南区定向安置房（一期）项目A2#住宅楼、A3#住宅楼及配套、A4#住宅楼及配套、A5#住宅楼及配套、A区地下汽车库,0,5,中建一局集团总承包建设有限公司华北分公司,000101000043003999c7
16360,2015年朝阳区老旧小区综合改造第一批抗震工程第2标段,0,5,中建一局集团总承包建设有限公司华北分公司,000101000043003999c7
18203,宁夏邮悦小区住宅项目3#、4#、5#楼和地下车库工程施工,0,5,中建一局集团总承包建设有限公司华北分公司,000101000043003999c7
16726,（2101780068）延安圣地河谷文化旅游产业园区项目市政工程,0,5,中建一局集团总承包建设有限公司华北分公司,000101000043003999c7
11494,（2101780066）北京市101中学温泉校区,0,5,中建一局集团总承包建设有限公司华北分公司,000101000043003999c7
4375,（2101780057）中西医结合医院改扩建项目,0,5,中建一局集团总承包建设有限公司华北分公司,000101000043003999c7
2089,海淀区北部文化中心,0,5,中建一局集团总承包建设有限公司华北分公司,000101000043003999c7
1609,2014年朝阳区老旧小区综合改造（节能）工程第12标段项目,0,5,中建一局集团总承包建设有限公司华北分公司,000101000043003999c7
465,新疆新天西台子生态旅游区户外俱乐部项目,0,5,中建一局集团总承包建设有限公司华北分公司,000101000043003999c7
1025433,新安县龙泉新城第九小学建设项目,0,4,中建一局集团总承包建设有限公司华北分公司,000101000043003999c7
1020958,大港三中室外运动场地改造工程,0,5,中建一局集团总承包建设有限公司华北分公司,000101000043003999c7
1014798,城关街道洪寺经适房集中医学隔离观察点改造项目--11#楼1-4单元改造,0,5,中建一局集团总承包建设有限公司华北分公司,000101000043003999c7
1013405,宝鸡文理学院科技创新园区曁新校区（一期）公共教学楼A工程施工,0,5,中建一局集团总承包建设有限公司华北分公司,000101000043003999c7
993558,三桥·西城往事清表工程项目,0,5,中建一局集团总承包建设有限公司华北分公司,000101000043003999c7
100530,融创外滩壹号北区6#7#8#地块项目施工总承包工程,0,5,中建一局集团总承包建设有限公司华北分公司,000101000043003999c7
96116,北京低碳能源研究所及神华技术创新基地项目,0,5,中建一局集团总承包建设有限公司华北分公司,000101000043003999c7
81621,经开区瑞绣小区（4#地块）投资人与项目总承包单位项目,0,2,中建一局集团总承包建设有限公司华北分公司,000101000043003999c7
26407,二七区郭家咀铁三官庙安置区二期NO2-2地块施工,0,4,中建一局集团总承包建设有限公司华北分公司,000101000043003999c7
19508,（2101780049）大同富力城首开区工程,0,5,中建一局集团总承包建设有限公司华北分公司,000101000043003999c7
19398,（2101780048）太原长风商务区S6地块,0,5,中建一局集团总承包建设有限公司华北分公司,000101000043003999c7
19396,（2101780038）清华科技园（太原）CD工程,0,5,中建一局集团总承包建设有限公司华北分公司,000101000043003999c7
17413,包头富力城项目（5#地块）Ⅱ标段,0,5,中建一局集团总承包建设有限公司华北分公司,000101000043003999c7
5441,孔雀城襄颖园三、四标段项目,0,5,中建一局集团总承包建设有限公司华北分公司,000101000043003999c7
12636,(2106060010)海阳龙熙·阿卡迪亚,0,NULL,一局六公司第十七大项目部,0001010000430007999d0018
22229,张湾区李家院、工业新区C园安置区工程（一标段）,0,NULL,一局六公司第十七大项目部,0001010000430007999d0018
14645,(1101060036)上海长宁来福士项目,0,NULL,一局六公司第十二大项目部,0001010000430007999d0019
101811,高刘安置点三期工程,0,4,一局六公司第十二大项目部,0001010000430007999d0019
1066840,张家口宝之云华北基地A2楼机电,0,5,中建一局集团建设发展有限公司华北分公司,00010100004300040001
1023277,淄博总部科技园区基础设施建设项目,0,2,中建一局集团建设发展有限公司华北分公司,00010100004300040001
1018776,淄博张店区科苑片区（二期）老旧小区改造,0,NULL,中建一局集团建设发展有限公司华北分公司,00010100004300040001
1013497,大同中联绿色大数据产业基地二期,0,5,中建一局集团建设发展有限公司华北分公司,00010100004300040001
999098,乌兰察布快手智能云数据中心机电,0,5,中建一局集团建设发展有限公司华北分公司,00010100004300040001
65197,天津天阅海河一期,0,NULL,中建一局集团建设发展有限公司华北分公司,00010100004300040001
1345,天津全运村,0,NULL,中建一局集团建设发展有限公司华北分公司,00010100004300040001
1014604,廊坊京廊城际产业园南区EPC,0,2,中建一局集团建设发展有限公司华北分公司,00010100004300040001
1003847,天津大型紧缩场建设项目,0,5,中建一局集团建设发展有限公司华北分公司,00010100004300040001
96475,安徽阜南濛洼居民迁建,0,5,中建一局集团建设发展有限公司华北分公司,00010100004300040001
74139,天津中北镇居住区G区,0,2,中建一局集团建设发展有限公司华北分公司,00010100004300040001
1085726,北京东升科技园三期,0,11,中建一局集团建设发展有限公司华北分公司,00010100004300040001
1075475,北京蓝景丽家,0,11,中建一局集团建设发展有限公司华北分公司,00010100004300040001
1068505,内蒙火山引擎和林格尔算力中心机电,0,4,中建一局集团建设发展有限公司华北分公司,00010100004300040001
1046074,天津SMC厂房,0,5,中建一局集团建设发展有限公司华北分公司,00010100004300040001
1032231,张家口怀来合盈数据科技产业园（二期第三阶段）M1机电,0,5,中建一局集团建设发展有限公司华北分公司,00010100004300040001
993881,河北建投雄安·金湖未来城项目-第二标段,0,2,中建一局集团建设发展有限公司华北分公司,00010100004300040001
1072826,山西天地王坡煤业有限公司区队办公楼排危改造EPC,1,5,中建一局集团建设发展有限公司华北分公司,00010100004300040001
1013208,张家口怀来合盈金融数据科技产业园二期,0,5,中建一局集团建设发展有限公司华北分公司,00010100004300040001
1007271,包头万科印象城机电,0,4,中建一局集团建设发展有限公司华北分公司,00010100004300040001
112561,青岛阳光·壹号工程项目,0,5,中建一局集团建设发展有限公司华北分公司,00010100004300040001
104468,霸州市云庐小区住宅,0,5,中建一局集团建设发展有限公司华北分公司,00010100004300040001
92299,北京永定河混合垃圾治理,0,NULL,中建一局集团建设发展有限公司华北分公司,00010100004300040001
81417,天津金海墅,0,NULL,中建一局集团建设发展有限公司华北分公司,00010100004300040001
1052550,石家庄泰康之家冀园,0,5,中建一局集团建设发展有限公司华北分公司,00010100004300040001
1014614,廊坊京廊城际产业园北区EPC,0,2,中建一局集团建设发展有限公司华北分公司,00010100004300040001
1011342,张家口怀来合盈金融数据科技产业园1地块机电,0,11,中建一局集团建设发展有限公司华北分公司,00010100004300040001
1003421,张家口秦淮数据总部地下冷站机电,0,NULL,中建一局集团建设发展有限公司华北分公司,00010100004300040001
104074,烟台爱博诺德医用材料生产,0,5,中建一局集团建设发展有限公司华北分公司,00010100004300040001
104118,津武（挂）2019-080号地块居住,0,NULL,中建一局集团建设发展有限公司华北分公司,00010100004300040001
28762,深圳悦彩城,0,NULL,中建一局集团建设发展有限公司华北分公司,00010100004300040001
17476,天津海河教育园区南开学校,0,NULL,中建一局集团建设发展有限公司华北分公司,00010100004300040001
7393,中建（天津）工业化建筑公司预制厂房,0,4,中建一局集团建设发展有限公司华北分公司,00010100004300040001
29062,天津全运村代建东区小学幼儿园邻里中心,0,NULL,中建一局集团建设发展有限公司华北分公司,00010100004300040001
1052307,淄博总部经济产业园及基础设施配套建设,0,5,中建一局集团建设发展有限公司华北分公司,00010100004300040001
102453,潍坊歌尔电子保税区9#厂房机电,0,NULL,中建一局集团建设发展有限公司华北分公司,00010100004300040001
55665,呼和浩特群众艺术馆,0,4,中建一局集团建设发展有限公司华北分公司,00010100004300040001
385,中粮大道一期D地块,0,NULL,中建一局集团建设发展有限公司华北分公司,00010100004300040001
1098388,北京BDSW园区施工总承包,0,5,中建一局集团建设发展有限公司华北分公司,00010100004300040001
1081068,潍坊京东金牛物流园改建EPC,0,4,中建一局集团建设发展有限公司华北分公司,00010100004300040001
1077387,天津气象科技园EPC,0,2,中建一局集团建设发展有限公司华北分公司,00010100004300040001
1011405,张家口怀来联通数据中心机电,0,5,中建一局集团建设发展有限公司华北分公司,00010100004300040001
995809,快手智能云乌兰察布数据中心项目,0,5,中建一局集团建设发展有限公司华北分公司,00010100004300040001
993420,潍坊怡力精密四期1#2#厂房机电,0,NULL,中建一局集团建设发展有限公司华北分公司,00010100004300040001
100416,中建（天津）工业化建筑工程有限公司,0,4,中建一局集团建设发展有限公司华北分公司,00010100004300040001
105126,大同中联绿色大数据产业基地,0,5,中建一局集团建设发展有限公司华北分公司,00010100004300040001
81767,天津首创中北镇,0,NULL,中建一局集团建设发展有限公司华北分公司,00010100004300040001
1096362,济南中森农业产业园总承包EPC,1,2,中建一局集团建设发展有限公司华北分公司,00010100004300040001
1077718,滨州富沾新能源储能,1,2,中建一局集团建设发展有限公司华北分公司,00010100004300040001
1044898,大同火山云太行算力中心项目D3数据中心机电,0,11,中建一局集团建设发展有限公司华北分公司,00010100004300040001
112203,山东荣成歌尔电子4#厂房、2#动力中心机电,0,4,中建一局集团建设发展有限公司华北分公司,00010100004300040001
97473,呼和浩特凯德广场•诺和木勒改造项目机电,0,NULL,中建一局集团建设发展有限公司华北分公司,00010100004300040001
84362,山东滨州中医医院新院,0,NULL,中建一局集团建设发展有限公司华北分公司,00010100004300040001
2415,(2104020011)天津大悦城,0,NULL,中建一局集团建设发展有限公司华北分公司,00010100004300040001
1081811,内蒙火山引擎和林格尔算力中心一期B机电,0,4,中建一局集团建设发展有限公司华北分公司,00010100004300040001
1075714,山东石墨烯轻纺产业园,1,4,中建一局集团建设发展有限公司华北分公司,00010100004300040001
1056164,保定定兴百度云计算中心机电,0,11,中建一局集团建设发展有限公司华北分公司,00010100004300040001
1054231,大同火山云太行算力中心二期,0,5,中建一局集团建设发展有限公司华北分公司,00010100004300040001
1026574,淄博张店区雨污分流改造工程,0,NULL,中建一局集团建设发展有限公司华北分公司,00010100004300040001
1006336,天津联想创新产业园,0,5,中建一局集团建设发展有限公司华北分公司,00010100004300040001
107319,天津金融街滨海融御项目,0,5,中建一局集团建设发展有限公司华北分公司,00010100004300040001
2433,(2104020020)万通大厦（信达二期）工程,0,NULL,中建一局集团建设发展有限公司华北分公司,00010100004300040001
1053628,张家口怀来合盈数据科技产业园（四期第三阶段）机电,0,11,中建一局集团建设发展有限公司华北分公司,00010100004300040001
1022640,济南济钢防务空天产业基地二期一步B（EPC）,0,5,中建一局集团建设发展有限公司华北分公司,00010100004300040001
1008957,张家口怀来合盈金融数据科技产业园,0,NULL,中建一局集团建设发展有限公司华北分公司,00010100004300040001
90595,青岛华发四季项目,0,5,中建一局集团建设发展有限公司华北分公司,00010100004300040001
1094464,东营山东石油化工学院学生公寓,0,4,中建一局集团建设发展有限公司华北分公司,00010100004300040001
1052305,张家口怀来合盈金融数据科技产业园三期,0,5,中建一局集团建设发展有限公司华北分公司,00010100004300040001
1030277,保定定兴百度云计算中心,0,5,中建一局集团建设发展有限公司华北分公司,00010100004300040001
998359,涿州阿里云计算数据中心,0,5,中建一局集团建设发展有限公司华北分公司,00010100004300040001
2401,(2104020019)中粮天津六纬路,0,NULL,中建一局集团建设发展有限公司华北分公司,00010100004300040001
1047332,张家口怀来合盈数据产业园（二期第二阶段）机电,0,5,中建一局集团建设发展有限公司华北分公司,00010100004300040001
1023914,天津联想创新科技园项目,0,5,中建一局集团建设发展有限公司华北分公司,00010100004300040001
1061565,大同火山云太行算力中心二期D8D10机电,0,11,中建一局集团建设发展有限公司华北分公司,00010100004300040001
108137,张家口下花园浅山名筑住宅小区,0,5,中建一局集团建设发展有限公司华北分公司,00010100004300040001
1075227,天津泰康之家津园项目二期,0,5,中建一局集团建设发展有限公司华北分公司,00010100004300040001
1061231,和林格尔火山云,0,4,中建一局集团建设发展有限公司华北分公司,00010100004300040001
1003083,三河市数立方融媒体云计算中心机电,0,NULL,中建一局集团建设发展有限公司华北分公司,00010100004300040001
995704,天津中芯P3厂房,0,5,中建一局集团建设发展有限公司华北分公司,00010100004300040001
107310,乌兰察布阿里云计算数据中心机电设备安装工程,0,NULL,中建一局集团建设发展有限公司华北分公司,00010100004300040001
111493,山东滨州第二人民医院西院区,0,8,中建一局集团建设发展有限公司华北分公司,00010100004300040001
46094,山西大同正大一期,0,4,中建一局集团建设发展有限公司华北分公司,00010100004300040001
1088946,呼和浩特中国联通云数据基地DC7机电,0,4,中建一局集团建设发展有限公司华北分公司,00010100004300040001
1080746,天津中汽新能研发厂房改造,0,4,中建一局集团建设发展有限公司华北分公司,00010100004300040001
1059947,内蒙火山引擎和林格尔算力中心,0,5,中建一局集团建设发展有限公司华北分公司,00010100004300040001
1029388,济南济钢防务空天产业基地二期一步A（EPC）,0,2,中建一局集团建设发展有限公司华北分公司,00010100004300040001
63924,青岛万科翡翠长江,0,5,中建一局集团建设发展有限公司华北分公司,00010100004300040001
67829,廊坊永清紫晶翡丽,0,NULL,中建一局集团建设发展有限公司华北分公司,00010100004300040001
8378,天津天河城购物中心工程,0,2,中建一局集团建设发展有限公司华北分公司,00010100004300040001
99578,92403部队8项配套建设工程(合掌岩生活保障设施配套建设项目),0,4,五公司福建分公司,0001010000430005999c
84754,福州世茂高新区2018-02地块土石方及基坑支护工程,0,4,五公司福建分公司,0001010000430005999c
1020587,福建海西有氧运动康复中心项目,0,5,五公司福建分公司,0001010000430005999c
999681,四级节点机房改造及会商室装修工程（南屿）施工合同,0,5,五公司福建分公司,0001010000430005999c
999680,四级节点机房改造及会商室装修工程（仓山）施工合同,0,NULL,五公司福建分公司,0001010000430005999c
1025374,河北省石家庄市高营国际项目,0,5,五公司福建分公司,0001010000430005999c
1010595,福安市健康驿站（坂中）项目,0,5,五公司福建分公司,0001010000430005999c
47171,南平市闽江大桥北桥头至316国道连接线及杨真隧道工程设计采购施工总承包项目,0,NULL,五公司福建分公司,0001010000430005999c
1039551,省委组织部省委宣传部省经贸委危房改建工程（施工）,0,4,五公司福建分公司,0001010000430005999c
100256,福州万科澜悦花园项目地块三施工总承包工程,0,4,五公司福建分公司,0001010000430005999c
99583,92403部队8项配套建设工程(西洋防护技术改造项目),0,4,五公司福建分公司,0001010000430005999c
99584,92403部队8项配套建设工程(南太武、大雾山、君山小远散直单位生活保障设施配套建设项目及君山站、扬子山站微波辐射防护技术改造项目),0,4,五公司福建分公司,0001010000430005999c
84776,平潭海峡如意城G007地块一期土建总包工程,0,4,五公司福建分公司,0001010000430005999c
101678,大东海瑞景园CDEF地块建筑安装工程,0,4,五公司福建分公司,0001010000430005999c
68891,松溪县交通基础设施建设设计采购施工总承包项目,0,NULL,五公司福建分公司,0001010000430005999c
1028327,白塘湾项目金山岭一二期及海滨02地块精装工程三标段（海滨02地块3#、5#楼）,0,11,五公司福建分公司,0001010000430005999c
100383,福建鸿博光电园厂房项目,0,4,五公司福建分公司,0001010000430005999c
50599,中共南平市委党校（市行政学院）新校区建设工程设计采购施工总承包项目,0,5,五公司福建分公司,0001010000430005999c
1064049,福建嘉达纺织地块项目(保留地块)项目,0,4,五公司福建分公司,0001010000430005999c
993734,保管中队装备库房,0,NULL,五公司福建分公司,0001010000430005999c
99586,92403部队8项配套建设工程(古雷配套建设项目),0,4,五公司福建分公司,0001010000430005999c
1041691,建设三路电力通道建设项目 EPC（施工图设计和施工）,0,5,中建一局集团第二建筑有限公司河南分公司,000101000043000299bd
825791,巩义市西城区初级中学项目,0,NULL,中建一局集团第二建筑有限公司河南分公司,000101000043000299bd
1096367,贵阳卷烟厂2025年餐厅改造项目,0,5,中建一局集团第二建筑有限公司河南分公司,000101000043000299bd
1077219,郑州航空港经济综合实验区工业互联网产业园基础设施施工总承包,0,5,中建一局集团第二建筑有限公司河南分公司,000101000043000299bd
1067107,河南交通职业技术学院产教融合实训基地项目施工总承包,0,5,中建一局集团第二建筑有限公司河南分公司,000101000043000299bd
1029095,易家墩村城中村改造产权调换房G1项目工程总承包（EPC）,0,5,中建一局集团第二建筑有限公司河南分公司,000101000043000299bd
1016627,郑州市农业路（西四环-西三环）快速化工程施工（第一标段）,0,5,中建一局集团第二建筑有限公司河南分公司,000101000043000299bd
821025,巩义市伏羲路小学项目-劳务,NULL,NULL,中建一局集团第二建筑有限公司河南分公司,000101000043000299bd
814530,郑州航空港经济综合实验区（郑州新郑综合保税区）河东第六棚户区第五标段建设工程项目-劳务,NULL,NULL,中建一局集团第二建筑有限公司河南分公司,000101000043000299bd
813586,巩义市子华实验学校-劳务,NULL,NULL,中建一局集团第二建筑有限公司河南分公司,000101000043000299bd
1068162,正弘坊项目二期三期,0,5,中建一局集团第二建筑有限公司河南分公司,000101000043000299bd
1065021,河南省郑州市正弘坊项目,0,5,中建一局集团第二建筑有限公司河南分公司,000101000043000299bd
1032273,郑州航空港经济综合实验区2023至2025年光伏建设一期项目EPC总承包,0,2,中建一局集团第二建筑有限公司河南分公司,000101000043000299bd
1020098,一局二公司湖北分公司,0,4,中建一局集团第二建筑有限公司河南分公司,000101000043000299bd
996851,热景生物全场景免疫诊断仪器、试剂研发与制造中心工程,0,5,中建一局集团第二建筑有限公司河南分公司,000101000043000299bd
81056,巩义市伏羲路小学,0,NULL,中建一局集团第二建筑有限公司河南分公司,000101000043000299bd
11639,(1101020078)松原东镇国际城B11、B12、B21、E1、E3楼及地下室、北大门,0,5,中建一局集团第二建筑有限公司河南分公司,000101000043000299bd
237,（2102010787）广西壮都展示中心工程,0,5,中建一局集团第二建筑有限公司河南分公司,000101000043000299bd
1084189,郑州市新材料产业园区电子信息产业园标准化厂房及配套基础设施市政道路建设项目,0,2,中建一局集团第二建筑有限公司河南分公司,000101000043000299bd
104106,日照莱顿小镇四期（4-3地块）总承包工程,0,5,中建一局集团第二建筑有限公司河南分公司,000101000043000299bd
80469,巩义市紫荆路街道城中村改造（紫东苑）,0,5,中建一局集团第二建筑有限公司河南分公司,000101000043000299bd
24601,巩义市子华实验学校,0,4,中建一局集团第二建筑有限公司河南分公司,000101000043000299bd
3213,(1101020068)广西百色市龙景高中,0,5,中建一局集团第二建筑有限公司河南分公司,000101000043000299bd
1081675,屈家岭智慧旅游度假中心(智慧旅游集散枢纽项目)EPC总承包项目,0,5,中建一局集团第二建筑有限公司河南分公司,000101000043000299bd
1060564,新能源产业园配套综合体项目（一期）项目工程总承包（EPC）,0,2,中建一局集团第二建筑有限公司河南分公司,000101000043000299bd
1014241,郑州职业技术学院教学实训综合楼建设项目,0,NULL,中建一局集团第二建筑有限公司河南分公司,000101000043000299bd
18195,（1101020090）吉林市哈达新域项目,0,5,中建一局集团第二建筑有限公司河南分公司,000101000043000299bd
1067435,左岸大道（兴七路至洪兴二路）建设工程市政段一标段设计施工总承包（EPC）项目,0,5,中建一局集团第二建筑有限公司河南分公司,000101000043000299bd
108397,濮阳市党风廉政教育中心迁建工程(EPC),0,2,中建一局集团第二建筑有限公司河南分公司,000101000043000299bd
98682,巩义市人民医院东区医院门急诊医技楼配套工程,0,NULL,中建一局集团第二建筑有限公司河南分公司,000101000043000299bd
99147,太康县银城花园棚户区改造项目,1,2,中建一局集团第二建筑有限公司河南分公司,000101000043000299bd
34257,（1101020125）海王百草堂中医药产业园建设项目,0,NULL,中建一局集团第二建筑有限公司河南分公司,000101000043000299bd
1099764,郑州市九龙水厂工程（一期）清水管线工程施工（一批）,1,5,中建一局集团第二建筑有限公司河南分公司,000101000043000299bd
1072363,民营科技工业园周边片区环境提升工程设计施工总承包（EPC）(二次）,0,5,中建一局集团第二建筑有限公司河南分公司,000101000043000299bd
1059392,郑州航空港经济综合实验区2024年至2025年光伏发电项目（第一批次）,0,2,中建一局集团第二建筑有限公司河南分公司,000101000043000299bd
992291,郑州职业技术学院教学实训综合楼项目EPC工程总承包,0,2,中建一局集团第二建筑有限公司河南分公司,000101000043000299bd
992127,山东国医职业学院项目工程,0,NULL,中建一局集团第二建筑有限公司河南分公司,000101000043000299bd
80392,巩义市北山口镇南官庄村村民安置社区项目,0,5,中建一局集团第二建筑有限公司河南分公司,000101000043000299bd
38750,巩义市人民医院东区医院项目,0,NULL,中建一局集团第二建筑有限公司河南分公司,000101000043000299bd
15713,（1101020078）松原东镇国际城目部,0,NULL,中建一局集团第二建筑有限公司河南分公司,000101000043000299bd
817915,巩义市紫荆路街道城中村改造（新心花苑五区）-劳务,0,NULL,中建一局集团第二建筑有限公司河南分公司,000101000043000299bd
1029270,汉江丹江口铝业有限责任公司新能源电池铝箔坯料项目铸轧、冷轧车间厂房及设备基础土建工程,0,5,中建一局集团第二建筑有限公司河南分公司,000101000043000299bd
1001480,开封市蔬菜研究所地块安置房建设项目（新宋风·悦居）南区一期-1号商住楼、2号、3号住宅楼、地下车库、开封市蔬菜研究所地块安置房建设项目（新宋风·悦居）北区一期-1号商住楼、2号、3号住宅楼、5号商住楼、地下车库项目,0,5,中建一局集团第二建筑有限公司河南分公司,000101000043000299bd
56886,河南省医药创新转化基地高端人才楼一标段,0,5,中建一局集团第二建筑有限公司河南分公司,000101000043000299bd
27147,（1101020117）南宁市儿童医院（一期）门诊楼工程,0,5,中建一局集团第二建筑有限公司河南分公司,000101000043000299bd
11640,郑州航空港安置房项目,0,5,中建一局集团第二建筑有限公司河南分公司,000101000043000299bd
1086755,贵州中烟工业有限责任公司技术与信息中心建设项目——主体工程,0,5,中建一局集团第二建筑有限公司河南分公司,000101000043000299bd
1086014,中部技能人才港项目,1,5,中建一局集团第二建筑有限公司河南分公司,000101000043000299bd
1027996,郑州市新材料产业园区创新创业综合体（一期）-荥阳分,0,NULL,中建一局集团第二建筑有限公司河南分公司,000101000043000299bd
1023887,郑州市新材料产业园区创新创业综合体(一期)建设项目,0,5,中建一局集团第二建筑有限公司河南分公司,000101000043000299bd
1009756,北京巴瑞医疗器械有限公司,0,4,中建一局集团第二建筑有限公司河南分公司,000101000043000299bd
89362,日照招商·莱顿小镇3#地块施工总承包工程,1,5,中建一局集团第二建筑有限公司河南分公司,000101000043000299bd
80301,巩义市杜甫路街道常庄城中村改造项目（常兴花苑一期）,0,5,中建一局集团第二建筑有限公司河南分公司,000101000043000299bd
817927,巩义市紫荆路街道城中村改造（紫东苑）-劳务,NULL,NULL,中建一局集团第二建筑有限公司河南分公司,000101000043000299bd
3214,(1101020063)百色市龙景区科技文化中心,0,5,中建一局集团第二建筑有限公司河南分公司,000101000043000299bd
1028395,翱翔路停车场升级改造项目设计施工一体化工程,0,2,中建一局集团第二建筑有限公司河南分公司,000101000043000299bd
110544,山东国医职业学院体育馆项目工程,0,NULL,中建一局集团第二建筑有限公司河南分公司,000101000043000299bd
3215,(1101020053)百色市龙景区职业教育中心,0,5,中建一局集团第二建筑有限公司河南分公司,000101000043000299bd
1087896,郸城县2026年-2028年高标准农田建设项目一标段工程总承包,1,2,中建一局集团第二建筑有限公司河南分公司,000101000043000299bd
103198,河南省怡养苑项目一标段（东区）,0,4,中建一局集团第二建筑有限公司河南分公司,000101000043000299bd
7242,南宁华南城江南华府二期土方及基坑支护工程,0,5,中建一局集团第二建筑有限公司河南分公司,000101000043000299bd
1070166,嘉鱼县电子信息科技中心(人才公寓）工程总承包（EPC）,0,5,中建一局集团第二建筑有限公司河南分公司,000101000043000299bd
1057158,荆门市产城融合职工技能培训中心项目,0,5,中建一局集团第二建筑有限公司河南分公司,000101000043000299bd
1042635,易家墩村城中村改造产权调换房G1项目,0,4,中建一局集团第二建筑有限公司河南分公司,000101000043000299bd
1017543,荆门智慧冷链物流园总承包（EPC+O）项目,0,5,中建一局集团第二建筑有限公司河南分公司,000101000043000299bd
1017246,通号电化科创大厦项目,0,5,中建一局集团第二建筑有限公司河南分公司,000101000043000299bd
1012455,巴瑞医疗科技园项目,0,5,中建一局集团第二建筑有限公司河南分公司,000101000043000299bd
6605,郑州航空港经济综合实验区（郑州新郑综合保税区）河东第六棚户区第五标段,0,NULL,中建一局集团第二建筑有限公司河南分公司,000101000043000299bd
1068200,新能源产业园配套综合体项目（二期）项目工程总承包（EPC）,0,2,中建一局集团第二建筑有限公司河南分公司,000101000043000299bd
1023183,开封市蔬菜研究所地块安置房建设项目（新宋风·悦居）北区、南区,1,5,中建一局集团第二建筑有限公司河南分公司,000101000043000299bd
1014243,太康新城花园棚户区改造项目09地块,0,NULL,中建一局集团第二建筑有限公司河南分公司,000101000043000299bd
1007421,巩义市站街镇三彩安置区EPC项目,1,2,中建一局集团第二建筑有限公司河南分公司,000101000043000299bd
112637,河南颐养院,0,5,中建一局集团第二建筑有限公司河南分公司,000101000043000299bd
98029,巩义市西城区初级中学建设工程,0,5,中建一局集团第二建筑有限公司河南分公司,000101000043000299bd
81057,巩义市香玉路小学,0,4,中建一局集团第二建筑有限公司河南分公司,000101000043000299bd
814926,贵港市园博园棚户区改造项目（第一安置区北区）16#～21#、27#、28#、30#、35#楼工程-劳务,0,NULL,中建一局集团第二建筑有限公司河南分公司,000101000043000299bd
1099260,开封市宋都古城龙亭湖片区城市更新项目960文创园综合提升改造A区项目,0,2,中建一局集团第二建筑有限公司河南分公司,000101000043000299bd
1023404,荥阳市中医院医养康复中心项目,0,4,中建一局集团第二建筑有限公司河南分公司,000101000043000299bd
92242,淮滨县产业集聚区巩义扶贫产业园一期EPC工程总承包施工,1,2,中建一局集团第二建筑有限公司河南分公司,000101000043000299bd
59498,（2102010832）青秀区示范区内既有小区海绵提升综合改造项目包（六）设计-施工（EPC）工程总承包,0,2,中建一局集团第二建筑有限公司河南分公司,000101000043000299bd
14218,（1101020104）广西晟奥奥迪汽车4S中心项目,0,5,中建一局集团第二建筑有限公司河南分公司,000101000043000299bd
1020031,商丘市儿童医院（河南省儿童医院商丘医院）项目工程总承包,1,5,中建一局集团第二建筑有限公司河南分公司,000101000043000299bd
11245,（1101020092）周口华耀城A地块工程,0,5,中建一局集团第二建筑有限公司河南分公司,000101000043000299bd
1013386,极恒桓星智能飞行器制造项目,0,5,中建一局集团第二建筑有限公司河南分公司,000101000043000299bd
90724,巩义市人民医院东区医院门急诊医技楼建设项目后续工程,0,4,中建一局集团第二建筑有限公司河南分公司,000101000043000299bd
80465,巩义市紫荆路街道城中村改造（新心花苑五区）,0,5,中建一局集团第二建筑有限公司河南分公司,000101000043000299bd
44816,巩义市香玉幼儿园,0,5,中建一局集团第二建筑有限公司河南分公司,000101000043000299bd
819105,巩义市北山口镇南宫庄村村民安置社区项目-劳务,NULL,NULL,中建一局集团第二建筑有限公司河南分公司,000101000043000299bd
817899,巩义市香玉路小学-劳务,NULL,NULL,中建一局集团第二建筑有限公司河南分公司,000101000043000299bd
814658,河南省医药创新转化基地高端人才楼一标段-劳务,0,NULL,中建一局集团第二建筑有限公司河南分公司,000101000043000299bd
1096374,高端装备模拟仿真技术研发生产及总部基地机电安装项目,0,4,中建一局西北公司机电安装事业部,0001010000430088999a
1016004,霍尔果斯经济开发区兵团分区污水资 源化利用项目机电安装项目部,0,2,中建一局西北公司机电安装事业部,0001010000430088999a
1041019,尧柏特种水泥集团有限公司研发培训基地（二期）机电安装项目部,0,4,中建一局西北公司机电安装事业部,0001010000430088999a
1016007,霍尔果斯经济开发区兵团分区城乡供水一体化项目机电安装项目部,0,NULL,中建一局西北公司机电安装事业部,0001010000430088999a
1013750,高陵“通远创想小镇”文体中心项目机电安装项目部,0,NULL,中建一局西北公司机电安装事业部,0001010000430088999a
1096376,西安建筑科技大学子午书院2号学生公寓楼机电安装项目,0,4,中建一局西北公司机电安装事业部,0001010000430088999a
1083128,信发定边县20万千瓦陆上风电项目风电场基础工程（一标段）,0,4,中建一局西北公司机电安装事业部,0001010000430088999a
1074048,西北农林科技大学北校区21号学生公寓机电安装项目,0,4,中建一局西北公司机电安装事业部,0001010000430088999a
1016232,霍尔果斯经济开发区清水河配套园区装备制造产业园建设项目四标段机电安装项目部,0,2,中建一局西北公司机电安装事业部,0001010000430088999a
1031523,银川苏银产业园再生水回用项目（一期二阶段工程）施工三标段项目部,0,5,中建一局西北公司机电安装事业部,0001010000430088999a
1080262,西安建筑科技大学草堂校区子午书院1号学生公寓楼机电项目,0,2,中建一局西北公司机电安装事业部,0001010000430088999a
1059109,中国丝路科创谷起步区4单元CDE、5单元D、9单元ADG地块新风空调采购安装项目部,1,4,中建一局西北公司机电安装事业部,0001010000430088999a
1049107,西安高新区创业新大陆地下通道工程项目环隧机电安装项目部,0,4,中建一局西北公司机电安装事业部,0001010000430088999a
1021997,兰州资源环境职业技术学院南校区3#教学实训楼项目机电安装项目部,0,5,中建一局西北公司机电安装事业部,0001010000430088999a
1048497,930号翼身对接厂房工程总承包项目机电安装项目部,0,4,中建一局西北公司机电安装事业部,0001010000430088999a
1013720,府君庙和等驾坡村民安置项目一标段机电安装项目部,0,NULL,中建一局西北公司机电安装事业部,0001010000430088999a
1096379,伊犁师范大学东校区食堂(北区)建设机电安装项目,0,4,中建一局西北公司机电安装事业部,0001010000430088999a
1013751,西安航天基地园区保障性租赁房项目机电安装项目部,1,2,中建一局西北公司机电安装事业部,0001010000430088999a
1011503,玄武大道道路与排水改造工程项目部,0,4,一局六公司第十六大项目部,0001010000430007999d0017
60481,西阜高速房建项目部,0,4,一局六公司第十六大项目部,0001010000430007999d0017
4538,(2106070004)慢城南区项目部,0,4,一局六公司第十六大项目部,0001010000430007999d0017
5462,西柏坡项目部,0,NULL,一局六公司第十六大项目部,0001010000430007999d0017
90618,太行山高速西阜石家庄段房建工程,0,NULL,一局六公司第十六大项目部,0001010000430007999d0017
1098880,康平县2025年-2027年高标准农田建设项目(2026年度)施工四标段项目部,0,4,中国建筑一局(集团)有限公司东北分公司,0001010000430020
1078598,康平县2025年-2027年高标准农田建设项目（2025年度）工程EPC总承包,1,4,中国建筑一局(集团)有限公司东北分公司,0001010000430020
1073017,中英（大连）先进制造产业示范园国家汽车质量监督检验中心项目智慧能源中心项目EPC工程,0,2,中国建筑一局(集团)有限公司东北分公司,0001010000430020
1057108,康巴什和悦云锦住宅小区项目景观工程,0,4,中国建筑一局(集团)有限公司东北分公司,0001010000430020
1053820,长春至榆树高速公路建设项目SG02标段,0,4,中国建筑一局(集团)有限公司东北分公司,0001010000430020
1047404,吉林省国家紧急医学救援基地建设项目-物资仓储配送中心、批量伤员救治中心工程施工总承包项目,0,4,中国建筑一局(集团)有限公司东北分公司,0001010000430020
1031038,道义第七小学项目,0,5,中国建筑一局(集团)有限公司东北分公司,0001010000430020
1019985,太原市南中环北储备地块二建设项目（南地块）EPC总承包,1,4,中国建筑一局(集团)有限公司东北分公司,0001010000430020
1002503,呼兰经济开发区配套项目（景业路、铁东南北街四、铁东南北街五、铸钢街）施工  第三标段：铁东南北街四、铁东南北街五（景业路-景荣路段）道路、排水工程,0,4,中国建筑一局(集团)有限公司东北分公司,0001010000430020
106435,铁岭市城市供水工程（一期）EPC总承包工程,1,2,中国建筑一局(集团)有限公司东北分公司,0001010000430020
98246,长春市伊通河流域水环境综合治理工程-长春市西部污水处理厂提标扩建工程工程总承包,0,4,中国建筑一局(集团)有限公司东北分公司,0001010000430020
82578,通大·金岸项目,0,NULL,中国建筑一局(集团)有限公司东北分公司,0001010000430020
45671,中耀房地产开发（沈阳）有限公司居住、商业（3.2期）总承包工程,0,NULL,中国建筑一局(集团)有限公司东北分公司,0001010000430020
44269,北湖科技金融服务中心,0,2,中国建筑一局(集团)有限公司东北分公司,0001010000430020
8843,(2101040113)沈阳佳兆业中心裙楼商业机电安装（空调）,0,NULL,中国建筑一局(集团)有限公司东北分公司,0001010000430020
1826,(2101040100)佳木斯市棚户区改造（二标段）,0,NULL,中国建筑一局(集团)有限公司东北分公司,0001010000430020
1829,(2101040091)中粮航院回迁房及商品房一期,0,NULL,中国建筑一局(集团)有限公司东北分公司,0001010000430020
1102943,辽宁大学学生宿舍建设项目施工总承包项目,0,4,中国建筑一局(集团)有限公司东北分公司,0001010000430020
1052895,大唐陕西西王寨煤电一体化项目电厂2×660MW新建工程五通一平施工Ⅱ标段,0,4,中国建筑一局(集团)有限公司东北分公司,0001010000430020
1049447,大连港太平湾港区散粮作业区301#-302#泊位工程项目—2#筒仓群续建工程,0,4,中国建筑一局(集团)有限公司东北分公司,0001010000430020
1022753,锦州港自用加油站工程施工,1,5,中国建筑一局(集团)有限公司东北分公司,0001010000430020
1017579,包头市10万吨绿色轻量化高端铝合金新材料精深加工项目,0,4,中国建筑一局(集团)有限公司东北分公司,0001010000430020
1014322,辽宁中宏能源新材料股份有限公司十万吨锂电池负极材料一体化(一期）项目施工总承包,0,4,中国建筑一局(集团)有限公司东北分公司,0001010000430020
18881,（2101040170）美商清韵园,0,NULL,中国建筑一局(集团)有限公司东北分公司,0001010000430020
9851,(2101040092)紫金-江尚,0,NULL,中国建筑一局(集团)有限公司东北分公司,0001010000430020
10858,(2101040166)恒博华贸中国网球协会训练基地A2区（度假用房E）,0,NULL,中国建筑一局(集团)有限公司东北分公司,0001010000430020
5591,华晨宝马汽车有限公司大东工厂第七代新五系建设项目车身车间二次机电工程,0,NULL,中国建筑一局(集团)有限公司东北分公司,0001010000430020
3826,(2101040097)中信大连港首开区,0,NULL,中国建筑一局(集团)有限公司东北分公司,0001010000430020
1080637,抚顺交通产业（集团）有限公司公交充电桩建设（二期）项目,1,4,中国建筑一局(集团)有限公司东北分公司,0001010000430020
1070895,沙岭片区内涝防治能力提升项目,0,4,中国建筑一局(集团)有限公司东北分公司,0001010000430020
1070894,2025年于洪区污水管线更新改造工程,0,4,中国建筑一局(集团)有限公司东北分公司,0001010000430020
1027517,太原市西干渠配套用房项目,0,2,中国建筑一局(集团)有限公司东北分公司,0001010000430020
1018947,赤峰启辉铝业发展有限公司氧化铝项目（第一条高温生产线）主要生产装置及部分辅助工程,0,4,中国建筑一局(集团)有限公司东北分公司,0001010000430020
1011433,大连理工大学开发区校区学生公寓施工,0,4,中国建筑一局(集团)有限公司东北分公司,0001010000430020
110284,长春融创-幸福里,0,NULL,中国建筑一局(集团)有限公司东北分公司,0001010000430020
80271,沈阳和嘉投资有限公司（望花-6地块）售楼处施工工程,0,NULL,中国建筑一局(集团)有限公司东北分公司,0001010000430020
81258,香榭丽舍小区二期22#项目施工,0,4,中国建筑一局(集团)有限公司东北分公司,0001010000430020
24519,中俄贸易大厦,0,NULL,中国建筑一局(集团)有限公司东北分公司,0001010000430020
19230,(2101040098)绥中东戴河启动区四标段,0,NULL,中国建筑一局(集团)有限公司东北分公司,0001010000430020
824332,中融信托大厦,0,NULL,中国建筑一局(集团)有限公司东北分公司,0001010000430020
17399,（2101040173）香河文化艺术中心,0,4,中国建筑一局(集团)有限公司东北分公司,0001010000430020
11854,锦州宝地家居广场,0,NULL,中国建筑一局(集团)有限公司东北分公司,0001010000430020
1825,哈尔滨中俄大厦项目,0,NULL,中国建筑一局(集团)有限公司东北分公司,0001010000430020
1103213,黑龙江八一农垦大学16号学生公寓建设项目,0,4,中国建筑一局(集团)有限公司东北分公司,0001010000430020
1069507,抚顺交通产业（集团）有限公司公交充电桩建设（一期）项目,1,2,中国建筑一局(集团)有限公司东北分公司,0001010000430020
1055199,沈变公司试验车间及装配车间扩建项目施工总承包项目,0,4,中国建筑一局(集团)有限公司东北分公司,0001010000430020
1015873,智能装备产业孵化器项目-工程总承包（一标段）,1,4,中国建筑一局(集团)有限公司东北分公司,0001010000430020
108462,赤峰留置所（二期）建设项目,0,4,中国建筑一局(集团)有限公司东北分公司,0001010000430020
18733,会展城上城四期B24号地块工程项目,0,4,中国建筑一局(集团)有限公司东北分公司,0001010000430020
822145,灵浠金融科技创新中心项目地下室施工总承包工程,0,NULL,中国建筑一局(集团)有限公司东北分公司,0001010000430020
11855,哈尔滨中俄贸易大厦,0,NULL,中国建筑一局(集团)有限公司东北分公司,0001010000430020
821947,北方药谷德生（沈阳）生物科技有限责任公司生物药国际CDMO基地项目施工总承包项目（二次招标）,0,NULL,中国建筑一局(集团)有限公司东北分公司,0001010000430020
8844,烟台市福山区五洲国际商贸城二期A地块、三期C、D、F地块总承包工程,0,NULL,中国建筑一局(集团)有限公司东北分公司,0001010000430020
5593,五洲动漫文化旅游城3#住宅区总承包工程,0,NULL,中国建筑一局(集团)有限公司东北分公司,0001010000430020
6845,(2101040122)汇雄时代一标段工程,0,NULL,中国建筑一局(集团)有限公司东北分公司,0001010000430020
1094667,新疆石河子市现代化冷链物流基础设施一期建设项目,1,4,中国建筑一局(集团)有限公司东北分公司,0001010000430020
1075806,中国医科大学附属盛京医院中西医协同“旗舰”医院项目总承包工程,0,4,中国建筑一局(集团)有限公司东北分公司,0001010000430020
1054389,江湾规划学校二、前进东部规划学校二、新区第三学校（二期）建设项目工程总承包（勘察、设计、施工）,1,2,中国建筑一局(集团)有限公司东北分公司,0001010000430020
1028332,康巴什和悦云锦住宅小区,1,5,中国建筑一局(集团)有限公司东北分公司,0001010000430020
1024172,中建一局东北公司-绿色建造科技分公司,0,4,中国建筑一局(集团)有限公司东北分公司,0001010000430020
1014047,大连理工大学开发区校区学生公寓项目,0,4,中国建筑一局(集团)有限公司东北分公司,0001010000430020
103319,大庆融创中央学府项目二期总承包工程,0,4,中国建筑一局(集团)有限公司东北分公司,0001010000430020
84132,沈阳发展北大教育科学园五期住宅项目（ 尚海印象项目三四标段）,0,4,中国建筑一局(集团)有限公司东北分公司,0001010000430020
15073,经开区吴圩镇棚户改造项目（新港家园）,0,4,中国建筑一局(集团)有限公司东北分公司,0001010000430020
13852,（2101040118）中耀房地产开发(沈阳)有限公司居住、商业(4.1期) 机电专业承包工程,0,NULL,中国建筑一局(集团)有限公司东北分公司,0001010000430020
7857,五洲国际动漫文化旅游城3#住宅区项目,0,NULL,中国建筑一局(集团)有限公司东北分公司,0001010000430020
3829,(2101040107)铁岭市星悦南岸国际社区一期A住宅,0,NULL,中国建筑一局(集团)有限公司东北分公司,0001010000430020
4674,(2101040115)辽阳襄平蓝庭小区及襄平医院,0,NULL,中国建筑一局(集团)有限公司东北分公司,0001010000430020
3825,(2101040099)沈阳星河湾一期,0,NULL,中国建筑一局(集团)有限公司东北分公司,0001010000430020
1073565,延吉空港区雨污分流管网改造建设项目工程总承包,1,2,中国建筑一局(集团)有限公司东北分公司,0001010000430020
1069671,2025年于洪区污水管线更新改造工程项目,0,4,中国建筑一局(集团)有限公司东北分公司,0001010000430020
1024768,东辽县第一高级中学校异地新建项目,0,4,中国建筑一局(集团)有限公司东北分公司,0001010000430020
1018946,赤峰启辉铝业发展有限公司氧化铝项目（第二条高温生产线）主要生产装置及部分辅助工程,0,4,中国建筑一局(集团)有限公司东北分公司,0001010000430020
1003138,吉航三代军机维修生产线项目,0,4,中国建筑一局(集团)有限公司东北分公司,0001010000430020
996431,敷尔佳北方美谷,0,4,中国建筑一局(集团)有限公司东北分公司,0001010000430020
104081,一汽大众汽车有限公司新技术开发中心项目,0,4,中国建筑一局(集团)有限公司东北分公司,0001010000430020
103881,沈抚白沙岛金融生态小镇项目,0,4,中国建筑一局(集团)有限公司东北分公司,0001010000430020
29006,沈阳市服装艺术学校昆山校区新建综合实训楼工程,0,NULL,中国建筑一局(集团)有限公司东北分公司,0001010000430020
45217,辽阳汤泉驿铂域酒店机电（空调）安装工程,0,NULL,中国建筑一局(集团)有限公司东北分公司,0001010000430020
17190,铂域酒店机电总承包项目,0,NULL,中国建筑一局(集团)有限公司东北分公司,0001010000430020
14852,哈尔滨华南城一期污水处理工程,0,NULL,中国建筑一局(集团)有限公司东北分公司,0001010000430020
13854,（2101040128）哈尔滨松北富力城一期首开区,0,NULL,中国建筑一局(集团)有限公司东北分公司,0001010000430020
1098881,新疆石河子市现代化冷链物流基础设施一期建设项目设计采购施工一体化总承包,0,4,中国建筑一局(集团)有限公司东北分公司,0001010000430020
1073791,辽宁省东洲河幸福河湖建设项目,1,2,中国建筑一局(集团)有限公司东北分公司,0001010000430020
96376,虞河小镇项目,0,NULL,中国建筑一局(集团)有限公司东北分公司,0001010000430020
96988,东店子定销房项目,0,2,中国建筑一局(集团)有限公司东北分公司,0001010000430020
826174,一汽-大众汽车有限公司新技术开发项目,0,NULL,中国建筑一局(集团)有限公司东北分公司,0001010000430020
17522,吉林亿通商贸物流城项目,0,4,中国建筑一局(集团)有限公司东北分公司,0001010000430020
823910,黛溪家园棚户区改造项目（二期）工程总承包,0,4,中国建筑一局(集团)有限公司东北分公司,0001010000430020
11853,（2101040137）北京佳兆业广场机电施工总承包工程,0,NULL,中国建筑一局(集团)有限公司东北分公司,0001010000430020
14854,佳兆业东戴河项目大三期一标段,0,NULL,中国建筑一局(集团)有限公司东北分公司,0001010000430020
9850,（2101040148）吉林绿地世纪城VI期项目,0,NULL,中国建筑一局(集团)有限公司东北分公司,0001010000430020
7859,港龙东方城（一期）项目,0,NULL,中国建筑一局(集团)有限公司东北分公司,0001010000430020
2853,标准化综合服务中心,0,NULL,中国建筑一局(集团)有限公司东北分公司,0001010000430020
4679,郑东新区龙湖金融中心三区项目,0,NULL,中国建筑一局(集团)有限公司东北分公司,0001010000430020
1078299,康平县2025年-2027年高标准农田建设项目（2025年度）工程EPC总承包,0,4,中国建筑一局(集团)有限公司东北分公司,0001010000430020
1056957,抚顺市森林防火道路建设项目二标段（抚顺县前甸林场）项目,0,4,中国建筑一局(集团)有限公司东北分公司,0001010000430020
1055281,吉林省重点国有林区森林防火应急道路建设项目（白河）施工二标段,0,4,中国建筑一局(集团)有限公司东北分公司,0001010000430020
1055280,延吉市看守所、拘留所及配套工程建设项目工程总承包,1,2,中国建筑一局(集团)有限公司东北分公司,0001010000430020
1049467,沈阳市于洪区陆港地区1号雨水泵站及配套管网工程总承包（EPC）,1,2,中国建筑一局(集团)有限公司东北分公司,0001010000430020
1048463,辽宁省妇幼保健院妇产保健能力提升建设项目（一期）工程总承包,1,2,中国建筑一局(集团)有限公司东北分公司,0001010000430020
1001917,长春市如意溪安全教育体验公园建设项目设计-采购-施工工程总承包-东北公司,1,4,中国建筑一局(集团)有限公司东北分公司,0001010000430020
95870,哈尔滨新区金融中心项目房建工程施工,0,5,中国建筑一局(集团)有限公司东北分公司,0001010000430020
97016,工业（一期、二期）机器人未来城,0,NULL,中国建筑一局(集团)有限公司东北分公司,0001010000430020
81477,水岸丽景工程项目,0,NULL,中国建筑一局(集团)有限公司东北分公司,0001010000430020
30598,大庆绿城御园兰亭苑（高层）、桃花源（别墅）、商业、平层（嘉合苑）建安工程,0,0,中国建筑一局(集团)有限公司东北分公司,0001010000430020
16513,(2101040121)海城市上海城1#地块(C地块),0,NULL,中国建筑一局(集团)有限公司东北分公司,0001010000430020
10859,吉林绿地·中央广场南区项目,0,NULL,中国建筑一局(集团)有限公司东北分公司,0001010000430020
17514,鞍山新世界三期B组团第一标段,0,NULL,中国建筑一局(集团)有限公司东北分公司,0001010000430020
11856,(2101040102)哈尔滨银泰城售楼处及示范区,0,NULL,中国建筑一局(集团)有限公司东北分公司,0001010000430020
822755,富力盛悦府,0,NULL,中国建筑一局(集团)有限公司东北分公司,0001010000430020
10857,（2101040156）修正医药健康产业基地项目,0,4,中国建筑一局(集团)有限公司东北分公司,0001010000430020
13855,中建一局集团2016年东北区域各项目,0,4,中国建筑一局(集团)有限公司东北分公司,0001010000430020
5592,鞍山新世界花园三期A组团（Ⅰ标段）建筑工程,0,NULL,中国建筑一局(集团)有限公司东北分公司,0001010000430020
4680,(2101040162)华晨宝马汽车有限公司大东工厂第七代新五系建设项目污水处理站工程,0,NULL,中国建筑一局(集团)有限公司东北分公司,0001010000430020
4677,(2101040133)苏家屯智能设备产业园,0,NULL,中国建筑一局(集团)有限公司东北分公司,0001010000430020
2854,(2101040123)佳兆业东戴河铂域酒店,0,NULL,中国建筑一局(集团)有限公司东北分公司,0001010000430020
2855,沈阳市大悦城零星机电改造工程,0,NULL,中国建筑一局(集团)有限公司东北分公司,0001010000430020
1099164,大连工业大学北校区新建学生食堂项目施工,0,4,中国建筑一局(集团)有限公司东北分公司,0001010000430020
1099154,沈阳工业大学A7学生宿舍项目施工,0,4,中国建筑一局(集团)有限公司东北分公司,0001010000430020
1096366,沈阳市沈北新区光电充一体化（二期）项目（EPC）设计施工总承包,1,4,中国建筑一局(集团)有限公司东北分公司,0001010000430020
1065601,中广核新能源内蒙古包头市微科 5.4MW 分布式光伏及微科 6MW 分布式光伏项目EPC总承包工程采购,0,2,中国建筑一局(集团)有限公司东北分公司,0001010000430020
1022809,微科（内蒙古）新材料科技有限责任公司10万吨绿色轻量化高端铝合金新材料精深加工项目工程建设,0,4,中国建筑一局(集团)有限公司东北分公司,0001010000430020
1000955,延吉国际空港经济开发区冷链物流建设项目工程总承包,1,NULL,中国建筑一局(集团)有限公司东北分公司,0001010000430020
89036,沈阳首创琥珀湾三期二示范区建筑安装施工总承包工程,0,NULL,中国建筑一局(集团)有限公司东北分公司,0001010000430020
36470,会展城上城项目B24地块二标段总承包工程,0,NULL,中国建筑一局(集团)有限公司东北分公司,0001010000430020
29101,"""中耀房地产开发（沈阳）有限公司居住、 商业（3-1）期地基处理专业承包工程""",0,2,中国建筑一局(集团)有限公司东北分公司,0001010000430020
44553,宝马南铸造车间机电二次配工程,0,NULL,中国建筑一局(集团)有限公司东北分公司,0001010000430020
3827,(2101040101)沈阳市皇姑区泰和龙庭商住项目,0,NULL,中国建筑一局(集团)有限公司东北分公司,0001010000430020
1099888,中国医科大学沈 北校区 18#学生宿舍新建项目施工总承包项目部,0,4,中国建筑一局(集团)有限公司东北分公司,0001010000430020
1080932,2025年抚顺市公交站亭建设项目,1,4,中国建筑一局(集团)有限公司东北分公司,0001010000430020
1078191,大连理工大学西校区学生宿舍及配套设施（三期）项目,0,4,中国建筑一局(集团)有限公司东北分公司,0001010000430020
992647,辽宁省沈阳新康监狱扩建工程,0,NULL,中国建筑一局(集团)有限公司东北分公司,0001010000430020
107795,中国一汽研发总院新能源智能网联创新试验基地建设项目,0,2,中国建筑一局(集团)有限公司东北分公司,0001010000430020
97459,沈阳富力盛悦府项目A地块总承包工程,0,4,中国建筑一局(集团)有限公司东北分公司,0001010000430020
98567,长春市伊通河流域水环境综合治理工程-长春市南部污水处理厂扩建工程工程总承包,0,5,中国建筑一局(集团)有限公司东北分公司,0001010000430020
91716,会展城上城B-23号地块3-9#楼、B2-B4#楼及地下车库工程（含人防工程）总承包工程,0,5,中国建筑一局(集团)有限公司东北分公司,0001010000430020
94917,时代广场,0,NULL,中国建筑一局(集团)有限公司东北分公司,0001010000430020
82583,峰山水库周边地块起步区,0,11,中国建筑一局(集团)有限公司东北分公司,0001010000430020
25696,阿尔卡地亚花语城四期三地块主楼及车库工程,0,NULL,中国建筑一局(集团)有限公司东北分公司,0001010000430020
26810,尚志市兴盛委棚户区改造项目,0,4,中国建筑一局(集团)有限公司东北分公司,0001010000430020
859,(2101040118)中耀沈阳居住、商业（2-1期）机电,0,NULL,中国建筑一局(集团)有限公司东北分公司,0001010000430020
1090102,国家储备能力建设提升工程黑龙江局232处项目施工总承包,0,4,中国建筑一局(集团)有限公司东北分公司,0001010000430020
1051342,东辽县第一高级中学校异地新建项目-附属配套设施工程总承包,1,2,中国建筑一局(集团)有限公司东北分公司,0001010000430020
1050576,黑龙江肇东100MW光伏发电项目光伏场区EPC总承包项目,1,2,中国建筑一局(集团)有限公司东北分公司,0001010000430020
1031040,沈北航空配套产业园南区(一期) 工程施工一标段,0,5,中国建筑一局(集团)有限公司东北分公司,0001010000430020
1017443,沈阳工程学院新建新型电力系统实训基地项目,0,4,中国建筑一局(集团)有限公司东北分公司,0001010000430020
1012198,辽源市新能源汽车配套产业园基础设施建设项目（二期）工程总承包,1,2,中国建筑一局(集团)有限公司东北分公司,0001010000430020
90747,丰县御苑新城二期项目,0,4,中国建筑一局(集团)有限公司东北分公司,0001010000430020
24376,剑桥郡11期项目一标段总承包工程,0,NULL,中国建筑一局(集团)有限公司东北分公司,0001010000430020
27345,大熊猫场馆及配套设施建设工程项目,0,NULL,中国建筑一局(集团)有限公司东北分公司,0001010000430020
823207,东店子定销房项目设计施工工程总承包,NULL,NULL,中国建筑一局(集团)有限公司东北分公司,0001010000430020
15721,(2101060115)哈尔滨华南城一期招商中心及办公楼,0,NULL,中国建筑一局(集团)有限公司东北分公司,0001010000430020
820739,丰县御苑新城二期项目（电动车产业园安置房）-劳务,0,NULL,中国建筑一局(集团)有限公司东北分公司,0001010000430020
9849,(2101040120)哈尔滨华南城一期建筑安装,0,NULL,中国建筑一局(集团)有限公司东北分公司,0001010000430020
7856,（2101040127）哈尔滨恒大帝景二期,0,NULL,中国建筑一局(集团)有限公司东北分公司,0001010000430020
3828,(2101040083)沈阳夏宫项目桩基础,0,NULL,中国建筑一局(集团)有限公司东北分公司,0001010000430020
1091765,中国医科大学附属盛京医院南湖院区地铁联建及北侧通道项目,0,4,中国建筑一局(集团)有限公司东北分公司,0001010000430020
1083017,风机大部件装备制造项目-丹东中车时代绿色装备产业基地建设(二期)项目,0,4,中国建筑一局(集团)有限公司东北分公司,0001010000430020
1075094,国道和南线(G611)和龙至南坪(柳渊屯)段工程施工 SG01,1,4,中国建筑一局(集团)有限公司东北分公司,0001010000430020
1059478,风机电气控制装备制造-丹东中车时代绿色装备产业基地建设（一期）项目,0,4,中国建筑一局(集团)有限公司东北分公司,0001010000430020
1058139,抚顺市森林防火道路建设项目二标段（抚顺县前甸林场）,0,4,中国建筑一局(集团)有限公司东北分公司,0001010000430020
1024658,沈铸所年产2.5万吨高端装备铸造用树脂涂料研发中试基地项目,0,5,中国建筑一局(集团)有限公司东北分公司,0001010000430020
999487,方大·世纪城01-C医养项目总包工程二标段,0,4,中国建筑一局(集团)有限公司东北分公司,0001010000430020
992646,辽阳市结核医院（胸科医院）与辽阳市传染病医院合并选址重建项目 EPC 总承包工程项目,1,2,中国建筑一局(集团)有限公司东北分公司,0001010000430020
111872,广灵县城污水处理厂扩容工程,0,NULL,中国建筑一局(集团)有限公司东北分公司,0001010000430020
100629,哈尔滨中融信托大厦项目,0,5,中国建筑一局(集团)有限公司东北分公司,0001010000430020
96910,黛溪家园棚户区改造项目（二期）工程总承包（EPC+F）,0,2,中国建筑一局(集团)有限公司东北分公司,0001010000430020
90730,绿城•郑州雁鸣湖玫瑰园停车楼工程,0,NULL,中国建筑一局(集团)有限公司东北分公司,0001010000430020
94629,沈阳灵浠金融科技创新中心工程,0,NULL,中国建筑一局(集团)有限公司东北分公司,0001010000430020
47427,哈尔滨凯盛源玖郡,0,NULL,中国建筑一局(集团)有限公司东北分公司,0001010000430020
44978,辽宁省妇女儿童医院改扩建工程改扩建门诊病房综合楼,0,NULL,中国建筑一局(集团)有限公司东北分公司,0001010000430020
30811,太原市民政园棚户区改造安置用房项目,0,NULL,中国建筑一局(集团)有限公司东北分公司,0001010000430020
44183,哈职院德促职教实训基地项目,0,NULL,中国建筑一局(集团)有限公司东北分公司,0001010000430020
42052,凯盛源广场一期工程,0,NULL,中国建筑一局(集团)有限公司东北分公司,0001010000430020
18501,（2101040135）大连市中山区不朽巷改造地块项目,0,NULL,中国建筑一局(集团)有限公司东北分公司,0001010000430020
15416,(2101040112)金融科技产业园,0,NULL,中国建筑一局(集团)有限公司东北分公司,0001010000430020
12829,(2101040096)盘锦大学教职工住区,0,NULL,中国建筑一局(集团)有限公司东北分公司,0001010000430020
12832,双鸭山众盛嘉园项目,0,NULL,中国建筑一局(集团)有限公司东北分公司,0001010000430020
822613,内蒙古时代广场项目-劳务,0,NULL,中国建筑一局(集团)有限公司东北分公司,0001010000430020
7858,(2101040088)哈投经济创新研发中心,0,4,中国建筑一局(集团)有限公司东北分公司,0001010000430020
8841,（2101040150）华晨宝马新工厂三期项目第二办公楼机电安装工程,0,NULL,中国建筑一局(集团)有限公司东北分公司,0001010000430020
4676,哈尔滨绿地国际花都一期B,0,NULL,中国建筑一局(集团)有限公司东北分公司,0001010000430020
1098744,中国医科大学沈北小区18#学生宿舍新建项目施工总承包,0,4,中国建筑一局(集团)有限公司东北分公司,0001010000430020
1072188,辽宁省妇幼保健院1号楼外立面幕墙（含门窗和屋面）改造项目,0,4,中国建筑一局(集团)有限公司东北分公司,0001010000430020
1058138,沈变公司试验车间及装配车间厂房扩建项目施工总承包项目,0,4,中国建筑一局(集团)有限公司东北分公司,0001010000430020
1024044,某部训练场地项目,0,2,中国建筑一局(集团)有限公司东北分公司,0001010000430020
992636,沈阳市民族职业学校改扩建项目,0,4,中国建筑一局(集团)有限公司东北分公司,0001010000430020
110157,邹城市老汽车站以北片区棚户区改造项目工程总承包项目,1,2,中国建筑一局(集团)有限公司东北分公司,0001010000430020
101892,天旗·万象新天一标段项目,0,NULL,中国建筑一局(集团)有限公司东北分公司,0001010000430020
95024,哈投经济创新研发中心工程,0,NULL,中国建筑一局(集团)有限公司东北分公司,0001010000430020
61532,国投生物（铁岭）年产30万吨燃料乙醇项目综合办公楼及室外地坪、厂前区围墙大门、生产控制中心等工程项目,0,NULL,中国建筑一局(集团)有限公司东北分公司,0001010000430020
26848,哈尔滨空港跨境电商物流园管理服务中心,0,NULL,中国建筑一局(集团)有限公司东北分公司,0001010000430020
26589,佳木斯年处理350万吨秸秆综合利用三期项目,0,NULL,中国建筑一局(集团)有限公司东北分公司,0001010000430020
24762,即墨商都片区一期（站前枢纽区）北安置区项目C区项目部,0,NULL,中国建筑一局(集团)有限公司东北分公司,0001010000430020
26047,宝马铸造车间机电二次配工程,0,NULL,中国建筑一局(集团)有限公司东北分公司,0001010000430020
16514,京华汤邑一期,0,NULL,中国建筑一局(集团)有限公司东北分公司,0001010000430020
14851,（2101040114）吉林绿地世纪城Ⅳ期项目,0,NULL,中国建筑一局(集团)有限公司东北分公司,0001010000430020
858,(2101040093)沈阳文化艺术中心,0,NULL,中国建筑一局(集团)有限公司东北分公司,0001010000430020
3832,(2101040111)铁岭市星悦南岸综合商业区一期A商业,0,NULL,中国建筑一局(集团)有限公司东北分公司,0001010000430020
1096817,康平县2025年-2027年高标准农田建设项目(2026年度)施工四标段,0,4,中国建筑一局(集团)有限公司东北分公司,0001010000430020
1090130,国家储备能力建设提升工程内蒙古局八三六处项目,0,4,中国建筑一局(集团)有限公司东北分公司,0001010000430020
1079812,大连理工西校区宿舍三期,0,4,中国建筑一局(集团)有限公司东北分公司,0001010000430020
1068525,文安县云锦华庭住宅小区项目,0,4,中国建筑一局(集团)有限公司东北分公司,0001010000430020
1064579,白城师范学院大学生产教融合综合实习实训基地建设项目施工,0,4,中国建筑一局(集团)有限公司东北分公司,0001010000430020
1059754,东北育才学校于洪高中分校新建工程 （EPC）,0,2,中国建筑一局(集团)有限公司东北分公司,0001010000430020
1056724,三峡能源黑龙江肇东德昌200MW风电项目,1,2,中国建筑一局(集团)有限公司东北分公司,0001010000430020
1048887,沈阳市于洪区陆港地区 2 号雨水泵站及配套管网工程总承包（EPC）,1,2,中国建筑一局(集团)有限公司东北分公司,0001010000430020
1032461,首都医科大学附属北京安贞医院吉林医院,1,2,中国建筑一局(集团)有限公司东北分公司,0001010000430020
1007032,沈抚示范区智能制造产业园项目一期施工总承包,0,4,中国建筑一局(集团)有限公司东北分公司,0001010000430020
1005605,济南发动机公司装配B线智能化提升技改项目工程施工,0,4,中国建筑一局(集团)有限公司东北分公司,0001010000430020
1002505,辽宁省沈阳新康监狱污水外线改造工程维修改造,0,NULL,中国建筑一局(集团)有限公司东北分公司,0001010000430020
95096,中国人民解放军 96605 部队室内综合训练馆新建工程施工项目,0,NULL,中国建筑一局(集团)有限公司东北分公司,0001010000430020
92091,中国刑事警察学院改扩建一期管廊工程施工,0,NULL,中国建筑一局(集团)有限公司东北分公司,0001010000430020
94523,北方药谷德生（沈阳）生物科技有限责任公司生物药国际CDMO基地项目,0,4,中国建筑一局(集团)有限公司东北分公司,0001010000430020
82059,天惠广场二期项目,0,NULL,中国建筑一局(集团)有限公司东北分公司,0001010000430020
26876,龙翔国际商务中心B区工程,0,4,中国建筑一局(集团)有限公司东北分公司,0001010000430020
826412,融创学府小区（中央学府）项目二期,0,NULL,中国建筑一局(集团)有限公司东北分公司,0001010000430020
44798,长春检验检测认证产业园核心区项目,0,NULL,中国建筑一局(集团)有限公司东北分公司,0001010000430020
17734,（2101040142）哈尔滨华南城现代商贸物流城项目3号交易广场及商业办公区c-14-01-1 一标段,0,NULL,中国建筑一局(集团)有限公司东北分公司,0001010000430020
26894,伊通河中段水生态治理工程,0,2,中国建筑一局(集团)有限公司东北分公司,0001010000430020
17429,（2101040131）华晨宝马汽车有限公司发动机工厂建设项目发动机南铸造间机电工厂施工总承包,0,NULL,中国建筑一局(集团)有限公司东北分公司,0001010000430020
17430,(2101040138)沈阳佳兆业中心办公楼机电安装（空调）工程,0,NULL,中国建筑一局(集团)有限公司东北分公司,0001010000430020
18417,（2101040158）泰和龙庭商住项目机电工程,0,NULL,中国建筑一局(集团)有限公司东北分公司,0001010000430020
8845,（2101040129）会展城上城二期B25地块,0,NULL,中国建筑一局(集团)有限公司东北分公司,0001010000430020
3831,(2101040110)万国红酒博览中心,0,NULL,中国建筑一局(集团)有限公司东北分公司,0001010000430020
4678,五洲国际动漫文化旅游城3#住宅区总承包工程,0,NULL,中国建筑一局(集团)有限公司东北分公司,0001010000430020
815528,峰山水库周边地块起步区安置房项目9#-15#楼及部分地下车库、设备用房,0,NULL,中国建筑一局(集团)有限公司东北分公司,0001010000430020
1103076,长春至榆树高速公路SG02标段四工区,0,4,中国建筑一局(集团)有限公司东北分公司,0001010000430020
1084057,沈阳市首批低空标准起降场项目,0,4,中国建筑一局(集团)有限公司东北分公司,0001010000430020
1075121,石河子生产服务型国家物流枢纽高标准公共仓储设施建设项目,0,4,中国建筑一局(集团)有限公司东北分公司,0001010000430020
1069670,沙岭片区内涝防治提升项目,0,4,中国建筑一局(集团)有限公司东北分公司,0001010000430020
1055277,高速口至暗河景区道路工程,0,4,中国建筑一局(集团)有限公司东北分公司,0001010000430020
1052551,调兵山市循环产业园区基础设施建设项目（三期）—辽宁钛时代科技工业产业园工程,0,4,中国建筑一局(集团)有限公司东北分公司,0001010000430020
1030573,勃利县2023年农村公路建设项目,0,4,中国建筑一局(集团)有限公司东北分公司,0001010000430020
1019982,太原市南中环北储备地块二建设项目（北地块）EPC总承包,1,4,中国建筑一局(集团)有限公司东北分公司,0001010000430020
1010664,2022年延吉市亮化景观提升工程项目工程总承包,1,2,中国建筑一局(集团)有限公司东北分公司,0001010000430020
1000957,吉林延吉国际空港经济开发区吉浙对口合作产业基地建设项目工程总承包,1,2,中国建筑一局(集团)有限公司东北分公司,0001010000430020
999566,大马力智能拖拉机新工厂一期项目,0,NULL,中国建筑一局(集团)有限公司东北分公司,0001010000430020
990879,和龙金达莱通用机场项目,0,4,中国建筑一局(集团)有限公司东北分公司,0001010000430020
11857,(2101040090)法兰西印象-塞纳左岸,0,NULL,中国建筑一局(集团)有限公司东北分公司,0001010000430020
13851,晋源东区一号地块棚户区改造安置住房项目,0,NULL,中国建筑一局(集团)有限公司东北分公司,0001010000430020
1828,上街智能电气产业园一期标准化厂房建设项目,0,NULL,中国建筑一局(集团)有限公司东北分公司,0001010000430020
1082471,风机大部件装备制造项目-丹东中车时代绿色装备产业基地 建设(二期)项目,0,4,中国建筑一局(集团)有限公司东北分公司,0001010000430020
1004731,大连北站综合交通枢纽装饰装修工程,1,4,中国建筑一局(集团)有限公司东北分公司,0001010000430020
997130,沈阳城市固废综合利用绿色环保产业园 EPC 总承包,0,2,中国建筑一局(集团)有限公司东北分公司,0001010000430020
110070,内蒙古自治区赤峰监狱迁建项目工程施工二标段,0,4,中国建筑一局(集团)有限公司东北分公司,0001010000430020
104024,哈尔滨市融创冰雪影都项目1#地总承包工程,0,4,中国建筑一局(集团)有限公司东北分公司,0001010000430020
78831,辽宁省妇幼保健院扩建妇保综合楼项目,0,NULL,中国建筑一局(集团)有限公司东北分公司,0001010000430020
16432,华晨宝马汽车有限公司大东工厂第七代新五系建设项目,0,NULL,中国建筑一局(集团)有限公司东北分公司,0001010000430020
12828,（2101040167）唯郡商业广场项目,0,NULL,中国建筑一局(集团)有限公司东北分公司,0001010000430020
18737,（2101040130）齐齐哈尔恒大名都三期,0,NULL,中国建筑一局(集团)有限公司东北分公司,0001010000430020
12831,（2101040124）长春市幸福乡农民住宅安置小区,0,NULL,中国建筑一局(集团)有限公司东北分公司,0001010000430020
12833,（2101040108）辽阳汤泉驿项目会所空调安装工程,0,NULL,中国建筑一局(集团)有限公司东北分公司,0001010000430020
13853,第十一大项目部,1,NULL,中国建筑一局(集团)有限公司东北分公司,0001010000430020
15191,(2101040117)吉林市昌邑区中央广场,0,NULL,中国建筑一局(集团)有限公司东北分公司,0001010000430020
6844,2101040131华晨宝马三标段铸造车间,0,NULL,中国建筑一局(集团)有限公司东北分公司,0001010000430020
5590,(2101040132)五洲国际工业博览城A地块一期,0,NULL,中国建筑一局(集团)有限公司东北分公司,0001010000430020
6846,第八大项目部,1,NULL,中国建筑一局(集团)有限公司东北分公司,0001010000430020
3833,(2101040105)会展城上城一期B26地块,0,NULL,中国建筑一局(集团)有限公司东北分公司,0001010000430020
1094333,北京怀柔雁栖河滨水空间提升工程,0,4,中建一局集团建设发展有限公司直营项目,00010100004300040017
1087389,北京十一学校朝阳高中部,0,5,中建一局集团建设发展有限公司直营项目,00010100004300040017
1074440,北京建科集团央企老旧小区改造,0,5,中建一局集团建设发展有限公司直营项目,00010100004300040017
1029780,北京清华大学学生活动中心,0,5,中建一局集团建设发展有限公司直营项目,00010100004300040017
1027955,北京中关村广场城市更新,0,5,中建一局集团建设发展有限公司直营项目,00010100004300040017
1013098,金融街A5改扩建,0,NULL,中建一局集团建设发展有限公司直营项目,00010100004300040017
1006753,北京颐堤港二期,0,5,中建一局集团建设发展有限公司直营项目,00010100004300040017
1005401,广州市建设六马路1号改造,0,5,中建一局集团建设发展有限公司直营项目,00010100004300040017
1003089,绍兴中芯集成电路项目,0,5,中建一局集团建设发展有限公司直营项目,00010100004300040017
1002278,浙江湖州正威集团华东总部制造基地,0,5,中建一局集团建设发展有限公司直营项目,00010100004300040017
991322,南通至无锡高速公路海门至通州段TXGS-LJ3项目部,0,5,中建一局集团建设发展有限公司直营项目,00010100004300040017
991155,广西南宁电信东盟信息园动力中心柴发机房,0,NULL,中建一局集团建设发展有限公司直营项目,00010100004300040017
110514,西安阎良三四七区安置房,0,5,中建一局集团建设发展有限公司直营项目,00010100004300040017
97867,雄安站枢纽片区市政综合管廊第三项目部,0,NULL,中建一局集团建设发展有限公司直营项目,00010100004300040017
98795,北京前门B2B3地块重启后改造工程,0,NULL,中建一局集团建设发展有限公司直营项目,00010100004300040017
92927,北京顺义后沙峪共有产权房,0,5,中建一局集团建设发展有限公司直营项目,00010100004300040017
89979,北京中粮科技园标准厂房二期,0,NULL,中建一局集团建设发展有限公司直营项目,00010100004300040017
84972,北京环球度假区（集团）,0,NULL,中建一局集团建设发展有限公司直营项目,00010100004300040017
76322,北京永安宾馆装修,0,NULL,中建一局集团建设发展有限公司直营项目,00010100004300040017
82366,西安奕斯伟硅产业基地,0,NULL,中建一局集团建设发展有限公司直营项目,00010100004300040017
62726,五棵松冰上运动中心项目,0,NULL,中建一局集团建设发展有限公司直营项目,00010100004300040017
51641,北京香山军队安置房,0,4,中建一局集团建设发展有限公司直营项目,00010100004300040017
45647,无锡鸿坤理想湾项目,0,NULL,中建一局集团建设发展有限公司直营项目,00010100004300040017
30597,成都京东方AMOLED工艺技术测试中心,0,NULL,中建一局集团建设发展有限公司直营项目,00010100004300040017
27044,北京门头沟保利小学,0,NULL,中建一局集团建设发展有限公司直营项目,00010100004300040017
28792,东莞华为研发实验室一期,0,NULL,中建一局集团建设发展有限公司直营项目,00010100004300040017
13392,天津天通泰观湖花园,0,NULL,中建一局集团建设发展有限公司直营项目,00010100004300040017
13395,清华大学苏世民书院,0,NULL,中建一局集团建设发展有限公司直营项目,00010100004300040017
9388,朝阳门SOHO中心南区商业加层,0,NULL,中建一局集团建设发展有限公司直营项目,00010100004300040017
7391,天碱商业区14#地,0,NULL,中建一局集团建设发展有限公司直营项目,00010100004300040017
6358,(2104010194)北汽动力总成基地,0,NULL,中建一局集团建设发展有限公司直营项目,00010100004300040017
10382,北京天竺万科中心,0,NULL,中建一局集团建设发展有限公司直营项目,00010100004300040017
5325,武汉华星光电t3,0,NULL,中建一局集团建设发展有限公司直营项目,00010100004300040017
2428,(2104010185)望京SOHO中心工程,0,NULL,中建一局集团建设发展有限公司直营项目,00010100004300040017
2396,(2104130002)国瑞光电产业基地,0,NULL,中建一局集团建设发展有限公司直营项目,00010100004300040017
2422,(2104010190)北京金蝶软件园,0,NULL,中建一局集团建设发展有限公司直营项目,00010100004300040017
1101698,北京怀柔妇幼保健院综合能源,0,4,中建一局集团建设发展有限公司直营项目,00010100004300040017
1086738,北京大学新燕园校区健德楼改造,0,11,中建一局集团建设发展有限公司直营项目,00010100004300040017
1085284,北京延庆康顺路道路工程,0,4,中建一局集团建设发展有限公司直营项目,00010100004300040017
1075325,安徽马鞍山含山县排涝通道建设及泵站建设与改造,0,4,中建一局集团建设发展有限公司直营项目,00010100004300040017
1072087,遵义天然气综合利用,0,4,中建一局集团建设发展有限公司直营项目,00010100004300040017
1072084,泉州晋江普尚国际中心,0,4,中建一局集团建设发展有限公司直营项目,00010100004300040017
1056202,北京1号修复机电,0,11,中建一局集团建设发展有限公司直营项目,00010100004300040017
1051868,北京大学理科3号楼改扩建,0,5,中建一局集团建设发展有限公司直营项目,00010100004300040017
1046773,重庆12英寸集成电路特色工艺线项目（一期）EPC,0,2,中建一局集团建设发展有限公司直营项目,00010100004300040017
1023661,京东方高端模组项目,0,5,中建一局集团建设发展有限公司直营项目,00010100004300040017
1023133,西安三期庞关工业园厂房及配套能源中心项目,0,4,中建一局集团建设发展有限公司直营项目,00010100004300040017
1007328,西安奕斯伟集成电路产业基地,0,5,中建一局集团建设发展有限公司直营项目,00010100004300040017
993514,无锡芯卓半导体产业化建设,0,NULL,中建一局集团建设发展有限公司直营项目,00010100004300040017
108201,佛山市南海区里水河流域治理,0,NULL,中建一局集团建设发展有限公司直营项目,00010100004300040017
98621,雄安高铁站片区外部输水管线,0,NULL,中建一局集团建设发展有限公司直营项目,00010100004300040017
97231,合肥长鑫12吋存储器晶圆制造基地项目一期改扩建,0,NULL,中建一局集团建设发展有限公司直营项目,00010100004300040017
89616,北京19年打分,0,4,中建一局集团建设发展有限公司直营项目,00010100004300040017
76461,杭州中芯晶圆半导体股份有限公司半导体大硅片（200mm、300mm）项目,0,NULL,中建一局集团建设发展有限公司直营项目,00010100004300040017
76341,南通阿里云计算数据中心,0,NULL,中建一局集团建设发展有限公司直营项目,00010100004300040017
51915,武汉泰康之家·楚园,0,NULL,中建一局集团建设发展有限公司直营项目,00010100004300040017
55556,西安三星半导体二期UT栋,0,NULL,中建一局集团建设发展有限公司直营项目,00010100004300040017
45124,湖北襄阳正大一期,0,NULL,中建一局集团建设发展有限公司直营项目,00010100004300040017
18356,中粮万科长阳商业综合楼,0,NULL,中建一局集团建设发展有限公司直营项目,00010100004300040017
20866,合肥整机智能制造生产线项目,0,NULL,中建一局集团建设发展有限公司直营项目,00010100004300040017
16382,(2104010209)总后京丰宾馆老客房楼改造工程,0,NULL,中建一局集团建设发展有限公司直营项目,00010100004300040017
16840,福州第8.5代新型半导体显示器件生产线,0,NULL,中建一局集团建设发展有限公司直营项目,00010100004300040017
6357,联想总部(北京)园区一期工程,0,NULL,中建一局集团建设发展有限公司直营项目,00010100004300040017
7387,京西商务中心（西区）商业金融用地,0,NULL,中建一局集团建设发展有限公司直营项目,00010100004300040017
2406,(2104050004)无锡国联大厦,0,NULL,中建一局集团建设发展有限公司直营项目,00010100004300040017
387,北京国锐广场机电,0,4,中建一局集团建设发展有限公司直营项目,00010100004300040017
2420,(2104020005)天津嘉里中心,0,NULL,中建一局集团建设发展有限公司直营项目,00010100004300040017
1096315,北京怀柔新城,0,4,中建一局集团建设发展有限公司直营项目,00010100004300040017
1084762,泉州闽南科技学院新校区,0,4,中建一局集团建设发展有限公司直营项目,00010100004300040017
1079950,北京中国民航管理干部学院专家楼装修,0,4,中建一局集团建设发展有限公司直营项目,00010100004300040017
1079187,北京昌平艾佰瑞产业基地,0,5,中建一局集团建设发展有限公司直营项目,00010100004300040017
1058371,泉州鲤城江滨南岸体育及配套工程,0,5,中建一局集团建设发展有限公司直营项目,00010100004300040017
1043152,北京门头沟新城排水管线水毁修复,0,5,中建一局集团建设发展有限公司直营项目,00010100004300040017
1031049,内蒙和林格尔国家级高性能计算机系统机电工程,0,11,中建一局集团建设发展有限公司直营项目,00010100004300040017
1018195,北京气象信息化系统机电工程,0,5,中建一局集团建设发展有限公司直营项目,00010100004300040017
1013532,青白江五环路（二标段）,0,2,中建一局集团建设发展有限公司直营项目,00010100004300040017
1010658,景德镇浮梁通用机场项目,0,NULL,中建一局集团建设发展有限公司直营项目,00010100004300040017
1007233,重庆土主污水处理厂三期扩建项目,0,5,中建一局集团建设发展有限公司直营项目,00010100004300040017
999508,重庆水土污水处理厂三期扩建项目,0,4,中建一局集团建设发展有限公司直营项目,00010100004300040017
997838,秦皇岛礼鼎高端集成电路封装载板智能制造基地,0,5,中建一局集团建设发展有限公司直营项目,00010100004300040017
112368,北京顺义新城第13街区居住区,0,5,中建一局集团建设发展有限公司直营项目,00010100004300040017
100817,北京通州核心区运河项目Ⅱ-05地块,0,NULL,中建一局集团建设发展有限公司直营项目,00010100004300040017
92865,北京房山华发中央公园项目,0,NULL,中建一局集团建设发展有限公司直营项目,00010100004300040017
95881,天津地铁7号线一期工程PPP项目土建10标段,0,5,中建一局集团建设发展有限公司直营项目,00010100004300040017
90569,中建一局集团建设发展有限公司（西南分公司）,0,NULL,中建一局集团建设发展有限公司直营项目,00010100004300040017
97580,雄安站枢纽片区市政综合管廊第一项目部,0,NULL,中建一局集团建设发展有限公司直营项目,00010100004300040017
82610,北京新机场信息中心,0,NULL,中建一局集团建设发展有限公司直营项目,00010100004300040017
51772,北京生命科学研究所扩建,0,4,中建一局集团建设发展有限公司直营项目,00010100004300040017
66702,北京高丽营三期03-31地块,0,NULL,中建一局集团建设发展有限公司直营项目,00010100004300040017
44604,北京西华府商办楼通风工程,0,NULL,中建一局集团建设发展有限公司直营项目,00010100004300040017
45856,绵阳京东方第6代AMOLED柔性生产线项目,0,4,中建一局集团建设发展有限公司直营项目,00010100004300040017
31037,南昌高新微电子科技园,0,NULL,中建一局集团建设发展有限公司直营项目,00010100004300040017
44408,陕西渭南澄城正大一期,0,NULL,中建一局集团建设发展有限公司直营项目,00010100004300040017
44498,无锡恒隆广场办公楼2座工程,0,NULL,中建一局集团建设发展有限公司直营项目,00010100004300040017
28450,北京平安金融中心E05地块,0,4,中建一局集团建设发展有限公司直营项目,00010100004300040017
25305,北京丽泽soho机电,0,4,中建一局集团建设发展有限公司直营项目,00010100004300040017
15354,北京国贸东楼改造及交通一体化,0,NULL,中建一局集团建设发展有限公司直营项目,00010100004300040017
17546,杭州理想银泰城,0,NULL,中建一局集团建设发展有限公司直营项目,00010100004300040017
15353,北京联想总部园区二期,0,NULL,中建一局集团建设发展有限公司直营项目,00010100004300040017
4304,(2104010176)清华大学百年会堂,0,NULL,中建一局集团建设发展有限公司直营项目,00010100004300040017
1350,(2104010184)大兴17号地,0,NULL,中建一局集团建设发展有限公司直营项目,00010100004300040017
2425,(2104130004)天津金融街（和平）中心,0,NULL,中建一局集团建设发展有限公司直营项目,00010100004300040017
1102175,安徽天星医药物流扩建,0,4,中建一局集团建设发展有限公司直营项目,00010100004300040017
1098756,盐城经开区100MW渔光一体光伏发电,0,4,中建一局集团建设发展有限公司直营项目,00010100004300040017
1096294,合肥少荃湖中轴生态文旅基础设施提升,0,4,中建一局集团建设发展有限公司直营项目,00010100004300040017
1082691,北京昌平沙河高教园区配套高中,0,5,中建一局集团建设发展有限公司直营项目,00010100004300040017
1081154,青岛官路水库输配水工程（一期）城阳区段排水管线迁改,0,4,中建一局集团建设发展有限公司直营项目,00010100004300040017
1080335,绵阳新区道路及公用基础设施建设项目（一期）,0,4,中建一局集团建设发展有限公司直营项目,00010100004300040017
1078493,重庆8英寸碳化硅晶圆生产基地,0,4,中建一局集团建设发展有限公司直营项目,00010100004300040017
1074252,山西徐特立高级职业中学刘胡兰实训基地配套设施建设及设备购置项目EPC总承包其它项目,1,2,中建一局集团建设发展有限公司直营项目,00010100004300040017
1071985,北京延庆农业产业园,0,4,中建一局集团建设发展有限公司直营项目,00010100004300040017
1064317,重庆奕能碳化硅模组生产基地,0,5,中建一局集团建设发展有限公司直营项目,00010100004300040017
1063367,北京踩河学校建设-发展授权,0,5,中建一局集团建设发展有限公司直营项目,00010100004300040017
1016835,雄安华能总部项目,0,5,中建一局集团建设发展有限公司直营项目,00010100004300040017
1006310,福鼎时代锂离子电池生产基地机电,0,5,中建一局集团建设发展有限公司直营项目,00010100004300040017
1005168,成都京东方车载显示基地,0,NULL,中建一局集团建设发展有限公司直营项目,00010100004300040017
1003348,埃及阿拉曼新城超高综合体项目T01标段,0,2,中建一局集团建设发展有限公司直营项目,00010100004300040017
993111,苏州虞城(姑苏)±800千伏换流站土建C包,0,NULL,中建一局集团建设发展有限公司直营项目,00010100004300040017
989535,运城新建铜基新材料基地,0,NULL,中建一局集团建设发展有限公司直营项目,00010100004300040017
111563,南通绕城高速公路LJ3工区第1项目部,0,NULL,中建一局集团建设发展有限公司直营项目,00010100004300040017
107867,广州维信诺第6代柔性AMOLED模组生产线机电,0,NULL,中建一局集团建设发展有限公司直营项目,00010100004300040017
103455,深圳机场调蓄池泵闸站项目,0,4,中建一局集团建设发展有限公司直营项目,00010100004300040017
98348,北京大学化学学院E区大楼,0,NULL,中建一局集团建设发展有限公司直营项目,00010100004300040017
89506,北京清华大学北体育馆,0,5,中建一局集团建设发展有限公司直营项目,00010100004300040017
92698,西安利星行酒店项目,0,5,中建一局集团建设发展有限公司直营项目,00010100004300040017
83202,杭州仁和阿里云计算数据中心,0,NULL,中建一局集团建设发展有限公司直营项目,00010100004300040017
27229,无锡恒隆广场办公楼2座保护工程,0,NULL,中建一局集团建设发展有限公司直营项目,00010100004300040017
36587,西大望路二期项目,0,4,中建一局集团建设发展有限公司直营项目,00010100004300040017
40963,佛山陈村总商会大厦,0,NULL,中建一局集团建设发展有限公司直营项目,00010100004300040017
26988,北京观承别墅03-38地块二标段,0,NULL,中建一局集团建设发展有限公司直营项目,00010100004300040017
20308,金融街东丽湖项目一期及展示区总承包工程,0,NULL,中建一局集团建设发展有限公司直营项目,00010100004300040017
18355,五棵松篮球公园施工总承包工程,0,NULL,中建一局集团建设发展有限公司直营项目,00010100004300040017
17368,北京新机场安置房,0,NULL,中建一局集团建设发展有限公司直营项目,00010100004300040017
14360,北京丽泽金融商务区E-13、E-14地块,0,4,中建一局集团建设发展有限公司直营项目,00010100004300040017
3353,腾讯滨海大厦项目机电专业分包工程,0,NULL,中建一局集团建设发展有限公司直营项目,00010100004300040017
2434,(2104010193)泰德制药研发中心扩建,0,NULL,中建一局集团建设发展有限公司直营项目,00010100004300040017
3350,合肥鑫晟光电科技有限公司触摸屏生产线,0,NULL,中建一局集团建设发展有限公司直营项目,00010100004300040017
2419,(2104130001)唐山橡树湾,0,NULL,中建一局集团建设发展有限公司直营项目,00010100004300040017
2418,(2104010189)国电新能源研究院总承包Ⅲ标段,0,NULL,中建一局集团建设发展有限公司直营项目,00010100004300040017
1077991,北京和盈办公区装修工程,0,11,中建一局集团建设发展有限公司直营项目,00010100004300040017
1073594,第二批央企在京老旧小区综合整治项目(标包二十八)(东城区和平里街道)工程总承包(一标段)(EPC),0,2,中建一局集团建设发展有限公司直营项目,00010100004300040017
1050146,北京数字经济算力中心机电,0,5,中建一局集团建设发展有限公司直营项目,00010100004300040017
1032268,成都国际铁路港货运主通道提升改造,0,2,中建一局集团建设发展有限公司直营项目,00010100004300040017
1021108,菲律宾香格里拉大厦项目,0,5,中建一局集团建设发展有限公司直营项目,00010100004300040017
1017795,通锡高速公路海门至通州段LM2,0,5,中建一局集团建设发展有限公司直营项目,00010100004300040017
1008460,北京广北街33号院213号楼内装修工程机电,0,11,中建一局集团建设发展有限公司直营项目,00010100004300040017
1005744,中国移动国际信息港2021-2024年（三年）园区基础设施维修服务采购项目,0,NULL,中建一局集团建设发展有限公司直营项目,00010100004300040017
999804,北京华能人才基地B栋实验楼数据机房改造,0,NULL,中建一局集团建设发展有限公司直营项目,00010100004300040017
993406,成都奕斯伟板级封装系统集成电路,0,5,中建一局集团建设发展有限公司直营项目,00010100004300040017
100194,北京万科望溪,0,NULL,中建一局集团建设发展有限公司直营项目,00010100004300040017
94326,综合服务中心,0,NULL,中建一局集团建设发展有限公司直营项目,00010100004300040017
92348,九江新建快速路一期工程,0,NULL,中建一局集团建设发展有限公司直营项目,00010100004300040017
99382,北京东小口安置住房及综合整治,0,NULL,中建一局集团建设发展有限公司直营项目,00010100004300040017
96442,杭州地铁3号线一期工程星桥车辆段,0,5,中建一局集团建设发展有限公司直营项目,00010100004300040017
90106,成都京东方第6代柔性AMOLED触控一体化显示器件,0,NULL,中建一局集团建设发展有限公司直营项目,00010100004300040017
93091,北京火神庙商业中心改造项目,0,NULL,中建一局集团建设发展有限公司直营项目,00010100004300040017
78922,广州粤芯半导体,0,NULL,中建一局集团建设发展有限公司直营项目,00010100004300040017
68935,成都温江区BLT（申请劳务管理员账号）,0,NULL,中建一局集团建设发展有限公司直营项目,00010100004300040017
28037,北京五棵松文化体育中心配套综合楼,0,NULL,中建一局集团建设发展有限公司直营项目,00010100004300040017
20317,重庆华熙LIVE·鱼洞体育馆,0,NULL,中建一局集团建设发展有限公司直营项目,00010100004300040017
18507,大连港湾街二号地块,0,NULL,中建一局集团建设发展有限公司直营项目,00010100004300040017
13393,腾讯滨海大厦项目机电专业分包工程,0,NULL,中建一局集团建设发展有限公司直营项目,00010100004300040017
13389,北京招商嘉铭10地块商业办公,0,NULL,中建一局集团建设发展有限公司直营项目,00010100004300040017
7390,雅诗阁公寓机电改造工程,0,NULL,中建一局集团建设发展有限公司直营项目,00010100004300040017
1343,北京霞光里5号、6号商业金融,0,NULL,中建一局集团建设发展有限公司直营项目,00010100004300040017
1083697,北京航天科工集团央企老旧小区改造EPC,0,2,中建一局集团建设发展有限公司直营项目,00010100004300040017
1081069,天津新紫光汽车电子研发智能制造基地,0,5,中建一局集团建设发展有限公司直营项目,00010100004300040017
1075554,北京天玛产业基地二期EPC,0,4,中建一局集团建设发展有限公司直营项目,00010100004300040017
1074661,安徽马鞍山含山县农村环境综合整治,0,4,中建一局集团建设发展有限公司直营项目,00010100004300040017
1061388,西安电子科技大学测试分析大楼,0,5,中建一局集团建设发展有限公司直营项目,00010100004300040017
1058370,漳州圆山大道和西环城路路面改造工程,0,11,中建一局集团建设发展有限公司直营项目,00010100004300040017
1056856,北京字节跳动京区职场机电改造,0,11,中建一局集团建设发展有限公司直营项目,00010100004300040017
1050570,上海铂钺制冷科技有限公司机电,0,11,中建一局集团建设发展有限公司直营项目,00010100004300040017
1029291,北京朝阳王四营乡配套学校新建,0,5,中建一局集团建设发展有限公司直营项目,00010100004300040017
1026281,重庆欣晖硅及碳化硅部件,0,5,中建一局集团建设发展有限公司直营项目,00010100004300040017
1023306,北京精准医学产业园二期,0,5,中建一局集团建设发展有限公司直营项目,00010100004300040017
95890,公司财务部,0,5,中建一局集团建设发展有限公司直营项目,00010100004300040017
83092,环球度假区,0,NULL,中建一局集团建设发展有限公司直营项目,00010100004300040017
55663,河北雄安新区万科实验室,0,NULL,中建一局集团建设发展有限公司直营项目,00010100004300040017
65142,武汉华星光电t4机电A包,0,NULL,中建一局集团建设发展有限公司直营项目,00010100004300040017
45155,无锡,0,5,中建一局集团建设发展有限公司直营项目,00010100004300040017
54267,重庆华熙LIVE·鱼洞住宅,0,4,中建一局集团建设发展有限公司直营项目,00010100004300040017
28257,山东移动（青岛）数据中心一期空调系统施工,0,NULL,中建一局集团建设发展有限公司直营项目,00010100004300040017
44305,北京招商嘉铭酒店项目,0,NULL,中建一局集团建设发展有限公司直营项目,00010100004300040017
25070,南京台积电12吋晶圆厂与设计服务中心一期,0,4,中建一局集团建设发展有限公司直营项目,00010100004300040017
28489,武汉国家存储器基地,0,NULL,中建一局集团建设发展有限公司直营项目,00010100004300040017
28166,北京怀柔区雁栖湖柏崖厂村E2地块,0,5,中建一局集团建设发展有限公司直营项目,00010100004300040017
16673,深圳平安金融中心南塔,0,NULL,中建一局集团建设发展有限公司直营项目,00010100004300040017
15352,北京地区,1,NULL,中建一局集团建设发展有限公司直营项目,00010100004300040017
18365,北京市CBD核心区Z2b地块商业金融,0,4,中建一局集团建设发展有限公司直营项目,00010100004300040017
9392,(2104130003)唐山传媒大厦工程,0,NULL,中建一局集团建设发展有限公司直营项目,00010100004300040017
6359,利星行中心,0,NULL,中建一局集团建设发展有限公司直营项目,00010100004300040017
1101676,北京市区纪委信息化升级改造装修采购,0,4,中建一局集团建设发展有限公司直营项目,00010100004300040017
1081864,盘锦海洋生态保护修复,0,4,中建一局集团建设发展有限公司直营项目,00010100004300040017
1080366,西安光通信器件装研发及产业化洁净机电,0,4,中建一局集团建设发展有限公司直营项目,00010100004300040017
1078300,雄安科技创新产业基地,0,11,中建一局集团建设发展有限公司直营项目,00010100004300040017
1077872,昌平区回龙观国际信息产业基地（二期）A4体育场土护降,0,11,中建一局集团建设发展有限公司直营项目,00010100004300040017
1060161,北京大学昌平校区综合科研大楼,0,5,中建一局集团建设发展有限公司直营项目,00010100004300040017
1051244,成都奕成新建立体仓,0,5,中建一局集团建设发展有限公司直营项目,00010100004300040017
1029854,北京平谷新城东部片区环境综合整治道路大修,0,5,中建一局集团建设发展有限公司直营项目,00010100004300040017
1026697,西安阿房宫养老公寓内装修,0,11,中建一局集团建设发展有限公司直营项目,00010100004300040017
1024491,江苏盐城弗迪汽车动力电池机电,0,5,中建一局集团建设发展有限公司直营项目,00010100004300040017
1023760,北京慈云寺北里118号楼内装修机电,0,5,中建一局集团建设发展有限公司直营项目,00010100004300040017
1019665,绍兴比亚迪厂房及配套设施建设项目,0,5,中建一局集团建设发展有限公司直营项目,00010100004300040017
1016464,成都比亚迪半导体厂房项目,0,4,中建一局集团建设发展有限公司直营项目,00010100004300040017
1013111,广西融安至阳朔高速公路 PPP项目,0,3,中建一局集团建设发展有限公司直营项目,00010100004300040017
1009311,北京五棵松万达广场改造,0,5,中建一局集团建设发展有限公司直营项目,00010100004300040017
995585,北京新街口1号工程,0,5,中建一局集团建设发展有限公司直营项目,00010100004300040017
994725,北京雷亚架项目部,0,NULL,中建一局集团建设发展有限公司直营项目,00010100004300040017
993038,北京通州网络安全技术研发及应用平台厂房及配套设施建设项目,0,5,中建一局集团建设发展有限公司直营项目,00010100004300040017
991102,北京昌平新校区宿舍装修改造工程,0,5,中建一局集团建设发展有限公司直营项目,00010100004300040017
104462,北京如家北纬路店装修,0,NULL,中建一局集团建设发展有限公司直营项目,00010100004300040017
100148,航天工程大学批量发包建设项目,0,5,中建一局集团建设发展有限公司直营项目,00010100004300040017
95482,河南建业拾捌壹期机电专业分包项目,0,NULL,中建一局集团建设发展有限公司直营项目,00010100004300040017
94300,工业化建筑工作室,0,NULL,中建一局集团建设发展有限公司直营项目,00010100004300040017
96875,容城县农村生活污水综合整治项目（EPC）一标,0,NULL,中建一局集团建设发展有限公司直营项目,00010100004300040017
80641,上饶华熙Live·信江一期,0,NULL,中建一局集团建设发展有限公司直营项目,00010100004300040017
77636,北京远洋瀛海,0,NULL,中建一局集团建设发展有限公司直营项目,00010100004300040017
51800,深圳华星光电第11代大宗气体站,0,0,中建一局集团建设发展有限公司直营项目,00010100004300040017
76353,北京国贸公寓改造,0,NULL,中建一局集团建设发展有限公司直营项目,00010100004300040017
65075,和平村项目幼儿园，B区南部，F区7、8号楼工程,0,4,中建一局集团建设发展有限公司直营项目,00010100004300040017
29107,深圳华星光电第11代TFT-LCD及AMOLED新型显示器件,0,NULL,中建一局集团建设发展有限公司直营项目,00010100004300040017
51712,北京新机场南航航空食品设施,0,NULL,中建一局集团建设发展有限公司直营项目,00010100004300040017
30760,北京华力国际大厦,0,NULL,中建一局集团建设发展有限公司直营项目,00010100004300040017
17361,国家游泳中心改造二期,0,NULL,中建一局集团建设发展有限公司直营项目,00010100004300040017
17366,首开万科中心,0,4,中建一局集团建设发展有限公司直营项目,00010100004300040017
18354,天通泰中以文化数码科技园,0,NULL,中建一局集团建设发展有限公司直营项目,00010100004300040017
13391,国内,1,NULL,中建一局集团建设发展有限公司直营项目,00010100004300040017
2408,(2104010200)华能人才创新创业基地,0,NULL,中建一局集团建设发展有限公司直营项目,00010100004300040017
2398,(2104010186)西大望路,0,NULL,中建一局集团建设发展有限公司直营项目,00010100004300040017
2397,(2104010187)清河住宅及配套二期东区,0,NULL,中建一局集团建设发展有限公司直营项目,00010100004300040017
1085876,北京中建一局五公司央企在京老旧小区综合整治（EPC）,0,4,中建一局集团建设发展有限公司直营项目,00010100004300040017
1084761,莆田海安集团总部建设,0,4,中建一局集团建设发展有限公司直营项目,00010100004300040017
1077750,北京朱辛庄1#综合能源利用中心,0,4,中建一局集团建设发展有限公司直营项目,00010100004300040017
1072391,北京昌平回龙观国际信息产业基地(二期)A4体育场,0,5,中建一局集团建设发展有限公司直营项目,00010100004300040017
1072081,唐山甲醇石脑油耦合制烯烃（一期）,0,4,中建一局集团建设发展有限公司直营项目,00010100004300040017
1055454,上海芯浦天英产线厂房,0,4,中建一局集团建设发展有限公司直营项目,00010100004300040017
1055055,嘉兴秀湖桥梁EPC,0,2,中建一局集团建设发展有限公司直营项目,00010100004300040017
1047711,雄安中国华能总部精装修,0,11,中建一局集团建设发展有限公司直营项目,00010100004300040017
1041062,南昌瑞能半导体实验中心搬迁及装修机电,0,2,中建一局集团建设发展有限公司直营项目,00010100004300040017
1022587,智利近地物体综合观测系统基础建设工程,0,5,中建一局集团建设发展有限公司直营项目,00010100004300040017
1021109,海参崴文化艺术综合体项目,0,5,中建一局集团建设发展有限公司直营项目,00010100004300040017
1016884,河北建投雄安·金湖未来城金湖公园项目-南湖公园工程,0,5,中建一局集团建设发展有限公司直营项目,00010100004300040017
1005789,成都成华区建设路提升改造,0,NULL,中建一局集团建设发展有限公司直营项目,00010100004300040017
1004823,重庆轨道交通27号线土建工程12标,0,5,中建一局集团建设发展有限公司直营项目,00010100004300040017
993024,北京中芯北方BO2剩余楼层装修,0,NULL,中建一局集团建设发展有限公司直营项目,00010100004300040017
992762,北京泰康之家燕园三期,0,NULL,中建一局集团建设发展有限公司直营项目,00010100004300040017
111551,南通绕城高速公路LJ3工区第2项目部,0,11,中建一局集团建设发展有限公司直营项目,00010100004300040017
90031,常州青龙西路定销房,0,5,中建一局集团建设发展有限公司直营项目,00010100004300040017
84874,北京国家科技传播中心,0,NULL,中建一局集团建设发展有限公司直营项目,00010100004300040017
83033,南通阿里云计算数据中心机电,0,NULL,中建一局集团建设发展有限公司直营项目,00010100004300040017
81832,北京纺织科研实验楼机电,0,NULL,中建一局集团建设发展有限公司直营项目,00010100004300040017
77711,北京欧德宝商贸中心,0,5,中建一局集团建设发展有限公司直营项目,00010100004300040017
79059,北京A座科研楼,0,NULL,中建一局集团建设发展有限公司直营项目,00010100004300040017
76411,北京利星行中心二期,0,NULL,中建一局集团建设发展有限公司直营项目,00010100004300040017
40962,广州白云区云城花海大厦,0,NULL,中建一局集团建设发展有限公司直营项目,00010100004300040017
47432,甘肃庆阳正大一期,0,4,中建一局集团建设发展有限公司直营项目,00010100004300040017
36651,武汉华星光电t4,0,NULL,中建一局集团建设发展有限公司直营项目,00010100004300040017
25126,中国人民银行清算总中心北京中心低压配电工程,0,4,中建一局集团建设发展有限公司直营项目,00010100004300040017
17358,石景山区南宫住宅小区,0,NULL,中建一局集团建设发展有限公司直营项目,00010100004300040017
16372,泰康之家燕园二期,0,NULL,中建一局集团建设发展有限公司直营项目,00010100004300040017
11408,昆山友达L6K厂房改建,0,NULL,中建一局集团建设发展有限公司直营项目,00010100004300040017
13388,北京门头沟保利首开自住房,0,NULL,中建一局集团建设发展有限公司直营项目,00010100004300040017
10381,北京生命科学科研大楼,0,NULL,中建一局集团建设发展有限公司直营项目,00010100004300040017
2432,(1101040029)沈阳大悦城D区机电,0,NULL,中建一局集团建设发展有限公司直营项目,00010100004300040017
1091743,北京新华书店总店投资改造运营项目总承包工程,0,5,中建一局集团建设发展有限公司直营项目,00010100004300040017
1087357,北京怀柔区水毁修复工程（公路),0,4,中建一局集团建设发展有限公司直营项目,00010100004300040017
1085725,北京怀柔区水毁修复工程（街坊路）,0,4,中建一局集团建设发展有限公司直营项目,00010100004300040017
1081863,云南开远解化搬迁转型升级全厂给排水,0,4,中建一局集团建设发展有限公司直营项目,00010100004300040017
1028033,合肥维信诺电子第6代（AMOLED）模组生产线一般机电B,0,11,中建一局集团建设发展有限公司直营项目,00010100004300040017
1007323,北京大学医学部装修改造,0,NULL,中建一局集团建设发展有限公司直营项目,00010100004300040017
1001151,广州芯粤能半导体,0,5,中建一局集团建设发展有限公司直营项目,00010100004300040017
100874,洛阳隋唐园立交亮化,0,NULL,中建一局集团建设发展有限公司直营项目,00010100004300040017
94656,福州第6代AMOLED柔性生产线,0,NULL,中建一局集团建设发展有限公司直营项目,00010100004300040017
94273,北京港澳中心改造,0,5,中建一局集团建设发展有限公司直营项目,00010100004300040017
92994,一局发展信息室,0,5,中建一局集团建设发展有限公司直营项目,00010100004300040017
89820,北京万科翡翠公园机电,0,NULL,中建一局集团建设发展有限公司直营项目,00010100004300040017
84314,北京怀柔张各长村住宅项目,0,NULL,中建一局集团建设发展有限公司直营项目,00010100004300040017
81652,乌兰察布阿里云计算数据中心,0,NULL,中建一局集团建设发展有限公司直营项目,00010100004300040017
70952,泉州三安半导体研发与产业化,0,NULL,中建一局集团建设发展有限公司直营项目,00010100004300040017
83059,青岛华能信息产业基地机电,0,NULL,中建一局集团建设发展有限公司直营项目,00010100004300040017
30599,成都金堂县五凤镇新型城镇化PPP项目,0,NULL,中建一局集团建设发展有限公司直营项目,00010100004300040017
36365,中粮科技园标准厂房,0,NULL,中建一局集团建设发展有限公司直营项目,00010100004300040017
24687,北京电信亦庄云计算改造,0,5,中建一局集团建设发展有限公司直营项目,00010100004300040017
44284,北京Z12泰康大厦机电工程,0,4,中建一局集团建设发展有限公司直营项目,00010100004300040017
30482,北京鸿坤云时代二期,0,NULL,中建一局集团建设发展有限公司直营项目,00010100004300040017
17365,北京华富商贸大楼改造装修,0,NULL,中建一局集团建设发展有限公司直营项目,00010100004300040017
17359,泰康之家昌平新城一期工程,0,2,中建一局集团建设发展有限公司直营项目,00010100004300040017
11414,北京五和万科长阳天地,0,NULL,中建一局集团建设发展有限公司直营项目,00010100004300040017
13390,北京市仁和医院二期,0,NULL,中建一局集团建设发展有限公司直营项目,00010100004300040017
12381,(2104010202)北京奥南4号地,0,NULL,中建一局集团建设发展有限公司直营项目,00010100004300040017
2375,(2104010199)清华大学教工住宅,0,NULL,中建一局集团建设发展有限公司直营项目,00010100004300040017
4300,合肥京东方光电科技有限公司成品仓库,0,NULL,中建一局集团建设发展有限公司直营项目,00010100004300040017
1347,重庆京东方第8.5代显示器件工程,0,NULL,中建一局集团建设发展有限公司直营项目,00010100004300040017
2382,(2104010196)中国电信北京信息科技创新园,0,NULL,中建一局集团建设发展有限公司直营项目,00010100004300040017
2393,(1101040034)合肥鑫晟光电厂房建设,0,NULL,中建一局集团建设发展有限公司直营项目,00010100004300040017
384,(2104010207)金融街(月坛)中心,0,4,中建一局集团建设发展有限公司直营项目,00010100004300040017
2400,(2104010192)复兴门内危改区4-2号地,0,NULL,中建一局集团建设发展有限公司直营项目,00010100004300040017
1102049,北京昌平区朱辛庄新区住宅,0,4,中建一局集团建设发展有限公司直营项目,00010100004300040017
1100964,廊坊球形环氢硼等离子体,0,4,中建一局集团建设发展有限公司直营项目,00010100004300040017
1079165,云南文山设施蓝莓产业园,0,4,中建一局集团建设发展有限公司直营项目,00010100004300040017
1074483,北京颐堤港一、二期连接通道改造,0,5,中建一局集团建设发展有限公司直营项目,00010100004300040017
1053446,北京大学医学部教学科研楼,0,11,中建一局集团建设发展有限公司直营项目,00010100004300040017
1026486,亳州城东文化新区开发项目,0,2,中建一局集团建设发展有限公司直营项目,00010100004300040017
1021107,伊拉克纳西里耶机场EPC总承包,0,2,中建一局集团建设发展有限公司直营项目,00010100004300040017
1018118,北京福元医药高精尖药品产业化建设项目,0,5,中建一局集团建设发展有限公司直营项目,00010100004300040017
1017866,广西江永至桂林高速公路PPP项目,0,3,中建一局集团建设发展有限公司直营项目,00010100004300040017
999425,郑州智能骨干网航空港区三期,0,NULL,中建一局集团建设发展有限公司直营项目,00010100004300040017
107891,河南舞阳北外环,0,NULL,中建一局集团建设发展有限公司直营项目,00010100004300040017
111590,中国智能骨干网郑州航空港区三期项目,0,NULL,中建一局集团建设发展有限公司直营项目,00010100004300040017
98608,河南新乡中蓝商务地块自持办公,0,5,中建一局集团建设发展有限公司直营项目,00010100004300040017
97396,北京大兴国际机场噪声区安置房,0,5,中建一局集团建设发展有限公司直营项目,00010100004300040017
77613,杭州湖畔大学,0,NULL,中建一局集团建设发展有限公司直营项目,00010100004300040017
81239,北京市房山区长阳熙悦天街项目44#、47#、48#、地块总承包工程,0,NULL,中建一局集团建设发展有限公司直营项目,00010100004300040017
40892,无锡sk海力士厂房扩建,0,NULL,中建一局集团建设发展有限公司直营项目,00010100004300040017
17360,(2104010170)中国网通科研中心办公楼,0,NULL,中建一局集团建设发展有限公司直营项目,00010100004300040017
15351,西城区金融大街9号商业办公扩建项目,0,NULL,中建一局集团建设发展有限公司直营项目,00010100004300040017
17364,北京天利德一期厂房,0,NULL,中建一局集团建设发展有限公司直营项目,00010100004300040017
11409,莫斯科华铭园,0,5,中建一局集团建设发展有限公司直营项目,00010100004300040017
13396,华东分公司,0,5,中建一局集团建设发展有限公司直营项目,00010100004300040017
7388,成都江宇天府城,0,NULL,中建一局集团建设发展有限公司直营项目,00010100004300040017
2387,(2104020016)天津阳光晶典苑,0,NULL,中建一局集团建设发展有限公司直营项目,00010100004300040017
4302,北京新华保险大厦改造项目,0,NULL,中建一局集团建设发展有限公司直营项目,00010100004300040017
2394,(2104020009)天津移动空港,0,NULL,中建一局集团建设发展有限公司直营项目,00010100004300040017
2410,(2104020012)天津金唐大厦,0,NULL,中建一局集团建设发展有限公司直营项目,00010100004300040017
1342,北京CBD核心区Z13地块商业金融,0,NULL,中建一局集团建设发展有限公司直营项目,00010100004300040017
2380,(2104020017)天津俊安发展大厦,0,NULL,中建一局集团建设发展有限公司直营项目,00010100004300040017
1100468,清华大学东主楼综合维修改造,0,4,中建一局集团建设发展有限公司直营项目,00010100004300040017
1091969,新疆哈密风电施工,0,4,中建一局集团建设发展有限公司直营项目,00010100004300040017
1087499,北京5°LAB商业地下二层公区装修改造,0,5,中建一局集团建设发展有限公司直营项目,00010100004300040017
1084764,新疆塔城风电施工标段二,0,4,中建一局集团建设发展有限公司直营项目,00010100004300040017
1084450,北京未来科学城科技文化交流中心,1,4,中建一局集团建设发展有限公司直营项目,00010100004300040017
1081503,北京中煤集团央企老旧小区改造,0,2,中建一局集团建设发展有限公司直营项目,00010100004300040017
1073513,第二批央企在京老旧小区综合整治项目(标包二十九)(西城区德胜街道)工程总承包(一标段)(EPC),0,2,中建一局集团建设发展有限公司直营项目,00010100004300040017
1046124,成都京东方第8.6代AMOLED生产线,0,5,中建一局集团建设发展有限公司直营项目,00010100004300040017
1042922,河南舞阳水资源综合利用,1,2,中建一局集团建设发展有限公司直营项目,00010100004300040017
1032264,宁夏中宁±800千伏换流站工程土建A包,0,5,中建一局集团建设发展有限公司直营项目,00010100004300040017
1026856,西藏国网电力有限公司高海拔特高压试验大厅,0,5,中建一局集团建设发展有限公司直营项目,00010100004300040017
1023132,郑州弗迪电池工业园模块二厂房及配套能源中心项目,0,11,中建一局集团建设发展有限公司直营项目,00010100004300040017
1019386,广州康方隆跃新药项目,0,5,中建一局集团建设发展有限公司直营项目,00010100004300040017
1011238,北京大学昌平新校区教学楼装修改造,0,5,中建一局集团建设发展有限公司直营项目,00010100004300040017
1002384,智路联测烟台半导体项目,0,5,中建一局集团建设发展有限公司直营项目,00010100004300040017
990995,成都大家保险金融广场机电,0,11,中建一局集团建设发展有限公司直营项目,00010100004300040017
97617,雄安站枢纽片区市政道路、综合管廊、排水管网系统（一期）工程二标段2区,0,NULL,中建一局集团建设发展有限公司直营项目,00010100004300040017
89828,北京中钞厂房,0,5,中建一局集团建设发展有限公司直营项目,00010100004300040017
83989,成都金堂县五凤镇新型城镇化PPP（集团）,0,NULL,中建一局集团建设发展有限公司直营项目,00010100004300040017
78978,北京太古里改造项目,0,NULL,中建一局集团建设发展有限公司直营项目,00010100004300040017
57193,滁州惠科第8.6代薄膜晶体管液晶显示器件,0,NULL,中建一局集团建设发展有限公司直营项目,00010100004300040017
55288,绵阳永兴污水处理厂扩建,0,2,中建一局集团建设发展有限公司直营项目,00010100004300040017
28603,中建成都投资有限公司,0,NULL,中建一局集团建设发展有限公司直营项目,00010100004300040017
28562,河北衡水故城正大一期,0,NULL,中建一局集团建设发展有限公司直营项目,00010100004300040017
25518,成都京东方第6代生产线机电A标段,0,NULL,中建一局集团建设发展有限公司直营项目,00010100004300040017
25575,北京绿城西山燕庐项目部,0,NULL,中建一局集团建设发展有限公司直营项目,00010100004300040017
25706,广东工商职业学院体育馆·图书馆,0,NULL,中建一局集团建设发展有限公司直营项目,00010100004300040017
15968,东北地区,1,5,中建一局集团建设发展有限公司直营项目,00010100004300040017
14361,重庆巴南体育中心,0,NULL,中建一局集团建设发展有限公司直营项目,00010100004300040017
7385,华北区域,0,NULL,中建一局集团建设发展有限公司直营项目,00010100004300040017
8377,华东地区,1,5,中建一局集团建设发展有限公司直营项目,00010100004300040017
7392,北京天利德机电设备有限公司一期厂房项目总承包工程,0,NULL,中建一局集团建设发展有限公司直营项目,00010100004300040017
9389,北京凯特大厦,0,NULL,中建一局集团建设发展有限公司直营项目,00010100004300040017
7384,阿里巴巴西部基地总承包工程,0,NULL,中建一局集团建设发展有限公司直营项目,00010100004300040017
2412,(2104010201)永丰Ⅱ-11地科研办公楼,0,NULL,中建一局集团建设发展有限公司直营项目,00010100004300040017
2386,(2104010206)首都机场2号航站楼改造工程,0,NULL,中建一局集团建设发展有限公司直营项目,00010100004300040017
2413,深圳平安国际金融中心,0,NULL,中建一局集团建设发展有限公司直营项目,00010100004300040017
2395,北京Z15中国尊高区空调,0,NULL,中建一局集团建设发展有限公司直营项目,00010100004300040017
1084413,北京昌平未来科技城南区,1,5,中建一局集团建设发展有限公司直营项目,00010100004300040017
1081862,内蒙古土默特左旗600MW光伏施工,0,4,中建一局集团建设发展有限公司直营项目,00010100004300040017
1079703,北京昌平区大西路道路及管线,0,4,中建一局集团建设发展有限公司直营项目,00010100004300040017
1076068,北京怀柔区水毁修复工程,0,4,中建一局集团建设发展有限公司直营项目,00010100004300040017
1075556,北京建科集团央企老旧小区改造（标包二百七十四）,0,4,中建一局集团建设发展有限公司直营项目,00010100004300040017
1071833,西安先进阿秒激光设施,0,5,中建一局集团建设发展有限公司直营项目,00010100004300040017
1066954,苏州工业园区中建财富中心超高层,0,5,中建一局集团建设发展有限公司直营项目,00010100004300040017
1058571,颐堤港二期627地块,0,5,中建一局集团建设发展有限公司直营项目,00010100004300040017
1030506,北京房山区京西棚户区改造安置房（0047-01#住宅楼等31项）,0,5,中建一局集团建设发展有限公司直营项目,00010100004300040017
1006674,重庆荣昌板桥园智能装备制造产业配套项目(一期),0,NULL,中建一局集团建设发展有限公司直营项目,00010100004300040017
110821,北京未来城学校总承包,0,5,中建一局集团建设发展有限公司直营项目,00010100004300040017
98309,钢结构工作室,0,NULL,中建一局集团建设发展有限公司直营项目,00010100004300040017
84480,南昌市市民中心建设工程机电,0,4,中建一局集团建设发展有限公司直营项目,00010100004300040017
73059,南昌经开区LED电子信息孵化示范基地机电,0,NULL,中建一局集团建设发展有限公司直营项目,00010100004300040017
45488,北京大学图书馆改造,0,NULL,中建一局集团建设发展有限公司直营项目,00010100004300040017
27530,福建省晋华集成电路有限公司存储器生产线,0,2,中建一局集团建设发展有限公司直营项目,00010100004300040017
24514,航天工程大学军事设施建设项目批量发包,0,NULL,中建一局集团建设发展有限公司直营项目,00010100004300040017
24410,合肥整机智能制造生产线,0,4,中建一局集团建设发展有限公司直营项目,00010100004300040017
28002,北京首都医科大学临床科研楼改造,0,NULL,中建一局集团建设发展有限公司直营项目,00010100004300040017
16371,北京地区,1,NULL,中建一局集团建设发展有限公司直营项目,00010100004300040017
20223,武汉新芯OS4F装修,0,NULL,中建一局集团建设发展有限公司直营项目,00010100004300040017
12377,来广营北路自住型商品房,0,NULL,中建一局集团建设发展有限公司直营项目,00010100004300040017
12374,成都京东方第6代生产线项目,0,NULL,中建一局集团建设发展有限公司直营项目,00010100004300040017
11410,北京嘉铭珑原07-01办公商业,0,NULL,中建一局集团建设发展有限公司直营项目,00010100004300040017
8379,中国电信北京信息科技创新园科研数据中心,0,5,中建一局集团建设发展有限公司直营项目,00010100004300040017
2404,(2104010019)新东安改造工程（加固）,0,NULL,中建一局集团建设发展有限公司直营项目,00010100004300040017
2379,(2104010195)常营大型居住区三期,0,NULL,中建一局集团建设发展有限公司直营项目,00010100004300040017
3352,(2104020013)天津远洋大厦二期,0,5,中建一局集团建设发展有限公司直营项目,00010100004300040017
3351,西南地区,1,5,中建一局集团建设发展有限公司直营项目,00010100004300040017
1351,(2104070002)西安三星FAB厂房,0,NULL,中建一局集团建设发展有限公司直营项目,00010100004300040017
1341,成都阿里巴巴西部基地四期机电,0,NULL,中建一局集团建设发展有限公司直营项目,00010100004300040017
1101972,北京怀柔科学城综合服务中心,0,4,中建一局集团建设发展有限公司直营项目,00010100004300040017
1099178,长治沁县三期100MW光伏发电,0,4,中建一局集团建设发展有限公司直营项目,00010100004300040017
1083826,北京市朝阳区朝泰大厦室内装修改造,0,5,中建一局集团建设发展有限公司直营项目,00010100004300040017
1074510,测试项目test0010725,0,4,中建一局集团建设发展有限公司直营项目,00010100004300040017
1057262,合肥综合保税区电子信息标准化厂房装修,0,11,中建一局集团建设发展有限公司直营项目,00010100004300040017
1021268,海参崴伯尼五星酒店改造工程,0,5,中建一局集团建设发展有限公司直营项目,00010100004300040017
1007259,成都成灌高速望丛祠大街下穿工程,0,2,中建一局集团建设发展有限公司直营项目,00010100004300040017
997919,北京盈都大厦D座室内外装修改造,0,5,中建一局集团建设发展有限公司直营项目,00010100004300040017
109584,北京新一代互联网云计算产创基地项目,0,NULL,中建一局集团建设发展有限公司直营项目,00010100004300040017
83317,南京紫光集成电路基地,0,NULL,中建一局集团建设发展有限公司直营项目,00010100004300040017
84009,北京万科翡翠云图,0,NULL,中建一局集团建设发展有限公司直营项目,00010100004300040017
83311,九江火车站广场及滨江路改造,0,NULL,中建一局集团建设发展有限公司直营项目,00010100004300040017
44632,北京顺义新城第4街区保障性住房,0,5,中建一局集团建设发展有限公司直营项目,00010100004300040017
62760,北京凤展大厦装修工程,0,NULL,中建一局集团建设发展有限公司直营项目,00010100004300040017
77594,北京新机场道路及综合管廊,0,NULL,中建一局集团建设发展有限公司直营项目,00010100004300040017
30307,北京祥筑万科长阳文娱创作中心,0,2,中建一局集团建设发展有限公司直营项目,00010100004300040017
20675,北京台湖公园里008地块,0,NULL,中建一局集团建设发展有限公司直营项目,00010100004300040017
28500,北京大学新建附属中学北校区综合教学楼工程,0,NULL,中建一局集团建设发展有限公司直营项目,00010100004300040017
20358,福州第8.5代新型半导体显示器件生产线机电,0,NULL,中建一局集团建设发展有限公司直营项目,00010100004300040017
12375,桂林万达文化旅游城（华侨农场地块）,0,NULL,中建一局集团建设发展有限公司直营项目,00010100004300040017
13385,亦庄云计算中心,0,NULL,中建一局集团建设发展有限公司直营项目,00010100004300040017
14359,鞍山天兴雅高美爵酒店,0,NULL,中建一局集团建设发展有限公司直营项目,00010100004300040017
386,成都泰达时代中心机电,0,NULL,中建一局集团建设发展有限公司直营项目,00010100004300040017
1102231,北京数医谷产业园,0,5,中建一局集团建设发展有限公司直营项目,00010100004300040017
1097291,西安三星Green栋电气工程,0,4,中建一局集团建设发展有限公司直营项目,00010100004300040017
1086023,北京煤科总院老旧小区综合整治,1,2,中建一局集团建设发展有限公司直营项目,00010100004300040017
1080745,泉州华侨大学石结构房屋加固和修缮工程,0,5,中建一局集团建设发展有限公司直营项目,00010100004300040017
1067278,朝阳区东风乡苇西安置房,0,5,中建一局集团建设发展有限公司直营项目,00010100004300040017
997777,北京环球能源中心,0,NULL,中建一局集团建设发展有限公司直营项目,00010100004300040017
93197,深圳宇宏大厦机电项目,0,5,中建一局集团建设发展有限公司直营项目,00010100004300040017
79170,北京盈创2#厂房等5项,0,NULL,中建一局集团建设发展有限公司直营项目,00010100004300040017
81324,郑州建业中心,0,5,中建一局集团建设发展有限公司直营项目,00010100004300040017
81830,北京首开万科天地1101地块机电工程,0,NULL,中建一局集团建设发展有限公司直营项目,00010100004300040017
63899,合肥视涯OLED微型显示器件厂,0,NULL,中建一局集团建设发展有限公司直营项目,00010100004300040017
39739,北京生命科学实验室改造,0,NULL,中建一局集团建设发展有限公司直营项目,00010100004300040017
28554,北京太极傲天信息技术研发基地,0,NULL,中建一局集团建设发展有限公司直营项目,00010100004300040017
28135,北京五棵松文化体育中心配套综合楼项目,0,2,中建一局集团建设发展有限公司直营项目,00010100004300040017
28014,上海国浩长风城二期东地块综合体,0,NULL,中建一局集团建设发展有限公司直营项目,00010100004300040017
17367,北京祥筑万科长阳中央城,0,4,中建一局集团建设发展有限公司直营项目,00010100004300040017
1349,(2104010182)中粮万科长阳半岛,0,NULL,中建一局集团建设发展有限公司直营项目,00010100004300040017
2417,(2104130005)秦皇岛香格里拉大酒店机电,0,NULL,中建一局集团建设发展有限公司直营项目,00010100004300040017
2423,(1101040032)深圳华星光电第8.5代综合项目,0,NULL,中建一局集团建设发展有限公司直营项目,00010100004300040017
2381,国贸三期B阶段,0,NULL,中建一局集团建设发展有限公司直营项目,00010100004300040017
2384,(2104010203)北京联通亦庄二期弱电改造,0,NULL,中建一局集团建设发展有限公司直营项目,00010100004300040017
4303,最高人民检察院西区改造工程,0,NULL,中建一局集团建设发展有限公司直营项目,00010100004300040017
2407,(1101040024)大同市第五人民医院御东新院,0,NULL,中建一局集团建设发展有限公司直营项目,00010100004300040017
2405,住总万科广场,0,4,中建一局集团建设发展有限公司直营项目,00010100004300040017
1348,(2104010174)银河搜候中心,0,NULL,中建一局集团建设发展有限公司直营项目,00010100004300040017
3356,西南区域,0,5,中建一局集团建设发展有限公司直营项目,00010100004300040017
2402,(1101040015)成都大慈寺公寓,0,NULL,中建一局集团建设发展有限公司直营项目,00010100004300040017
1103297,北京朝阳区前苇沟组团中小学,0,4,中建一局集团建设发展有限公司直营项目,00010100004300040017
1079947,北京怀柔区水毁修复工程（供水）,0,4,中建一局集团建设发展有限公司直营项目,00010100004300040017
1074369,北京建科集团央企老旧小区改造（标包一百五十四）,1,5,中建一局集团建设发展有限公司直营项目,00010100004300040017
1072088,惠州新材料产业园管廊,0,4,中建一局集团建设发展有限公司直营项目,00010100004300040017
1063276,北京安荣富登药械产业基地,0,5,中建一局集团建设发展有限公司直营项目,00010100004300040017
1061890,北京正大中心高效机房管理系统建设机电,0,11,中建一局集团建设发展有限公司直营项目,00010100004300040017
1052420,天津港排水管网检测修复工程3标,0,5,中建一局集团建设发展有限公司直营项目,00010100004300040017
1046673,西安美光芯片封测,0,5,中建一局集团建设发展有限公司直营项目,00010100004300040017
1026528,北京清华大学通州金融发展与人才培养基地,0,5,中建一局集团建设发展有限公司直营项目,00010100004300040017
1022110,河南新建平顶山至漯河至周口高速铁路站前工程PLZZQ-7标段,0,5,中建一局集团建设发展有限公司直营项目,00010100004300040017
817485,深圳地铁13号线13101标段六工区-劳务,0,NULL,中建一局华南区域公司周双全项目经理部,000101000043002599dj999h
1027362,通州中建中心写字楼项目,0,4,北京中建智地商业管理有限公司,00010100004399ce999b
1030300,通州中建中心项目,0,11,中建智地京东公司,00010100004399ce999c
1020422,北京房山京西棚户区改造安置房,0,5,中建一局集团建设发展有限公司直营项目,00010100004300040017
1002537,北京清华大学航发院装修,0,NULL,中建一局集团建设发展有限公司直营项目,00010100004300040017
1002500,嘉兴斯达微电子有限公司芯片研发及产业化,0,5,中建一局集团建设发展有限公司直营项目,00010100004300040017
997144,北京中国移动博瑞琪大厦装修改造,0,NULL,中建一局集团建设发展有限公司直营项目,00010100004300040017
996427,北京市西城区西便门内大街53号院,0,5,中建一局集团建设发展有限公司直营项目,00010100004300040017
991176,北京数据港1号数据中心机电,0,NULL,中建一局集团建设发展有限公司直营项目,00010100004300040017
111695,南通绕城高速公路LJ3工区第3项目部,0,4,中建一局集团建设发展有限公司直营项目,00010100004300040017
101065,洛阳隋唐园立交亮化（集团）,0,NULL,中建一局集团建设发展有限公司直营项目,00010100004300040017
89556,中国特种飞行器研发中心项目和城市公园地下航空展览馆项目,0,NULL,中建一局集团建设发展有限公司直营项目,00010100004300040017
80473,成都贵阳银行成都支行空调改造,0,NULL,中建一局集团建设发展有限公司直营项目,00010100004300040017
66550,北京万科七橡墅项目,0,NULL,中建一局集团建设发展有限公司直营项目,00010100004300040017
28783,北京国家游泳中心改造三期,0,5,中建一局集团建设发展有限公司直营项目,00010100004300040017
25228,北京大学教学科研楼,0,NULL,中建一局集团建设发展有限公司直营项目,00010100004300040017
11411,通用电气医疗系统天津生产基地项目,0,NULL,中建一局集团建设发展有限公司直营项目,00010100004300040017
2429,(2104010204)大兴17号地项目（东区）总承包工程,0,NULL,中建一局集团建设发展有限公司直营项目,00010100004300040017
1103298,北京林河中建数据中心光伏智能微电网能源管理,0,4,中建一局集团建设发展有限公司直营项目,00010100004300040017
1091593,北京怀柔区水毁修复工程（避难所）,0,4,中建一局集团建设发展有限公司直营项目,00010100004300040017
1078208,北京怀柔区水毁修复工程（水利）,0,4,中建一局集团建设发展有限公司直营项目,00010100004300040017
1068349,北京化工大学昌平校区研究生宿舍二期-发展授权,0,5,中建一局集团建设发展有限公司直营项目,00010100004300040017
1055255,北京生命谷科技转化中心,0,5,中建一局集团建设发展有限公司直营项目,00010100004300040017
1027787,北京太古里改造（北区）,0,5,中建一局集团建设发展有限公司直营项目,00010100004300040017
1024020,深圳深汕鹅埠比亚迪工业园机电,0,4,中建一局集团建设发展有限公司直营项目,00010100004300040017
1019371,西安欣芯材料科技有限公司厂房及配套项目,0,5,中建一局集团建设发展有限公司直营项目,00010100004300040017
1015189,北京中央芭蕾舞团业务用房扩建项目,0,5,中建一局集团建设发展有限公司直营项目,00010100004300040017
1006772,北京魏公村小区棚户区改造机电项目,0,11,中建一局集团建设发展有限公司直营项目,00010100004300040017
999747,合肥晶合二厂厂务及配套项目L40土建,0,NULL,中建一局集团建设发展有限公司直营项目,00010100004300040017
993367,都江堰锦庐-4期房地产开发,0,NULL,中建一局集团建设发展有限公司直营项目,00010100004300040017
112124,湖南投资大厦项目,0,5,中建一局集团建设发展有限公司直营项目,00010100004300040017
103244,成都京东方第6代柔性AMOLED触控一体化显示器件（发展）,0,NULL,中建一局集团建设发展有限公司直营项目,00010100004300040017
91815,三联供能源中心,0,NULL,中建一局集团建设发展有限公司直营项目,00010100004300040017
92129,北京利星行中心改造,0,NULL,中建一局集团建设发展有限公司直营项目,00010100004300040017
85010,成都紫光存储器制造基地项目,0,5,中建一局集团建设发展有限公司直营项目,00010100004300040017
82559,北京环球主题公园,0,NULL,中建一局集团建设发展有限公司直营项目,00010100004300040017
82337,北京顺义马头庄项目,0,NULL,中建一局集团建设发展有限公司直营项目,00010100004300040017
58333,杭州阿里云计算公司总部项目,0,NULL,中建一局集团建设发展有限公司直营项目,00010100004300040017
34182,资源保障中心,0,5,中建一局集团建设发展有限公司直营项目,00010100004300040017
20780,福州第8.5代新型半导体显示器件生产线机电,0,NULL,中建一局集团建设发展有限公司直营项目,00010100004300040017
17357,密云项目住宅工程,0,NULL,中建一局集团建设发展有限公司直营项目,00010100004300040017
13387,京津地区,1,NULL,中建一局集团建设发展有限公司直营项目,00010100004300040017
13386,天津于家堡金融区3-16地块,0,NULL,中建一局集团建设发展有限公司直营项目,00010100004300040017
12380,深圳西丽高尔夫球俱乐部员工宿舍,0,NULL,中建一局集团建设发展有限公司直营项目,00010100004300040017
5326,北京西城区金融大街9号商业办公扩建（总承包）,0,NULL,中建一局集团建设发展有限公司直营项目,00010100004300040017
9391,后帽胡同23号翻、扩建工程,0,NULL,中建一局集团建设发展有限公司直营项目,00010100004300040017
9390,哈尔滨中国移动数据机房一期,0,NULL,中建一局集团建设发展有限公司直营项目,00010100004300040017
2424,(2104010166)望京新城A3区非配套公建（商业楼）,0,NULL,中建一局集团建设发展有限公司直营项目,00010100004300040017
2416,(2104010191)金隅万科城三期,0,NULL,中建一局集团建设发展有限公司直营项目,00010100004300040017
2431,(2104020021)天津宁宇家园二期,0,NULL,中建一局集团建设发展有限公司直营项目,00010100004300040017
1072945,宝鸡市凤翔区柳林镇洛西路道路建设项目EPC工程总承包,0,4,中建一局三公司西北分公司,00010100004300030015
1070583,黄陵县人民医院迁建项目住院综合楼室外工程(含污水处理站),0,5,中建一局三公司西北分公司,00010100004300030015
1030428,万达·西安one项目1地块土方及基坑支护工程,0,4,中建一局三公司西北分公司,00010100004300030015
1026054,隆沣城项目建安工程A标段,0,4,中建一局三公司西北分公司,00010100004300030015
826366,西安万达ONE 9-2及9-4地块-劳务,NULL,NULL,中建一局三公司西北分公司,00010100004300030015
826279,西安高新苏宁广场项目,0,NULL,中建一局三公司西北分公司,00010100004300030015
817395,万达·西安one项目6地块-劳务,NULL,NULL,中建一局三公司西北分公司,00010100004300030015
1000131,万达·西安one 项目1地块 土方及基坑支护工程,0,4,中建一局三公司西北分公司,00010100004300030015
813155,西安万达ONE 9-2及9-4地块,NULL,NULL,中建一局三公司西北分公司,00010100004300030015
1087874,昌吉职业技术学院新校区建设一期项目（二标段）工程总承包,0,5,中建一局三公司西北分公司,00010100004300030015
1002370,万达·西安one项目1地块,0,NULL,中建一局三公司西北分公司,00010100004300030015
999005,西安中央厨房一期项目,0,5,中建一局三公司西北分公司,00010100004300030015
998284,北方长龙军民融合复合材料产业基地项目--施工总承包,0,5,中建一局三公司西北分公司,00010100004300030015
97250,西安高新苏宁广场项目施工总承包工程,0,NULL,中建一局三公司西北分公司,00010100004300030015
90507,安康万达ONE,0,NULL,中建一局三公司西北分公司,00010100004300030015
81637,西安全运村项目二期13号地块,0,5,中建一局三公司西北分公司,00010100004300030015
1070544,礼泉县城南城市公共智慧停车场建设项目EPC工程总承包,0,5,中建一局三公司西北分公司,00010100004300030015
1043384,西北地区（兰州）空中交通管制能力提升基础设施建设工程土建与安装工程,0,5,中建一局三公司西北分公司,00010100004300030015
999118,中交第一公路勘察设计研究院有限公司生活区国有土地上棚户区改造项目,0,5,中建一局三公司西北分公司,00010100004300030015
89081,新丝绸之路国际商贸城五号地一期二批建筑安装工程,0,5,中建一局三公司西北分公司,00010100004300030015
91573,延安万达城项目,0,NULL,中建一局三公司西北分公司,00010100004300030015
13691,西安高新万达广场工程-地块9（9-3和9-5）,0,4,中建一局三公司西北分公司,00010100004300030015
1096549,中国科学院新疆生态与地理研究所新科研园区建设项目（二期）,0,5,中建一局三公司西北分公司,00010100004300030015
1026381,贵安新区能源大数据产业基地A1栋项目土建及基装工程,0,4,中建一局三公司西北分公司,00010100004300030015
44548,万达·西安one项目6地块,0,NULL,中建一局三公司西北分公司,00010100004300030015
822315,苏宁雲著项目一期-劳务,0,NULL,中建一局三公司西北分公司,00010100004300030015
820405,延安万达文化旅游项目（方塔湖片区一期居住用地26#地块）,0,NULL,中建一局三公司西北分公司,00010100004300030015
89355,安康万达广场,0,NULL,中建一局三公司西北分公司,00010100004300030015
1069009,甘肃省人民医院病房提升改造项目四标段,0,5,中建一局三公司西北分公司,00010100004300030015
1029617,西安高新境阅里项目,0,5,中建一局三公司西北分公司,00010100004300030015
1013584,国家电投集团贵安数据中心一期项目,0,5,中建一局三公司西北分公司,00010100004300030015
1011835,银川市中山公园北门地下停车场项目,0,5,中建一局三公司西北分公司,00010100004300030015
99489,延安万达城销售物业25#-2地块,0,5,中建一局三公司西北分公司,00010100004300030015
89723,万达·西安one项目7地块,0,5,中建一局三公司西北分公司,00010100004300030015
83927,西安苏宁雲著一期项目,0,NULL,中建一局三公司西北分公司,00010100004300030015
1063790,黄陵县人民医院迁建项目一期(综合楼工程)（施工标段）,0,4,中建一局三公司西北分公司,00010100004300030015
1021418,延安万达29#-2住宅,0,4,中建一局三公司西北分公司,00010100004300030015
997309,西安湖滨府三期项目,0,5,中建一局三公司西北分公司,00010100004300030015
71979,万达·西安one项目8地块,0,NULL,中建一局三公司西北分公司,00010100004300030015
822574,延安万达文化旅游酒店项目-劳务,NULL,NULL,中建一局三公司西北分公司,00010100004300030015
817814,万达·西安one项目8地块-劳务,NULL,NULL,中建一局三公司西北分公司,00010100004300030015
1071819,圣农食品（甘肃）有限公司食品深加工建设项目施工总承包工程,0,5,中建一局三公司西北分公司,00010100004300030015
817019,西安全运村项目二期-劳务,NULL,NULL,中建一局三公司西北分公司,00010100004300030015
1072369,黄陵新区沮水路及康崖东路工程,0,5,中建一局三公司西北分公司,00010100004300030015
1001253,中交一公院棚户区改造项目,0,NULL,中建一局三公司西北分公司,00010100004300030015
96184,延安万达文化旅游酒店项目,0,NULL,中建一局三公司西北分公司,00010100004300030015
1064555,杏花岭区2024年老旧小区改造项目（一期）设计施工总承包（EPC）（标段二）,0,4,中建一局三公司西北分公司,00010100004300030015
1010224,西安高铁东城片区综合开发核心区（湾子村）城市更新项目安置楼工程设计施工总承包（EPC）-1标段,0,2,中建一局三公司西北分公司,00010100004300030015
112154,万达御河湾项目,0,5,中建一局三公司西北分公司,00010100004300030015
28707,万达·西安one项目9-2、9-4地块工程,0,NULL,中建一局三公司西北分公司,00010100004300030015
14653,（1101030087）延安新区（北区）商品房项目九标段工程,0,NULL,中建一局三公司西北分公司,00010100004300030015
1082614,中国电信延安新区信息园区(5G创新产业园)一期土建工程施工总承包项目,0,5,中建一局三公司西北分公司,00010100004300030015
1063076,杏花岭区 2024 年老旧小区改造项目（一期）设计施工总承包（EPC）（标段二）,0,2,中建一局三公司西北分公司,00010100004300030015
1029942,安康市儿童福利院新建项目,0,4,中建一局三公司西北分公司,00010100004300030015
1021242,贵安美的云一期土建总承包工程项目,0,4,中建一局三公司西北分公司,00010100004300030015
827464,紫薇·云璟时光项目-劳务,0,NULL,中建一局三公司西北分公司,00010100004300030015
1096306,圣农食品（甘肃）有限公司食品深加工建设项,0,5,中建一局三公司西北分公司,00010100004300030015
1078759,万达·西安one项目1地块,0,11,中建一局三公司西北分公司,00010100004300030015
1061751,黄陵县人民医院迁建项目一期（综合楼工程）,0,5,中建一局三公司西北分公司,00010100004300030015
1046905,国网甘肃白银供电公司调度生产综合用房主体及室外工程项目,0,5,中建一局三公司西北分公司,00010100004300030015
1016009,西安地铁5号线项目,0,5,中建一局三公司西北分公司,00010100004300030015
17173,西安高新万达广场项目售楼处、大商业区,0,NULL,中建一局三公司西北分公司,00010100004300030015
1070546,宝鸡市凤翔区柳林镇洛西路道路建设项目EPC工程总承包,0,5,中建一局三公司西北分公司,00010100004300030015
108500,紫薇·云璟时光项目,0,5,中建一局三公司西北分公司,00010100004300030015
825282,延安万达文化旅游项目25#-2地块一期,0,NULL,中建一局三公司西北分公司,00010100004300030015
821905,安康万达A地块-劳务,NULL,NULL,中建一局三公司西北分公司,00010100004300030015
1042547,数据科创中心地块B建设工程项目,0,4,山东分公司自然项目部,0001010000430005999d999c
823513,中国供销-滨州农商城电商物流园项目,0,NULL,山东分公司自然项目部,0001010000430005999d999c
816706,涛雒风情小镇项目-劳务,0,NULL,山东分公司自然项目部,0001010000430005999d999c
811485,章丘市黄河镇新型城镇化北房社区项目,NULL,NULL,山东分公司自然项目部,0001010000430005999d999c
816311,滨州市棚户区改造项目凤湖景城、凤湖新城-劳务,0,NULL,山东分公司自然项目部,0001010000430005999d999c
821441,日照锦钰佳苑太阳城C地块项目,0,NULL,山东分公司自然项目部,0001010000430005999d999c
818633,北辰·孔雀洲项目,0,NULL,山东分公司自然项目部,0001010000430005999d999c
1010201,西安航天基地园区保障性租赁房项目EPC总承包,0,NULL,中国建筑一局（集团）有限公司西安分公司,0001010000430088999c
1010206,西安航天基地园区保障性租赁房项目,0,2,中国建筑一局（集团）有限公司西安分公司,0001010000430088999c
1080261,乐昌市“诗画田园”马蹄香芋路·北乡长廊带项目施工,0,5,一公司广州分公司,0001010000430008999b
105193,深圳市龙华区工务署龙华派出所,0,5,一公司广州分公司,0001010000430008999b
1028161,广州白云国际机场三期扩建工程东货运区工程施工总承包,0,5,一公司广州分公司,0001010000430008999b
1090203,乐昌市乐城街道乡村振兴示范带（月坵段）建设项目,0,5,一公司广州分公司,0001010000430008999b
1073395,乐昌市榴村村委会城中村提升改造项目,0,5,一公司广州分公司,0001010000430008999b
1082502,乐昌市老旧小区提升改造工程八期项目,0,5,一公司广州分公司,0001010000430008999b
1054759,韶关乐昌代建局街道内涝治理项目,0,4,一公司广州分公司,0001010000430008999b
1004552,深圳市保利青谷项目二期土建及水电安装工程,0,4,一公司广州分公司,0001010000430008999b
1083592,广东省国道G220线翁源亚吉山至广屋段路面预防养护及功能性修复养护工程项目,0,5,一公司广州分公司,0001010000430008999b
1082503,乐昌市乐城街道“诗画田园”农村公路提升改造工程,0,5,一公司广州分公司,0001010000430008999b
1099526,乐昌市山乡古韵西京古道乡村振兴示范带(坪石段)项目(二期)第一标段,0,5,一公司广州分公司,0001010000430008999b
1065232,乐昌市坪石镇按照小城市标准建设项目（一期）勘察、设计、施工总承包项目,0,2,一公司广州分公司,0001010000430008999b
1060069,深圳棋院项目施工总承包,0,5,一公司广州分公司,0001010000430008999b
1044482,广东三花新能源汽车热管理部件生产项目,0,5,一公司广州分公司,0001010000430008999b
1093390,韶关乐昌市水利中心绿溪河内涝治理工程（第一期）,0,5,一公司广州分公司,0001010000430008999b
1082498,乐昌市大源镇政府“山乡古韵”X825线罗家祠至乐城路网提升改造工程,0,5,一公司广州分公司,0001010000430008999b
1059321,广州白云国际机场三期扩建工程东货运区项目机电专业工程,0,11,一公司广州分公司,0001010000430008999b
991202,顺德天銮花园一期土建及机电总承包施工及总承包管理配合服务工程,0,5,一公司广州分公司,0001010000430008999b
990856,深圳市光明区中心医院续建（二期）工程施工总承包,0,4,一公司广州分公司,0001010000430008999b
1093392,韶关乐昌市水利建设中心市区防洪堤达标加固工程（一期）,0,5,一公司广州分公司,0001010000430008999b
1030100,坂田南学校新建工程施工总承包,0,5,一公司广州分公司,0001010000430008999b
997193,从化鳌头高速路口项目首开区土建总承包施工及总承包管理配合服务合同,0,4,一公司广州分公司,0001010000430008999b
1002376,前海人寿广州总医院项目三期综合机电安装工程,0,11,一公司广州分公司,0001010000430008999b
1101619,韶关乐昌市代建局创城(乡村振兴)产业孵化园项目,0,4,一公司广州分公司,0001010000430008999b
991784,花都中轴线商业地块跨茶梅街天桥工程,0,NULL,一公司广州分公司,0001010000430008999b
1054945,乐昌市内涝治理项目（一期）施工,0,5,一公司广州分公司,0001010000430008999b
1024259,广州白云国际机场三期扩建工程工作区景观河工程二标段,0,5,一公司广州分公司,0001010000430008999b
1090207,乐昌市梅花镇美丽圩镇提升改造项目二期施工,0,5,一公司广州分公司,0001010000430008999b
1083594,乐昌市长来镇乡村振兴示范带沿线整治提升项目(一期),0,5,一公司广州分公司,0001010000430008999b
1029614,南方电网供应链（广东）有限公司江村区域仓库隐患消除及智能化改造 EPC 总承包项目,0,5,一公司广州分公司,0001010000430008999b
96282,顺德天銮花园三期土建及机电总承包施工及总承包管理配合服务工程,0,5,一公司广州分公司,0001010000430008999b
1087176,乐昌市梅花镇乡村振兴示范带项目(国道240及国道535沿线示范带建设)一期（第二阶段）工程 简称：梅花镇国道240及国道535沿线示范带建设一期,0,5,一公司广州分公司,0001010000430008999b
997072,深圳宝安西乡街道办事处西湾小学项目,0,5,一公司广州分公司,0001010000430008999b
817725,祥瑞·水岸丽景,0,NULL,东北公司项目部,000101000043002099at
815174,太原市民政园棚户区改造安置用房项目-劳务,0,NULL,东北公司项目部,000101000043002099at
812957,辽宁省妇女儿童医院改扩建项目二期,NULL,NULL,东北公司项目部,000101000043002099at
816633,辽宁省铁岭市年产30万吨燃料乙醇项目-劳务,NULL,NULL,东北公司项目部,000101000043002099at
815396,长春检验检测认证产业园核心区项目-劳务,0,NULL,东北公司项目部,000101000043002099at
815963,美商清韵园（郑州·龙湖一号）-劳务,NULL,NULL,东北公司项目部,000101000043002099at
815751,绿城大庆御园-劳务,NULL,NULL,东北公司项目部,000101000043002099at
815612,龙翔国际项目,NULL,NULL,东北公司项目部,000101000043002099at
815525,剑桥郡11期项目一标段总承包工程-劳务,NULL,NULL,东北公司项目部,000101000043002099at
1059075,沈阳特变电工,1,4,东北公司项目部,000101000043002099at
825440,天旗•万象新天一标段工程,0,NULL,东北公司项目部,000101000043002099at
824934,长春市伊通河流域水环境综合治理工程--长春市南部污水处理厂扩建工程总承包,0,NULL,东北公司项目部,000101000043002099at
819538,沈阳天惠广场二期,0,NULL,东北公司项目部,000101000043002099at
823648,工业（一期、二期）机器人未来城项目,0,NULL,东北公司项目部,000101000043002099at
817328,香榭丽舍小区二期22#楼项目-劳务,NULL,NULL,东北公司项目部,000101000043002099at
813571,中耀房地产开发（沈阳）有限公司居住、商业（3.2期）总承包工程-劳务,NULL,NULL,东北公司项目部,000101000043002099at
823056,哈尔滨新区金融中心项目,0,NULL,东北公司项目部,000101000043002099at
821301,会展城上城三期项目,0,NULL,东北公司项目部,000101000043002099at
815178,沈阳五洲产业园仓库总承包工程,NULL,NULL,东北公司项目部,000101000043002099at
815097,北湖科技金融服务中心EPC+投资建设项目,NULL,NULL,东北公司项目部,000101000043002099at
816642,通化金岸项目,0,NULL,东北公司项目部,000101000043002099at
826741,铁岭市城市供水工程（一期）EPC总承包项目,0,NULL,东北公司项目部,000101000043002099at
823463,长春西部污水,0,NULL,东北公司项目部,000101000043002099at
815909,会展城上城项目B24地块二标段总承包工程-劳务,NULL,NULL,东北公司项目部,000101000043002099at
815095,哈尔滨凯盛源玖郡住在小区工程（B、C、D）区施工-劳务,NULL,NULL,东北公司项目部,000101000043002099at
1030817,中联重科全球研发中心创新孵化基地桩基及地下室土石方开挖工程,0,4,中建一局集团第三建筑有限公司直属项目部,000101000043000399ah999a
1060050,万兴科技（长沙）创意科学园1期项目施工总承包工程,0,5,中建一局集团第三建筑有限公司直属项目部,000101000043000399ah999a
1065169,中联智慧产业城办公与研发中心项目副楼、洗车房以及展示坪项目,0,11,中建一局集团第三建筑有限公司直属项目部,000101000043000399ah999a
1083551,中联重科土方机械智能制造提升项目综合实验厂房项目,0,5,中建一局集团第三建筑有限公司直属项目部,000101000043000399ah999a
1083548,中联重科矿山机械智能制造提升项目建安工程施工总承包项目,0,5,中建一局集团第三建筑有限公司直属项目部,000101000043000399ah999a
1053359,教师进修学校附属实验学校北校区改扩建工程,0,5,中建一局集团第三建筑有限公司直属项目部,000101000043000399ah999a
1071411,第一批、第二批、第三批央企在京老旧小区综合整治项目（标包一百零三）（海淀区甘家口街道、八里庄街道）工程总承包(EPC）,0,4,中建一局集团第三建筑有限公司直属项目部,000101000043000399ah999a
1077030,郑常庄立体停车库项目,0,5,中建一局集团第三建筑有限公司直属项目部,000101000043000399ah999a
1002853,中联智汇产业城总部大楼、大数据与会议中心项目,0,5,中建一局集团第三建筑有限公司直属项目部,000101000043000399ah999a
1082858,红桥路（白庭路-义渡路）道路工程项目,0,5,中建一局集团第三建筑有限公司直属项目部,000101000043000399ah999a
1028890,湖南蓝芯微电子科技有限公司MLED显示芯片项目,0,4,中建一局集团第三建筑有限公司直属项目部,000101000043000399ah999a
1028891,湖南奥蓝新材料科技有限公司MLED显示模组项目,0,4,中建一局集团第三建筑有限公司直属项目部,000101000043000399ah999a
91474,辛庄村Ⅰ区棚户区改造土地开发1.2期项目,0,5,中建一局集团第三建筑有限公司城市更新事业部,000101000043000399ah999a999a
1057918,北京市丰台区长辛店棚户区改造项目配套曹家口路管廊及管线工程,0,5,中建一局集团第三建筑有限公司城市更新事业部,000101000043000399ah999a999a
1077483,第三批央企在京老旧小区综合整治项目（标包一百零二）（昌平区北七家镇燕青公司小区1-13号楼）,0,2,中建一局集团第三建筑有限公司城市更新事业部,000101000043000399ah999a999a
1030829,丰台区城乡一体化周庄子村旧村改造项目二期ZZZ-06等地块（配建“共有产权住房”）项目-ZZZ-L01（东）地块L01-1＃办公楼等4项,0,4,中建一局集团第三建筑有限公司城市更新事业部,000101000043000399ah999a999a
1070425,蒲安里第一社区辖区环境综合改善项目,0,11,中建一局集团第三建筑有限公司城市更新事业部,000101000043000399ah999a999a
1022095,益海嘉里湖南粮油食品加工基地-大米一期项目,0,4,中建一局集团第三建筑有限公司城市更新事业部,000101000043000399ah999a999a
1071537,第一批、第二批、第三批央企在京老旧小区综合整治项目（标包一 百零三）（海淀区甘家口街道、八里庄街道）工程总承包(EPC）,0,5,中建一局集团第三建筑有限公司城市更新事业部,000101000043000399ah999a999a
1056607,中央储备粮新乡直属库有限公司新建仓项目施工总承包,0,5,中建一局集团第三建筑有限公司城市更新事业部,000101000043000399ah999a999a
1085959,第三批央企在京老旧小区综合整治项目（标包一百四十五）,0,5,中建一局集团第三建筑有限公司城市更新事业部,000101000043000399ah999a999a
1077171,东高地小区筒子楼公共区域线缆改造工程,0,5,中建一局集团第三建筑有限公司城市更新事业部,000101000043000399ah999a999a
1085653,桃源里24、25栋外墙加固改造工程,0,5,中建一局集团第三建筑有限公司城市更新事业部,000101000043000399ah999a999a
1085035,丰台区老旧小区综合改造(丰台、卢沟桥、青塔)街道项目,0,5,中建一局集团第三建筑有限公司城市更新事业部,000101000043000399ah999a999a
1050145,韩庄子三里老旧小区综合整治工程新增社区配套项目（X1#办公、商业、公共服务设施等2项）,0,5,中建一局集团第三建筑有限公司城市更新事业部,000101000043000399ah999a999a
1027038,韩庄子三里老旧小区综合整治工程,0,4,中建一局集团第三建筑有限公司城市更新事业部,000101000043000399ah999a999a
105371,辛庄棚户区改造土地开发项目I区回迁地块文勘土方、I区II区耕地耕作层土壤剥离利用项目,0,5,中建一局集团第三建筑有限公司城市更新事业部,000101000043000399ah999a999a
1090403,央企在京老旧小区综合整治项目(葛布店东里 2、3 号楼）,0,5,中建一局集团第三建筑有限公司城市更新事业部,000101000043000399ah999a999a
1080561,中央储备粮新港直属库有限公司仓储项目施工总承包,0,5,中建一局集团第三建筑有限公司城市更新事业部,000101000043000399ah999a999a
1085760,东高地小区65栋、66栋、67栋筒子楼公共区域线缆改造工程,0,5,中建一局集团第三建筑有限公司城市更新事业部,000101000043000399ah999a999a
98922,石家庄新客站东广场机电安装工程施工总承包,0,4,中建一局集团第六建筑有限公司,0001010000430007999d
1086366,北京奔驰汽车有限公司梅赛德斯-奔驰GLE级车（T167车型）技术改造项目尾气改造工程,0,5,中建一局集团第六建筑有限公司,0001010000430007999d
1085645,北京奔驰汽车有限公司梅赛德斯-奔驰GLE级车(T167车型)技术改造项目尾气检测间改造工程,0,4,中建一局集团第六建筑有限公司,0001010000430007999d
1070492,中国农业大学国家农业科技创新港生命科技与营养健康创新基地项目（生命科技与营养健康创新基地科研楼）,0,5,中建一局集团第六建筑有限公司,0001010000430007999d
1082996,中国农业大学国家农业科技创新港前沿科技与未来产业创新基地项目（前沿科技与未来产业创新基地科研楼）,0,5,中建一局集团第六建筑有限公司,0001010000430007999d
3617,(2106070001)无极上海国际皮革城,0,NULL,一局六公司第八大项目部,0001010000430007999d0011
1021864,北京市疾病预防控制中心迁建项目部,0,4,一局六公司第八大项目部,0001010000430007999d0011
999936,北京大兴中节能北京首座项目,0,4,一局六公司第八大项目部,0001010000430007999d0011
995539,北京奔驰汽车M254发动机厂房项目,0,4,一局六公司第八大项目部,0001010000430007999d0011
1070493,中国国家画院西院业务用房维修改造项目,0,5,一局六公司第八大项目部,0001010000430007999d0011
1045654,通州复地中心装修改造项目（二标段）,0,4,一局六公司第八大项目部,0001010000430007999d0011
79141,中国国家画院扩建工程项目部,0,NULL,一局六公司第八大项目部,0001010000430007999d0011
815359,文化艺术创作楼等2项（中国国家画院扩建工程）-劳务,NULL,NULL,一局六公司第八大项目部,0001010000430007999d0011
1031267,中国农业大学杨胜楼专家公寓等区域装修工程,0,4,一局六公司第八大项目部,0001010000430007999d0011
111024,农大留学生及专家公寓楼项目部,0,4,一局六公司第八大项目部,0001010000430007999d0011
1051205,北京奔驰汽车有限公司EB5型动力电池产线建设项目,0,4,一局六公司第八大项目部,0001010000430007999d0011
1043573,北京奔驰中型电动平台技改项目二标段,0,5,一局六公司第八大项目部,0001010000430007999d0011
1011604,北京奔驰污水缓存设备项目部,0,4,一局六公司第八大项目部,0001010000430007999d0011
997077,北京大兴中节能北京首座项目土方、基坑支护及降水工程,0,4,一局六公司第八大项目部,0001010000430007999d0011
110677,发动机一厂区物流中转区厂房建设项目,0,4,一局六公司第八大项目部,0001010000430007999d0011
826708,发动机一厂区物流中转区厂房建设项目-劳务,NULL,NULL,一局六公司第八大项目部,0001010000430007999d0011
84598,平山至赞皇高速公路房建工程,0,NULL,一局六公司第十大项目部,0001010000430007999d0013
51937,辉隆大市场项目部,0,NULL,一局六公司第十大项目部,0001010000430007999d0013
44609,重庆綦江项目部,0,NULL,一局六公司第十大项目部,0001010000430007999d0013
29025,临泉御水华府项目部,0,NULL,一局六公司第十大项目部,0001010000430007999d0013
17816,(1101060043)安徽阜阳颖东区安置区一期,0,NULL,一局六公司第十大项目部,0001010000430007999d0013
994841,四川天府新区乐高乐园（一标段）施工总承包,0,4,中建一局集团第一建筑有限公司西南分公司,00010100004300080175
108016,自贡万达C区住宅项目,0,NULL,中建一局集团第一建筑有限公司西南分公司,00010100004300080175
99641,成都文旅城六期C-4-2地块项目,0,4,中建一局集团第一建筑有限公司西南分公司,00010100004300080175
93110,重庆两江新区璟月台项目,0,4,中建一局集团第一建筑有限公司西南分公司,00010100004300080175
77623,四川天雄药业有限公司新厂区建设项目总承包,0,NULL,中建一局集团第一建筑有限公司西南分公司,00010100004300080175
17708,悦景庄·西双版纳项目东区一期,0,NULL,中建一局集团第一建筑有限公司西南分公司,00010100004300080175
998065,广西交投崇左江州印项目,0,4,中建一局集团第一建筑有限公司西南分公司,00010100004300080175
991117,江口水镇酒店及会议中心总承包项目,0,NULL,中建一局集团第一建筑有限公司西南分公司,00010100004300080175
107630,成都鑫苑城2#3#地块施工总承包工程,0,NULL,中建一局集团第一建筑有限公司西南分公司,00010100004300080175
54265,成都万达城室外主体乐园施工总承包工程,0,NULL,中建一局集团第一建筑有限公司西南分公司,00010100004300080175
45591,华新锦绣尚郡别墅项目五期及商业、六期总承包工程,0,4,中建一局集团第一建筑有限公司西南分公司,00010100004300080175
17922,兴文中学迁建项目,0,5,中建一局集团第一建筑有限公司西南分公司,00010100004300080175
821936,长虹“双创”智能制造工业园项目-劳务,0,NULL,中建一局集团第一建筑有限公司西南分公司,00010100004300080175
818817,桂林市万达文化旅游城雁山项目-劳务,NULL,NULL,中建一局集团第一建筑有限公司西南分公司,00010100004300080175
993221,菁蓉滨湖湾项目1号地1标段喜来登酒店一次机电工程,0,11,中建一局集团第一建筑有限公司西南分公司,00010100004300080175
98117,桂林融创文旅城雁山小水村安置房项目,0,4,中建一局集团第一建筑有限公司西南分公司,00010100004300080175
27923,远大中央公园二期项目2.2期房屋建筑安装工程,0,NULL,中建一局集团第一建筑有限公司西南分公司,00010100004300080175
206,安徽亳州万达广场项目,0,NULL,中建一局集团第一建筑有限公司西南分公司,00010100004300080175
991420,邛崃十方堂一期2#地块总承包项目,0,NULL,中建一局集团第一建筑有限公司西南分公司,00010100004300080175
100888,成都远大中央公园4.2期房屋建筑安装施工总承包工程,0,5,中建一局集团第一建筑有限公司西南分公司,00010100004300080175
92436,长虹“双创”智能制造工业园项目一期施工总承包工程,0,4,中建一局集团第一建筑有限公司西南分公司,00010100004300080175
51689,成都万达城E-4地块商业及旅游配套开发建设项目（水雪综合体）施工总承包工程,0,NULL,中建一局集团第一建筑有限公司西南分公司,00010100004300080175
24677,宜宾鲁能B-05地块山水原著一起房建工程项目,0,NULL,中建一局集团第一建筑有限公司西南分公司,00010100004300080175
11707,重庆北碚万达广场项目,0,4,中建一局集团第一建筑有限公司西南分公司,00010100004300080175
712,崇州万达广场项目,0,NULL,中建一局集团第一建筑有限公司西南分公司,00010100004300080175
1008461,西南分公司联合体,1,NULL,中建一局集团第一建筑有限公司西南分公司,00010100004300080175
65451,绵阳远大美域三期房屋建筑安装工程施工总承包工程,0,NULL,中建一局集团第一建筑有限公司西南分公司,00010100004300080175
28334,九宾（一期）项目D地块,0,NULL,中建一局集团第一建筑有限公司西南分公司,00010100004300080175
820110,亳州市谯城区万达工程建设项目,NULL,NULL,中建一局集团第一建筑有限公司西南分公司,00010100004300080175
1004072,祁连山路学校二期（小学）项目,0,4,中建一局集团第一建筑有限公司西南分公司,00010100004300080175
102444,绵阳远大三期（办公用品专用）,0,NULL,中建一局集团第一建筑有限公司西南分公司,00010100004300080175
77578,永川万达广场项目B1B2,0,NULL,中建一局集团第一建筑有限公司西南分公司,00010100004300080175
25197,成都万达文化旅游城项目,0,NULL,中建一局集团第一建筑有限公司西南分公司,00010100004300080175
111076,成都东软教育健康科技实训基地项目,0,4,中建一局集团第一建筑有限公司西南分公司,00010100004300080175
102656,成都文旅城七期A2-11/12地块总承包,0,NULL,中建一局集团第一建筑有限公司西南分公司,00010100004300080175
90007,重庆映月台项目总承包工程,0,NULL,中建一局集团第一建筑有限公司西南分公司,00010100004300080175
1023789,西安丝路创智谷金融中心商业综合项目一标段,0,NULL,中建一局集团第一建筑有限公司西南分公司,00010100004300080175
1022309,创新创业孵化中心及配套便民设施项目,0,2,中建一局集团第一建筑有限公司西南分公司,00010100004300080175
76378,成都鑫苑城项目4#、6#地块施工总承包工程,0,5,中建一局集团第一建筑有限公司西南分公司,00010100004300080175
80524,中国摩（重庆）项目三期、四期（娱乐综合体）总承包工程,0,NULL,中建一局集团第一建筑有限公司西南分公司,00010100004300080175
817137,绵阳远大美域三期项目建筑工程总承包-劳务,NULL,NULL,中建一局集团第一建筑有限公司西南分公司,00010100004300080175
1030596,绵阳科技城北川通航产业园（一期）标准广房及配套设施建设项目二标段,0,5,中建一局集团第一建筑有限公司西南分公司,00010100004300080175
99153,高济西南现代医药园一期项目,0,11,中建一局集团第一建筑有限公司西南分公司,00010100004300080175
91488,重庆江洲锦云项目总承包工程,0,NULL,中建一局集团第一建筑有限公司西南分公司,00010100004300080175
991421,邛崃十方堂二期4#、6-2#地块总承包工程,0,NULL,中建一局集团第一建筑有限公司西南分公司,00010100004300080175
101220,成都融创文旅城A-2-6项目,0,NULL,中建一局集团第一建筑有限公司西南分公司,00010100004300080175
81664,贵安华为云数据中心项目C区边坡支护及场地道路工程,0,4,中建一局集团第一建筑有限公司西南分公司,00010100004300080175
24654,宜宾鲁能山水原著B-05地块一期房建工程项目,0,4,中建一局集团第一建筑有限公司西南分公司,00010100004300080175
997239,贺州融创紫云印,0,NULL,中建一局集团第一建筑有限公司西南分公司,00010100004300080175
90075,新川创新科技园社区综合体1号工程、新川创效科技园运动场1-5号工程施工、社区综合体1号、运动场1号标段,0,5,中建一局集团第一建筑有限公司西南分公司,00010100004300080175
83672,隆鑫.首府二期项目施工总承包工程,0,4,中建一局集团第一建筑有限公司西南分公司,00010100004300080175
25674,绵阳远大美域二期建筑安装工程,0,4,中建一局集团第一建筑有限公司西南分公司,00010100004300080175
82164,重庆首创茶园B37号地块一标段基础工程,0,4,中建一局集团第一建筑有限公司西南分公司,00010100004300080175
26052,成都远大中央公园二期土石方、护壁及降水工程,0,NULL,中建一局集团第一建筑有限公司西南分公司,00010100004300080175
110655,青城溪村401亩三期工程土建安装施工总承包工程,0,5,中建一局集团第一建筑有限公司西南分公司,00010100004300080175
34215,重庆沙坪坝万达广场项目,0,NULL,中建一局集团第一建筑有限公司西南分公司,00010100004300080175
31074,成都万达城三期住宅项目,0,NULL,中建一局集团第一建筑有限公司西南分公司,00010100004300080175
18113,香缇华府三期,0,NULL,中建一局集团第一建筑有限公司西南分公司,00010100004300080175
12435,成都远大中央公园一期,0,NULL,中建一局集团第一建筑有限公司西南分公司,00010100004300080175
822299,桂林雁山区小水村安置房项目,0,NULL,中建一局集团第一建筑有限公司西南分公司,00010100004300080175
819141,新川创新科技园社区综合体1号、运动场1号施工总承包项目-劳务,NULL,NULL,中建一局集团第一建筑有限公司西南分公司,00010100004300080175
710,蓬溪县赤城新座商住楼项目,0,NULL,中建一局集团第一建筑有限公司西南分公司,00010100004300080175
817038,四川天雄药业有限公司新厂区建设项目建筑工程总承包-劳务,NULL,NULL,中建一局集团第一建筑有限公司西南分公司,00010100004300080175
996922,西安冰雪世界项目,1,5,中建一局集团第一建筑有限公司西南分公司,00010100004300080175
991894,绵阳科技城北川通航产业园（一期）标准厂房及配套设施建设项目EPC总承包,0,2,中建一局集团第一建筑有限公司西南分公司,00010100004300080175
91111,五建·天府新城,0,NULL,中建一局集团第一建筑有限公司西南分公司,00010100004300080175
84701,桂林万达文化旅游城雁山项目C区（特色小镇）一期主题乐园西区总承包工程,0,4,中建一局集团第一建筑有限公司西南分公司,00010100004300080175
77579,I-BOX 部落阁,0,NULL,中建一局集团第一建筑有限公司西南分公司,00010100004300080175
31070,大宝国际成都新建工厂项目EPC总承包工程,0,2,中建一局集团第一建筑有限公司西南分公司,00010100004300080175
18112,成都万达文化旅游城,0,NULL,中建一局集团第一建筑有限公司西南分公司,00010100004300080175
823825,成都远大中央公园四期二标段项目,0,NULL,中建一局集团第一建筑有限公司西南分公司,00010100004300080175
51690,成都万达城度假酒店群施工总承包工程,0,NULL,中建一局集团第一建筑有限公司西南分公司,00010100004300080175
16712,重庆永川万达广场项目,0,NULL,中建一局集团第一建筑有限公司西南分公司,00010100004300080175
819002,五建·天府新城建筑安装及配套施工总承包工程,NULL,NULL,中建一局集团第一建筑有限公司西南分公司,00010100004300080175
1101677,第二批央企在京老旧小区综合整治项目(标包二百六十六)(海淀区中关村街道、花园桥街道、海淀街道、北下关街道)工程总承包(EPC),0,5,五公司华北分公司,0001010000430005999o
1085268,第二批、第三批央企在京老旧小区综合整治项目（标包二百三十一）（海淀区万寿路街道、永定路街道、田村路街道、八里庄街道、甘家口街道、羊坊店街道、曙光街道） （一标段）工程总承包（EPC）,0,5,五公司华北分公司,0001010000430005999o
1085266,第二批央企在京老旧小区综合整治项目（标包十三）（西城区展览路街道、新街口街道、德胜街道、广外街道）工程总承包（EPC）-中国物流集团资产管理有限公司,0,5,五公司华北分公司,0001010000430005999o
1071612,北京商务中心区（CBD）核心区Z1a地块项目（办公、展厅、商业及配套用房）,0,5,五公司华北分公司,0001010000430005999o
1070989,玉湖冷链（天津）交易中心项目（东丽区军粮城示范镇北旺道北侧1号地块）施工总承包工程（二标段）,0,4,五公司华北分公司,0001010000430005999o
1062622,第一批央企在京老旧小区综合整治项目（标包二十六）（朝阳区望京街道）（项目名称）工程总承包（EPC）项目,0,4,五公司华北分公司,0001010000430005999o
1058362,大名县主城区城市驿站、公厕建设及改造提升项目设计施工总承包（EPC）（二次）,0,4,五公司华北分公司,0001010000430005999o
1057580,紫光数字经济科技园（一期）总部基地项目施工总承包工程,0,4,五公司华北分公司,0001010000430005999o
1006693,鸿府大厦室外燃气管线部位安全隐患整改项目,0,5,五公司华北分公司,0001010000430005999o
1002081,石家庄财经职业学院新校区,0,4,五公司华北分公司,0001010000430005999o
997901,某营区活动保障用房EPC工程,0,5,五公司华北分公司,0001010000430005999o
97179,邢台悦荣府项目,0,4,五公司华北分公司,0001010000430005999o
96694,C3C4研发楼等2项项目,0,4,五公司华北分公司,0001010000430005999o
90565,万象生活城三期（第四标段）12#-21#住宅楼、幼儿园、8#-9#商业及地下车库项目,0,4,五公司华北分公司,0001010000430005999o
56966,运河国际生态城一期樱草座（1-8#楼）,0,NULL,五公司华北分公司,0001010000430005999o
16328,北安河定向安置房东区12、22、25地块,0,4,五公司华北分公司,0001010000430005999o
2973,（21050100991）金地顺义新城第19街区项目公寓及商业建筑安装总承包工程项目部,0,NULL,五公司华北分公司,0001010000430005999o
1087077,第三批央企在京老旧小区综合整治项目（标包二百三十九）（密云区溪翁庄镇）工程总承包（EPC）,0,4,五公司华北分公司,0001010000430005999o
1085265,第二批央企在京老旧小区综合整治项目（标包十三）（西城区展览路街道、新街口街道、德胜街道、广外街道）工程总承包（EPC）-中国外运长航集团有限公司,0,5,五公司华北分公司,0001010000430005999o
1080605,河北医科大学新校区一期建设项目（除科研实验楼、学生宿舍、教学楼外）施工,0,5,五公司华北分公司,0001010000430005999o
1071886,管庄回迁房周边环境提升工作,0,5,五公司华北分公司,0001010000430005999o
1056987,朝阳区孙河组团2902-82产业用地项目(绿隔产业用房1等24项),0,4,五公司华北分公司,0001010000430005999o
1045939,武安市益源牧业有限责任公司智能养猪场污水处理工程,0,4,五公司华北分公司,0001010000430005999o
1025568,2022年第四服务中心屋面防水整修项目,0,5,五公司华北分公司,0001010000430005999o
1022134,某营区围墙及挡土墙整修项目,0,5,五公司华北分公司,0001010000430005999o
1021809,翔云楼招待所综合整治工程,0,5,五公司华北分公司,0001010000430005999o
1017181,某营区第二餐厅整修改造项目,0,5,五公司华北分公司,0001010000430005999o
1016089,清华大学紫荆19号楼综合维修改造项目,0,5,五公司华北分公司,0001010000430005999o
1014626,北京资金集中收付管理中心第三结算室办公楼改造工程,0,5,五公司华北分公司,0001010000430005999o
1006534,驻故宫部队营房电路维修工程,0,11,五公司华北分公司,0001010000430005999o
999753,某单位30号楼地下室整修等12个工程,0,NULL,五公司华北分公司,0001010000430005999o
996839,永济珑玺小区,0,5,五公司华北分公司,0001010000430005999o
994450,丰台区长辛店镇张郭庄村A区棚户区改造土地开发项目安置房工程一期二标段,0,5,五公司华北分公司,0001010000430005999o
991787,清华大学13号楼加固修缮工程,0,NULL,五公司华北分公司,0001010000430005999o
112179,中国生物研究院亦庄二期项目（2号综合测试楼等10项）,0,4,五公司华北分公司,0001010000430005999o
79210,汇禧润福艺术家养老公寓项目,0,NULL,五公司华北分公司,0001010000430005999o
25597,北京市长乐宝苑项目三期总承包工程,0,NULL,五公司华北分公司,0001010000430005999o
12977,沈阳IC产业项目,0,NULL,五公司华北分公司,0001010000430005999o
1083241,丰台区老旧小区综合改造（南苑、和义）街道项目,0,5,五公司华北分公司,0001010000430005999o
1082058,丰台区老旧小区综合改造（右安门）街道项目,0,5,五公司华北分公司,0001010000430005999o
1071015,玉湖冷链（天津）交易中心项目（东丽区军粮城街北旺道以北2号地块）施工总承包工程,0,4,五公司华北分公司,0001010000430005999o
1028122,年产21万吨绿色农用化学品项目土建工程（一期）,0,NULL,五公司华北分公司,0001010000430005999o
1018962,河北海盛药业有限公司原料药项目,0,5,五公司华北分公司,0001010000430005999o
1006694,招待局保密档案库房改造项目,0,5,五公司华北分公司,0001010000430005999o
1000465,国药中生生物技术研究院生物安全三级实验室建设项目,0,NULL,五公司华北分公司,0001010000430005999o
109992,保利齐河酒店项目土建及水电安装总承包工程,0,4,五公司华北分公司,0001010000430005999o
103464,工业厂房及配套附属设施项目A2-1#、A2-2#、A2-3#楼，C1-1#、C1-2#、C1-3#楼内部装修工程,0,4,五公司华北分公司,0001010000430005999o
95494,邢台悦荣府施工总承包工程,0,NULL,五公司华北分公司,0001010000430005999o
92326,通州区运河核心区3号地杨坨东街（杨坨中路-东六环西辅路）道路工程,0,4,五公司华北分公司,0001010000430005999o
81692,天津开发区万景宏城置业有限公司开发区会展酒店项目,0,4,五公司华北分公司,0001010000430005999o
6979,（21050900011）长春吾悦广场项目,0,5,五公司华北分公司,0001010000430005999o
9978,(2105010091)长乐宝苑工程项目部,0,NULL,五公司华北分公司,0001010000430005999o
1085591,云岗路西延道路工程（轨道交通1号线支线车辆段）,0,5,五公司华北分公司,0001010000430005999o
1079214,第二批、第三批央企在京老旧小区综合整治项目(标包二百三十五)(朝阳区望京街道、大屯街道、香河园街道)工程总承包(EPC),0,5,五公司华北分公司,0001010000430005999o
1068761,石家庄财经职业学院新校区2#行政办公用房工程,0,4,五公司华北分公司,0001010000430005999o
1058365,北京京东方生命科技产业基地健康云算力中心项目,0,4,五公司华北分公司,0001010000430005999o
1055076,长阳0607棚改项目售楼处精装工程,0,4,五公司华北分公司,0001010000430005999o
1052805,大名县地震预警信息终端建设项目,0,4,五公司华北分公司,0001010000430005999o
1051717,招待所B座维修改造工程项目,0,4,五公司华北分公司,0001010000430005999o
1025472,一期沥青路及围墙翻新工程,0,5,五公司华北分公司,0001010000430005999o
1022133,某营区西南花园电缆更换项目,0,5,五公司华北分公司,0001010000430005999o
1014625,新街口外大街23号院安全警卫用房整修改造工程,0,11,五公司华北分公司,0001010000430005999o
1013512,军队安置住房统建项目北京西北旺二期、香山配套公建施工总承包Ⅲ标段,0,5,五公司华北分公司,0001010000430005999o
82974,保利林语堂樾·和樾项目,1,4,五公司华北分公司,0001010000430005999o
25952,亚运新新家园丁1A#等5项,0,NULL,五公司华北分公司,0001010000430005999o
986,清华附中凯文国际学校工程,0,NULL,五公司华北分公司,0001010000430005999o
1101680,第二批央企在京老旧小区综合整治项目（标包七十一）（西城区展览路街道、广安门内街道、新街口街道）（一标段）工程总承包（EPC）,0,5,五公司华北分公司,0001010000430005999o
1091811,第二批央企在京老旧小区综合整治项目（标包七十三）（海淀区万寿路街道、中关村街道）（一标段）工程总承包（EPC）,0,5,五公司华北分公司,0001010000430005999o
1085706,丰台区城中村改造张仪村路东侧安置房项目施工总承包工程,0,5,五公司华北分公司,0001010000430005999o
1082065,丰台区老旧小区综合改造(方庄、石榴庄、大红门)街道项目,0,5,五公司华北分公司,0001010000430005999o
1070988,玉湖冷链（天津）交易中心项目（东丽区军粮城街茗华道以北2号地块）施工总承包工程,0,4,五公司华北分公司,0001010000430005999o
1060567,河北医科大学第三医院中西医协同“旗舰”医院建设试点项目工程总承包,0,4,五公司华北分公司,0001010000430005999o
1058697,石家庄财经职业学院新校区2#校行政办公用房工程,0,4,五公司华北分公司,0001010000430005999o
1058364,年产 1500 台新能源专用汽车及新能源商用车零部件生产建设项目,0,4,五公司华北分公司,0001010000430005999o
1024310,7号和8号楼外墙维修及1号楼外墙清洗,0,5,五公司华北分公司,0001010000430005999o
1017851,内蒙古自治区鄂尔多斯市达拉特旗人民医院二期综合病房楼,0,5,五公司华北分公司,0001010000430005999o
1017183,综合训练大队限额以下项目,0,5,五公司华北分公司,0001010000430005999o
1012242,新街口外大街23号院-办公区2、3、4号楼雨水槽及檐口装饰修复工程,0,11,五公司华北分公司,0001010000430005999o
1011266,朝阳区管庄乡管庄村安置房项目(1#住宅楼等17项）,0,5,五公司华北分公司,0001010000430005999o
85020,昌平区兴寿镇半壁店住宅小区项目,0,2,五公司华北分公司,0001010000430005999o
45305,2017年海淀区无煤化（燃气锅炉房集中供暖）项目（东区）,0,NULL,五公司华北分公司,0001010000430005999o
36352,正阳花园007地块项目（含地下车库）Ⅱ标段施工,0,5,五公司华北分公司,0001010000430005999o
24382,曹妃甸区基础设施二期PPP项目（五标段）,0,3,五公司华北分公司,0001010000430005999o
9981,北安河东区定向安置房31地块,0,NULL,五公司华北分公司,0001010000430005999o
1101678,第二批央企在京老旧小区综合整治项目（标 包二百六十七）（丰台区马家堡街道）工程总承包（EPC）,0,5,五公司华北分公司,0001010000430005999o
1085349,朝阳区朝阳路定福庄南里 1 号 74 幢一层至六层装修加固工程,0,4,五公司华北分公司,0001010000430005999o
1083813,石家庄财经职业学院新校区体育场看台工程,0,5,五公司华北分公司,0001010000430005999o
1081635,丰台区城中村改造张仪村路东侧安置房项目土护降工程施工,0,5,五公司华北分公司,0001010000430005999o
1014908,鸿府大厦门卫室、北围墙西侧墙面修缮工程,0,5,五公司华北分公司,0001010000430005999o
82703,阳光国际会议中心装修改造工程,0,4,五公司华北分公司,0001010000430005999o
1101679,第二批央企在京老旧小区综合整治项目（标包二百六十八）（丰台区五里店街道）工程总承包（EPC）,0,5,五公司华北分公司,0001010000430005999o
1080819,第二批、第三批央企在京老旧小区综合整治项目(标包二百三十六)(朝阳区八里庄街道、六里屯街道、潘家园街道)(一标段)工程总承包(EPC),0,5,五公司华北分公司,0001010000430005999o
1080417,改善办学保障条件-二号留学生公寓综合改造项目(中阿文化和旅游合作研究中心),0,5,五公司华北分公司,0001010000430005999o
1074622,小背光源主楼及附属构筑物拆除及回收工程,0,5,五公司华北分公司,0001010000430005999o
1069686,年产1500台新能源专用汽车及新能源商用车零部件生产建设项目,0,4,五公司华北分公司,0001010000430005999o
1060352,京东方智慧医工核心能力中心项目(二期)(D#科研楼等13项)E#科研楼及3#地下车库局部装修工程(北京京东方生命科技产业基地健康云算力中心项目),0,4,五公司华北分公司,0001010000430005999o
1051983,京西智谷5000P算力基础设施楼宇加固项目,0,4,五公司华北分公司,0001010000430005999o
1014628,护国寺66号院整修工程,0,5,五公司华北分公司,0001010000430005999o
100558,北京市植物园家属楼供暖改造工程,0,4,五公司华北分公司,0001010000430005999o
89266,房山区长阳镇06、07街区棚户区改造土地开发一片区项目FS10-0106-0027地块,0,4,五公司华北分公司,0001010000430005999o
89348,1#研发中心（地上部分）等12项（广发金融中心（北京））,0,4,五公司华北分公司,0001010000430005999o
24547,苏家坨文服中心,0,NULL,五公司华北分公司,0001010000430005999o
1100525,中央民族大学海淀校区运动场地改造建设项目,0,5,五公司华北分公司,0001010000430005999o
1069280,第三批央企在京老旧小区综合整治项目（标包二百三十七）（东城区和平里街道）工程总承包（EPC）,0,5,五公司华北分公司,0001010000430005999o
1023138,军委机关事务管理总局限额以下工程项目施工类预先统采项目,0,5,五公司华北分公司,0001010000430005999o
1022136,某营区27号楼地下室设施整修改造项目,0,5,五公司华北分公司,0001010000430005999o
992045,中关村绿色科技前沿技术创新中心 升级改造工程,0,NULL,五公司华北分公司,0001010000430005999o
96928,中央党校（国家行政学院）南校区2、3、4号楼学院公寓维修项目,0,4,五公司华北分公司,0001010000430005999o
45978,A、B、C区联体建筑维修工程,0,NULL,五公司华北分公司,0001010000430005999o
1085590,南苑镇南路（马家堡东路-五爱屯路）道路工程,0,5,五公司华北分公司,0001010000430005999o
1066896,河北诚信集团有限公司-诚信大厦项目,0,4,五公司华北分公司,0001010000430005999o
1063127,京东方智慧医工核心能力中心项目（一期）（A#科研楼等7项）C#科研楼四层13-14轴东侧GMP实验室精装工程总承包（EPC）,0,4,五公司华北分公司,0001010000430005999o
1040873,内蒙古自治区鄂尔多斯市达拉特旗人民医院二期综合病房楼21656平方米新建项目信息化建设EPC总承包,0,2,五公司华北分公司,0001010000430005999o
1029926,清华大学紫荆19号楼地下职工宿舍消防设施维修项目,0,5,五公司华北分公司,0001010000430005999o
1022132,某营区办公楼501房间改造项目,0,5,五公司华北分公司,0001010000430005999o
1017182,维修耗材间整修工程,0,5,五公司华北分公司,0001010000430005999o
1005664,新媒体数字产业园项目2#厂房土建工程,0,5,五公司华北分公司,0001010000430005999o
995083,大世界国际广场工程-CFG桩、降水、护坡,0,4,五公司华北分公司,0001010000430005999o
103250,河北雄安绿博园辛集林辛集园建设项目设计施工总承包（EPC）工程,1,2,五公司华北分公司,0001010000430005999o
6574,（21050100951）都海田园山庄工程,0,NULL,五公司华北分公司,0001010000430005999o
2975,（2105010093）房山理工项目四期建筑安装总承包工程,0,NULL,五公司华北分公司,0001010000430005999o
1086001,丰台区丽泽金融商务区北区A地块建设及综合治理项目FT00-0609-0037(2)地块B4综合性商业金融服务业用地项目,0,5,五公司华北分公司,0001010000430005999o
1014803,东交民巷10号院北平房（四化项目）改造工程,0,5,五公司华北分公司,0001010000430005999o
1012241,新街口外大街23号院门诊部外墙修缮工程,0,5,五公司华北分公司,0001010000430005999o
999139,UBP园区能源改造项目,0,5,五公司华北分公司,0001010000430005999o
104862,北京市昌平区半壁店住宅小区（凯德、麓语）项目5-6期施工总承包工程,0,4,五公司华北分公司,0001010000430005999o
92596,清华大学艺术博物馆地库门加固改造工程,0,4,五公司华北分公司,0001010000430005999o
92504,南开区信美道地块项目,0,4,五公司华北分公司,0001010000430005999o
24515,1#绿色产业用房（绿化管理用房）等14项工程,0,4,五公司华北分公司,0001010000430005999o
1080606,河北省体育局秦皇岛训练基地项目综合训练馆和游泳训练馆工程,0,5,五公司华北分公司,0001010000430005999o
1072869,中船天津船舶制造有限公司转型升级能力建设（二期）项目钢结构专业工程1标段（分段装焊工场等单体）,0,4,五公司华北分公司,0001010000430005999o
1068671,第三批央企在京老旧小区综合整治项目（标包一百六十） （朝阳区望京街道、太阳宫街道）工程总承包（EPC）项目,0,4,五公司华北分公司,0001010000430005999o
1017179,东交民巷9号院外立面及屋面改造项目,0,5,五公司华北分公司,0001010000430005999o
1016638,武安市白沙龙兴源冷链物流园项目EPC总承包,1,2,五公司华北分公司,0001010000430005999o
991500,北京密云经济开发区科技路热力管网建设工程（二标段）,0,NULL,五公司华北分公司,0001010000430005999o
97631,解放军新闻传播中心项目,0,2,五公司华北分公司,0001010000430005999o
1080820,第二批、第三批央企在京老旧小区综合整治项目(标包二百三十八)(东城区永外街道、东花市街道)(一标段)工程总承包(EPC),0,5,五公司华北分公司,0001010000430005999o
1079506,河北医科大学第二医院国家重大传染病防治基地建设项目,0,4,五公司华北分公司,0001010000430005999o
1070990,玉湖冷链（天津）交易中心项目（东丽区军粮城示范镇北旺道北侧1号地块）施工总承包工程（一标段）,0,4,五公司华北分公司,0001010000430005999o
1064790,丰台区东河沿村B区棚户区改造土地开发项目场地平整（降方）030509地块,0,4,五公司华北分公司,0001010000430005999o
1059201,三间房乡2022年老旧小区综合整治（双柳巷小区）项目-外套式抗震加固改造及单项改造施工项目,0,4,五公司华北分公司,0001010000430005999o
1048856,内蒙古灵圣作物科技有限公司年产20万吨蛋氨酸及配套设施项目,0,4,五公司华北分公司,0001010000430005999o
1047716,京东方智慧医工核心能力中心项目（一期）（A#科研楼等7项）10#楼一层至四层精装修工程,0,4,五公司华北分公司,0001010000430005999o
1031120,河北医科大学第三医院国家紧急医学救援基地项目工程施工总承包,0,4,五公司华北分公司,0001010000430005999o
1027127,石家庄财经职业学院新校区（卧龙校区）项目,0,5,五公司华北分公司,0001010000430005999o
1022135,某营区食堂电缆更换项目,0,5,五公司华北分公司,0001010000430005999o
1004545,北京昌平区半壁店住宅小区（凯德.麓语）项目 7 期施工总承包工程,0,NULL,五公司华北分公司,0001010000430005999o
89267,房山区长阳镇06、07街区棚户区改造土地开发六片区项目FS10-0107-0032地块,0,4,五公司华北分公司,0001010000430005999o
92324,通州区运河核心区3号地杨坨四街（杨坨中路-东六环西辅路）道路工程,0,4,五公司华北分公司,0001010000430005999o
33130,运河国际生态城一期百合座1-11#楼,0,NULL,五公司华北分公司,0001010000430005999o
1095737,中船天津船舶有限公司转型升级能力建设（二期）项目 新增外场管网1,0,5,五公司华北分公司,0001010000430005999o
1090216,朝阳区石佛营东里128号院5号楼-1层至3层装修工程,0,5,五公司华北分公司,0001010000430005999o
1085386,丰台区北宫镇张郭庄村A区棚户区改造土地开发项目FT00-0204-6028地块R2二类居住用地项目,0,5,五公司华北分公司,0001010000430005999o
1085264,第一批、第二批央企在京老旧小区综合整治项目（标包七）（大兴区清源街道、兴丰街道）工程总承包（EPC）,0,5,五公司华北分公司,0001010000430005999o
1081634,丰台区城中村改造看丹路北侧安置房项目土护降工程,0,5,五公司华北分公司,0001010000430005999o
1079820,第二批央企在京老旧小区综合整治项目(标包七十二)(东城区景山街道、北新桥街道)(EPC)一标段,0,5,五公司华北分公司,0001010000430005999o
1078648,北京市朝阳区平房乡黄杉木店平房区城中村改造项目 2107-01 地块 R2 二类居住用地项目（1#住宅楼等 16 项）,0,4,五公司华北分公司,0001010000430005999o
1072868,中船天津船舶制造有限公司转型升级能力建设（二期）项目钢结构专业工程2标段（船体联合工场等单体）,0,4,五公司华北分公司,0001010000430005999o
1070991,玉湖冷链（天津）交易中心项目（东丽区军粮城街茗华道以北1号地块）施工总承包工程,0,4,五公司华北分公司,0001010000430005999o
1025567,030大院408楼四周挡土墙、地面、散水及东楼东北侧挡土墙整修项目,0,5,五公司华北分公司,0001010000430005999o
1014802,缎库胡同15号公共场所整修工程,0,5,五公司华北分公司,0001010000430005999o
995505,雄安郊野公园辛集展园项目设计施工总承包（EPC）建设项目工程,0,5,五公司华北分公司,0001010000430005999o
110480,海淀区北安河安置房项目代征地整理及垃圾清运工程,0,4,五公司华北分公司,0001010000430005999o
82329,中加生态示范区二组团墨香大厦(临海新城08-02-69地块)施工总承包工程,0,4,五公司华北分公司,0001010000430005999o
62658,中加生态示范区一组团枫博园（临海新城08-02-61地块）一期施工总承包工程,0,4,五公司华北分公司,0001010000430005999o
1103251,京东方智慧医工核心能力中心项目（一期）（A#科研楼等七项）,0,5,五公司华北分公司,0001010000430005999o
1080355,第二批、第三批央企在京老旧小区综合整治项目（标包二百三十四）（丰台区东铁匠营街道、西罗园街道）工程总承包（EPC）,0,5,五公司华北分公司,0001010000430005999o
1048247,某部职工安置住房工程,0,4,五公司华北分公司,0001010000430005999o
1043731,C3C4研发楼等2项项目北塔二、六层办公区精装修工程,0,4,五公司华北分公司,0001010000430005999o
1014629,京丰宾馆2021年大项开支计划工程,0,5,五公司华北分公司,0001010000430005999o
992929,海淀区北安河东西区定向安置房项目喷灌工程,0,NULL,五公司华北分公司,0001010000430005999o
92408,燕都紫金台一标段（4#、5#、6#、10#、11#、配套用房、一标段车库）,0,4,五公司华北分公司,0001010000430005999o
2976,（2105030086）嘉海二期工程项目部,0,NULL,五公司华北分公司,0001010000430005999o
1080356,第三批央企在京老旧小区综合整治项目(标包二百三十九)(密云区溪翁庄镇)工程总承包(EPC),0,5,五公司华北分公司,0001010000430005999o
1075768,河北医科大学第二医院国家重大传染病防治基地项目施工(二次),0,5,五公司华北分公司,0001010000430005999o
1072815,智神星一号系列液氧煤油运载火箭发射工位建设一期三标段,0,5,五公司华北分公司,0001010000430005999o
1055504,大型可重复使用液体运载火箭高精尖零部件研发制造基地建设项目,0,5,五公司华北分公司,0001010000430005999o
1052950,丰台区东河沿村A区、B区棚户区改造土地开发项目配套道路及市政管线项目,0,4,五公司华北分公司,0001010000430005999o
1017178,181号院服务大厅及地下室装修工程,0,5,五公司华北分公司,0001010000430005999o
1006695,京丰宾馆2021年零星工程,0,5,五公司华北分公司,0001010000430005999o
1001310,复兴路招待所安全隐患综合整治工程,0,5,五公司华北分公司,0001010000430005999o
57022,天津滨海国际森林庄园项目部,0,NULL,五公司华北分公司,0001010000430005999o
28718,中加生态示范区一组团项目临海新城08-02-60地块（枫情商业广场）4-9号楼,0,NULL,五公司华北分公司,0001010000430005999o
985,（21050900011）长春吾悦广场商业区土建、安装工程,0,NULL,五公司华北分公司,0001010000430005999o
1098520,朝阳区商务中心区(CBD)核心区Z8地块项目,0,5,五公司华北分公司,0001010000430005999o
1080416,改善办学保障条件-图书馆抗震加固综合改造项目,0,5,五公司华北分公司,0001010000430005999o
1075923,C3C4研发楼等2项项目北塔七层办公区精装修工程,0,5,五公司华北分公司,0001010000430005999o
1061072,亚运新新家园丁1A#等5项工程,0,4,五公司华北分公司,0001010000430005999o
1061051,仟同郡商业地产项目,0,4,五公司华北分公司,0001010000430005999o
1058969,C3C4研发楼等2项项目北塔三层办公区精装修工程,0,4,五公司华北分公司,0001010000430005999o
1046356,石家庄尚太科技股份有限公司年产10万吨锂离子电池负极材料一体化项目（A标段）,0,4,五公司华北分公司,0001010000430005999o
1025419,某院运动场改造工程,0,5,五公司华北分公司,0001010000430005999o
1017180,某营区1号楼一单元25间房整修改造工程,0,5,五公司华北分公司,0001010000430005999o
1014907,鸿府大厦北围墙西侧砌筑建设工程,0,5,五公司华北分公司,0001010000430005999o
1012243,京丰宾馆南楼监控系统升级改造项目,0,11,五公司华北分公司,0001010000430005999o
92409,燕都紫金台二标段（1#、2#、3#、7#、8#、9#、公厕、二标段车库）,0,4,五公司华北分公司,0001010000430005999o
91966,首都医科大学附属北京中医医院新址（垡头）建设项目-场地平整,0,1,五公司华北分公司,0001010000430005999o
89823,中加生态示范区一组团枫博园二期（临海新城08-02-61地块）施工总承包工程,0,4,五公司华北分公司,0001010000430005999o
92328,通州区运河核心区3号地杨坨中路（芙蓉路-杨坨四街）道路工程,0,4,五公司华北分公司,0001010000430005999o
1067152,常州市江边五期及污水资源化利用工程-生态安全缓冲区工程（一阶段）,0,5,中建一局集团第二建筑有限公司江苏分公司,000101000043000299bk
1027761,常州市江边五期及污水资源化利用工程-厂区污水处理工程,0,4,中建一局集团第二建筑有限公司江苏分公司,000101000043000299bk
1011614,宜春花博园熊出没项目,0,4,中建一局集团第二建筑有限公司江苏分公司,000101000043000299bk
27264,（1201020031）徐州市轨道交通3号线一期工程08标段,0,5,中建一局集团第二建筑有限公司江苏分公司,000101000043000299bk
16518,(1201020025)徐州市城市轨道交通1号线一期工程土建08标,0,NULL,中建一局集团第二建筑有限公司江苏分公司,000101000043000299bk
821926,2017G85南京仙林苏宁广场B、C地块施工总承包工程-劳务,0,NULL,中建一局集团第二建筑有限公司江苏分公司,000101000043000299bk
1097155,无锡宜家装饰装修和幕墙改造工程项目RCMP总承包工程,0,5,中建一局集团第二建筑有限公司江苏分公司,000101000043000299bk
1091817,一局二公司江苏分公司,0,4,中建一局集团第二建筑有限公司江苏分公司,000101000043000299bk
1087378,“三中心一总部”项目B01号楼钢结构工程材料采购,0,11,中建一局集团第二建筑有限公司江苏分公司,000101000043000299bk
1050319,岱山片区保障房架空层消防隐患整治工程四标段施工,0,5,中建一局集团第二建筑有限公司江苏分公司,000101000043000299bk
1025719,康缘医药科技园项目1#楼桩基工程,0,5,中建一局集团第二建筑有限公司江苏分公司,000101000043000299bk
110459,徐州矿务集团总医院改扩建工程,0,NULL,中建一局集团第二建筑有限公司江苏分公司,000101000043000299bk
817233,中航雷达与电子设备研究院研发中心建设项目（六〇七所无锡山水城）二期1-4号楼及地下室工程施工总承包-劳务,0,NULL,中建一局集团第二建筑有限公司江苏分公司,000101000043000299bk
111921,萧政储出（2019）14号地块,0,4,中建一局集团第二建筑有限公司江苏分公司,000101000043000299bk
97850,南京国际数码港项目（NO.2018G17地块）ABC地块,0,5,中建一局集团第二建筑有限公司江苏分公司,000101000043000299bk
821835,龙泉鼎丰·壹城项目2-1#、2-2#、3#、4#地块施工总承包工程-劳务,0,NULL,中建一局集团第二建筑有限公司江苏分公司,000101000043000299bk
1014435,申通（泰州）智慧物流电商产业园项目,0,NULL,中建一局集团第二建筑有限公司江苏分公司,000101000043000299bk
107502,南京新街口苏宁广场试桩工程,0,4,中建一局集团第二建筑有限公司江苏分公司,000101000043000299bk
90928,仙林苏宁广场项目B/C地块工程,0,4,中建一局集团第二建筑有限公司江苏分公司,000101000043000299bk
1087530,中国物流徐州工程机械智慧产业园（一期）,0,5,中建一局集团第二建筑有限公司江苏分公司,000101000043000299bk
1025219,龙翔启动区规划小学、幼儿园项目,0,NULL,中建一局集团第二建筑有限公司江苏分公司,000101000043000299bk
1018601,宜春方特家园建设项目,0,5,中建一局集团第二建筑有限公司江苏分公司,000101000043000299bk
104107,徐州银山混凝土搅拌站建设及运营管理项目,0,3,中建一局集团第二建筑有限公司江苏分公司,000101000043000299bk
1040864,复兴之路文化科技项目后勤配套职工公寓项目房屋建筑施工总承包工程,0,4,中建一局集团第二建筑有限公司江苏分公司,000101000043000299bk
1019019,磐安桃李春风项目,0,NULL,中建一局集团第二建筑有限公司江苏分公司,000101000043000299bk
112640,徐州轨道交通3号线一期工程银山车辆段上盖项目,0,5,中建一局集团第二建筑有限公司江苏分公司,000101000043000299bk
107753,栖霞区合班村257号（三毛厂）地块中学项目总承包工程,0,5,中建一局集团第二建筑有限公司江苏分公司,000101000043000299bk
57120,徐州市城市轨道交通1号线杏山子车辆段咽喉区上盖项目,0,NULL,中建一局集团第二建筑有限公司江苏分公司,000101000043000299bk
1097162,无锡宜家装饰装修和幕墙改造工程项目连桥总承包工程,0,5,中建一局集团第二建筑有限公司江苏分公司,000101000043000299bk
1045463,312国道无锡凤翔路至广石路段工程施工项目312FG12标段,0,5,中建一局集团第二建筑有限公司江苏分公司,000101000043000299bk
1018015,天笑桃李春风文旅综合体开发建设项目,0,NULL,中建一局集团第二建筑有限公司江苏分公司,000101000043000299bk
1011616,宜春花博园熊出没水世界项目,0,4,中建一局集团第二建筑有限公司江苏分公司,000101000043000299bk
112616,龙泉瓯江文化休闲康养中心（鼎丰壹城）A区块二期2-1＃/B区块一期2-2#,0,5,中建一局集团第二建筑有限公司江苏分公司,000101000043000299bk
1025303,天笑桃李春风房地产开发建设项目,0,5,中建一局集团第二建筑有限公司江苏分公司,000101000043000299bk
1004508,盱眙县公共卫生服务中心建设项目施工,0,4,中建一局集团第二建筑有限公司江苏分公司,000101000043000299bk
815257,宿州苏宁广场总承包工程,NULL,NULL,中建一局集团第二建筑有限公司江苏分公司,000101000043000299bk
1025367,济宁复兴之路文化科技项目办公及配套区工程,0,5,中建一局集团第二建筑有限公司江苏分公司,000101000043000299bk
91656,龙泉鼎丰·壹城项目2-1#、2-2#、3#、4#地块施工总承包,0,5,中建一局集团第二建筑有限公司江苏分公司,000101000043000299bk
1097156,无锡宜家装饰装修和幕墙改造工程项目总承包工程,0,5,中建一局集团第二建筑有限公司江苏分公司,000101000043000299bk
1025060,驻马店熊出没水世界房屋建筑工程施工总承包,0,5,中建一局集团第二建筑有限公司江苏分公司,000101000043000299bk
1014433,项目名称：龙泉瓯江文化休闲康养中心（鼎丰·壹城）A区块二期和龙泉瓯江文化休闲康养中心（鼎丰·壹城）B区块一期（2-2#地块、3#地块、4#地块）,0,NULL,中建一局集团第二建筑有限公司江苏分公司,000101000043000299bk
104537,岙东路改扩建项目（一期）工程,0,4,中建一局集团第二建筑有限公司江苏分公司,000101000043000299bk
1021947,徐州市2022-1号(新元大道东A地块）定销房项目,1,2,中建一局集团第二建筑有限公司江苏分公司,000101000043000299bk
1025056,驻马店熊出没乐园房屋建筑工程施工总承包,0,5,中建一局集团第二建筑有限公司江苏分公司,000101000043000299bk
1000199,申通（泰州）智慧物流电商产业园施工总承包项目,0,5,中建一局集团第二建筑有限公司江苏分公司,000101000043000299bk
1056513,王岗二期棚户区改造建设项目工程总承包,0,2,中建一局集团第二建筑有限公司江苏分公司,000101000043000299bk
1027902,复兴之路文化科技项目后勤配套职工公寓项目（施工）工程,0,5,中建一局集团第二建筑有限公司江苏分公司,000101000043000299bk
1137,西咸沣泾大道立交工程项目部,0,NULL,中建一局集团第二建筑有限公司江苏分公司,000101000043000299bk
82025,中航雷达与电子设备研究院研发中心建设项目（六〇七所无锡山水城）二期1-4号楼及地下室工程施工总承包项目,0,NULL,中建一局集团第二建筑有限公司江苏分公司,000101000043000299bk
993078,徐州市城市轨道交通 6 号线一期工程SGTJ6111标段,0,NULL,中建一局集团第二建筑有限公司江苏分公司,000101000043000299bk
89369,徐州市轨道交通3号线一期工程银山车辆段上盖项目土建工程,0,3,中建一局集团第二建筑有限公司江苏分公司,000101000043000299bk
822144,南京国际数码港项目（NO.2018G17地块）ABC地块桩基、支护、土建、安装、精装修及附属工程,0,NULL,中建一局集团第二建筑有限公司江苏分公司,000101000043000299bk
1057248,上海格科半导体改扩建,0,5,中建一局集团建设发展有限公司安徽分公司,0001010000430004999v
1076118,安徽晶镁光罩厂房及厂务项目EPC,0,4,中建一局集团建设发展有限公司安徽分公司,0001010000430004999v
1079188,合肥量子精密测量实验微重力环境落塔,0,4,中建一局集团建设发展有限公司安徽分公司,0001010000430004999v
998390,北京张仪-莲花池π入岳各庄 220 千伏线路,0,5,中建一局集团建设发展有限公司安徽分公司,0001010000430004999v
1086325,合肥存储器晶圆后道测试基地二期,0,4,中建一局集团建设发展有限公司安徽分公司,0001010000430004999v
1086326,安徽芜湖瑞晶半导体EPC,0,4,中建一局集团建设发展有限公司安徽分公司,0001010000430004999v
1018781,北京九州恒盛绿色电能设备研发及产业化基地,0,5,中建一局集团建设发展有限公司安徽分公司,0001010000430004999v
1005108,北京集成电路标准厂房(二期),0,5,中建一局集团建设发展有限公司安徽分公司,0001010000430004999v
1081694,合肥医用材料制造基地,0,4,中建一局集团建设发展有限公司安徽分公司,0001010000430004999v
1039663,北京集成电路标准厂房（二期）B13-D包,0,5,中建一局集团建设发展有限公司安徽分公司,0001010000430004999v
112718,巢湖欧菲光光学光电产业基地建设,0,5,中建一局集团建设发展有限公司安徽分公司,0001010000430004999v
1087639,北京交通大学雄安校区一期,0,5,中建一局集团建设发展有限公司雄安分公司,000101000043000499a0
1074315,雄安华能总部38地块,0,5,中建一局集团建设发展有限公司雄安分公司,000101000043000499a0
1068639,雄安华电总部基地,0,4,中建一局集团建设发展有限公司雄安分公司,000101000043000499a0
1074497,北京中芯库房扩建,0,4,中建一局集团建设发展有限公司雄安分公司,000101000043000499a0
1071442,北京超常环境系统力学研究与验证平台,0,4,中建一局集团建设发展有限公司雄安分公司,000101000043000499a0
1076215,寿光市田柳数字农业产业园项目,1,2,中建一局集团第二建筑有限公司基础设施事业部,00010100004300020027
1016729,张掖市危废（固废）处置及资源化利用中心项目PC工程总承包,0,NULL,中建一局集团第二建筑有限公司基础设施事业部,00010100004300020027
1011019,内蒙古东部地区危险废弃物集中处置中心环保升级改造项目（一期）,0,4,中建一局集团第二建筑有限公司基础设施事业部,00010100004300020027
992545,濮阳县生活垃圾焚烧发电项目EPC工程总承包项目,0,2,中建一局集团第二建筑有限公司基础设施事业部,00010100004300020027
102626,嵩山路、京广路2条道路示范段综合改造工程二标段,0,4,中建一局集团第二建筑有限公司基础设施事业部,00010100004300020027
92320,开封市市政道路EPC项目,0,3,中建一局集团第二建筑有限公司基础设施事业部,00010100004300020027
80919,南昌县武阳创业园创业二路（创业大道至雪芹大道段）路,0,1,中建一局集团第二建筑有限公司基础设施事业部,00010100004300020027
1040535,莱州市千里海岸观光廊道海上长城支线建设工程EPC项目,0,2,中建一局集团第二建筑有限公司基础设施事业部,00010100004300020027
1025016,莱州市2023年老旧小区改造项目,0,5,中建一局集团第二建筑有限公司基础设施事业部,00010100004300020027
1010925,资阳临空经济区产业新城路网工程（二期）三贤路B段道路工程,0,3,中建一局集团第二建筑有限公司基础设施事业部,00010100004300020027
1093466,内蒙古自治区巴彦淖尔市乌拉特后旗莫林河流域生态综合治理项目(2026年度),0,4,中建一局集团第二建筑有限公司基础设施事业部,00010100004300020027
62612,（1201020039）南昌县金沙大道南延辅道工程（汽车大道-雄溪河）段强电套管维修,0,NULL,中建一局集团第二建筑有限公司基础设施事业部,00010100004300020027
814166,商丘市污水管网和中水管网工程-劳务,NULL,NULL,中建一局集团第二建筑有限公司基础设施事业部,00010100004300020027
1059389,莱州市2024年老旧小区改造项目,0,5,中建一局集团第二建筑有限公司基础设施事业部,00010100004300020027
92578,西宁市七一路西延道路新建项目（七一路连接线）同仁路北延工程项目,0,4,中建一局集团第二建筑有限公司基础设施事业部,00010100004300020027
27344,抚生西路（汇仁大道-芳湖路）提升改造工程,0,NULL,中建一局集团第二建筑有限公司基础设施事业部,00010100004300020027
820873,西宁市七一路西延道路新建项目（七一路连接线）同仁路北延工程施工-劳务,0,NULL,中建一局集团第二建筑有限公司基础设施事业部,00010100004300020027
3625,（12010200221）小兰经开区迎富大道及明渠、武阳中小企业创业园路网,0,1,中建一局集团第二建筑有限公司基础设施事业部,00010100004300020027
2652,开港大道,0,NULL,中建一局集团第二建筑有限公司基础设施事业部,00010100004300020027
1000185,内江国家高新技术产业开发区生态科技城PPP项目,0,NULL,中建一局集团第二建筑有限公司基础设施事业部,00010100004300020027
80918,105国道弃土填筑场地平整工程,0,4,中建一局集团第二建筑有限公司基础设施事业部,00010100004300020027
34299,商丘市污水管网和中水管网工程,0,NULL,中建一局集团第二建筑有限公司基础设施事业部,00010100004300020027
16920,（12010200222）银三角文化创意城市路网,0,1,中建一局集团第二建筑有限公司基础设施事业部,00010100004300020027
17859,(12010200225)汇仁大道（迎宾大道—金沙三路）提升改造工程,0,NULL,中建一局集团第二建筑有限公司基础设施事业部,00010100004300020027
11684,（12010200227）G105国道南昌市银三角至广福段公路改建工程,0,1,中建一局集团第二建筑有限公司基础设施事业部,00010100004300020027
15849,金沙三路（汇仁大道至振铃南路）提升改造工程,0,NULL,中建一局集团第二建筑有限公司基础设施事业部,00010100004300020027
62614,（1201020038）南昌县金沙大道南延辅道工程（汽车大道-雄溪河）“三迎”围挡工程,0,NULL,中建一局集团第二建筑有限公司基础设施事业部,00010100004300020027
825330,嵩山路、京广路2条道路示范段综合改造工程（二标段）,0,NULL,中建一局集团第二建筑有限公司基础设施事业部,00010100004300020027
7670,南昌县象湖新城象湖三路道路工程,0,1,中建一局集团第二建筑有限公司基础设施事业部,00010100004300020027
1639,（1201020022g）南昌县规划一路、规划二路道路工程,0,NULL,中建一局集团第二建筑有限公司基础设施事业部,00010100004300020027
1029419,托克逊县民心矿业有限责任公司煤矿120万吨/年改扩建工程项目,0,2,中建一局集团第二建筑有限公司基础设施事业部,00010100004300020027
1007474,环城墙内侧（中山路-解放路）街景整治工程,0,4,中建一局集团第二建筑有限公司基础设施事业部,00010100004300020027
992567,2020年开封市老旧小区改造项目,0,2,中建一局集团第二建筑有限公司基础设施事业部,00010100004300020027
95673,郑州中原常西湖新区规划五路等十七条道路工程施工总承包项目（二次）施工一标段,0,4,中建一局集团第二建筑有限公司基础设施事业部,00010100004300020027
816060,南昌高新电子产业园一期建设项目-劳务,NULL,NULL,中建一局集团第二建筑有限公司基础设施事业部,00010100004300020027
815054,G230通武线开封至尉氏段改建工程-劳务,NULL,NULL,中建一局集团第二建筑有限公司基础设施事业部,00010100004300020027
1069478,郑州航空港经济综合实验区第三水厂及配套管网工程,0,2,中建一局集团第二建筑有限公司基础设施事业部,00010100004300020027
1059391,莱州市府前西街、南阳河西路雨污管网敷设及附属设施建设工程,0,5,中建一局集团第二建筑有限公司基础设施事业部,00010100004300020027
1058024,2024年内蒙古自治区巴彦淖尔市阴山一线生态综合治理项目一标段,0,5,中建一局集团第二建筑有限公司基础设施事业部,00010100004300020027
1017299,开封宋都古城文旅提升铁塔景区及御河工程项目,0,2,中建一局集团第二建筑有限公司基础设施事业部,00010100004300020027
1010781,西宁市昆仑西路（羚羊路）下穿通道建设项目,0,4,中建一局集团第二建筑有限公司基础设施事业部,00010100004300020027
991698,濮阳县生活垃圾焚烧发电项目三通一平施工工程,0,NULL,中建一局集团第二建筑有限公司基础设施事业部,00010100004300020027
827080,渭沱综合物流产业园疏港大道二期-劳务,0,NULL,中建一局集团第二建筑有限公司基础设施事业部,00010100004300020027
20769,（1201020027）开港大道项目部,0,3,中建一局集团第二建筑有限公司基础设施事业部,00010100004300020027
823367,郑州中原常西湖新区规划五路等十七条道路工程施工总承包项目,0,NULL,中建一局集团第二建筑有限公司基础设施事业部,00010100004300020027
1638,南昌县富山五路东延新建道路工程,0,1,中建一局集团第二建筑有限公司基础设施事业部,00010100004300020027
1039582,莱州市千里海岸观光廊道阳光海湾新城支线建设工程EPC项目,0,2,中建一局集团第二建筑有限公司基础设施事业部,00010100004300020027
1015945,辽宁(锦州)再生资源产业园危废项目（二期）工程,0,5,中建一局集团第二建筑有限公司基础设施事业部,00010100004300020027
90677,资阳市临空经济区产业新城路网工程（一期）三贤路,0,4,中建一局集团第二建筑有限公司基础设施事业部,00010100004300020027
827928,开封市内顺城路建设及内顺城路周边棚户区改造项目-劳务,0,NULL,中建一局集团第二建筑有限公司基础设施事业部,00010100004300020027
28681,商丘市城区市政道路建设工程PPP项目（第四标段）,0,3,中建一局集团第二建筑有限公司基础设施事业部,00010100004300020027
11682,南昌县东莲路（金沙大道—沿江南大道）提升改造工程,0,NULL,中建一局集团第二建筑有限公司基础设施事业部,00010100004300020027
1040534,中央商务区（CBD）500千伏外电源工程（隧道部分）（第一标段）,0,5,中建一局集团第二建筑有限公司基础设施事业部,00010100004300020027
1032103,房山区山洪沟水毁修复工程,0,4,中建一局集团第二建筑有限公司基础设施事业部,00010100004300020027
1014734,富顺县西禅寺隧道人防工程及连接线项目,0,NULL,中建一局集团第二建筑有限公司基础设施事业部,00010100004300020027
1014018,张掖市危废（固废）处置及资源化利用中心项目,0,4,中建一局集团第二建筑有限公司基础设施事业部,00010100004300020027
1010948,明伦街（解放路-东外环路）道路改造工程项目,0,4,中建一局集团第二建筑有限公司基础设施事业部,00010100004300020027
111330,大运会主会场周边基础设施建设项目设计-施工总承包/标段,1,NULL,中建一局集团第二建筑有限公司基础设施事业部,00010100004300020027
7671,(12010200226)金沙三路（汇仁大道—东莲路）新建工程,0,NULL,中建一局集团第二建筑有限公司基础设施事业部,00010100004300020027
814419,南昌市G105国道银三角至广福段公路改建工程-劳务,NULL,NULL,中建一局集团第二建筑有限公司基础设施事业部,00010100004300020027
1032105,房山新城河道水毁修复工程项目,0,4,中建一局集团第二建筑有限公司基础设施事业部,00010100004300020027
1016555,开封市宋都古城龙亭湖片区城市更新项目,0,2,中建一局集团第二建筑有限公司基础设施事业部,00010100004300020027
1015609,莱州市城市内涝治理及雨污分流建设项目,1,2,中建一局集团第二建筑有限公司基础设施事业部,00010100004300020027
10668,南昌县富山五路东延、象湖三路、银湖三路、银城路一期、规划一路、规划二路道路工程,0,NULL,中建一局集团第二建筑有限公司基础设施事业部,00010100004300020027
6648,东莲路（金沙大道—沿江南大道）提升改造工程,0,NULL,中建一局集团第二建筑有限公司基础设施事业部,00010100004300020027
2693,抚生路（汇仁大道—芳湖路）提升改造工程,0,NULL,中建一局集团第二建筑有限公司基础设施事业部,00010100004300020027
1085983,北京交通大学雄安校区一期第三组团专项二标段施工总承包项目,0,5,中建一局集团第二建筑有限公司基础设施事业部,00010100004300020027
1017300,开封市城北国家粮库城市更新项目,0,2,中建一局集团第二建筑有限公司基础设施事业部,00010100004300020027
992283,富顺县西禅寺隧道人防工程及连接线项目勘察设计施工总承包EPC项目部,1,2,中建一局集团第二建筑有限公司基础设施事业部,00010100004300020027
110471,开封市内顺城路建设及内顺城路周边棚户区改造项目,1,5,中建一局集团第二建筑有限公司基础设施事业部,00010100004300020027
92556,门头沟区永定镇岢罗坨、秋坡、石佛村A、B、C地块土地一级开发项目（市政配套工程）,0,3,中建一局集团第二建筑有限公司基础设施事业部,00010100004300020027
76282,南昌县广福镇北头村通村主干道改造工程,0,NULL,中建一局集团第二建筑有限公司基础设施事业部,00010100004300020027
1087485,第十师一八七团有机生姜孵化智慧农业设施项目,0,5,中建一局集团第二建筑有限公司基础设施事业部,00010100004300020027
112695,仁里（柳铺）村农业产业融合示范项目首期基础设施建设项目,1,NULL,中建一局集团第二建筑有限公司基础设施事业部,00010100004300020027
62788,广州路黄溪村农民公寓升级改造项目设计、施工总承包（EPC）工程,0,NULL,中建一局集团第二建筑有限公司基础设施事业部,00010100004300020027
24713,（1201020022j)富山大道(金沙四路-沿江南大道)新建工程,0,1,中建一局集团第二建筑有限公司基础设施事业部,00010100004300020027
11683,南昌县象湖新城银湖三路（抚生西路—抚生路）新建工程,0,NULL,中建一局集团第二建筑有限公司基础设施事业部,00010100004300020027
821415,门头沟区永定镇岢罗坨、秋坡、石佛村A、B、C地块土地一级开发项目市政配套工程道路工程及综合管线工程-劳务,0,NULL,中建一局集团第二建筑有限公司基础设施事业部,00010100004300020027
1020341,2022年莱州市老旧小区改造项目施工,0,5,中建一局集团第二建筑有限公司基础设施事业部,00010100004300020027
44664,（1201020033）南昌青山北路综合管廊项目,0,2,中建一局集团第二建筑有限公司基础设施事业部,00010100004300020027
24715,（1201020022i）富山大道(迎宾大道-金沙四路)提升改造工程,0,1,中建一局集团第二建筑有限公司基础设施事业部,00010100004300020027
17915,（12010200223）小蓝大道提升改造,0,NULL,中建一局集团第二建筑有限公司基础设施事业部,00010100004300020027
821611,开封市2019年市政、交通项目-劳务,0,NULL,中建一局集团第二建筑有限公司基础设施事业部,00010100004300020027
1040533,莱州市南阳河水环境综合治理工程（EPC）项目,0,2,中建一局集团第二建筑有限公司基础设施事业部,00010100004300020027
1009515,包银高铁巴彦淖尔市境内段落三电及管线迁改工程,0,NULL,中建一局集团第二建筑有限公司基础设施事业部,00010100004300020027
105252,小蓝经开区迎富大道弃土填筑场地平整工程,0,4,中建一局集团第二建筑有限公司基础设施事业部,00010100004300020027
81661,渭沱综合物流产业园疏港大道二期项目,0,4,中建一局集团第二建筑有限公司基础设施事业部,00010100004300020027
10669,小蓝经开区佳辰南路、精诚路工程,0,1,中建一局集团第二建筑有限公司基础设施事业部,00010100004300020027
14647,南昌县银城路道路工程（一期）,0,NULL,中建一局集团第二建筑有限公司基础设施事业部,00010100004300020027
13672,南昌县金沙大道辅道工程,0,1,中建一局集团第二建筑有限公司基础设施事业部,00010100004300020027
813937,青山北路综合管廊工程-劳务,NULL,NULL,中建一局集团第二建筑有限公司基础设施事业部,00010100004300020027
1019392,四川省老年医学中心二期项目,0,4,中建一局三公司西南分公司,00010100004300030009
1013840,昆明市第二人民医院新院建设项目（一期）场地平整施工,0,NULL,中建一局三公司西南分公司,00010100004300030009
1002962,江北区人民医院新建工程,0,2,中建一局三公司西南分公司,00010100004300030009
1001042,交投·星月江畔（一期）一标段施工项目,0,5,中建一局三公司西南分公司,00010100004300030009
110761,鹏瑞利国际健康商旅城-昆明南站项目A1地块施工总承包工程,0,5,中建一局三公司西南分公司,00010100004300030009
35290,明发财富中心一期项目部,0,NULL,中建一局三公司西南分公司,00010100004300030009
825039,商业项目（G1901-23#）,NULL,NULL,中建一局三公司西南分公司,00010100004300030009
8693,雅安万达广场,0,NULL,中建一局三公司西南分公司,00010100004300030009
1027892,成华区成华国投人民塘3号地块保障性租赁住房建设工程项目,0,4,中建一局三公司西南分公司,00010100004300030009
991380,兰州新区粮油食品加工基地项目（一期）,0,NULL,中建一局三公司西南分公司,00010100004300030009
4318,华熙艺术村项目部,0,NULL,中建一局三公司西南分公司,00010100004300030009
816267,重庆涪陵万达广场项目-劳务,NULL,NULL,中建一局三公司西南分公司,00010100004300030009
1075907,GH-KC-1项目,0,5,中建一局三公司西南分公司,00010100004300030009
1060886,泸水市燃气管道等老化更新改造项目（2024年度）工程总承包（EPC）,0,5,中建一局三公司西南分公司,00010100004300030009
1022845,云南通威高纯晶硅有限公司水电硅材高纯晶硅绿色能源项目（二期20万吨/年高纯晶硅项目）生产厂区-一标段土建工程,0,4,中建一局三公司西南分公司,00010100004300030009
1168,(1101030054)成都光华新区四期商场,0,NULL,中建一局三公司西南分公司,00010100004300030009
1512,(1101030039)于家堡金融区起步区03-21地块,0,NULL,中建一局三公司西南分公司,00010100004300030009
1063473,塘汛污水处理厂三期工程-污泥减量化项目,0,4,中建一局三公司西南分公司,00010100004300030009
1045070,中国石化重庆油气经营中心,0,5,中建一局三公司西南分公司,00010100004300030009
65382,西南林业大学城市科技学院建设项目-高职学生公寓（A、B、C栋）、高职学生食堂,0,NULL,中建一局三公司西南分公司,00010100004300030009
1084722,沙坪坝城中村片区改造一期（科学城站片区）配套基础设施项目,0,5,中建一局三公司西南分公司,00010100004300030009
1078192,中央储备粮广元直属库有限公司粮食仓储项目,0,4,中建一局三公司西南分公司,00010100004300030009
1072127,泸水市新城区排水防涝设施建设项目,0,5,中建一局三公司西南分公司,00010100004300030009
1061590,GH-SJ-9项目场平施工,0,11,中建一局三公司西南分公司,00010100004300030009
1041633,昆明凉亭粮食转运站迁建项目（KCJ2016-2）（KCJ2016-7）（KCJ2016-8）,0,4,中建一局三公司西南分公司,00010100004300030009
1030406,昆明凉亭粮食转运站迁建项目加工区、存储区、商贸区及室外附属工程,0,4,中建一局三公司西南分公司,00010100004300030009
63856,重庆涪陵万达广场项目,0,NULL,中建一局三公司西南分公司,00010100004300030009
1083613,沙坪坝区城中村片区改造一期(科学城站片区)配套基础设施项目,0,4,中建一局三公司西南分公司,00010100004300030009
1020065,四川农信视高数据中心项目,0,4,中建一局三公司西南分公司,00010100004300030009
84685,龙泉市城市森林公园旅游环线七标段,0,5,中建一局三公司西南分公司,00010100004300030009
81013,昆明巫家坝项目示范区总承包工程（售楼处）,0,NULL,中建一局三公司西南分公司,00010100004300030009
84341,龙兴组团H分区H52-201、H47-201、H51-201号地块总承包工程项目,0,NULL,中建一局三公司西南分公司,00010100004300030009
76256,天府创新中心装修工程,0,NULL,中建一局三公司西南分公司,00010100004300030009
28786,中建一局眉山万达广场项目,0,NULL,中建一局三公司西南分公司,00010100004300030009
1086642,都江堰市正丰智汇湾项目,0,5,中建一局三公司西南分公司,00010100004300030009
1086133,都江堰市正丰中心项目（现代文旅创智基地）,0,4,中建一局三公司西南分公司,00010100004300030009
820610,龙泉山城市森林公园旅游环线七标段-劳务,NULL,NULL,中建一局三公司西南分公司,00010100004300030009
816588,明发财富中心一期,NULL,NULL,中建一局三公司西南分公司,00010100004300030009
1083565,观音桥洋河、星光片区老旧小区配套基础设施工程,0,5,中建一局三公司西南分公司,00010100004300030009
1067905,泸水市新城区排水防涝设施建设项目工程总承包,0,4,中建一局三公司西南分公司,00010100004300030009
814165,转化医学国家重大科技基础设施（四川）项目-劳务,0,NULL,中建一局三公司西南分公司,00010100004300030009
1083474,中央储备粮广元直属库有限公司粮食仓储项目（一期）,0,5,中建一局三公司西南分公司,00010100004300030009
1056207,江北区城市排水砼管更新改造工程-唐家桥片区,0,5,中建一局三公司西南分公司,00010100004300030009
1025770,昆明市公租房公司562套市场化租赁住房项目装修改造工程设计施工一体化,0,4,中建一局三公司西南分公司,00010100004300030009
110717,鹏瑞利国际健康商旅城-昆明南站项目A2地块施工总承包工程,0,5,中建一局三公司西南分公司,00010100004300030009
84110,金茂逸庭商务中心,0,NULL,中建一局三公司西南分公司,00010100004300030009
2868,(1101030067)成都中筑兰庭项目,0,NULL,中建一局三公司西南分公司,00010100004300030009
1075911,KC-2  项目洞库改造工程,0,5,中建一局三公司西南分公司,00010100004300030009
1071515,五里店轨道站点提质增效工程(二期)项目,0,5,中建一局三公司西南分公司,00010100004300030009
1018439,昆明市第二人民医院新院建设项目（一期）工程总承包EPC项目,0,4,中建一局三公司西南分公司,00010100004300030009
104876,成都骨科医院改扩建工程,0,5,中建一局三公司西南分公司,00010100004300030009
65390,非生产性工业项目（京东集团西南总部大厦）,0,NULL,中建一局三公司西南分公司,00010100004300030009
4118,(1101030058)光华新区项目四期（写字楼）,0,NULL,中建一局三公司西南分公司,00010100004300030009
990939,苏宁青白江智慧产业园项目,0,5,中建一局三公司西南分公司,00010100004300030009
100910,兰州万达城商业项目（G1901-23#地块）酒店群总承包工程,0,NULL,中建一局三公司西南分公司,00010100004300030009
826706,成都骨科医院改扩建工程-劳务,NULL,NULL,中建一局三公司西南分公司,00010100004300030009
1098708,物流配送中心用房及附属设施（4A部分）施工总承包工程,0,5,中建一局三公司西南分公司,00010100004300030009
1002591,白莲池、一里塘安置房建设工程项目,0,4,中建一局三公司西南分公司,00010100004300030009
992808,张家口市洋河（下花园城区段）水环境综合治理工程—洋河滨水生态公园景观项目,0,NULL,中建一局三公司西南分公司,00010100004300030009
107091,宜宾站前广场项目展示区土建总承包工程,0,NULL,中建一局三公司西南分公司,00010100004300030009
62703,转化医学国家重大科技基础设施（四川）项目,0,NULL,中建一局三公司西南分公司,00010100004300030009
13868,（1101030070）中粮锦云,0,NULL,中建一局三公司西南分公司,00010100004300030009
1167,(1101030059)光华新区项目四期（酒店）,0,NULL,中建一局三公司西南分公司,00010100004300030009
817859,桂林溢达九美桥时尚园办公楼项目-劳务,NULL,NULL,中建一局三公司西南分公司,00010100004300030009
1064121,塘汛污水处理厂三期工程-污泥减量化项目,0,5,中建一局三公司西南分公司,00010100004300030009
1046134,天恒成都成华区北湖61亩项目,0,5,中建一局三公司西南分公司,00010100004300030009
1045206,中国石化重庆油气经营中心项目,0,4,中建一局三公司西南分公司,00010100004300030009
28324,远成·广安智慧物流产业项目一期（A区）项目部,0,NULL,中建一局三公司西南分公司,00010100004300030009
13689,（1101030095）桂林溢达九美桥时尚园,0,NULL,中建一局三公司西南分公司,00010100004300030009
815917,成都京东集团西南总部大厦-劳务,0,NULL,中建一局三公司西南分公司,00010100004300030009
1103221,儋州市环新英湾自贸港新城排涝能力提升工程EPC（勘察、设计、施工）三标段工程,0,4,中建一局集团第一建筑有限公司海南分公司,00010100004300080180
1051695,儋州市东坡文化旅游区基础设施建设工程-苏东坡桄榔庵遗址保护和展示建设工程设计-施工总承包（EPC）,0,2,中建一局集团第一建筑有限公司海南分公司,00010100004300080180
1029905,三亚崖州科技城海洋大学EPC项目部,0,4,中建一局集团第一建筑有限公司海南分公司,00010100004300080180
1029417,海南省老年医疗中心（一期）项目,1,5,中建一局集团第一建筑有限公司海南分公司,00010100004300080180
1029323,三亚崖州湾科技城南海资源保护开发与利用产业创新平台,1,2,中建一局集团第一建筑有限公司海南分公司,00010100004300080180
1026672,海南商业航天发射场项目—发射区总图外线及其它附属用房,0,NULL,中建一局集团第一建筑有限公司海南分公司,00010100004300080180
1016270,东方医院创建三甲医院项目（二期工程）,0,5,中建一局集团第一建筑有限公司海南分公司,00010100004300080180
1010634,洋浦开发建设开源公馆住宅项目,0,5,中建一局集团第一建筑有限公司海南分公司,00010100004300080180
95083,海口市坡博坡巷棚户区（城中村）改造项目C-4-13地块回迁商品房项目,0,NULL,中建一局集团第一建筑有限公司海南分公司,00010100004300080180
83022,海宝湾项目（A-01-03地块）建设工程,0,NULL,中建一局集团第一建筑有限公司海南分公司,00010100004300080180
57174,中央民族大学附属中学陵水分校项目体育艺术中心工程,0,NULL,中建一局集团第一建筑有限公司海南分公司,00010100004300080180
826070,崖州湾科技城15号路道路工程项目,0,NULL,中建一局集团第一建筑有限公司海南分公司,00010100004300080180
18094,海口西海岸新区南片区一期土地一级开发市政基础设施二标段项目,0,NULL,中建一局集团第一建筑有限公司海南分公司,00010100004300080180
22289,鲁能三亚湾美丽五区项目（第四标段）,0,NULL,中建一局集团第一建筑有限公司海南分公司,00010100004300080180
822397,海口保利-六千树项目A07、A09地块,0,NULL,中建一局集团第一建筑有限公司海南分公司,00010100004300080180
1066227,琼海菜篮子农产品物流中心项目,1,1,中建一局集团第一建筑有限公司海南分公司,00010100004300080180
1058859,洋浦控股临时物资仓库转运工程,0,1,中建一局集团第一建筑有限公司海南分公司,00010100004300080180
1054743,琼海市2023年农村公路危旧桥改造工程项目,0,5,中建一局集团第一建筑有限公司海南分公司,00010100004300080180
1053007,三亚商务区管理局海南国际文化交流中心项目,0,4,中建一局集团第一建筑有限公司海南分公司,00010100004300080180
1023472,儋州市中和镇全域土地综合整治—美丽乡村旅游公路建设项目,0,5,中建一局集团第一建筑有限公司海南分公司,00010100004300080180
1004000,三亚国康家园自持性租赁住房（一期）项目,0,NULL,中建一局集团第一建筑有限公司海南分公司,00010100004300080180
103864,深海科技城启动区项目首开区总承包工程,0,NULL,中建一局集团第一建筑有限公司海南分公司,00010100004300080180
92211,海口市中央海岸项目1号地办公及商业土建及水电安装工程,0,NULL,中建一局集团第一建筑有限公司海南分公司,00010100004300080180
28847,海南颐仁三级医院和养老项目,0,NULL,中建一局集团第一建筑有限公司海南分公司,00010100004300080180
827199,海控乐城标准医院工程总承包EPC,NULL,NULL,中建一局集团第一建筑有限公司海南分公司,00010100004300080180
1063492,琼海市城投7121-1清杂清表项目,0,5,中建一局集团第一建筑有限公司海南分公司,00010100004300080180
1043213,三亚崖州湾科技城三角梅种质保存与应用基地,0,4,中建一局集团第一建筑有限公司海南分公司,00010100004300080180
1028137,石化新材料产业园（二期）市政道路及配套工程（二阶段）项目,0,5,中建一局集团第一建筑有限公司海南分公司,00010100004300080180
1014488,儋州市专门学校项目,0,NULL,中建一局集团第一建筑有限公司海南分公司,00010100004300080180
110183,儋州市妇女儿童医院项目施工图设计、施工EPC一体化,0,2,中建一局集团第一建筑有限公司海南分公司,00010100004300080180
102840,三亚崖州湾科技城研学大道B段道路工程项目设计施工（EPC）总承包工程,0,NULL,中建一局集团第一建筑有限公司海南分公司,00010100004300080180
95333,鑫苑·盛世-明珠（即：维也娜酒店城市更新）项目施工总承包工程,0,NULL,中建一局集团第一建筑有限公司海南分公司,00010100004300080180
96647,三亚海棠湾太平国际医疗康养项目施工总承包工程,0,5,中建一局集团第一建筑有限公司海南分公司,00010100004300080180
90984,海口市西海岸南片区一期市政基础设施项目海涛东路等 4 条道路,0,NULL,中建一局集团第一建筑有限公司海南分公司,00010100004300080180
80895,奥特莱斯海南旗舰中心现代服务产业区住宅二期幼儿园,0,NULL,中建一局集团第一建筑有限公司海南分公司,00010100004300080180
79106,晋江福埔新城总承包工程,0,NULL,中建一局集团第一建筑有限公司海南分公司,00010100004300080180
78862,三亚市保利悦府项目一期二标段土建及水电安装施工总承包,0,NULL,中建一局集团第一建筑有限公司海南分公司,00010100004300080180
6406,(2120013043)海口南片区市政一期,0,NULL,中建一局集团第一建筑有限公司海南分公司,00010100004300080180
818858,福州世茂李厝山项目-劳务,NULL,NULL,中建一局集团第一建筑有限公司海南分公司,00010100004300080180
4682,（11012000432）海口100万平米生态安居工程B区,0,NULL,中建一局集团第一建筑有限公司海南分公司,00010100004300080180
1067282,海口琼山高新国投国家级非人灵长类实验动物基地项目,0,5,中建一局集团第一建筑有限公司海南分公司,00010100004300080180
1051028,白沙黎族自治县县城污水治理项目,0,5,中建一局集团第一建筑有限公司海南分公司,00010100004300080180
1018949,东方市农村黑臭水体治理项目（一期）,0,5,中建一局集团第一建筑有限公司海南分公司,00010100004300080180
1017242,海南大学协同创新中心项目,1,5,中建一局集团第一建筑有限公司海南分公司,00010100004300080180
112645,儋州市中医院建设项目设计、施工EPC一体化,1,2,中建一局集团第一建筑有限公司海南分公司,00010100004300080180
110021,招商乐城国际花园项目,0,4,中建一局集团第一建筑有限公司海南分公司,00010100004300080180
99168,三亚崖州湾大学城安置区（一期）项目设计施工总承包工程,0,2,中建一局集团第一建筑有限公司海南分公司,00010100004300080180
89227,王五镇山营、新州镇黄村、南丰镇松门行政村扶贫整村推进提升工程（美丽乡村建设项目）,0,NULL,中建一局集团第一建筑有限公司海南分公司,00010100004300080180
44814,永和花园项目,0,NULL,中建一局集团第一建筑有限公司海南分公司,00010100004300080180
816804,海南省陵水黎族自治县中央民族大学附属中学陵水分校项目体育艺术中心-劳务,NULL,NULL,中建一局集团第一建筑有限公司海南分公司,00010100004300080180
816006,晋江福埔新城项目总承包工程-劳务,NULL,NULL,中建一局集团第一建筑有限公司海南分公司,00010100004300080180
815325,万宁神州半岛C-13、C-14地块项目-劳务,NULL,NULL,中建一局集团第一建筑有限公司海南分公司,00010100004300080180
1098844,三亚凤凰机场新建塔台及配套空管设施设备项目,0,5,中建一局集团第一建筑有限公司海南分公司,00010100004300080180
1074266,中和镇桄榔庵遗址环境提升工程,0,5,中建一局集团第一建筑有限公司海南分公司,00010100004300080180
1071880,琼海市长坡镇和潭门镇基干林带内养殖设施清退区域生态修复与农林种植项目EPC,1,2,中建一局集团第一建筑有限公司海南分公司,00010100004300080180
1020304,三亚商务开发建设海罗小学改扩建项目(EPC项目),1,5,中建一局集团第一建筑有限公司海南分公司,00010100004300080180
1008731,思源家园小区（文黎经济适用房）室内装修工程一标段,0,NULL,中建一局集团第一建筑有限公司海南分公司,00010100004300080180
991991,三亚崖州湾科教城安置区（二期）项目设计采购施工（EPC）总承包（二标段）,1,2,中建一局集团第一建筑有限公司海南分公司,00010100004300080180
98941,海控乐城标准医院项目,0,5,中建一局集团第一建筑有限公司海南分公司,00010100004300080180
91989,九龙汇国际文创中心（玖龙汇）项目二期总承包工程,0,NULL,中建一局集团第一建筑有限公司海南分公司,00010100004300080180
84865,湖城大境广场项目,0,5,中建一局集团第一建筑有限公司海南分公司,00010100004300080180
18099,鲁能·海蓝福源东四区,0,4,中建一局集团第一建筑有限公司海南分公司,00010100004300080180
2629,海口市金沙湾片区市政一期（奥海路以南）工程,0,NULL,中建一局集团第一建筑有限公司海南分公司,00010100004300080180
1047399,儋州市环湾新区邻里中心项目（一期）,0,5,中建一局集团第一建筑有限公司海南分公司,00010100004300080180
1031295,琼海市富海产业园区起步区基础设施项目-旺海路（原外环北路-富海路）市政道路工程及土方平整项目,0,2,中建一局集团第一建筑有限公司海南分公司,00010100004300080180
1022805,琼海市中原镇仙寨村委会莲塘片区村庄基础设施配套项目,0,2,中建一局集团第一建筑有限公司海南分公司,00010100004300080180
1018427,儋州城市管理局那大城区主次干道园林改造工程,0,NULL,中建一局集团第一建筑有限公司海南分公司,00010100004300080180
997120,海南树兰博鳌乐城超级医院项目施工总承包,0,5,中建一局集团第一建筑有限公司海南分公司,00010100004300080180
99507,海南大学热带农学院专家学者项目,0,4,中建一局集团第一建筑有限公司海南分公司,00010100004300080180
101108,海南万科森林项目六期住宅地块施工总承包项目,0,5,中建一局集团第一建筑有限公司海南分公司,00010100004300080180
94456,保利·六千树项目A07、A09地块,0,NULL,中建一局集团第一建筑有限公司海南分公司,00010100004300080180
98073,海口市坡博坡巷棚户区（城中村）改造项目C-4-12-1地块回迁商品房项目,0,NULL,中建一局集团第一建筑有限公司海南分公司,00010100004300080180
90368,陵水中学体艺馆建设工程（施工）,0,NULL,中建一局集团第一建筑有限公司海南分公司,00010100004300080180
84370,福清璀璨天境项目土建总承包工程,0,NULL,中建一局集团第一建筑有限公司海南分公司,00010100004300080180
7865,(11012000431)海口市100万平方米生态安居工程A区,0,NULL,中建一局集团第一建筑有限公司海南分公司,00010100004300080180
1632,华文酒店项目一期施工总承包工程,0,NULL,中建一局集团第一建筑有限公司海南分公司,00010100004300080180
1099276,琼海市博鳌东海村养殖区排水整治项目EPC（设计、施工总承包）,0,2,中建一局集团第一建筑有限公司海南分公司,00010100004300080180
1063497,琼海市文化体育中心区域内建设项目（二期）及配套设施项目-游泳馆、训练场、全民体育及游泳馆生态治理项目项目,1,5,中建一局集团第一建筑有限公司海南分公司,00010100004300080180
1047369,澄迈县灌区及水库标准化管理建设工程(一标段)-土建园林绿化工程项目,0,5,中建一局集团第一建筑有限公司海南分公司,00010100004300080180
1010131,海南省美术馆项目,0,5,中建一局集团第一建筑有限公司海南分公司,00010100004300080180
1006925,国际玉米技术创新与成果转化中心建设项目设计、施工总承包（EPC）,1,5,中建一局集团第一建筑有限公司海南分公司,00010100004300080180
1003650,儋州市茶山路市政道路工程,0,5,中建一局集团第一建筑有限公司海南分公司,00010100004300080180
997609,海南大学观澜湖校区教学及生活服务设施（一期） 项目,0,5,中建一局集团第一建筑有限公司海南分公司,00010100004300080180
110264,博鳌乐城先行区临时活动产业服务中心项目,0,NULL,中建一局集团第一建筑有限公司海南分公司,00010100004300080180
101393,海南万科高知园项目东区一期施工总承包合同,0,2,中建一局集团第一建筑有限公司海南分公司,00010100004300080180
84028,世茂李厝山项目总承包工程,0,NULL,中建一局集团第一建筑有限公司海南分公司,00010100004300080180
65208,神州半岛C13/C14商业项目,0,NULL,中建一局集团第一建筑有限公司海南分公司,00010100004300080180
45288,湖岸花园（02号地块）桩基础工程,0,NULL,中建一局集团第一建筑有限公司海南分公司,00010100004300080180
823024,顺德天銮花园三期土建及机电总承包施工及总承包管理配合服务工程项目部,NULL,NULL,中建一局集团第一建筑有限公司海南分公司,00010100004300080180
822798,坡博坡巷棚户区（城中村）改造项目C-4-13、C-6-13地块回迁商品房建设项目,NULL,NULL,中建一局集团第一建筑有限公司海南分公司,00010100004300080180
821258,保利秀英港项目1号地块四期-劳务,NULL,NULL,中建一局集团第一建筑有限公司海南分公司,00010100004300080180
1083424,海口市坡博学校建设项目设计、施工（EPC）总承包,1,2,中建一局集团第一建筑有限公司海南分公司,00010100004300080180
1080452,东方集中隔离医学观察点项目,0,4,中建一局集团第一建筑有限公司海南分公司,00010100004300080180
1068105,海南三亚国际文化交流中心机电项目,0,11,中建一局集团第一建筑有限公司海南分公司,00010100004300080180
1039545,海口中石油海南区域总部基地项目部,0,4,中建一局集团第一建筑有限公司海南分公司,00010100004300080180
1014132,上师大学附属儋州实验学校周边路网工程（规划一路、规划三路）,0,5,中建一局集团第一建筑有限公司海南分公司,00010100004300080180
1004578,中国人民大学附属中学海口实验学校项目,0,NULL,中建一局集团第一建筑有限公司海南分公司,00010100004300080180
998650,儋州市运动员村项目,1,NULL,中建一局集团第一建筑有限公司海南分公司,00010100004300080180
98074,海口市坡博坡巷棚户区（城中村）改造项目C-6-14地块回迁商品房项目,0,NULL,中建一局集团第一建筑有限公司海南分公司,00010100004300080180
97174,海口市红城湖（D04-3地块）棚改回迁房项目,0,NULL,中建一局集团第一建筑有限公司海南分公司,00010100004300080180
95080,海口市坡博坡巷棚户区（城中村）改造项目C-6-13地块回迁商品房项目,0,NULL,中建一局集团第一建筑有限公司海南分公司,00010100004300080180
91590,儋州市体育中心“一场两馆”项目勘察、设计、施工EPC一体化项目,0,2,中建一局集团第一建筑有限公司海南分公司,00010100004300080180
83025,泉州世茂星河城总承包工程,0,NULL,中建一局集团第一建筑有限公司海南分公司,00010100004300080180
36567,海南颐仁医疗养老项目,0,4,中建一局集团第一建筑有限公司海南分公司,00010100004300080180
30969,红城湖片区棚户区改造基础设施项目-规划九路等六条路和广场路综合管廊项目,0,3,中建一局集团第一建筑有限公司海南分公司,00010100004300080180
825239,三亚崖州湾大学城安置区（一期）项目,0,NULL,中建一局集团第一建筑有限公司海南分公司,00010100004300080180
18915,淇水湾6号别墅项目总承包工程一标段,0,NULL,中建一局集团第一建筑有限公司海南分公司,00010100004300080180
1065058,琼海城投文体中心二期-游泳馆、训练场、全民体育及游泳馆生态治理项目,0,4,中建一局集团第一建筑有限公司海南分公司,00010100004300080180
1040294,儋州市2022年农村公路建设类项目施工项目,0,5,中建一局集团第一建筑有限公司海南分公司,00010100004300080180
1027198,琼海市2021年公共租赁住房建设项目（施工）,0,5,中建一局集团第一建筑有限公司海南分公司,00010100004300080180
1011133,儋州市城市管理局迎宾大道提升工程项目,0,NULL,中建一局集团第一建筑有限公司海南分公司,00010100004300080180
98075,海口市坡博坡巷棚户区（城中村）改造项目C-6-15地块回迁商品房项目,0,NULL,中建一局集团第一建筑有限公司海南分公司,00010100004300080180
44249,华为松山湖终端项目二期（2号地块）之轨道交通桩基工程项目,0,NULL,中建一局集团第一建筑有限公司海南分公司,00010100004300080180
13637,海南洋浦经济开发区吉浦路市政工程,0,NULL,中建一局集团第一建筑有限公司海南分公司,00010100004300080180
822331,三亚海棠湾太平国际医疗康养项目,0,NULL,中建一局集团第一建筑有限公司海南分公司,00010100004300080180
1674,海口永和花园保障房B区,1,NULL,中建一局集团第一建筑有限公司海南分公司,00010100004300080180
81027,奥特莱斯海南旗舰中心现代服务产业区住宅三期,0,4,中建一局集团第一建筑有限公司海南分公司,00010100004300080180
1054108,三亚国际游艇中心口岸优化改造项目室内精装修工程,0,5,中建一局集团第一建筑有限公司海南分公司,00010100004300080180
1022814,琼海市博鳌镇莫村基础设施配套项目,0,2,中建一局集团第一建筑有限公司海南分公司,00010100004300080180
1022017,三亚商务开发建设海罗小学改扩建项目（EPC项目）,0,NULL,中建一局集团第一建筑有限公司海南分公司,00010100004300080180
1017874,三亚崖州湾科技城三角梅种质保存与应用基地项目设计、施工总承包(EPC),1,2,中建一局集团第一建筑有限公司海南分公司,00010100004300080180
1000979,海口六千树项目04、05地块,1,2,中建一局集团第一建筑有限公司海南分公司,00010100004300080180
996997,海南西部区域（儋州）疾病预防控制中心项目,0,NULL,中建一局集团第一建筑有限公司海南分公司,00010100004300080180
989658,博鳌乐城先行区排塘街道路工程,0,NULL,中建一局集团第一建筑有限公司海南分公司,00010100004300080180
100601,海口市红城湖（C17-1地块）棚改回迁房项目,0,NULL,中建一局集团第一建筑有限公司海南分公司,00010100004300080180
97581,海口市龙华区龙桥镇昌学村、昌荣村美丽乡村建设项目,0,NULL,中建一局集团第一建筑有限公司海南分公司,00010100004300080180
82139,环球100宝龙城S04地块总承包工程,0,NULL,中建一局集团第一建筑有限公司海南分公司,00010100004300080180
83127,万宁神州半岛D13地块工程,0,NULL,中建一局集团第一建筑有限公司海南分公司,00010100004300080180
81357,保利秀英港项目1号地块四期,0,NULL,中建一局集团第一建筑有限公司海南分公司,00010100004300080180
825759,深海科技城启动区项目首开区施工总承包工程,0,NULL,中建一局集团第一建筑有限公司海南分公司,00010100004300080180
822908,儋州市体育中心“一场两馆”项目勘察、设计、施工EPC一体化项目-劳务,0,NULL,中建一局集团第一建筑有限公司海南分公司,00010100004300080180
817729,琼海海宝湾-劳务,NULL,NULL,中建一局集团第一建筑有限公司海南分公司,00010100004300080180
1084755,博鳌乐城医疗旅游先行区富海片区基础设施项目(二期)-三横路市政道路工程（施工）,1,5,中建一局集团第一建筑有限公司海南分公司,00010100004300080180
1078578,琼海市福海路市政工程（二期）项目EPC（施工图设计、施工总承包）,1,2,中建一局集团第一建筑有限公司海南分公司,00010100004300080180
1078571,海南省保亭县荣军优抚医院EPC项目,1,2,中建一局集团第一建筑有限公司海南分公司,00010100004300080180
1015508,海南全健康 (兽医公共卫生) 研究中心项目(EPC),1,2,中建一局集团第一建筑有限公司海南分公司,00010100004300080180
992692,人大附中三亚学校附属幼儿园项目,0,NULL,中建一局集团第一建筑有限公司海南分公司,00010100004300080180
95378,海口中心机电总承包项目,0,11,中建一局集团第一建筑有限公司海南分公司,00010100004300080180
76466,陵水黎族自治县椰林镇坡留村委会老吴村生态文明村村庄改造工程,0,NULL,中建一局集团第一建筑有限公司海南分公司,00010100004300080180
55570,三亚联合广场项目领海苑区一期二标段,0,NULL,中建一局集团第一建筑有限公司海南分公司,00010100004300080180
826142,三亚崖州湾科技城研学大道B段道路工程项目,0,NULL,中建一局集团第一建筑有限公司海南分公司,00010100004300080180
17097,临高富力国际健康城D-03区土建及安装项目,0,NULL,中建一局集团第一建筑有限公司海南分公司,00010100004300080180
16110,海口香榭花园项目,0,NULL,中建一局集团第一建筑有限公司海南分公司,00010100004300080180
14630,海口龙光海悦云天项目总包项目工程,0,NULL,中建一局集团第一建筑有限公司海南分公司,00010100004300080180
822453,泉州市台商投资区世茂星河城（B地块）-劳务,NULL,NULL,中建一局集团第一建筑有限公司海南分公司,00010100004300080180
7661,海口长流起步区0402、0405地块建设工程,0,NULL,中建一局集团第一建筑有限公司海南分公司,00010100004300080180
7648,三亚海棠湾亚特兰蒂斯酒店一期工程,0,NULL,中建一局集团第一建筑有限公司海南分公司,00010100004300080180
4502,鲁能?海蓝福源东二区二期、三期项目,0,NULL,中建一局集团第一建筑有限公司海南分公司,00010100004300080180
816163,奥特莱斯海南旗舰中心现代服务产业区住宅三期-劳务,NULL,NULL,中建一局集团第一建筑有限公司海南分公司,00010100004300080180
1078180,博鳌乐城先行区医工转化平台项目基础设施配套工程,0,5,中建一局集团第一建筑有限公司海南分公司,00010100004300080180
1057208,琼海市主城区排水管网治理工程（5个片区）的勘察、设计、施工总承包（EPC）,0,2,中建一局集团第一建筑有限公司海南分公司,00010100004300080180
1032274,中国石油海南区域总部基地项目,0,2,中建一局集团第一建筑有限公司海南分公司,00010100004300080180
1001686,超大内孔轴承生产线扩建和3.4 米系列超大内孔轴承生产线主体工程项目,0,5,中建一局集团第一建筑有限公司海南分公司,00010100004300080180
999012,翠屏·阅唐一期,1,NULL,中建一局集团第一建筑有限公司海南分公司,00010100004300080180
28273,海口市红城湖片区棚改回迁商品房项目（一期）,0,NULL,中建一局集团第一建筑有限公司海南分公司,00010100004300080180
14662,三亚海棠湾亚特兰蒂斯酒店项目（二期),0,4,中建一局集团第一建筑有限公司海南分公司,00010100004300080180
14660,复地半山半岛B7-1项目,0,NULL,中建一局集团第一建筑有限公司海南分公司,00010100004300080180
656,广西南宁富雅公司1#地块项目,0,NULL,中建一局集团第一建筑有限公司海南分公司,00010100004300080180
1080773,儋州市环新英湾自贸港新城排涝能力提升工程EPC（勘察、设计、施工）三标段工程项目,1,2,中建一局集团第一建筑有限公司海南分公司,00010100004300080180
1072712,琼海市博鳌东海村养殖区取水整治项目（设计施工总承包EPC）,0,2,中建一局集团第一建筑有限公司海南分公司,00010100004300080180
1063495,儋州市1001项目,1,2,中建一局集团第一建筑有限公司海南分公司,00010100004300080180
1028552,三亚崖州湾深海科技城安置区（二期）项目（二标段）,0,4,中建一局集团第一建筑有限公司海南分公司,00010100004300080180
1024731,上师大学附属儋州实验学校周边路网工程（规划二路、规划四路）,0,NULL,中建一局集团第一建筑有限公司海南分公司,00010100004300080180
1018608,海南邮政国际物流仓储处理中心项目LK09-06-01-01地块土方平整工程,0,NULL,中建一局集团第一建筑有限公司海南分公司,00010100004300080180
1016658,佛山保利珺悦府住宅项目部,0,NULL,中建一局集团第一建筑有限公司海南分公司,00010100004300080180
1005919,无锡新吴铁姆肯无锡工厂内利用既有场地改造项目,0,NULL,中建一局集团第一建筑有限公司海南分公司,00010100004300080180
102845,崖州湾科技城15号路道路项目设计施工（EPC）总承包合同,0,NULL,中建一局集团第一建筑有限公司海南分公司,00010100004300080180
45593,河源市雅居乐花园二期四区四组团5栋高层、商铺及地下室土建及水电总承包工程,0,4,中建一局集团第一建筑有限公司海南分公司,00010100004300080180
7688,长影海南生态文化产业园荷兰区项目,0,4,中建一局集团第一建筑有限公司海南分公司,00010100004300080180
6145,（1101200054）至高点-嘉禾经适房,0,NULL,中建一局集团第一建筑有限公司海南分公司,00010100004300080180
1096267,琼海住建局万泉河路老旧街区提升改造项目（EPC）,0,5,中建一局集团第一建筑有限公司海南分公司,00010100004300080180
1076034,儋州市工人文化宫建设项目（室内工程）,0,5,中建一局集团第一建筑有限公司海南分公司,00010100004300080180
1040788,琼海博鳌机场三期扩建项目配套工程职工宿舍施工总承包,0,0,中建一局集团第一建筑有限公司海南分公司,00010100004300080180
1031808,工银大厦项目施工总承包,0,5,中建一局集团第一建筑有限公司海南分公司,00010100004300080180
1020529,海口综保区高端食（药）材加工标准厂房项目,0,5,中建一局集团第一建筑有限公司海南分公司,00010100004300080180
111001,海口市坡博坡巷棚户区（城中村）改造项目,0,NULL,中建一局集团第一建筑有限公司海南分公司,00010100004300080180
111301,儋州市滨海新区交通枢纽路网工程,0,4,中建一局集团第一建筑有限公司海南分公司,00010100004300080180
108138,石化功能区乙烯片区路网基础设施建设项目（一期）三标段：园四路与疏港大道连接线,0,NULL,中建一局集团第一建筑有限公司海南分公司,00010100004300080180
83532,儋州市新州镇黄村村委会农村污水处理工程EPC（勘察设计施工)总承包工程项目,0,NULL,中建一局集团第一建筑有限公司海南分公司,00010100004300080180
823323,坡博坡巷棚户区（城中村）改造项目C-4-12-1/C-6-14/C-6-15 地块回迁商品房建设项目,NULL,NULL,中建一局集团第一建筑有限公司海南分公司,00010100004300080180
821036,万宁市神州半岛D13地块项目-劳务,NULL,NULL,中建一局集团第一建筑有限公司海南分公司,00010100004300080180
814349,三亚联合广场项目领海苑区二标段,NULL,NULL,中建一局集团第一建筑有限公司海南分公司,00010100004300080180
997119,和风·家园住宅项目2号地块（JDZH-03-A12、JDZH-03-A14）工程总承包（EPC）,0,2,中建一局集团第一建筑有限公司海南分公司,00010100004300080180
112333,琼山区府城街道2020年城镇老旧住宅小区整治（海南省印刷工业公司宿舍小区和城墙街纺织厂宿舍）改造项目,0,NULL,中建一局集团第一建筑有限公司海南分公司,00010100004300080180
111302,儋州市体育北路、体育东路一期、体育西路一期工程设计、施工EPC一体化项目,0,NULL,中建一局集团第一建筑有限公司海南分公司,00010100004300080180
90330,儋州市基层医疗卫生机构标准化建设项目（非装配式）勘察、设计、施工EPC一体化项目,0,NULL,中建一局集团第一建筑有限公司海南分公司,00010100004300080180
79012,中海神州半岛C13C14地块项目,0,NULL,中建一局集团第一建筑有限公司海南分公司,00010100004300080180
24933,三亚中港海棠湾万丽度假村二期室内装修工程二标段,0,NULL,中建一局集团第一建筑有限公司海南分公司,00010100004300080180
15097,鲁能·铜鼓岭·海石滩2号公寓一标段项目,0,NULL,中建一局集团第一建筑有限公司海南分公司,00010100004300080180
9320,海南省文昌市高龙湾项目,0,NULL,中建一局集团第一建筑有限公司海南分公司,00010100004300080180
1060260,儋州市环新英湾自贸港新城排涝能力提升工程EPC（勘察、设计、施工）项目,0,2,中建一局集团第一建筑有限公司海南分公司,00010100004300080180
990953,国际创新药械交流转换中心项目,1,NULL,中建一局集团第一建筑有限公司海南分公司,00010100004300080180
989514,海南陵水黎安国际教育创新试验区学生生活一区项目、1#学生食堂项目,0,NULL,中建一局集团第一建筑有限公司海南分公司,00010100004300080180
83526,儋州市王五镇山营村委会农村污水处理工程EPC（勘察设计施工)总承包工程项目,0,NULL,中建一局集团第一建筑有限公司海南分公司,00010100004300080180
14874,海口市西海岸新区南片区一期土地一级开发安置房项目,0,4,中建一局集团第一建筑有限公司海南分公司,00010100004300080180
2634,海南省文昌市鲁能?淇水新城项目,0,NULL,中建一局集团第一建筑有限公司海南分公司,00010100004300080180
813574,河源雅居乐花园二期四区31、32、33、108、109栋商住楼及地下室工程-劳务,NULL,NULL,中建一局集团第一建筑有限公司海南分公司,00010100004300080180
81238,济宁市廉政教育中心,0,4,中建一局集团公司国际工程公司,000101000043000300250001
47416,河南检验检疫局拆迁安置住宅项目（祥盛苑）,0,5,中建一局集团公司国际工程公司,000101000043000300250001
817967,和达铭著·铂岸一期,NULL,NULL,中建一局集团公司国际工程公司,000101000043000300250001
83134,肇庆小鹏汽车有限公司智能网联科技产业园总装车间桩基础工程,0,4,中建一局集团公司国际工程公司,000101000043000300250001
816791,华为科技物流小镇”1、2地块-劳务,0,NULL,中建一局集团公司国际工程公司,000101000043000300250001
90356,38001项目,0,4,中建一局集团公司国际工程公司,000101000043000300250001
79174,北京市复兴路24号院63号楼超面积住房改造工程,0,5,中建一局集团公司国际工程公司,000101000043000300250001
7878,中国驻慕尼黑总领馆馆舍新建工程项目,0,4,中建一局集团公司国际工程公司,000101000043000300250001
816464,济宁市廉政教育中心-劳务,0,NULL,中建一局集团公司国际工程公司,000101000043000300250001
84967,复兴路14号院战区级公寓住房整修改造工程,0,4,中建一局集团公司国际工程公司,000101000043000300250001
80942,北京市空军大院东区1、2号楼抗震加固改造工程,0,4,中建一局集团公司国际工程公司,000101000043000300250001
84555,肇庆小鹏汽车有限公司智能网联科技产业园总装车间建安工程,0,4,中建一局集团公司国际工程公司,000101000043000300250001
40793,海音山母猪场,0,5,中建一局集团公司国际工程公司,000101000043000300250001
60499,西门子工厂自动化工程有限公司无锡分公司年产4000套低压柜项目,0,5,中建一局集团公司国际工程公司,000101000043000300250001
6858,河南出入境检验检疫局综合实验用房项目,0,NULL,中建一局集团公司国际工程公司,000101000043000300250001
62766,市南区奥帆中心彩虹景观桥加固维修亮化项目,0,5,中建一局集团公司国际工程公司,000101000043000300250001
46050,济南中弘广场18#地块塔楼及裙房,0,5,中建一局集团公司国际工程公司,000101000043000300250001
18746,上海西门子风电临港叶片项目,0,NULL,中建一局集团公司国际工程公司,000101000043000300250001
30923,欧亚拉1200套临时办公住宅市政综合小区、训练场和仓库项目,0,2,中建一局集团公司国际工程公司,000101000043000300250001
815138,伊顿工业（济宁）有限公司四期厂房扩建项目-劳务,NULL,NULL,中建一局集团公司国际工程公司,000101000043000300250001
30922,欧亚拉十个部委楼项目,0,5,中建一局集团公司国际工程公司,000101000043000300250001
25400,长春一汽富维汽车零部件股份有限公司建设汽车零部件厂房及附属设施项目1号、2号、3号厂房,0,4,中建一局集团公司国际工程公司,000101000043000300250001
67763,伊顿工业（济宁）有限公司四期厂房扩建项目建筑安装工程,0,NULL,中建一局集团公司国际工程公司,000101000043000300250001
27280,阿克苏诺贝尔太古漆油（上海）有限公司 扩建技术办公楼项目及其他项目,0,5,中建一局集团公司国际工程公司,000101000043000300250001
24508,西安华南城项目三期五金机电D区施工总承包工程二标段、四标段,0,NULL,五公司江苏分公司,0001010000430005999q
1031262,世锋科技创业园项目,0,4,五公司江苏分公司,0001010000430005999q
1018673,某学院新大楼场地改造及配套设施建设工程,0,5,五公司江苏分公司,0001010000430005999q
61562,萍乡金融中心（原商赢大厦）建设工程,0,4,五公司江苏分公司,0001010000430005999q
25049,米拉国际公寓,0,NULL,五公司江苏分公司,0001010000430005999q
26376,林皋湖国际慢城入口区绿地景观施工项目,0,NULL,五公司江苏分公司,0001010000430005999q
1087849,江苏省市场监督管理实训技术研究院既有建筑改造工程,0,5,五公司江苏分公司,0001010000430005999q
1049967,智能制造产业园智汇数字产业基地项目,0,4,五公司江苏分公司,0001010000430005999q
1006889,泗洪县城北高级中学建设工程,0,4,五公司江苏分公司,0001010000430005999q
8982,（11010500471）渭南万达广场项目,0,NULL,五公司江苏分公司,0001010000430005999q
1068732,NO.2024G77地块房地产开发项目,0,4,五公司江苏分公司,0001010000430005999q
1059521,江苏新能源充电桩项目,0,4,五公司江苏分公司,0001010000430005999q
11981,(1101050037)海航云南祥鹏航空公司基地,0,NULL,五公司江苏分公司,0001010000430005999q
1065225,东山街道NO.2024G77地块售楼处,0,5,五公司江苏分公司,0001010000430005999q
1003647,丰县孙楼街道蔡楼安置 小区建设项目一期（EPC） 工程总承包,0,5,五公司江苏分公司,0001010000430005999q
108188,盐城富力科创城项目（金禧家园 20191001#地块）B区总承包工程,0,4,五公司江苏分公司,0001010000430005999q
25808,中登城市花园二期（13-18#楼）,0,NULL,五公司江苏分公司,0001010000430005999q
1068384,亿蜂数字经济（苏州）科创中心项目-1#科研办公、2#汽车坡道顶棚、3#汽车坡道顶棚,0,4,五公司江苏分公司,0001010000430005999q
82491,渭南万达广场写字楼复工工程,0,4,五公司江苏分公司,0001010000430005999q
77720,萍乡市金融综合体建设工程,0,NULL,五公司江苏分公司,0001010000430005999q
98600,金禧家园项目地块一（宗地编号20091001）D区,0,4,五公司江苏分公司,0001010000430005999q
999600,丰县欢口镇聚欢新城建设项目西地块安置小区建设工程设计采购施工工程,0,4,五公司江苏分公司,0001010000430005999q
101315,建邦·菏泽中央公园安置房EPC总承包工程,0,2,五公司江苏分公司,0001010000430005999q
994052,南京停车场项目,0,NULL,五公司江苏分公司,0001010000430005999q
44432,镇江中建大观天下南区二期工程项目部,0,NULL,五公司江苏分公司,0001010000430005999q
11984,(1101050034)西安大明宫万达广场,0,NULL,五公司江苏分公司,0001010000430005999q
1041154,美华航空电子研发建设项目（自编号：厂房C、厂房D及宿舍）,0,5,三公司华南分公司,000101000043000399a9
1031840,TCL 高科技工业园 B1-B4 栋外墙翻新改造工程项目,0,4,三公司华南分公司,000101000043000399a9
1059961,万兴科技（长沙）创意科学园1期项目,0,4,三公司华南分公司,000101000043000399a9
994612,沙步旧村改造项目市政道路工程（一期）,0,NULL,三公司华南分公司,000101000043000399a9
52200,清远长隆停车场项目,0,NULL,三公司华南分公司,000101000043000399a9
822281,东莞市天虹工贸有限公司日用品加工生产项目-劳务,0,NULL,三公司华南分公司,000101000043000399a9
1058705,佛山新城公共服务设施改造项目,0,5,三公司华南分公司,000101000043000399a9
1016548,益海嘉里（广州）食品工业有限公司益海嘉里华南粮油生产销售基地综合食品加工项目,0,4,三公司华南分公司,000101000043000399a9
92955,万达·西安one项目2地块工程,0,NULL,三公司华南分公司,000101000043000399a9
26587,京东亚洲一号青岛物流园项目,0,NULL,三公司华南分公司,000101000043000399a9
1068887,华狮美妆智造基地施工总承包,0,5,三公司华南分公司,000101000043000399a9
1022781,贵州文化广场（河滨剧场）棚户区改造项目A3、A4栋项目,0,4,三公司华南分公司,000101000043000399a9
1016222,益海嘉里华南粮油生产销售基地综合食品加工项目,0,NULL,三公司华南分公司,000101000043000399a9
1016121,研祥国际金融中心,0,NULL,三公司华南分公司,000101000043000399a9
1006238,研祥淀山湖产业基地三期北区项目,0,NULL,三公司华南分公司,000101000043000399a9
996803,南沙滨海花园五期酒店项目修缮工程,0,NULL,三公司华南分公司,000101000043000399a9
1047324,臻熙大厦项目（总承包工程）,0,5,三公司华南分公司,000101000043000399a9
89754,南沙滨海花园十三期,0,NULL,三公司华南分公司,000101000043000399a9
816994,南太云创谷园区项目一标段主体总承包工程-劳务,0,NULL,三公司华南分公司,000101000043000399a9
1099202,益海嘉里(潮州)食品工业有限公司扩增一栋厂房项目,0,4,三公司华南分公司,000101000043000399a9
1093382,新桥东先进制造产业园五号园区及科创五中心施工总承包工程,0,5,三公司华南分公司,000101000043000399a9
1030345,湖南蓝芯微电子科技有限公司MLED显示芯片项目、湖南奥蓝新材料科技有限公司MLED显示模组项目,0,4,三公司华南分公司,000101000043000399a9
1029106,2022年中国联通广东肇庆新建通信综合局房项目（一期）溶洞处理工程（施工）土建,0,4,三公司华南分公司,000101000043000399a9
1045554,新桥街道新桥东片区城市更新单元二期A项目07-02、05-09地块 （基坑支护及土石方工程）,0,4,三公司华南分公司,000101000043000399a9
1013583,肇庆小鹏汽车智能网联科技产业园项目：三电车间、三电仓库,0,NULL,三公司华南分公司,000101000043000399a9
30595,京东亚洲一号东莞麻涌物流园,0,NULL,三公司华南分公司,000101000043000399a9
1007511,颐城栖湾里项目施工总承包工程,0,5,三公司华南分公司,000101000043000399a9
994614,泰安中南财源门项目,0,NULL,三公司华南分公司,000101000043000399a9
994198,大鹏公安分局土洋派出所建设工程项目,0,5,三公司华南分公司,000101000043000399a9
1022750,贵州文化广场（河滨剧场）棚户区改造项目A3、A4栋,0,NULL,三公司华南分公司,000101000043000399a9
1019492,美华航空电子研发建设项目二期、三期总承包工程,0,4,三公司华南分公司,000101000043000399a9
1012234,深业光明新湖A641-0030地块项目施工总承包工程,0,5,三公司华南分公司,000101000043000399a9
96497,东莞市天虹工贸有限公司日用品加工生产项目,0,5,三公司华南分公司,000101000043000399a9
98781,南山区第二阶段优质饮用水入户工程施工总承包（Ⅳ标段）（重新招标）总合同,0,NULL,三公司华南分公司,000101000043000399a9
1845,(1101030053)海湾郦都一期,0,NULL,三公司华南分公司,000101000043000399a9
1069896,金龙大厦项目总承包工程,0,5,三公司华南分公司,000101000043000399a9
1044141,新桥东片区重点城市更新项目二期A07-02、05-09地块地基与基础工程,0,5,三公司华南分公司,000101000043000399a9
1032495,招商局光明科技园项目A5栋施工总承包工程,0,5,三公司华南分公司,000101000043000399a9
1004763,广东清研高端环保装备研发与制造基地项目施工总承包工程,0,5,三公司华南分公司,000101000043000399a9
1031844,中建智采所属项目,2,4,北京中建一局智采供应链有限公司,00010100004399ce999d
1073332,河南舞阳地下水综合治理EPC,0,2,中建一局水利水电建设有限公司,0001010000430004999d
1091647,翔安机房,0,4,中建一局华江建设有限公司东南分公司,0001010000430007999e
1094315,行政公车采购项目,0,4,中建智地置业有限公司,00010100004399ce
1025922,京西棚改项目二标段,0,4,中建智地房山棚改指挥部,00010100004399ce999a
96035,宝安A213-0386宗地项目基坑支护、土石方及桩基础工程,0,5,三公司华南分公司,000101000043000399a9
821464,赣州富力现代城B03地块-劳务,0,NULL,三公司华南分公司,000101000043000399a9
1093475,益海嘉里潮州企业群发酵豆粕、SPC土建总包项目及桩基工程,0,5,三公司华南分公司,000101000043000399a9
1064870,石排镇赤坎工业大厦项目,0,5,三公司华南分公司,000101000043000399a9
1053386,广州万科沙步项目六期一、二标段市政道路工程项目,0,5,三公司华南分公司,000101000043000399a9
1040560,招商局光明科技园项目A5栋主体工程,0,4,三公司华南分公司,000101000043000399a9
1022020,美华航空电子研发建设项目厂房（自编号：厂房B）,0,NULL,三公司华南分公司,000101000043000399a9
1012245,树脂车间总承包项目,0,5,三公司华南分公司,000101000043000399a9
111126,田寮村人居环境综合提升工程施工总承包,0,5,三公司华南分公司,000101000043000399a9
6863,(2103090001)广州增城仁安花园项目,0,NULL,三公司华南分公司,000101000043000399a9
1066013,阿里巴巴新零售供应链华南总部项目施工总承包工程,0,4,三公司华南分公司,000101000043000399a9
1010908,肇庆小鹏新能源投资有限公司整车二期整车库硬化及其建筑项目施工总承包合同,0,NULL,三公司华南分公司,000101000043000399a9
821529,南沙滨海花园十三期项目-劳务,0,NULL,三公司华南分公司,000101000043000399a9
89951,石岩艾美特工业区城市更新项目总承包工程,0,4,三公司华南分公司,000101000043000399a9
83216,集体（单身）宿舍及食堂等7项（312工程生活配套设施）,0,NULL,三公司华南分公司,000101000043000399a9
79068,蓬莱创发新区围挡及土地清表整理工程施工,0,5,三公司华南分公司,000101000043000399a9
1846,(1101030045)江门珠江国际新城建筑安装,0,NULL,三公司华南分公司,000101000043000399a9
1099201,益海嘉里(潮州)饲料蛋白开发有限公司扩增厂房及配套的项目-发酵豆粕项目,0,4,三公司华南分公司,000101000043000399a9
1063635,阿里新零售供应链华南总部项目,0,5,三公司华南分公司,000101000043000399a9
1040558,信创科技大厦1栋、2栋、3栋主体工程,0,4,三公司华南分公司,000101000043000399a9
1030581,TCL高科技工业园B1-B4栋外墙翻新改造工程,0,4,三公司华南分公司,000101000043000399a9
996317,集龙产业楼勒流街道龙眼工业区二期（大良凤翔工业区D-XB-01-01-D-02地块）（二期）,0,NULL,三公司华南分公司,000101000043000399a9
77617,京东集团总部二期2号楼项目,0,NULL,三公司华南分公司,000101000043000399a9
26987,济南中弘广场17#地块工程,0,5,三公司华南分公司,000101000043000399a9
1078807,云擎智造基地项目,0,5,三公司华南分公司,000101000043000399a9
1078327,广州黄埔东创广场项目,0,5,三公司华南分公司,000101000043000399a9
1061092,广州万科沙步项目六期一、二标段市政道路工程,0,4,三公司华南分公司,000101000043000399a9
1032458,汉清达佛山高明智能制造基地二期总承包工程,0,5,三公司华南分公司,000101000043000399a9
1013845,广州万科沙步项目沙步一横路、沙涌大街、沙步东路、沙步西路市政道路工程,0,5,三公司华南分公司,000101000043000399a9
1006242,深圳市深汕特别合作区镇级污水处理设施及配套管网建设工程EPC（设计采购和施工）+0（运营）,0,NULL,三公司华南分公司,000101000043000399a9
998366,佛山南海三山新城仓储项目（一期）施工总承包（第二次）,0,5,三公司华南分公司,000101000043000399a9
994103,海淀区教育科学研究院实验小学（小学学习指导中心）改扩建工程（新建教学楼等 2 项）及教学楼一层南侧房间改造和现状教学楼装修工程,0,NULL,三公司华南分公司,000101000043000399a9
30721,济南中弘广场17#地块二期项目,0,5,三公司华南分公司,000101000043000399a9
814593,京东亚洲一号东莞麻涌项目部-劳务,NULL,NULL,三公司华南分公司,000101000043000399a9
1030899,信创科技大厦项目施工总承包工程,0,4,三公司华南分公司,000101000043000399a9
1030194,2020年中国联通广东肇庆新建通信综合局房项目（一期）工程,0,4,三公司华南分公司,000101000043000399a9
108460,勒流街道龙眼工业区（大良凤翔工业区D-XB-01-01-D-02地块）（一期）项目,0,NULL,三公司华南分公司,000101000043000399a9
91856,赣州富力现代城项目B03地块,0,5,三公司华南分公司,000101000043000399a9
822028,万达·西安ONE2地块项目,0,NULL,三公司华南分公司,000101000043000399a9
817649,高新区创业新大陆地下隧道及综合体工程,0,4,中建一局西北公司基础设施事业部,0001010000430088999b
1083596,乌鲁木齐市沙依巴克区长江路和扬子江及环卫路等片区74个老旧小区改造项目二标段项目,0,2,中建一局西北公司基础设施事业部,0001010000430088999b
1082247,咸阳经开区地下管网漏损控制分区改建工程建设工程,0,4,中建一局西北公司基础设施事业部,0001010000430088999b
1010553,榆中生态创新城科七街道路新建工程-（学二路～学八路）,0,1,中建一局西北公司基础设施事业部,0001010000430088999b
1005704,神木市自来水厂三期工程项目N1标段,0,NULL,中建一局西北公司基础设施事业部,0001010000430088999b
1001699,神木市兰炭产业特色园区柠条塔区兰炭酚氨废水集中处理项目配套（管网）工程,0,4,中建一局西北公司基础设施事业部,0001010000430088999b
82130,北辰大道（北二环-秦汉大道）快速化改造工程PPP项目,0,4,中建一局西北公司基础设施事业部,0001010000430088999b
1000107,西安市临潼区污水处理厂地表准Ⅳ类提标改造工程EPC工程总承包,0,NULL,中建一局西北公司基础设施事业部,0001010000430088999b
82155,西安高新区创业新大陆地下隧道及综合体工程,0,3,中建一局西北公司基础设施事业部,0001010000430088999b
1087496,峨眉山雷洞坪停车场(车站)提升改造及还建道路项目设计施工总承包,0,2,中建一局集团总承包建设有限公司西南分公司,000101000043003999c3
1022690,绛溪五线道路（一期）工程,0,5,中建一局集团总承包建设有限公司西南分公司,000101000043003999c3
1017257,马鞍山2号停车场提升项目工程,0,5,中建一局集团总承包建设有限公司西南分公司,000101000043003999c3
81831,绛溪四线道路工程勘察-设计-施工总承包项目,0,5,中建一局集团总承包建设有限公司西南分公司,000101000043003999c3
82593,大众配套园二期周边道路及配套工程,0,3,中建一局集团总承包建设有限公司西南分公司,000101000043003999c3
1040457,瑞鞍新材料产业基地,0,5,中建一局集团总承包建设有限公司西南分公司,000101000043003999c3
1015300,昆明大湾现代生态农业示范园项目设计采购施工（EPC）,0,2,中建一局集团总承包建设有限公司西南分公司,000101000043003999c3
999208,中国移动通信集团有限公司成都产业研究院分公司科研枢纽工程,0,5,中建一局集团总承包建设有限公司西南分公司,000101000043003999c3
91026,健康凯旋府项目,1,2,中建一局集团总承包建设有限公司西南分公司,000101000043003999c3
1029860,玉溪澄江供电局生产业务用房,0,5,中建一局集团总承包建设有限公司西南分公司,000101000043003999c3
51624,一里塘新型社区集中居住房屋建设工程第一标段(D区）维修整改提档升级项目,0,5,中建一局集团总承包建设有限公司西南分公司,000101000043003999c3
22245,天府新区成都片区直管区华阳街办河池社区安置房建设项目,0,5,中建一局集团总承包建设有限公司西南分公司,000101000043003999c3
1002748,武侯新材料转化基地环线道路工程,0,5,中建一局集团总承包建设有限公司西南分公司,000101000043003999c3
82546,昆明市综合交通国际枢纽建设项目施工总承包,0,5,中建一局集团总承包建设有限公司西南分公司,000101000043003999c3
1040540,广南县新能源光伏组件标准化厂房及基础配套设施项目EPC,0,2,中建一局集团总承包建设有限公司西南分公司,000101000043003999c3
1040539,昆明文耀星城项目建设工程施工总承包（一期）,0,5,中建一局集团总承包建设有限公司西南分公司,000101000043003999c3
1028973,禄劝工业园区基础设施建设项目,0,5,中建一局集团总承包建设有限公司西南分公司,000101000043003999c3
1014589,养马街道新路社区党群服务中心	项目,0,5,中建一局集团总承包建设有限公司西南分公司,000101000043003999c3
1007015,成都崇州大数据国家新型工业示范园区建设项目-罨画明湖苑（配套专家楼及人才公寓）地块二,0,4,中建一局集团总承包建设有限公司西南分公司,000101000043003999c3
1006438,贵州安顺金尘茶加工厂建设工程,0,5,中建一局集团总承包建设有限公司西南分公司,000101000043003999c3
1004067,昆明市西山区生物多样性大会园区配套基础设施建设项目—昆安高速下层（A段）改扩建工程（三标段）,0,5,中建一局集团总承包建设有限公司西南分公司,000101000043003999c3
991838,水韵姚渡安置房项目,0,5,中建一局集团总承包建设有限公司西南分公司,000101000043003999c3
991837,青江北路街道空间一体化项目,0,NULL,中建一局集团总承包建设有限公司西南分公司,000101000043003999c3
110880,沃森生物科技创新中心项目建设工程施工总承包,0,NULL,中建一局集团总承包建设有限公司西南分公司,000101000043003999c3
89195,双流区东升历史文化特色街区建设工程（一期）,0,NULL,中建一局集团总承包建设有限公司西南分公司,000101000043003999c3
1040459,兴科蓉控股公司全国总部结算中心暨进出口生物医药供应链服务中心项目,0,5,中建一局集团总承包建设有限公司西南分公司,000101000043003999c3
1005666,云南滇中新区安宁职教园区双创服务中心项目设计、采购、施工(EPC)总承包,0,5,中建一局集团总承包建设有限公司西南分公司,000101000043003999c3
110805,中山大学澄江市医院,0,5,中建一局集团总承包建设有限公司西南分公司,000101000043003999c3
22233,江西省省级党政机关搬迁置换项目,0,5,中建一局集团总承包建设有限公司西南分公司,000101000043003999c3
14672,双流县第一人民医院迁建工程PPP项目,0,3,中建一局集团总承包建设有限公司西南分公司,000101000043003999c3
4386,南昌MOMA一期,0,5,中建一局集团总承包建设有限公司西南分公司,000101000043003999c3
80709,西昌中心医院项目设计-采购-施工总承包（EPC）项目,0,2,中建一局集团总承包建设有限公司西南分公司,000101000043003999c3
45218,天府新区信息安全产业园配套基础设施工程PPP项目,0,3,中建一局集团总承包建设有限公司西南分公司,000101000043003999c3
1022460,生物城南路工程剩余工程,0,5,中建一局集团总承包建设有限公司西南分公司,000101000043003999c3
89198,龙泉驿区西江河流域水环境综合整治项目一期（陡沟河污水处理厂二厂）PPP 项目,0,NULL,中建一局集团总承包建设有限公司西南分公司,000101000043003999c3
19825,（2101780051）江西省党政机关搬迁置换项目核心区房建工程,0,5,中建一局集团总承包建设有限公司西南分公司,000101000043003999c3
14677,天府新区成都直管区新兴镇凉水村安置房建设项目,0,5,中建一局集团总承包建设有限公司西南分公司,000101000043003999c3
6674,天府新区成都直管区华阳街办河池社区安置房建设项目,0,4,中建一局集团总承包建设有限公司西南分公司,000101000043003999c3
1040476,内江蓝城“花萼里”项目,0,5,中建一局集团总承包建设有限公司西南分公司,000101000043003999c3
1027699,绛溪三线跨绛溪河大桥工程.,0,NULL,中建一局集团总承包建设有限公司西南分公司,000101000043003999c3
44818,怡心湖片区市政道路一期工程PPP项目,0,3,中建一局集团总承包建设有限公司西南分公司,000101000043003999c3
89197,中电子配套再生水厂进厂管网扩建工程,0,5,中建一局集团总承包建设有限公司西南分公司,000101000043003999c3
81923,时光水街项目设计-采购-施工总承包（EPC）,0,NULL,中建一局集团总承包建设有限公司西南分公司,000101000043003999c3
83591,成都市简州新城简州大道增绿景观提升工程设计－施工一体化总承包(EPC),1,2,中建一局集团总承包建设有限公司西南分公司,000101000043003999c3
12458,丛树新型社区集中居住房屋建设工程,0,5,中建一局集团总承包建设有限公司西南分公司,000101000043003999c3
1102992,雷洞坪车站临时接待游客及游山道保通工程,0,11,中建一局集团总承包建设有限公司西南分公司,000101000043003999c3
1002109,瀛景·国际康养社区项目建设工程施工总承包,0,5,中建一局集团总承包建设有限公司西南分公司,000101000043003999c3
82577,金马河畔二期农民安置小区工程,0,5,中建一局集团总承包建设有限公司西南分公司,000101000043003999c3
22246,天府新区成都片区直管区新兴镇凉水村安置房建设项目,0,1,中建一局集团总承包建设有限公司西南分公司,000101000043003999c3
1044779,曲靖市红太阳生命健康产业园标准化厂房及基础设施一期建设项目设计、采购、施工总承包（EPC）,0,5,中建一局集团总承包建设有限公司西南分公司,000101000043003999c3
1026891,昆明沃森功能和形象提升技改安装工程,0,5,中建一局集团总承包建设有限公司西南分公司,000101000043003999c3
1014720,乐山军民合用机场（民用部分）,0,5,中建一局集团总承包建设有限公司西南分公司,000101000043003999c3
1027848,绛溪三线跨绛溪河大桥工程,0,5,中建一局集团总承包建设有限公司西南分公司,000101000043003999c3
1014911,中国移动通信集团有限公司成都产业研究院分公司科研枢纽工程室外工程,0,5,中建一局集团总承包建设有限公司西南分公司,000101000043003999c3
80726,眉山市东坡区城镇污水处理PPP项目建设工程施工总承包,0,3,中建一局集团总承包建设有限公司西南分公司,000101000043003999c3
1044203,沾益工业园区花山片区有机硅产业园基础设施（一期）设计、施工总承包（EPC）（二次）,0,2,中建一局集团总承包建设有限公司西南分公司,000101000043003999c3
1022515,贵安华为云数据中心A区A1.3数据中心&高端园A2地块2#数据机房项目零星土建工程,0,5,中建一局集团总承包建设有限公司西南分公司,000101000043003999c3
1020803,淮州湾国际生态社区项目一期（IIIB013地块）,0,5,中建一局集团总承包建设有限公司西南分公司,000101000043003999c3
998476,成都天府生物产业孵化园二期（N地块） 设计-施工总承包项目,0,5,中建一局集团总承包建设有限公司西南分公司,000101000043003999c3
82576,幸福新村二期工程、香榭林居二期工程、金湾小区2期及配套道路工程,0,5,中建一局集团总承包建设有限公司西南分公司,000101000043003999c3
80613,公兴(中电子)再生水厂一期一阶段工程PPP项目,0,3,中建一局集团总承包建设有限公司西南分公司,000101000043003999c3
78896,昆明市综合交通国际枢纽建设项目基坑支护工程施工,0,NULL,中建一局集团总承包建设有限公司西南分公司,000101000043003999c3
991836,东山新城二期安置房建设项目,0,5,中建一局集团总承包建设有限公司西南分公司,000101000043003999c3
104962,自贡市东部新城洞山农民集中安置房一期项目、自贡市东部新城洞山农民集中安置房二期项目,0,4,中建一局集团总承包建设有限公司西南分公司,000101000043003999c3
89703,成都市简州新城石盘镇安置房A项目 (一期1、6、7、8号地块),0,NULL,中建一局集团总承包建设有限公司西南分公司,000101000043003999c3
1066395,诸城市高新技术产业开发区生物质热电联产项目,0,5,中建一局集团总承包建设有限公司基础设施事业部,000101000043003999c5
1026721,石家庄正定新区公共停车场充电桩设施建设设计施工总承包项目,0,4,中建一局集团总承包建设有限公司基础设施事业部,000101000043003999c5
1023009,正定新区中心湖1#站地下可再生能源供冷供热EPC施工总承包项目,0,2,中建一局集团总承包建设有限公司基础设施事业部,000101000043003999c5
1067149,内江市东兴区国家储备林项目（二期）设计施工总承包项目,0,2,中建一局集团总承包建设有限公司基础设施事业部,000101000043003999c5
1082284,国道G205线梅县区太和亭至黄竹洋段改建工程项目,0,5,中建一局集团总承包建设有限公司基础设施事业部,000101000043003999c5
1071929,厦门市第五中学集美校区项目,0,5,中建一局集团东南建设有限公司,0001010000430007999c
1015477,赤城县2021年乡村民宿建设项目-第二标段绿滟田舍乡居二期建设项目,0,5,中建一局集团东南建设有限公司,0001010000430007999c
1013797,怀柔新城04街区棚户区改造项目四区（安置房集中建设区）项目规划HR00-0004-6021地块（21-1#住宅楼等21项）项目户内精装修工程二标段,0,5,中建一局集团东南建设有限公司,0001010000430007999c
991586,32030工程整修EPC总承包项目（重招）,0,5,中建一局集团东南建设有限公司,0001010000430007999c
991128,厦门海嘉面粉有限公司新建60万吨/年小麦加工线项目1# 立筒仓 1组、2#工作塔、3#卸粮罩棚,0,5,中建一局集团东南建设有限公司,0001010000430007999c
1007054,明阳集团海洋装备制造产业项目地基处理与桩基工程,0,5,中建一局集团东南建设有限公司,0001010000430007999c
1069787,日立涡旋压缩机新业务新平台制造项目一期工程,0,5,中建一局集团东南建设有限公司,0001010000430007999c
997091,广东省大动物模型研究中心项目,0,5,中建一局集团东南建设有限公司,0001010000430007999c
1078602,金禾广场一期建设项目,0,5,中建一局集团东南建设有限公司,0001010000430007999c
1075314,高性能锂电池基地建设项目（施工“评定分离”）,0,5,中建一局集团东南建设有限公司,0001010000430007999c
1020153,延庆冬奥村超低能耗设备及安装工程,0,5,中建一局集团东南建设有限公司,0001010000430007999c
1017502,绿滟田舍.乡居.大边村.一期民宿建设项目精装工程,0,5,中建一局集团东南建设有限公司,0001010000430007999c
1002124,金圆大厦（2018G03 地块）（施工）,0,5,中建一局集团东南建设有限公司,0001010000430007999c
45144,安溪盛世金元居住小区二期工程,0,5,中建一局集团东南建设有限公司,0001010000430007999c
1068872,厦门新机场项目-山东航空基地机务维修工程项目（施工“评定分离”）,0,5,中建一局集团东南建设有限公司,0001010000430007999c
1046098,飞鸾城镇综合污水处理厂建设运营一体化项目,1,5,中建一局集团东南建设有限公司,0001010000430007999c
1031505,益海嘉里(霸州)食品工业有限公司年初加工100万吨小麦制粉项目(库二期),0,5,中建一局集团东南建设有限公司,0001010000430007999c
1019036,景德镇陶阳里历史街区保护更新PPP项目历史建筑保护与房屋修缮专业工程Ⅹ标段施工合同,0,3,中建一局集团东南建设有限公司,0001010000430007999c
78920,后溪长途汽车站主站房平移工程,0,2,中建一局集团东南建设有限公司,0001010000430007999c
1090096,翔安南部片区启动区 A1 地块 -子地块 A1-5/A1-6 装修工程（施工“评定分离”）,0,11,中建一局集团东南建设有限公司,0001010000430007999c
1022844,中新知识城国际创新驱动中心二期4号地块,0,5,中建一局集团东南建设有限公司,0001010000430007999c
1019901,梁溪河综合整治提升工程EPC工程总承包项目室外安装工程,0,2,中建一局集团东南建设有限公司,0001010000430007999c
67803,平潭综合实验区社会公共停车场建设项目,0,5,中建一局集团东南建设有限公司,0001010000430007999c
1103255,怀柔商业街远明辉商场 城市更新改造项目拆除工程,0,5,中建一局集团东南建设有限公司,0001010000430007999c
1019200,北京大兴机场二期工程5#宿舍楼、地下室室内机电与通风空调工程,0,5,中建一局集团东南建设有限公司,0001010000430007999c
1101645,马銮湾新城智慧科技产业园A1地块,0,5,中建一局集团东南建设有限公司,0001010000430007999c
1062055,广铁集团安保事务综合训练基地培训综合楼工程（二次）项目,0,5,中建一局集团东南建设有限公司,0001010000430007999c
1028788,徐州高新区技术产业开发区鸿硕建设管理有限公司光伏电池研发基地基础设施项目（二期）机电安装工程,0,NULL,中建一局集团东南建设有限公司,0001010000430007999c
1001797,四川大学华西厦门医院（精装修工程）（施工）,0,5,中建一局集团东南建设有限公司,0001010000430007999c
95999,益海嘉里（潮州）油脂工业有限公司一期项目,0,5,中建一局集团东南建设有限公司,0001010000430007999c
1065448,外交公寓套房样板间装修项目,0,5,中建一局集团东南建设有限公司,0001010000430007999c
1048469,厦航翔安新生产基地综合保障工程A地块,0,5,中建一局集团东南建设有限公司,0001010000430007999c
1024736,海悦山庄酒店新建工程——附属配套工程,0,5,中建一局集团东南建设有限公司,0001010000430007999c
1020730,紫竹公寓住宅楼外立面抢修改造工程,0,5,中建一局集团东南建设有限公司,0001010000430007999c
1017273,麦克奥迪光电工业园三期项目,0,5,中建一局集团东南建设有限公司,0001010000430007999c
1012122,灵溪镇老旧住宅区改造工程（一期）桩基工程,0,4,中建一局集团东南建设有限公司,0001010000430007999c
1005625,中新知识城国际创新驱动中心二期2号地块办公（自编号B7栋、A1栋、C6-C9栋）,0,5,中建一局集团东南建设有限公司,0001010000430007999c
1002334,北京大学红楼消防升级改造工程,0,11,中建一局集团东南建设有限公司,0001010000430007999c
1060675,厦门火炬电力电气产业园(一期)主体工程施工(施工),0,5,中建一局集团东南建设有限公司,0001010000430007999c
1022629,中马国际医院装修工程项目,0,5,中建一局集团东南建设有限公司,0001010000430007999c
1020393,中新知识城国际创新驱动中心二期2号地块项目铝合金门窗专业工程,0,5,中建一局集团东南建设有限公司,0001010000430007999c
1018221,中粮糖业（漳州）有限公司35万吨每年精炼糖及15万吨每年糖类食品原材料加工项目-机修五金库、门卫项目,0,5,中建一局集团东南建设有限公司,0001010000430007999c
1013799,四川大学华西厦门医院（精装修工程）（施工）橡胶地板及门窗等工程专业分包,0,5,中建一局集团东南建设有限公司,0001010000430007999c
1001048,厦门国际健康驿站（保障性租赁住房）项目一期总承包工程,0,5,中建一局集团东南建设有限公司,0001010000430007999c
1041063,徐州市丰县生态环境导向开发项目,0,5,中建一局集团东南建设有限公司,0001010000430007999c
95694,漳州市区内河水环境综合整治PPP项目,0,3,中建一局集团东南建设有限公司,0001010000430007999c
1055367,海洋创新产业园（一期）项目（施工“评定分离”）,0,5,中建一局集团东南建设有限公司,0001010000430007999c
1054163,火炬招商通用厂房二期（施工）,0,5,中建一局集团东南建设有限公司,0001010000430007999c
1019869,锡沂高新区秀水苑（EPC）工程机电工程,0,2,中建一局集团东南建设有限公司,0001010000430007999c
1083338,黄埔区广开云汇北侧道路工程勘察设计施工总承包,0,2,中建一局集团东南建设有限公司,0001010000430007999c
1053508,翔安欣安雅苑,0,5,中建一局集团东南建设有限公司,0001010000430007999c
1026823,海悦山庄酒店新建工程-附属配套工程,0,5,中建一局集团东南建设有限公司,0001010000430007999c
15565,泰普集团生物科学园厂房及配套设施二期,0,5,中建一局集团东南建设有限公司,0001010000430007999c
1103256,怀柔商业街鞋帽店 城市更新改造项目（拆除工程）,0,5,中建一局集团东南建设有限公司,0001010000430007999c
1087303,2012JP03地块A5子地块主塔楼装修工程,0,11,中建一局集团东南建设有限公司,0001010000430007999c
1020296,中新知识城国际创新驱动中心二期2号地块项目涂料专业工程,0,5,中建一局集团东南建设有限公司,0001010000430007999c
1017272,厦门软件园三期F26地块（施工“评定分离”）,0,5,中建一局集团东南建设有限公司,0001010000430007999c
1013398,环首都·太行山能源信息技术产业基地七期（7#机房楼）土建总承包工程,0,5,中建一局集团东南建设有限公司,0001010000430007999c
1011551,润生二期城市更新产业升级项目（1#生产研发楼等3项）,0,4,中建一局集团东南建设有限公司,0001010000430007999c
1011432,福建《明阳集团海洋装备制造产业项目》一期工程（总装厂房）,0,5,中建一局集团东南建设有限公司,0001010000430007999c
1019715,厦门市新圩学校（厦门五缘实验学校翔安分校）何宅校区（施工“评定分离”）,0,5,中建一局集团东南建设有限公司,0001010000430007999c
1017269,赤城县 2022 年民宿建设项目- 镇宁堡乡东栅子村乡村旅游项 目工程民宿建设项目,0,5,中建一局集团东南建设有限公司,0001010000430007999c
15378,(2106070002)三利中和城,0,5,一局六公司第九大项目部,0001010000430007999d0012
4537,(2106070003)安阳贯辰项目部,0,NULL,一局六公司第九大项目部,0001010000430007999d0012
51940,奉化文化中心项目部,0,NULL,一局六公司第九大项目部,0001010000430007999d0012
51939,宁南市政项目部,0,4,一局六公司第九大项目部,0001010000430007999d0012
1050383,机电虹海研发大楼城市更新单元项目主体工程,0,5,中建一局集团第二建筑有限公司机电工程事业部,00010100004300020033
1041609,机电徐州凯旋门4期综合机电工程,0,1,中建一局集团第二建筑有限公司机电工程事业部,00010100004300020033
1011480,机电巩义市站街镇三彩安置区EPC项目,0,2,中建一局集团第二建筑有限公司机电工程事业部,00010100004300020033
107279,机电南头城小学拆除重建工程施工总承包工程,0,4,中建一局集团第二建筑有限公司机电工程事业部,00010100004300020033
96816,日照招商•莱顿小镇3#地块施工总承包工程,0,4,中建一局集团第二建筑有限公司机电工程事业部,00010100004300020033
98461,机电通州运河核心区区域能源系统建设项目华业02、华业05、复地02能源子站工程项目,0,NULL,中建一局集团第二建筑有限公司机电工程事业部,00010100004300020033
36427,即墨省级经济开发区蓝色新区道路路网工程-宁海卫路,0,NULL,中建一局集团第二建筑有限公司机电工程事业部,00010100004300020033
18314,(1101020033)机电协和医院改扩建二期,0,NULL,中建一局集团第二建筑有限公司机电工程事业部,00010100004300020033
16884,卡森产业园三期J座生产研发楼室外综合管网工程,0,NULL,中建一局集团第二建筑有限公司机电工程事业部,00010100004300020033
14588,机电幸福家园,0,NULL,中建一局集团第二建筑有限公司机电工程事业部,00010100004300020033
13930,检验检疫综合办公楼VRV空调工程,0,NULL,中建一局集团第二建筑有限公司机电工程事业部,00010100004300020033
13926,(2102010643)机电职教园学二食堂,0,NULL,中建一局集团第二建筑有限公司机电工程事业部,00010100004300020033
12913,(2102010665)机电潘庄示范小城镇农民安置房项目一期工程,0,NULL,中建一局集团第二建筑有限公司机电工程事业部,00010100004300020033
5700,(1101020050)机电中国银行信息中心办公楼,0,NULL,中建一局集团第二建筑有限公司机电工程事业部,00010100004300020033
7925,兰州新区综合保税区综合办公楼,0,NULL,中建一局集团第二建筑有限公司机电工程事业部,00010100004300020033
1895,北京协和药厂搬迁改扩建工程二期3#,0,NULL,中建一局集团第二建筑有限公司机电工程事业部,00010100004300020033
4742,南京江东软件城ITO园区E06地块机电安装工程,0,NULL,中建一局集团第二建筑有限公司机电工程事业部,00010100004300020033
1100531,机电北京交通大学雄安校区一期第三组团专项二标段施工总承包,0,5,中建一局集团第二建筑有限公司机电工程事业部,00010100004300020033
1063915,华润电力江苏昆山联滔电子4MW(16MWh)用户侧固态铅储能项目EPC+O总承包工程,0,4,中建一局集团第二建筑有限公司机电工程事业部,00010100004300020033
1048257,机电中关村电子城国际电子总部项目(1#楼等7项),0,5,中建一局集团第二建筑有限公司机电工程事业部,00010100004300020033
1020965,机电宜春方特家园建设项目,0,4,中建一局集团第二建筑有限公司机电工程事业部,00010100004300020033
1020401,机电高新区人才社区一期工程EPC总承包,0,2,中建一局集团第二建筑有限公司机电工程事业部,00010100004300020033
1005041,机电通州运河核心区区域能源系统建设项目K2子站PC施工总承包,0,NULL,中建一局集团第二建筑有限公司机电工程事业部,00010100004300020033
1003961,机电北京市经济技术开发区东环中路1号1号楼1-2层局部彩票生产线升级改造装修工程,0,4,中建一局集团第二建筑有限公司机电工程事业部,00010100004300020033
998665,机电岙东路改扩建项目（一期）,0,4,中建一局集团第二建筑有限公司机电工程事业部,00010100004300020033
996724,机电天门市万林小学项目建设工程施工总承包工程,0,4,中建一局集团第二建筑有限公司机电工程事业部,00010100004300020033
992621,机电中国人民大学通州新校区北区学生宿舍二期及食堂项目,0,4,中建一局集团第二建筑有限公司机电工程事业部,00010100004300020033
989542,机电绿洲机械厂东侧地块保障房项目E地块机电安装工程,0,4,中建一局集团第二建筑有限公司机电工程事业部,00010100004300020033
989448,一局二公司机电电建·能源谷一期工程（4-B-1、4-B-3、4-B-5、4-B-6、4-C-1、4号地块地下车库、门房4-1、门房4-3）施工 第三次公告,0,4,中建一局集团第二建筑有限公司机电工程事业部,00010100004300020033
110024,机电延庆冬奥村及延庆山地新闻中心项目二标段.,0,4,中建一局集团第二建筑有限公司机电工程事业部,00010100004300020033
99092,机电巩义市人民医院东区医院门急诊医技楼后续工程,0,NULL,中建一局集团第二建筑有限公司机电工程事业部,00010100004300020033
95984,机电巩义市紫荆路街道城中村改造（新心花苑五区）项目,0,4,中建一局集团第二建筑有限公司机电工程事业部,00010100004300020033
16250,(11010200757)即墨开发区市民广场,0,1,中建一局集团第二建筑有限公司机电工程事业部,00010100004300020033
13929,机电北京新机场安置房项目（榆垡组团）,0,4,中建一局集团第二建筑有限公司机电工程事业部,00010100004300020033
14911,北京工业职业技术学院图书馆科技信息楼工程,0,NULL,中建一局集团第二建筑有限公司机电工程事业部,00010100004300020033
5701,即墨蓝色新区市民文化中心（青岛金星）,0,NULL,中建一局集团第二建筑有限公司机电工程事业部,00010100004300020033
1892,(1101020057)机电中国少年儿童科技培训基地,0,4,中建一局集团第二建筑有限公司机电工程事业部,00010100004300020033
3904,昆山花桥集善路东侧地块项目（一期住宅）富隆花园工程,0,NULL,中建一局集团第二建筑有限公司机电工程事业部,00010100004300020033
1893,(2102010615)机电无锡苏宁置业太湖新城住宅工程,0,NULL,中建一局集团第二建筑有限公司机电工程事业部,00010100004300020033
1031977,机电南中轴国际文化科技园建设项目（1#西楼等7项）二期改造工程,0,4,中建一局集团第二建筑有限公司机电工程事业部,00010100004300020033
1016725,机电莱州市慢性病防治院新院区建设项目,0,2,中建一局集团第二建筑有限公司机电工程事业部,00010100004300020033
1003501,机电废纸替代原料技改项目土建工程三标段,0,NULL,中建一局集团第二建筑有限公司机电工程事业部,00010100004300020033
110641,北京邮电大学沙河校区校园道路支线及地下管网支线工程（一期）,0,4,中建一局集团第二建筑有限公司机电工程事业部,00010100004300020033
104766,新机场,0,4,中建一局集团第二建筑有限公司机电工程事业部,00010100004300020033
98083,机电西宁市地下综合管廊二期建设工程I标段,0,NULL,中建一局集团第二建筑有限公司机电工程事业部,00010100004300020033
89566,北京庄园第二示范区项目总承包工程,0,4,中建一局集团第二建筑有限公司机电工程事业部,00010100004300020033
77760,机电深圳国际会展中心（一期）,0,NULL,中建一局集团第二建筑有限公司机电工程事业部,00010100004300020033
20635,徐州苏宁九里住宅悦城项目,0,4,中建一局集团第二建筑有限公司机电工程事业部,00010100004300020033
17870,百色龙景区初中二期及外线,0,NULL,中建一局集团第二建筑有限公司机电工程事业部,00010100004300020033
17317,(2102010634)机电卡森J座生产研发楼工程,0,NULL,中建一局集团第二建筑有限公司机电工程事业部,00010100004300020033
16885,中国机械设备股份公司总部综合楼工程,0,NULL,中建一局集团第二建筑有限公司机电工程事业部,00010100004300020033
13932,(1101020017)机电国家法官学校新校区,0,NULL,中建一局集团第二建筑有限公司机电工程事业部,00010100004300020033
12911,（2102010759）合肥华南城一期精品交易1区机电安装工程,0,NULL,中建一局集团第二建筑有限公司机电工程事业部,00010100004300020033
14913,中国少年儿童科技培训基地,0,4,中建一局集团第二建筑有限公司机电工程事业部,00010100004300020033
9914,机电电子城西青1号地东区项目智尚中心,0,NULL,中建一局集团第二建筑有限公司机电工程事业部,00010100004300020033
3902,百色龙景科技中心B区,0,NULL,中建一局集团第二建筑有限公司机电工程事业部,00010100004300020033
3901,北京政法职业学院工程,0,NULL,中建一局集团第二建筑有限公司机电工程事业部,00010100004300020033
62769,酿酒工程技改项目设计施工总承包（EPC）一标段,0,4,中建一局集团第二建筑有限公司机电工程事业部,00010100004300020033
1091873,机电民用航空电子产业化建设项目新建1号民机科研综合大楼,0,2,中建一局集团第二建筑有限公司机电工程事业部,00010100004300020033
1052684,尚航华东云基地1号楼二期项目机电安装工程,0,5,中建一局集团第二建筑有限公司机电工程事业部,00010100004300020033
1039547,机电科研教学楼（中国医学科学院整形外科医院扩建工程（Ⅱ期））,0,4,中建一局集团第二建筑有限公司机电工程事业部,00010100004300020033
1028789,机电海灏生物创新港1-2#厂房及地下室工程,0,4,中建一局集团第二建筑有限公司机电工程事业部,00010100004300020033
1024401,机电徐州市城市轨道交通工程6号线一期SGTJ6111标段,0,4,中建一局集团第二建筑有限公司机电工程事业部,00010100004300020033
1011526,机电盱眙县公共卫生服务中心建设项目施工,0,4,中建一局集团第二建筑有限公司机电工程事业部,00010100004300020033
1009528,机电申通（孝感）智慧物流电商产业园项目,0,NULL,中建一局集团第二建筑有限公司机电工程事业部,00010100004300020033
991815,机电河北省廊坊市麦洼家园（地块三）（不含19#楼）,0,4,中建一局集团第二建筑有限公司机电工程事业部,00010100004300020033
110093,机电鑫源一品,0,4,中建一局集团第二建筑有限公司机电工程事业部,00010100004300020033
104123,机电巩义市西城区初级中学项目,0,NULL,中建一局集团第二建筑有限公司机电工程事业部,00010100004300020033
95983,机电巩义市紫荆路街道城中村改造（紫东苑）项目,0,4,中建一局集团第二建筑有限公司机电工程事业部,00010100004300020033
89875,G9国际葡萄酒文化小镇,0,4,中建一局集团第二建筑有限公司机电工程事业部,00010100004300020033
100298,深圳国际会展中心（一期）厨房机电承包工程,0,NULL,中建一局集团第二建筑有限公司机电工程事业部,00010100004300020033
90584,机电青岛国际院士港二期项目一标段,0,NULL,中建一局集团第二建筑有限公司机电工程事业部,00010100004300020033
82628,机电通州区运河核心区 II -07 地块 F3 其他类多功能用地项目,0,NULL,中建一局集团第二建筑有限公司机电工程事业部,00010100004300020033
82724,机电徐州市城市轨道交通1号线一期工程杏山子车辆段一、二期上盖项目工程,0,NULL,中建一局集团第二建筑有限公司机电工程事业部,00010100004300020033
73044,机电北京市通州区潞城镇棚户区改造土地开发项目BCD区后北营东侧二期地块及西北角地块安置房项目施工总承包（四标段）,0,NULL,中建一局集团第二建筑有限公司机电工程事业部,00010100004300020033
36416,即墨省级经济开发区蓝色新区道路路网工程-灵山卫路,0,NULL,中建一局集团第二建筑有限公司机电工程事业部,00010100004300020033
25105,机电-银川滨河恒意纤维新材料有限公司年产 12 万吨高性能差别化氨纶纤维项目（一期 6 万吨）车间一工程,0,NULL,中建一局集团第二建筑有限公司机电工程事业部,00010100004300020033
13922,陕西省西咸新区空港新城园区十一路等市政道路工程,0,NULL,中建一局集团第二建筑有限公司机电工程事业部,00010100004300020033
18216,即墨市民文化中心玻璃钢风管纤维增强镁质风管安装,0,NULL,中建一局集团第二建筑有限公司机电工程事业部,00010100004300020033
17093,(1101020053)机电百色市龙景区职业教育中心,0,NULL,中建一局集团第二建筑有限公司机电工程事业部,00010100004300020033
17869,即墨蓝色新区核心区道路路网工程,0,NULL,中建一局集团第二建筑有限公司机电工程事业部,00010100004300020033
14915,顺义板桥一期保障房,0,NULL,中建一局集团第二建筑有限公司机电工程事业部,00010100004300020033
9918,即墨经济开发区蓝色新区市民文化中心（聂金侠）,0,NULL,中建一局集团第二建筑有限公司机电工程事业部,00010100004300020033
4740,中国检验检疫科学研究院综合科研楼空调水给排水,0,NULL,中建一局集团第二建筑有限公司机电工程事业部,00010100004300020033
937,(1101020069)机电中国卫星通信大厦,0,NULL,中建一局集团第二建筑有限公司机电工程事业部,00010100004300020033
2919,即墨经济开发区蓝色新区会展中心（武瑞平）,0,NULL,中建一局集团第二建筑有限公司机电工程事业部,00010100004300020033
1098551,机电贵州中烟工业有限责任公司技术与信息中心建设项目一主体工程,0,5,中建一局集团第二建筑有限公司机电工程事业部,00010100004300020033
1071367,机电大兴新城核心区DX00-0103-029-1U14 供热用地项目,0,0,中建一局集团第二建筑有限公司机电工程事业部,00010100004300020033
1050397,机电山河阅,0,4,中建一局集团第二建筑有限公司机电工程事业部,00010100004300020033
1025393,机电莱州市2023年老旧小区改造项目,0,4,中建一局集团第二建筑有限公司机电工程事业部,00010100004300020033
1024181,机电2022年中国联通河南通信机房动力配套系统隐患整治工程（信阳、许昌高低压配电改造）等6项目柴油发电机）,0,4,中建一局集团第二建筑有限公司机电工程事业部,00010100004300020033
1023399,机电2022年莱州市老旧小区改造项目施工,0,NULL,中建一局集团第二建筑有限公司机电工程事业部,00010100004300020033
1019243,机电北京市通州区运河核心区2A、5A商务办公楼等3项商业机电系统深化设计、供应及安装工程,0,4,中建一局集团第二建筑有限公司机电工程事业部,00010100004300020033
994390,机电中央团校教室宿舍等基础设施改造项目,0,NULL,中建一局集团第二建筑有限公司机电工程事业部,00010100004300020033
991075,机电青岛国际院士研究院南延项目 （东地块）,0,4,中建一局集团第二建筑有限公司机电工程事业部,00010100004300020033
989544,机电栖霞区合班村257号（三毛厂）地块中学项目总承包工程,0,4,中建一局集团第二建筑有限公司机电工程事业部,00010100004300020033
110969,机电复兴花园一期2-1#楼～2-9#楼、2-S1#楼～2-S5#楼、2#地块地下车库、2-南大门工程,0,4,中建一局集团第二建筑有限公司机电工程事业部,00010100004300020033
90580,机电巩义市香玉路小学,0,NULL,中建一局集团第二建筑有限公司机电工程事业部,00010100004300020033
76284,贵港市园博园棚户区改造项目,0,NULL,中建一局集团第二建筑有限公司机电工程事业部,00010100004300020033
76415,机电徐州轨道交通3号线一期工程08标银山车辆段,0,NULL,中建一局集团第二建筑有限公司机电工程事业部,00010100004300020033
36330,南宁市儿童医院（一期）,0,NULL,中建一局集团第二建筑有限公司机电工程事业部,00010100004300020033
25945,机电北京城市副中心行政办公区B1、B2工程,0,4,中建一局集团第二建筑有限公司机电工程事业部,00010100004300020033
17879,即墨经济开发区蓝色新区科创中心（章浩）,0,NULL,中建一局集团第二建筑有限公司机电工程事业部,00010100004300020033
11936,（1101020060）长春奥体,0,NULL,中建一局集团第二建筑有限公司机电工程事业部,00010100004300020033
18323,(1101020076)机电新青海大厦,0,4,中建一局集团第二建筑有限公司机电工程事业部,00010100004300020033
13924,机电百色卫校,0,NULL,中建一局集团第二建筑有限公司机电工程事业部,00010100004300020033
13918,中国航空规划建设发展有限广西科研综合楼,0,NULL,中建一局集团第二建筑有限公司机电工程事业部,00010100004300020033
11937,包头苏宁广场项目,0,NULL,中建一局集团第二建筑有限公司机电工程事业部,00010100004300020033
13931,机电无锡苏宁置业太湖新城住宅D地块,0,NULL,中建一局集团第二建筑有限公司机电工程事业部,00010100004300020033
13921,（2102010765）清华大学南区学生食堂改造工程,0,NULL,中建一局集团第二建筑有限公司机电工程事业部,00010100004300020033
12912,无锡苏宁广场,0,NULL,中建一局集团第二建筑有限公司机电工程事业部,00010100004300020033
10921,苏州平江新城苏宁电器广场,0,NULL,中建一局集团第二建筑有限公司机电工程事业部,00010100004300020033
12910,(1101020065)机电南京江东软件城ITO园区E06地块,0,NULL,中建一局集团第二建筑有限公司机电工程事业部,00010100004300020033
4744,即墨省级经济开发区蓝色新区管网工程观海卫综合管网工程,0,NULL,中建一局集团第二建筑有限公司机电工程事业部,00010100004300020033
1054223,机电大兴航天精密光机电与先进信息技术产业园区建设项目（一期一阶段）9# (职工倒班用房),0,4,中建一局集团第二建筑有限公司机电工程事业部,00010100004300020033
110468,机电惠州市五矿•哈施塔特项目四期一区高层二标段总承包工程,0,4,中建一局集团第二建筑有限公司机电工程事业部,00010100004300020033
101800,北京城市副中心行政办公区B1B2号楼项目,0,4,中建一局集团第二建筑有限公司机电工程事业部,00010100004300020033
98274,机电巩义市人民医院东区医院门急诊医技楼配套工程施工,0,4,中建一局集团第二建筑有限公司机电工程事业部,00010100004300020033
90131,机电西咸新区空港新城章义路（慈恩大街-兴教大街）等道路电力管沟工程施工,0,NULL,中建一局集团第二建筑有限公司机电工程事业部,00010100004300020033
98991,机电平舆县中国车舆文化园精装及设备安装项目（二）,0,NULL,中建一局集团第二建筑有限公司机电工程事业部,00010100004300020033
58291,巩义市子华实验学校工程,0,NULL,中建一局集团第二建筑有限公司机电工程事业部,00010100004300020033
15863,大兴政法职业学院,0,NULL,中建一局集团第二建筑有限公司机电工程事业部,00010100004300020033
16249,机电山东即墨蓝色新区项目,0,NULL,中建一局集团第二建筑有限公司机电工程事业部,00010100004300020033
17169,机电陕西省西咸新区空港新城新城西路等市政道路工程,0,NULL,中建一局集团第二建筑有限公司机电工程事业部,00010100004300020033
13925,首都医科大学风雨操场,0,NULL,中建一局集团第二建筑有限公司机电工程事业部,00010100004300020033
10920,润世中心一期给排水空调,0,NULL,中建一局集团第二建筑有限公司机电工程事业部,00010100004300020033
16339,研发中心A座B座机电设备安装工程,0,NULL,中建一局集团第二建筑有限公司机电工程事业部,00010100004300020033
11935,抗战馆消除隐患综合治理,0,NULL,中建一局集团第二建筑有限公司机电工程事业部,00010100004300020033
7922,技术支持A等4项工程,0,NULL,中建一局集团第二建筑有限公司机电工程事业部,00010100004300020033
6918,兴城1600工程机电,0,NULL,中建一局集团第二建筑有限公司机电工程事业部,00010100004300020033
11932,新龙大厦酒店暖通工程,0,NULL,中建一局集团第二建筑有限公司机电工程事业部,00010100004300020033
8913,(2102010756)机电空港幸福里棚户区改造（三期）A区项目,0,NULL,中建一局集团第二建筑有限公司机电工程事业部,00010100004300020033
1090188,机电郑州航空港经济综合实验区工业互联网产业园基础设施施工总承包,0,5,中建一局集团第二建筑有限公司机电工程事业部,00010100004300020033
1010811,机电鼎创中心二期工程（2#研发厂房、3#研发厂房、地下车库一期）,0,4,中建一局集团第二建筑有限公司机电工程事业部,00010100004300020033
1005180,机电萧政储出（2019）14号地块项目,0,NULL,中建一局集团第二建筑有限公司机电工程事业部,00010100004300020033
1002907,机电京山农场项目核心建筑土建总承包工程,0,NULL,中建一局集团第二建筑有限公司机电工程事业部,00010100004300020033
1002171,机电高端石英制品产业化项目（研发检测楼等5项）,0,4,中建一局集团第二建筑有限公司机电工程事业部,00010100004300020033
1002053,一局二公司机电天津千住电子有限公司新建厂房项目一期劳务分包招标,0,NULL,中建一局集团第二建筑有限公司机电工程事业部,00010100004300020033
991037,2#室内船台车间电气及安装工程,0,NULL,中建一局集团第二建筑有限公司机电工程事业部,00010100004300020033
106424,融创华南区域粤西公司湛江市徐闻海悦假日花园项目一期,0,4,中建一局集团第二建筑有限公司机电工程事业部,00010100004300020033
111982,机电内蒙古农业大学东、西校区学生公寓楼维修改造工程,0,4,中建一局集团第二建筑有限公司机电工程事业部,00010100004300020033
107567,机电事业部西北工业大学长安校区军工素质教育实践中心建设项目施工工程,0,4,中建一局集团第二建筑有限公司机电工程事业部,00010100004300020033
104290,机电国维中央广场一区项目（北区）总承包工程,0,4,中建一局集团第二建筑有限公司机电工程事业部,00010100004300020033
99117,机电北京庄园四组团总承包工程,0,4,中建一局集团第二建筑有限公司机电工程事业部,00010100004300020033
98260,机电中航雷达与电子设备研究院研发中心建设项目（六〇七所无锡山水城）二期1-4号楼及地下室工程机电安装工程施工总承包,0,NULL,中建一局集团第二建筑有限公司机电工程事业部,00010100004300020033
34194,主厂房等3项（新型高端仪表产业化） 工程,0,NULL,中建一局集团第二建筑有限公司机电工程事业部,00010100004300020033
16346,(1101020074)机电军队小瓦窑住房Ⅲ标段,0,NULL,中建一局集团第二建筑有限公司机电工程事业部,00010100004300020033
16335,机电厂房及办公楼（生产基地建设项目）,0,NULL,中建一局集团第二建筑有限公司机电工程事业部,00010100004300020033
18879,广西百色职业教育中心,0,4,中建一局集团第二建筑有限公司机电工程事业部,00010100004300020033
16336,(1101020062)机电百色市龙景区新建初中,0,NULL,中建一局集团第二建筑有限公司机电工程事业部,00010100004300020033
18877,首医大科研楼,0,NULL,中建一局集团第二建筑有限公司机电工程事业部,00010100004300020033
18217,即墨科创中心玻璃钢风管安装,0,NULL,中建一局集团第二建筑有限公司机电工程事业部,00010100004300020033
15237,(12010200165)机电即墨开发区龙泉湖公园,0,NULL,中建一局集团第二建筑有限公司机电工程事业部,00010100004300020033
13920,中国卫星通信大厦电气系统,0,NULL,中建一局集团第二建筑有限公司机电工程事业部,00010100004300020033
12915,即墨市委党校机电安装,0,NULL,中建一局集团第二建筑有限公司机电工程事业部,00010100004300020033
1839,(11010200759)即墨开发区实验学校,0,1,中建一局集团第二建筑有限公司机电工程事业部,00010100004300020033
938,金海湖碧波花园项目,0,NULL,中建一局集团第二建筑有限公司机电工程事业部,00010100004300020033
1101588,机电保障性租赁住房项目（青岛市虚拟现实产业园综合配套区（北区）项目,0,5,中建一局集团第二建筑有限公司机电工程事业部,00010100004300020033
1100449,深圳市城市轨道交通25号线一期工程施工总承包常规安装装修二工区项目,0,5,中建一局集团第二建筑有限公司机电工程事业部,00010100004300020033
1087894,机电文旅嘉信广场（A、B座）项目,0,5,中建一局集团第二建筑有限公司机电工程事业部,00010100004300020033
1047465,机电郑州市新材料产业园区创新创业综合体(一期)建设项目,0,4,中建一局集团第二建筑有限公司机电工程事业部,00010100004300020033
998005,机电濮阳县生活垃圾焚烧发电项目EPC工程总承包联合体建筑工程施工合同,0,4,中建一局集团第二建筑有限公司机电工程事业部,00010100004300020033
997248,机电南京国际数码港项目（NO.2018G17地块）ABC地块,0,NULL,中建一局集团第二建筑有限公司机电工程事业部,00010100004300020033
104460,机电南京国际数码港项目（NO.2018G17地块）ABC地块桩基、支护、土建、安装、精装修及附属工程,0,4,中建一局集团第二建筑有限公司机电工程事业部,00010100004300020033
103031,机电门头沟区永定镇岢罗坨、秋坡、石佛村06-1#~19#住宅楼等项目,0,4,中建一局集团第二建筑有限公司机电工程事业部,00010100004300020033
96469,机电研发设计实验大楼,0,4,中建一局集团第二建筑有限公司机电工程事业部,00010100004300020033
90581,机电巩义市伏羲路小学,0,NULL,中建一局集团第二建筑有限公司机电工程事业部,00010100004300020033
96555,机电张家口市崇礼区太子城冰雪小镇会展酒店项目,0,4,中建一局集团第二建筑有限公司机电工程事业部,00010100004300020033
84191,机电北京市监狱系统新能源综合利用示范工程,0,NULL,中建一局集团第二建筑有限公司机电工程事业部,00010100004300020033
77688,机电门急诊医技病房综合楼（医疗用房）等8项（中国医学科学院整形外科医院改扩建工程（Ⅰ期））,0,NULL,中建一局集团第二建筑有限公司机电工程事业部,00010100004300020033
16338,中国卫星通信大厦水暖系统,0,NULL,中建一局集团第二建筑有限公司机电工程事业部,00010100004300020033
18876,即墨经济开发区蓝色新区市民广场（武瑞平）,0,NULL,中建一局集团第二建筑有限公司机电工程事业部,00010100004300020033
18512,鞍山苏宁生活广场,0,NULL,中建一局集团第二建筑有限公司机电工程事业部,00010100004300020033
10923,(2102010650)机电中材6#先进复合材料厂房等12项,0,NULL,中建一局集团第二建筑有限公司机电工程事业部,00010100004300020033
15213,即墨省级经济开发区蓝色新区工程建设项目会展中心消防工程,0,NULL,中建一局集团第二建筑有限公司机电工程事业部,00010100004300020033
11931,即墨市民广场地下空间消防工程,0,NULL,中建一局集团第二建筑有限公司机电工程事业部,00010100004300020033
1840,(11010200758)即墨开发区商业街,0,NULL,中建一局集团第二建筑有限公司机电工程事业部,00010100004300020033
2917,(2102010658)机电北京工业职业技术学院图书馆科技楼,0,NULL,中建一局集团第二建筑有限公司机电工程事业部,00010100004300020033
1095631,机电哈密市伊吾县新疆能源化工技工学校教学实训楼、宿舍楼建设项目一标段,0,5,中建一局集团第二建筑有限公司机电工程事业部,00010100004300020033
1091740,机电景旺电子科技(珠海)有限公司高密度线路板 扩建项目施工总承包工程,0,2,中建一局集团第二建筑有限公司机电工程事业部,00010100004300020033
1085892,机电荥阳中医院新院区建设项目,0,5,中建一局集团第二建筑有限公司机电工程事业部,00010100004300020033
1049386,机电郡安里小区D区、E区项目,0,5,中建一局集团第二建筑有限公司机电工程事业部,00010100004300020033
1003502,机电废纸替代原料技改项目土建工程二标段,0,NULL,中建一局集团第二建筑有限公司机电工程事业部,00010100004300020033
999416,机电北京城市副中心行政办公区二期启动区FZX-0901-0160地块项目,0,NULL,中建一局集团第二建筑有限公司机电工程事业部,00010100004300020033
991187,机电平舆县與西湖公园北区景观提升工程建设项目,0,NULL,中建一局集团第二建筑有限公司机电工程事业部,00010100004300020033
989547,机电黑龙江省哈尔滨古铁市场钢铁产业园项目一期施工,0,4,中建一局集团第二建筑有限公司机电工程事业部,00010100004300020033
28439,机电银川滨河恒意纤维新材料有限公司年产12万吨高性能差别化氨纶纤维项目车间四及辅助设施,0,NULL,中建一局集团第二建筑有限公司机电工程事业部,00010100004300020033
14870,即墨省级经济开发区蓝色新区管网工程 靖海卫路综合管网工程,0,NULL,中建一局集团第二建筑有限公司机电工程事业部,00010100004300020033
10927,(1101020049)机电中国纪检监察学院二期,0,NULL,中建一局集团第二建筑有限公司机电工程事业部,00010100004300020033
10693,四达新村,0,NULL,中建一局集团第二建筑有限公司机电工程事业部,00010100004300020033
9912,诸城市房屋建筑和市政基础设施工程,0,NULL,中建一局集团第二建筑有限公司机电工程事业部,00010100004300020033
6919,中国银行电气,0,NULL,中建一局集团第二建筑有限公司机电工程事业部,00010100004300020033
3903,(2102010667)机电技术支持中心等4项,0,NULL,中建一局集团第二建筑有限公司机电工程事业部,00010100004300020033
1096292,机电北京市大兴区黄村七街 DX00-0201-0248、0255地块R2 二类居住用地、A334 托幼用地项目（1#住宅楼等 25 项）(1#幼儿园等 5 项),0,5,中建一局集团第二建筑有限公司机电工程事业部,00010100004300020033
1090576,机电大兴区新机场高速（邢各庄段）安置房项目（六期）,0,5,中建一局集团第二建筑有限公司机电工程事业部,00010100004300020033
1031220,机电宝安区工人文化宫(工人<职工>服务中心)建设工程,0,11,中建一局集团第二建筑有限公司机电工程事业部,00010100004300020033
1027951,（机电）翰林华庭集中商业(售楼处)工程,0,4,中建一局集团第二建筑有限公司机电工程事业部,00010100004300020033
1023555,机电北京城市副中心行政办公区C1楼装修改造工程,0,4,中建一局集团第二建筑有限公司机电工程事业部,00010100004300020033
1020964,机电宜春花博园熊出没项目,0,4,中建一局集团第二建筑有限公司机电工程事业部,00010100004300020033
1015318,机电埃顿西安高端汽车零部件产业基地项目施工总承包工程,0,4,中建一局集团第二建筑有限公司机电工程事业部,00010100004300020033
996955,机电太子湾望海大厦项目施工总承包工程,0,4,中建一局集团第二建筑有限公司机电工程事业部,00010100004300020033
89945,中航雷达与电子设备研究院研发中心建设项目（六〇七所无锡山水城）二期工程,0,4,中建一局集团第二建筑有限公司机电工程事业部,00010100004300020033
94720,机电阳光海岸鼎龙•天海湾一期住宅,0,4,中建一局集团第二建筑有限公司机电工程事业部,00010100004300020033
30244,电子城西青1号地西区项目,0,NULL,中建一局集团第二建筑有限公司机电工程事业部,00010100004300020033
27281,长春奥林匹克公园项目,0,NULL,中建一局集团第二建筑有限公司机电工程事业部,00010100004300020033
20885,机电中关村高端医疗器械产业园（一期）项目,0,NULL,中建一局集团第二建筑有限公司机电工程事业部,00010100004300020033
12916,无锡苏宁广场保温工程,0,NULL,中建一局集团第二建筑有限公司机电工程事业部,00010100004300020033
10929,陕西西咸新区空港新城园区十一路等市政道路工程,0,NULL,中建一局集团第二建筑有限公司机电工程事业部,00010100004300020033
20338,机电北京协和药厂西区工程（原搬迁改扩建工程项目）一期,0,NULL,中建一局集团第二建筑有限公司机电工程事业部,00010100004300020033
10931,科技大学,0,NULL,中建一局集团第二建筑有限公司机电工程事业部,00010100004300020033
9916,(2102010624)机电北京协和药厂搬迁改扩建工程（二期）,0,NULL,中建一局集团第二建筑有限公司机电工程事业部,00010100004300020033
8914,周口华耀城A地块双层项目,0,NULL,中建一局集团第二建筑有限公司机电工程事业部,00010100004300020033
8912,(2102010671)机电亦庄新城实业公司厂房,0,NULL,中建一局集团第二建筑有限公司机电工程事业部,00010100004300020033
8911,科技产业楼和科研楼（畜牧兽医信息楼）,0,4,中建一局集团第二建筑有限公司机电工程事业部,00010100004300020033
9917,(2102010641)机电新一代运载火箭产业化基地项目-201a总装测试厂房工程,0,NULL,中建一局集团第二建筑有限公司机电工程事业部,00010100004300020033
935,中房长安国际项目工程,0,NULL,中建一局集团第二建筑有限公司机电工程事业部,00010100004300020033
4745,北京协和药厂搬迁改扩建工程二期,0,NULL,中建一局集团第二建筑有限公司机电工程事业部,00010100004300020033
3899,公安局公安交通管理局三处驻地地源热泵工程,0,NULL,中建一局集团第二建筑有限公司机电工程事业部,00010100004300020033
2916,（1201020025）机电徐州轨道交通1号线工程08标段,0,NULL,中建一局集团第二建筑有限公司机电工程事业部,00010100004300020033
1098549,机电山东星辉铜基新材料科技有限公司年产22万吨铜杆铜线项目,0,2,中建一局集团第二建筑有限公司机电工程事业部,00010100004300020033
1075034,中润盛和（榆社）新能源科技有限公司榆社县社城镇顶村分散式微风发电项目,0,5,中建一局集团第二建筑有限公司机电工程事业部,00010100004300020033
1059056,（机电）华南师范大学石牌校园产业大楼装修修缮工程,0,4,中建一局集团第二建筑有限公司机电工程事业部,00010100004300020033
1048653,机电天府新区建国汽车全国总部、建国国际汽车艺术中心项目,0,5,中建一局集团第二建筑有限公司机电工程事业部,00010100004300020033
1023328,机电大兴新城西片区安置房项目（北区）03地块,0,4,中建一局集团第二建筑有限公司机电工程事业部,00010100004300020033
1009657,机电大兴狼垡展示中心（1#地下车库等4项）,0,4,中建一局集团第二建筑有限公司机电工程事业部,00010100004300020033
1003505,机电玖龙纸业（重庆）有限公司新建包装厂厂房配套项目变电站、管廊中转站土建工程,0,NULL,中建一局集团第二建筑有限公司机电工程事业部,00010100004300020033
993546,机电徐州矿务集团总医院改扩建工程,0,4,中建一局集团第二建筑有限公司机电工程事业部,00010100004300020033
47278,平舆县车舆文化园工程项目,0,NULL,中建一局集团第二建筑有限公司机电工程事业部,00010100004300020033
20479,机电华能北京热电厂新建燃气热电机组项目,0,NULL,中建一局集团第二建筑有限公司机电工程事业部,00010100004300020033
15874,（2102010638）一车间等6项（医药及生物工程自动化控制系统产业化和研发中心建设项目）,0,NULL,中建一局集团第二建筑有限公司机电工程事业部,00010100004300020033
10928,机电郑州航空港经济综合实验区,0,NULL,中建一局集团第二建筑有限公司机电工程事业部,00010100004300020033
15238,(11010200756)即墨开发区科技孵化器,0,1,中建一局集团第二建筑有限公司机电工程事业部,00010100004300020033
12849,(11010200751)即墨开发区市民文化中心,0,1,中建一局集团第二建筑有限公司机电工程事业部,00010100004300020033
10925,山西运城铂郡东方住宅项目,0,NULL,中建一局集团第二建筑有限公司机电工程事业部,00010100004300020033
11934,机电科技产业楼和科研楼（畜牧兽医信息楼）,0,NULL,中建一局集团第二建筑有限公司机电工程事业部,00010100004300020033
10926,即墨实验学校机电安装,0,NULL,中建一局集团第二建筑有限公司机电工程事业部,00010100004300020033
10930,生产车间及办公楼(精确靶位透药治疗研发、生产项目）,0,NULL,中建一局集团第二建筑有限公司机电工程事业部,00010100004300020033
13927,机电中国机电设备,0,NULL,中建一局集团第二建筑有限公司机电工程事业部,00010100004300020033
7927,中国航空规划建设发展有限公司科研综合楼项目消防设施工程,0,NULL,中建一局集团第二建筑有限公司机电工程事业部,00010100004300020033
6916,即墨省级开发区蓝色新区管网工程威海卫，成山卫综合管网工程,0,1,中建一局集团第二建筑有限公司机电工程事业部,00010100004300020033
3843,即墨省级经济开发区蓝色新区管网工程 鳌山卫路综合管网工程,0,NULL,中建一局集团第二建筑有限公司机电工程事业部,00010100004300020033
4746,即墨经济开发区蓝色新区公共服务中心（章浩）,0,NULL,中建一局集团第二建筑有限公司机电工程事业部,00010100004300020033
4741,(1101020047)机电中国检验检疫研究院综合科研楼,0,NULL,中建一局集团第二建筑有限公司机电工程事业部,00010100004300020033
1055555,机电威县全民健身中心建设项目(EPC+O),0,2,中建一局集团第二建筑有限公司机电工程事业部,00010100004300020033
1020963,机电宜春花博园熊出没水世界项目施工总承包,0,4,中建一局集团第二建筑有限公司机电工程事业部,00010100004300020033
1016800,机电大兴区龙河路 14 号院 1、3、4、5、6 号楼装饰装修工程,0,NULL,中建一局集团第二建筑有限公司机电工程事业部,00010100004300020033
1005688,机电申通(泰州)智慧物流电商产业园项目施工总承包工程,0,NULL,中建一局集团第二建筑有限公司机电工程事业部,00010100004300020033
999757,机电和谐佳苑（开发区集中安置区）DK-03地块1#、3#、4#、8#楼建设项目,0,4,中建一局集团第二建筑有限公司机电工程事业部,00010100004300020033
110961,机电事业部山东国医职业学院体育馆项目工程,0,4,中建一局集团第二建筑有限公司机电工程事业部,00010100004300020033
100812,龙泉瓯江文化休闲康养中心（鼎丰•壹城）A区块二期,0,4,中建一局集团第二建筑有限公司机电工程事业部,00010100004300020033
77730,北京城市副中心职工周转房项目施工总承包B2标段,0,NULL,中建一局集团第二建筑有限公司机电工程事业部,00010100004300020033
25026,机电西宁市地下综合管廊建设工程二标段,0,NULL,中建一局集团第二建筑有限公司机电工程事业部,00010100004300020033
14914,(2102010621)机电润世中心一期工程,0,NULL,中建一局集团第二建筑有限公司机电工程事业部,00010100004300020033
17880,即墨蓝色新区公共服务中心（北京昕亿华）,0,NULL,中建一局集团第二建筑有限公司机电工程事业部,00010100004300020033
14916,(2102010653)机电首都医科大学临床科研楼,0,4,中建一局集团第二建筑有限公司机电工程事业部,00010100004300020033
12917,(2102010755)机电中关村电子城国际电子总部4#块地,0,NULL,中建一局集团第二建筑有限公司机电工程事业部,00010100004300020033
3905,陕西西咸新区空港新城西路等市政道路工程,0,NULL,中建一局集团第二建筑有限公司机电工程事业部,00010100004300020033
2921,(1101020048)机电无锡苏宁广场,0,NULL,中建一局集团第二建筑有限公司机电工程事业部,00010100004300020033
1891,中国航空规划建设发展有限公司科研综合楼项目,0,NULL,中建一局集团第二建筑有限公司机电工程事业部,00010100004300020033
1060413,机电新能智造产业园（第II标段）项目,1,2,中建一局集团第二建筑有限公司机电工程事业部,00010100004300020033
1055576,东营峰都新能源科技有限公司分布式光伏项目EPC总承包工程,1,2,中建一局集团第二建筑有限公司机电工程事业部,00010100004300020033
1020713,机电天笑桃李春风文旅综合体开发建设项目,0,4,中建一局集团第二建筑有限公司机电工程事业部,00010100004300020033
1016727,机电宜家京津顾客配送中心项目,0,4,中建一局集团第二建筑有限公司机电工程事业部,00010100004300020033
1000692,机电日照莱顿小镇四期（4-3地块）总承包工程,0,4,中建一局集团第二建筑有限公司机电工程事业部,00010100004300020033
1000003,机电西安宜家购物中心项目（一期）,0,4,中建一局集团第二建筑有限公司机电工程事业部,00010100004300020033
998627,机电玖龙纸业（沈阳）有限公司年产62万吨制浆项目及PM47浆线配套污水工程,0,NULL,中建一局集团第二建筑有限公司机电工程事业部,00010100004300020033
81089,技术中心建设及子午线轮胎用高性能胎圈钢丝扩建项目,0,4,中建一局集团第二建筑有限公司机电工程事业部,00010100004300020033
25431,机电总部综合楼（丰台区丽泽金融商务区E-18D地块商业金融项目）,0,NULL,中建一局集团第二建筑有限公司机电工程事业部,00010100004300020033
18312,首医大风雨操场,0,NULL,中建一局集团第二建筑有限公司机电工程事业部,00010100004300020033
17316,(2102010645)机电A4工业厂房、A4厂房地下车库及坡道,0,NULL,中建一局集团第二建筑有限公司机电工程事业部,00010100004300020033
15872,首都医科大学科研楼,0,NULL,中建一局集团第二建筑有限公司机电工程事业部,00010100004300020033
13919,(1101020085)机电北京印刷学院绿色包装技术研究院,0,NULL,中建一局集团第二建筑有限公司机电工程事业部,00010100004300020033
15236,(11010200754)即墨开发区党校,0,NULL,中建一局集团第二建筑有限公司机电工程事业部,00010100004300020033
14910,(2102010654)机电苏州平江新城苏宁电器广场,0,NULL,中建一局集团第二建筑有限公司机电工程事业部,00010100004300020033
7923,(1101020068)机电百色市龙景高中,0,NULL,中建一局集团第二建筑有限公司机电工程事业部,00010100004300020033
6915,(2102010304)机电工程事业部,0,NULL,中建一局集团第二建筑有限公司机电工程事业部,00010100004300020033
8910,即墨省级经济开发区蓝色新区工程建设项目市民文化中心人防部位消防工程,0,NULL,中建一局集团第二建筑有限公司机电工程事业部,00010100004300020033
5699,(2102010632)机电国锐广场项目3A#、3B#、5#楼集中空调（新风加风机盘管）系统工程,0,NULL,中建一局集团第二建筑有限公司机电工程事业部,00010100004300020033
936,剧场及配套办公等2项（北京市文化中心）.,0,NULL,中建一局集团第二建筑有限公司机电工程事业部,00010100004300020033
3844,(12010200168)即墨开发区观海卫路,0,1,中建一局集团第二建筑有限公司机电工程事业部,00010100004300020033
1083327,机电四川民族学院泸定校区基础设施建设项目,0,2,中建一局集团第二建筑有限公司机电工程事业部,00010100004300020033
1069463,（机电）河南省郑州市弘坊项目,0,1,中建一局集团第二建筑有限公司机电工程事业部,00010100004300020033
1047989,机电丽泽智能电网调控指挥中心项目,0,4,中建一局集团第二建筑有限公司机电工程事业部,00010100004300020033
1029115,（机电）西南大学生物学大楼项目,0,4,中建一局集团第二建筑有限公司机电工程事业部,00010100004300020033
1024655,机电彭州“聚泓壹号”项目,0,4,中建一局集团第二建筑有限公司机电工程事业部,00010100004300020033
1022645,机电梅州市医学科学院大楼建设工程,0,2,中建一局集团第二建筑有限公司机电工程事业部,00010100004300020033
1005670,机电渝兴环湖企业公园二期施工总承包工程,0,4,中建一局集团第二建筑有限公司机电工程事业部,00010100004300020033
1001489,机电玖龙废纸原料采购结算总部暨再生资源交易中心项目,0,4,中建一局集团第二建筑有限公司机电工程事业部,00010100004300020033
104432,机电事业部北京城市副中心行政办公区信访中心,0,4,中建一局集团第二建筑有限公司机电工程事业部,00010100004300020033
91493,机电北京庄园第二示范区项目总承包工程,0,NULL,中建一局集团第二建筑有限公司机电工程事业部,00010100004300020033
58289,机电巩义市人民医院东区医院病房楼工程,0,NULL,中建一局集团第二建筑有限公司机电工程事业部,00010100004300020033
15871,军队小瓦窑住房工程-三标段（8.9.13楼水暖）,0,NULL,中建一局集团第二建筑有限公司机电工程事业部,00010100004300020033
13917,山东诸城幸福家园,0,NULL,中建一局集团第二建筑有限公司机电工程事业部,00010100004300020033
16340,(2102010657)机电国家安全局K3工程,0,NULL,中建一局集团第二建筑有限公司机电工程事业部,00010100004300020033
15873,即墨蓝色新区科创中心（北京昕亿华）,0,NULL,中建一局集团第二建筑有限公司机电工程事业部,00010100004300020033
14912,生产车间（亦庄新城实业公司）,0,NULL,中建一局集团第二建筑有限公司机电工程事业部,00010100004300020033
10922,即墨蓝色新区市民文化中心（盛云科技）,0,NULL,中建一局集团第二建筑有限公司机电工程事业部,00010100004300020033
9913,(1101020061)机电2011工程,0,NULL,中建一局集团第二建筑有限公司机电工程事业部,00010100004300020033
6917,无锡苏宁置业太湖新城住宅工程,0,NULL,中建一局集团第二建筑有限公司机电工程事业部,00010100004300020033
2867,（12010200181)机电即墨开发区盟旺山公园,0,1,中建一局集团第二建筑有限公司机电工程事业部,00010100004300020033
1894,(2102010664)机电中航工业规划建设科研楼,0,NULL,中建一局集团第二建筑有限公司机电工程事业部,00010100004300020033
2918,沈阳港中旅棋盘山欧陆旅游小镇,0,NULL,中建一局集团第二建筑有限公司机电工程事业部,00010100004300020033
1069498,机电荆门市产城融合职工技能培训中心EPC项目,0,2,中建一局集团第二建筑有限公司机电工程事业部,00010100004300020033
1061037,山西徐特立高级职业中学刘胡兰实训基地8#宿舍楼建设项目EPC总承包,0,2,中建一局集团第二建筑有限公司机电工程事业部,00010100004300020033
1043381,机电常州市江边五期及污水资源化利用工程-厂区污水处理工程,0,4,中建一局集团第二建筑有限公司机电工程事业部,00010100004300020033
1032357,（机电）重庆市第四人民医院科学城院区建设项目（一期）工程总承包,0,2,中建一局集团第二建筑有限公司机电工程事业部,00010100004300020033
1023311,机电日照金属表面处理中心生态产业园项目,0,2,中建一局集团第二建筑有限公司机电工程事业部,00010100004300020033
1002050,机电天津医疗器械数字化生产及供应链综合服务平台项目施工总承包工程,0,NULL,中建一局集团第二建筑有限公司机电工程事业部,00010100004300020033
996957,机电太子湾泓玺大厦项目施工总承包工程,0,4,中建一局集团第二建筑有限公司机电工程事业部,00010100004300020033
989603,机电电子城·厦门国际创新中心（二期）-3#地块 3#楼（施工）工程,0,4,中建一局集团第二建筑有限公司机电工程事业部,00010100004300020033
989600,机电电子城·厦门国际创新中心（二期）-1#地块（施工）工程,0,4,中建一局集团第二建筑有限公司机电工程事业部,00010100004300020033
91951,机电国机集团西部研发中心项目,0,4,中建一局集团第二建筑有限公司机电工程事业部,00010100004300020033
58290,巩义市香玉幼儿园项目,0,NULL,中建一局集团第二建筑有限公司机电工程事业部,00010100004300020033
17234,即墨省级经济开发区蓝色新区市政综合管网（二期）工程,0,NULL,中建一局集团第二建筑有限公司机电工程事业部,00010100004300020033
15864,山东诸城龙都现代城,0,NULL,中建一局集团第二建筑有限公司机电工程事业部,00010100004300020033
18880,北京市国家安全局保障部K3项目,0,NULL,中建一局集团第二建筑有限公司机电工程事业部,00010100004300020033
13916,旧宫镇绿隔产业发展项目,0,NULL,中建一局集团第二建筑有限公司机电工程事业部,00010100004300020033
15091,机电百色市龙景区科技文化中心,0,NULL,中建一局集团第二建筑有限公司机电工程事业部,00010100004300020033
10924,北京工业职业技术学院图书馆科技信息楼工程消防,0,NULL,中建一局集团第二建筑有限公司机电工程事业部,00010100004300020033
11933,思邈路东延（天富大街-天荣大街）电力管井,0,NULL,中建一局集团第二建筑有限公司机电工程事业部,00010100004300020033
9915,(2102010639)机电旧宫镇绿隔产业发展项目工程,0,NULL,中建一局集团第二建筑有限公司机电工程事业部,00010100004300020033
7926,即墨会展中心玻璃风管纤维增强镁质风管安装,0,NULL,中建一局集团第二建筑有限公司机电工程事业部,00010100004300020033
7924,广西百色龙景高中,0,NULL,中建一局集团第二建筑有限公司机电工程事业部,00010100004300020033
934,(1101020072)机电北京政法职业学院大兴校区改扩建,0,NULL,中建一局集团第二建筑有限公司机电工程事业部,00010100004300020033
2915,(2102010572)机电北京协和药厂搬迁改扩建工程（一期）,0,NULL,中建一局集团第二建筑有限公司机电工程事业部,00010100004300020033
1082854,机电北京科技大学雄安校区第二组团项目,0,5,中建一局集团第二建筑有限公司机电工程事业部,00010100004300020033
1077200,机电“三中心一总部”项目B01号楼,0,2,中建一局集团第二建筑有限公司机电工程事业部,00010100004300020033
1050537,机电幸福新城配套中学工程总承包(EPC),0,2,中建一局集团第二建筑有限公司机电工程事业部,00010100004300020033
1042521,机电山东悦能化工有限公司建设工程项目,0,2,中建一局集团第二建筑有限公司机电工程事业部,00010100004300020033
1040854,机电景嘉智能制造大厦土建总承包,0,1,中建一局集团第二建筑有限公司机电工程事业部,00010100004300020033
1003785,机电天津千住电子厂房新建项目一期,0,4,中建一局集团第二建筑有限公司机电工程事业部,00010100004300020033
111955,机电光源里棚户区改造项目13#、14#、15#、16#住宅楼及地下车库（13#住宅楼等6项）,0,4,中建一局集团第二建筑有限公司机电工程事业部,00010100004300020033
104249,机电中国人保（廊坊）金融大厦项目EPC工程,0,2,中建一局集团第二建筑有限公司机电工程事业部,00010100004300020033
98835,机电巩义市杜甫路街道常庄村城中村改造项目,0,4,中建一局集团第二建筑有限公司机电工程事业部,00010100004300020033
97205,机电巩义市北山口镇南官庄村村民安置社区项目,0,4,中建一局集团第二建筑有限公司机电工程事业部,00010100004300020033
98082,机电西宁市宁大路大修工程及地下综合管廊建设工程,0,NULL,中建一局集团第二建筑有限公司机电工程事业部,00010100004300020033
96050,机电淮滨县产业集聚区巩义扶贫产业园一期,0,2,中建一局集团第二建筑有限公司机电工程事业部,00010100004300020033
59492,北京富兴东坝项目主体及配套建设工程,0,NULL,中建一局集团第二建筑有限公司机电工程事业部,00010100004300020033
47338,机电北京城市副中心行政办公区C1工程,0,NULL,中建一局集团第二建筑有限公司机电工程事业部,00010100004300020033
27557,爱德公寓（2102010809）,0,NULL,中建一局集团第二建筑有限公司机电工程事业部,00010100004300020033
18878,北京协和药厂西区工程（原搬迁改扩建工程项目）一期,0,NULL,中建一局集团第二建筑有限公司机电工程事业部,00010100004300020033
18313,(2102010680)机电北京市朝阳公园北公建混合住宅,0,NULL,中建一局集团第二建筑有限公司机电工程事业部,00010100004300020033
20212,冷库设备供货及安装调试工程,0,NULL,中建一局集团第二建筑有限公司机电工程事业部,00010100004300020033
13928,山东诸城华润家园项目,0,NULL,中建一局集团第二建筑有限公司机电工程事业部,00010100004300020033
16337,(2102010604)机电北京市中关村电子城研发中心等2项工程,0,NULL,中建一局集团第二建筑有限公司机电工程事业部,00010100004300020033
13923,首医大风雨操场和科研楼工程,0,NULL,中建一局集团第二建筑有限公司机电工程事业部,00010100004300020033
9860,(11010200752)即墨开发区会议会展中心,0,NULL,中建一局集团第二建筑有限公司机电工程事业部,00010100004300020033
2922,国瑞广场项目3A.3B.5#集中空调（新风加风机盘管）,0,NULL,中建一局集团第二建筑有限公司机电工程事业部,00010100004300020033
4743,军队小瓦窑住房工程-三标段,0,NULL,中建一局集团第二建筑有限公司机电工程事业部,00010100004300020033
1073401,中国石油报社办公区3号楼维修改造,0,5,中建一局集团第三建筑有限公司,0001010000430003
1072890,中国石油报社办公区3号楼维修改造,0,4,中建一局集团第三建筑有限公司,0001010000430003
1005950,房山区拱辰街道FS00-LX11-0007地块B4综合性商业金融服务业用地项目（购物中心）,0,NULL,中建一局集团第三建筑有限公司,0001010000430003
1005546,顺义区顺义新城第 13 街区 SY00-0013-6060、 6066、6067 地块二类居住用地、6058 地块 商业用地、6063 地块综合性商业金融服务 用地、6065 地块托幼用地项目三标段 总承包工程,0,5,中建一局集团第三建筑有限公司,0001010000430003
14884,徐州苏宁广场工程项目,0,NULL,中建一局集团第三建筑有限公司,0001010000430003
820490,郑州富力建业盛悦居项目-劳务,NULL,NULL,中建一局集团第三建筑有限公司,0001010000430003
1735,(2103010145)中央统战部中直机关定向职工住房项目,0,NULL,中建一局集团第三建筑有限公司,0001010000430003
996901,中建一局三公司-本部,0,5,中建一局集团第三建筑有限公司,0001010000430003
66502,爱琴海购物公园总承包工程,0,5,中建一局集团第三建筑有限公司,0001010000430003
830024,津宁（挂）2011-18地块,NULL,NULL,中建一局集团第三建筑有限公司,0001010000430003
11621,大望京2号地626地块2#楼项目,0,NULL,中建一局集团第三建筑有限公司,0001010000430003
15344,（1101030022）中关村国际商城二期公寓楼,0,5,中建一局集团第三建筑有限公司,0001010000430003
3413,(1101030065)太原十二院城,0,NULL,中建一局集团第三建筑有限公司,0001010000430003
1024505,房山区京西棚户区改造安置房项目(01#住宅楼等 22 项）,0,NULL,中建一局集团第三建筑有限公司,0001010000430003
1010911,天津武清新城14-01-05单元04-05地块商业服务业设施项目总承包工程,0,5,中建一局集团第三建筑有限公司,0001010000430003
93048,山东鲁坤天鸿唐冶项目土石方工程,0,NULL,中建一局集团第三建筑有限公司,0001010000430003
823669,北京大兴国际机场东航基地项目核心工作区F-04-02地块工程,0,NULL,中建一局集团第三建筑有限公司,0001010000430003
1148,(2103040001)无锡轴承厂项目,0,NULL,中建一局集团第三建筑有限公司,0001010000430003
1045907,佛山汉清达,0,4,中建一局集团第三建筑有限公司,0001010000430003
10318,（2103030013）银川永宁城市副中心项目,0,NULL,中建一局集团第三建筑有限公司,0001010000430003
9911,辛庄回迁房项目,0,NULL,中建一局集团第三建筑有限公司,0001010000430003
1515,（2103030009）乌海市满世水云轩三期二标段工程,0,NULL,中建一局集团第三建筑有限公司,0001010000430003
1734,(2103010138)西局E地块,0,NULL,中建一局集团第三建筑有限公司,0001010000430003
1634,（2103010155）枫蓝国际中心裙房装修工程,0,NULL,中建一局集团第三建筑有限公司,0001010000430003
1511,(2103010120)长青项目一,0,NULL,中建一局集团第三建筑有限公司,0001010000430003
1510,(1101030050)中关村国际商城7号、8号商务办公楼,0,NULL,中建一局集团第三建筑有限公司,0001010000430003
992958,中建一局三公司武汉分公司,0,NULL,中建一局集团第三建筑有限公司,0001010000430003
84364,1#车间等28项(工业厂房建设项目),0,NULL,中建一局集团第三建筑有限公司,0001010000430003
826140,辛庄Ⅰ区棚户区改造土地开发项目1、2期工程,0,4,中建一局集团第三建筑有限公司,0001010000430003
19505,(1101030061)沧州市明月洲住宅小区,0,NULL,中建一局集团第三建筑有限公司,0001010000430003
820924,东北大学南湖校区2号学生宿舍工程施工-劳务,NULL,NULL,中建一局集团第三建筑有限公司,0001010000430003
8144,(2103030014)呼和浩特东岸国际B区-109#、110#及车库总承包项目,0,NULL,中建一局集团第三建筑有限公司,0001010000430003
1739,(1101030049)沈阳华发首府,0,NULL,中建一局集团第三建筑有限公司,0001010000430003
1517,(2103030011)包头华发名流城住宅（二期）工程二标段项目,0,NULL,中建一局集团第三建筑有限公司,0001010000430003
3148,天成明月洲西区住宅小区,0,NULL,中建一局集团第三建筑有限公司,0001010000430003
992957,中建一局集团第三建筑有限公司,0,NULL,中建一局集团第三建筑有限公司,0001010000430003
99576,北京旭辉房山拱辰项目,0,NULL,中建一局集团第三建筑有限公司,0001010000430003
831766,津宁（挂）2017-01地块-A地块3#-12#楼、14-22#楼、38#-45#楼、配件1、配件2、配件11及地下车库（二期）,0,NULL,中建一局集团第三建筑有限公司,0001010000430003
55501,京东集团总部二期2号楼项目土石方、护坡及降水工程,0,NULL,中建一局集团第三建筑有限公司,0001010000430003
828978,津宁（挂）2011-17地块,NULL,NULL,中建一局集团第三建筑有限公司,0001010000430003
15453,（1101030089）天津市全运村项目7#、8#地,0,5,中建一局集团第三建筑有限公司,0001010000430003
824222,七里庄B10地块综合商业楼项目,NULL,NULL,中建一局集团第三建筑有限公司,0001010000430003
13975,大望京项目,0,4,中建一局集团第三建筑有限公司,0001010000430003
820082,1#车间等28项（工业厂房建设项目）,NULL,NULL,中建一局集团第三建筑有限公司,0001010000430003
818606,丰台区卢沟桥棚户区改造安置房项目工程-劳务,NULL,NULL,中建一局集团第三建筑有限公司,0001010000430003
709,（2103010159）中国石油科研成果转化基地A-33地块一期工程项目,0,NULL,中建一局集团第三建筑有限公司,0001010000430003
4784,(2103030007)宁夏国际小商品交易中心公寓楼及D2车库项目,0,NULL,中建一局集团第三建筑有限公司,0001010000430003
4426,(1101030034)北大国际医院,0,NULL,中建一局集团第三建筑有限公司,0001010000430003
259,黄石万达广场,0,NULL,中建一局集团第三建筑有限公司,0001010000430003
1085583,第三批央企在京老旧小区综合整治项目（标包一百四十五）（朝阳区安贞街道、和平街街道）工程总承包（标段一）（EPC）,0,4,中建一局集团第三建筑有限公司,0001010000430003
1003492,益海嘉里湖南粮油食品加工基地面粉一期项目,0,2,中建一局集团第三建筑有限公司,0001010000430003
97735,东北大学南湖校区2号学生宿舍工程施工,0,NULL,中建一局集团第三建筑有限公司,0001010000430003
15397,(2103030002)包头华发名流住宅一期项目,0,NULL,中建一局集团第三建筑有限公司,0001010000430003
13663,亦庄X87二标段,0,NULL,中建一局集团第三建筑有限公司,0001010000430003
1936,(2103030003)呼和浩特东岸国际B区项目,0,NULL,中建一局集团第三建筑有限公司,0001010000430003
815374,京东集团总部二期2号楼项目AB座,0,NULL,中建一局集团第三建筑有限公司,0001010000430003
1022787,贵州文化广场（河滨剧场）棚户区改造项目A3、A4栋工程,0,NULL,中建一局集团第三建筑有限公司,0001010000430003
997839,顺义区顺义新城第13街区SY00-0013-6039等地块二类居住用地、康复护理用地和医院用地项目（第一标段）,0,NULL,中建一局集团第三建筑有限公司,0001010000430003
65453,丰台区卢沟桥棚户区改造安置房项目,0,NULL,中建一局集团第三建筑有限公司,0001010000430003
824650,大同市西郊污水处理厂提标改造工程总承包-劳务,NULL,NULL,中建一局集团第三建筑有限公司,0001010000430003
824366,中国建设银行股份有限公司党校教学配套用房（原地税培训中心）装修改造项目,NULL,NULL,中建一局集团第三建筑有限公司,0001010000430003
4427,(2103010144)丰台区周庄子村安居房项目,0,NULL,中建一局集团第三建筑有限公司,0001010000430003
1738,(2103020004)邯郸枫丹白露住宅项目,0,NULL,中建一局集团第三建筑有限公司,0001010000430003
4611,(1101030057)天津东方文化广场工程,0,NULL,中建一局集团第三建筑有限公司,0001010000430003
1212,(1101030047)华发新城六期A区,0,NULL,中建一局集团第三建筑有限公司,0001010000430003
1070396,北京市昌平区北七家镇东二旗村土地一级开发项目CP01-1503-0002地块R2二类居住用地项目 (施工二标段),0,4,中建一局集团第三建筑有限公司,0001010000430003
1031569,房山区京西棚户区改造安置房项目 （0038-01#住宅楼等55项）（0048-01#住宅楼等26项）,0,4,中建一局集团第三建筑有限公司,0001010000430003
106479,柬埔寨-柬埔寨金边富力华府项目,0,5,中建一局集团第三建筑有限公司,0001010000430003
100311,大同市西郊污水处理厂提标改造工程总承包,0,NULL,中建一局集团第三建筑有限公司,0001010000430003
36734,阿里巴巴张北云技术数据中心二期庙滩项目,0,NULL,中建一局集团第三建筑有限公司,0001010000430003
1087822,央企在京老旧小区综合整治项目（葛布店2、3号楼）,0,4,中建一局集团第三建筑有限公司,0001010000430003
1078004,中央储备粮新港直属库有限公司仓储项目施工总承包,0,4,中建一局集团第三建筑有限公司,0001010000430003
83943,名流置业商住小区三期（华发新天地）,0,NULL,中建一局集团第三建筑有限公司,0001010000430003
13769,(1101030025)哈电（秦皇岛）重型核电厂房试验楼,0,NULL,中建一局集团第三建筑有限公司,0001010000430003
6957,王府井改造项目,0,NULL,中建一局集团第三建筑有限公司,0001010000430003
1514,(2103030006)鄂尔多斯满世广场工程项目,0,NULL,中建一局集团第三建筑有限公司,0001010000430003
98534,丰台区七里庄B-10地块综合商业楼项目,0,5,中建一局集团第三建筑有限公司,0001010000430003
824318,104国道（五环路-清源路）市政管线工程6标段-劳务,0,NULL,中建一局集团第三建筑有限公司,0001010000430003
4610,(2103010136)西局D地块,0,NULL,中建一局集团第三建筑有限公司,0001010000430003
1059290,韩庄子三里老旧小区综合整治工程项目,0,4,中建一局集团第三建筑有限公司,0001010000430003
1052179,丰台区城乡一体化周庄子村旧村改造项目二期ZZZ-06等地块（配建“共有产权住房”）项目ZZZ-L01（东）绿隔产业用地（L01-1#办公楼等8项,0,4,中建一局集团第三建筑有限公司,0001010000430003
1002476,顺义新城第13街区SY00-0013-6060、6066、6067地块二类居住用地、6058地块商业用地、6063地块综合性商业金融服务业用地、6065地块托幼用地项目（第一标段）,0,5,中建一局集团第三建筑有限公司,0001010000430003
821974,鹏宇迎宾府,0,NULL,中建一局集团第三建筑有限公司,0001010000430003
6973,黄石万达广场C区,0,NULL,中建一局集团第三建筑有限公司,0001010000430003
1509,(2103010137)西北旺安置房工程项目,0,NULL,中建一局集团第三建筑有限公司,0001010000430003
1009259,辛庄村I区棚户区改造土地开发项目2期工程,0,NULL,中建一局集团第三建筑有限公司,0001010000430003
995831,沙湖大道项目,0,NULL,中建一局集团第三建筑有限公司,0001010000430003
1736,(2103020005)广顺金梦海湾工程项目,0,4,中建一局集团第三建筑有限公司,0001010000430003
815638,商丘建业壹号城邦项目,0,NULL,中建一局集团第三建筑有限公司,0001010000430003
107951,中以精品设施农业区项目部,0,NULL,中建一局集团第三建筑有限公司,0001010000430003
16397,核电常规岛辅机生产及综合仓库厂房项目--探伤室、热处理炉间工程,0,NULL,中建一局集团第三建筑有限公司,0001010000430003
815333,商丘爱琴海购物公园施工总承包工程,0,NULL,中建一局集团第三建筑有限公司,0001010000430003
814267,北京金茂鎏庄项目660地块-劳务,0,NULL,中建一局集团第三建筑有限公司,0001010000430003
1084687,通州区上营街2号院4号楼 7 层 701、27层2709至2714、28层2801 至 2814、29 层2901 至 2914、30 层 3001 至 3014 内部装修工程,0,5,中建一局集团第三建筑有限公司,0001010000430003
1003651,益海嘉里（开封）食品工业有限公司日处理小麦 1500 吨面粉加工项目,0,5,中建一局集团第三建筑有限公司,0001010000430003
90182,东北大学南湖校区2号学生宿舍工程,0,NULL,中建一局集团第三建筑有限公司,0001010000430003
826539,丰台区七里庄 B-10地块综合商业楼项目,0,NULL,中建一局集团第三建筑有限公司,0001010000430003
1058349,北京市朝阳区酒仙桥旧城区改建项目1019-0005、0006、007地块项目（06-1#住宅楼等24项）（06-1#住宅楼等24项）,0,4,中建一局集团第三建筑有限公司,0001010000430003
1004268,津武（挂）2021-022号地块房地产开发项目,0,5,中建一局集团第三建筑有限公司,0001010000430003
1737,(2103020008)华北国贸城项目,0,NULL,中建一局集团第三建筑有限公司,0001010000430003
1516,(2103030010)包头华发名流城住宅（二期）工程项目,0,NULL,中建一局集团第三建筑有限公司,0001010000430003
1513,(1101030038)沈阳市工人文化宫文体活动中心,0,NULL,中建一局集团第三建筑有限公司,0001010000430003
1096744,伊拉克Makiya商业综合体项目部,0,2,中建一局集团第三建筑有限公司海外业务中心,00010100004300030027
106472,俄罗斯联邦-中华人民共和国驻俄罗斯联邦大使馆车库住宅前期勘测工程,0,5,中建一局集团第三建筑有限公司海外业务中心,00010100004300030027
1074641,伊拉克Al-Omniyat湖住宅综合项目,0,2,中建一局集团第三建筑有限公司海外业务中心,00010100004300030027
1070195,海油发展伊拉克米桑营地升级改造项目,0,2,中建一局集团第三建筑有限公司海外业务中心,00010100004300030027
1016947,伊拉克米桑油田BUT永久营地项目&Work Base新建设施项目,0,4,中建一局集团第三建筑有限公司海外业务中心,00010100004300030027
1075937,伊拉克马季努油田餐厅二期项目,0,2,中建一局集团第三建筑有限公司海外业务中心,00010100004300030027
1071389,伊拉克马季努油田倒班宿舍三期项目,0,2,中建一局集团第三建筑有限公司海外业务中心,00010100004300030027
1067171,伊拉克米桑油田10MW光伏项目,0,2,中建一局集团第三建筑有限公司海外业务中心,00010100004300030027
108382,三公司海外业务中心,0,2,中建一局集团第三建筑有限公司海外业务中心,00010100004300030027
105844,俄罗斯联邦-格林伍德二期商业会展中心施工总承包项目,0,5,中建一局集团第三建筑有限公司海外业务中心,00010100004300030027
1059004,伊拉克卡尔巴拉穆鲁杰花园项目,0,2,中建一局集团第三建筑有限公司海外业务中心,00010100004300030027
106474,坦桑尼亚-38001,0,5,中建一局集团第三建筑有限公司海外业务中心,00010100004300030027
1073361,伊拉克米桑油田物业运营管理服务项目,0,4,中建一局集团第三建筑有限公司海外业务中心,00010100004300030027
106470,俄罗斯联邦-友谊商城装修改造工程,0,5,中建一局集团第三建筑有限公司海外业务中心,00010100004300030027
1046660,伊拉克Majnoon油田女性宿舍及健身房EPC项目,0,2,中建一局集团第三建筑有限公司海外业务中心,00010100004300030027
106468,俄罗斯联邦-驻莫斯科文化中心市政热水供暖项目,0,5,中建一局集团第三建筑有限公司海外业务中心,00010100004300030027
106466,俄罗斯联邦-波罗的海明珠多功能住宅小区修建项目,0,5,中建一局集团第三建筑有限公司海外业务中心,00010100004300030027
1007266,天府新区成都片区直管区兴隆镇 （保水村三组）、安置房建设项目4#、5#、6#楼及其附属工程,0,5,五公司西南分公司,0001010000430005999b
16871,（基础设施事业部）廊坊龙河工业园区热力中心项目,0,4,五公司西南分公司,0001010000430005999b
1007089,蜀菱智港地块一1#标段房建工程,0,5,五公司西南分公司,0001010000430005999b
992944,63650部队基建工程一标段建设项目,0,NULL,五公司西南分公司,0001010000430005999b
76491,重庆珞璜宝湾国际电商物流港项目,0,NULL,五公司西南分公司,0001010000430005999b
25802,“拨改租”第二批（一期）项目,0,4,五公司西南分公司,0001010000430005999b
17112,成都吾悦广场城市综合体（3#-6#楼及地下室）,0,NULL,五公司西南分公司,0001010000430005999b
984,（11010500291）成都珠江新城国际F区项目,0,NULL,五公司西南分公司,0001010000430005999b
1061210,兴业银行贵安新区数据中心（一期）建筑工程施工,0,4,五公司西南分公司,0001010000430005999b
26941,天府新区海关业务技术大楼及天投国际商务中心项目（天投国际商务中心项目二期）施工总承包项目,0,4,五公司西南分公司,0001010000430005999b
11985,福州路西段等9个项目融资建设,0,NULL,五公司西南分公司,0001010000430005999b
1010941,达州高新区电子信息产业园项目设计施工总承包,0,5,五公司西南分公司,0001010000430005999b
995619,云溪华庭项目建设工程施工,0,4,五公司西南分公司,0001010000430005999b
80378,重庆西彭宝湾国际物流中心土方回填与地基处理工程,0,NULL,五公司西南分公司,0001010000430005999b
1046242,红楼宾馆综合改造工程,0,4,五公司西南分公司,0001010000430005999b
1008779,成都京东方医院-智慧慢病管理中心临建及场平工程,0,NULL,五公司西南分公司,0001010000430005999b
1006259,西南技术物理研究所学术交流中心,0,5,五公司西南分公司,0001010000430005999b
26269,西藏自治区拉萨城市广场,0,NULL,五公司西南分公司,0001010000430005999b
1050135,贵阳南明春梅酿造有限公司二期工程建设项目平场工程,0,4,五公司西南分公司,0001010000430005999b
26163,大兴生物医药基地二三期热力管网连通线工程,0,NULL,五公司西南分公司,0001010000430005999b
1058947,重庆汽车公园H组团、香云山汽车运动公园G组团施工总承包工程,0,5,五公司西南分公司,0001010000430005999b
1032526,宁算科技集团一体化产业项目-数据中心（一期）数据中心工程,0,4,五公司西南分公司,0001010000430005999b
1022295,西藏日喀则和平机场常规备降场升级改造工程二标段EPC工程总承包,0,2,五公司西南分公司,0001010000430005999b
1013893,达州高新区新材料产业园项目设计施工总承包,0,5,五公司西南分公司,0001010000430005999b
82929,重庆新康国际中心总承包工程,0,4,五公司西南分公司,0001010000430005999b
63960,西藏博物馆改扩建土建工程施工,0,NULL,五公司西南分公司,0001010000430005999b
56961,西藏青少年宫项目EPC设计、施工总承包项目,0,NULL,五公司西南分公司,0001010000430005999b
2978,(21050800881)基础设施事业部-南通开发区固体废物综合处理工程,0,NULL,五公司西南分公司,0001010000430005999b
1027088,重组疫苗临床及产业化基地厂房定制化建设项目一期员工生活广场及二期建设工程,0,5,五公司西南分公司,0001010000430005999b
1022550,巴州库尔勒上库高新区食品农产品加工产教融合实训基地一标段—产教融,0,5,五公司西南分公司,0001010000430005999b
31013,林芝工布花园酒店新建工程,0,NULL,五公司西南分公司,0001010000430005999b
1073813,贵阳南明春梅酿造有限公司二期工程建设项目土建工程,0,5,五公司西南分公司,0001010000430005999b
1026969,中共西藏自治区委员会组织部公有房屋维修改造项目,0,5,五公司西南分公司,0001010000430005999b
1022911,成都京东方医院（二期）-智慧慢病管理中心项目机电工程,0,11,五公司西南分公司,0001010000430005999b
1007156,双流园区室外工程,0,5,五公司西南分公司,0001010000430005999b
65187,北大资源·博雅东项目二期,0,NULL,五公司西南分公司,0001010000430005999b
28234,深圳万科西藏非遗博物馆项目施工总承包工程,0,NULL,五公司西南分公司,0001010000430005999b
12979,天府新区成都片区直管区 正兴镇（钓鱼嘴村四组）安置房建设 项目部,0,NULL,五公司西南分公司,0001010000430005999b
6977,(11010500621)重庆华南城5BC精品区总包工程,0,NULL,五公司西南分公司,0001010000430005999b
108190,双流园区308楼建设项目（第二次）,0,4,五公司西南分公司,0001010000430005999b
112539,京东方（重庆）智慧系统创新中心项目临时设施等工程,0,4,五公司西南分公司,0001010000430005999b
89989,乐山市市中区污水处理设施及污水收集管网建设PPP项目,1,3,五公司西南分公司,0001010000430005999b
77520,高科能源大兴第一供热厂动力管道改造工程,0,4,五公司西南分公司,0001010000430005999b
28995,十陵“一寸金”项目,0,NULL,五公司西南分公司,0001010000430005999b
24801,兴隆11路等8个建设项目融资建设,0,NULL,五公司西南分公司,0001010000430005999b
997981,京东方（重庆）智慧系统创新中心项目,0,5,五公司西南分公司,0001010000430005999b
101190,北辰中央公园项目施工总承包,0,4,五公司西南分公司,0001010000430005999b
101254,山南市产城一体示范点园区24号道路建设项目,0,1,五公司西南分公司,0001010000430005999b
96603,金科联发·東悦府（F66-1地块） 施工总承包工程,0,4,五公司西南分公司,0001010000430005999b
80376,重庆珞璜宝湾国际电商物流港土方回填与地基处理工程,0,NULL,五公司西南分公司,0001010000430005999b
44280,生态健康城一期（2-2、2-4地块）,0,NULL,五公司西南分公司,0001010000430005999b
1073664,凤栖都市工业项目配套道路及地下管网工程,0,5,五公司西南分公司,0001010000430005999b
1021096,巴州库尔勒上库高新区食品农产品加工产教融合实训基地,0,5,五公司西南分公司,0001010000430005999b
1013443,成都京东方医院(二期）-智慧慢病管理中心项目,0,5,五公司西南分公司,0001010000430005999b
999084,西咸新区第二水厂出厂管道工程施工（第八标段）,0,5,五公司西南分公司,0001010000430005999b
95267,天府新区成都片区直管区正兴镇（钓鱼嘴村四组）安置房建设项目,0,3,五公司西南分公司,0001010000430005999b
92330,成都天府生物产业孵化园二期项目,1,2,五公司西南分公司,0001010000430005999b
1028368,区党委办公厅2023年办公用房维修改造项目施工,0,5,五公司西南分公司,0001010000430005999b
1006111,大理十畝-生活得月台建设项目施工总承包工程,0,5,五公司西南分公司,0001010000430005999b
1002981,和硕县2019年城市棚户区改造浩宇龙腾居小区新建实物安置房项目（EPC）,0,2,五公司西南分公司,0001010000430005999b
1103248,66006,0,4,五公司西南分公司,0001010000430005999b
1079068,成都京东方医院高新西区研发中心,0,4,五公司西南分公司,0001010000430005999b
1024776,新疆月星新能源科技有限责任公司年产20万吨高性能理离子电池负极材料一体化建设项目工程总承包一标段,0,2,五公司西南分公司,0001010000430005999b
1003214,中国（重庆）康养高技能人才培训基地暨老年养护中心项目（一期）工程施工,0,5,五公司西南分公司,0001010000430005999b
99184,科学城天府科创园及配套项目 8 号地块工程勘察-设计-施工总承包项目,1,2,五公司西南分公司,0001010000430005999b
97924,文旅·时代昇平勘察、设计、施工工程总承包（EPC）,1,2,五公司西南分公司,0001010000430005999b
12978,（1201050007）北京大兴生物医药基地热力工程项目部,0,NULL,五公司西南分公司,0001010000430005999b
7982,天府新区成都片区直管区兴隆镇（保水村三组）安置房建设项目,0,NULL,五公司西南分公司,0001010000430005999b
45993,秀湖鹭岛国际社区二期（二标段）建安总承包工程,0,NULL,五公司西南分公司,0001010000430005999b
1022734,中华优秀传统文化科技创新示范园项目,0,5,五公司西南分公司,0001010000430005999b
95330,宁算科技集团拉萨一体化项目-数据中心（一期）工程项目,0,2,五公司西南分公司,0001010000430005999b
12980,重庆津滨再生资源有限公司再生塑料加工项目,0,NULL,五公司西南分公司,0001010000430005999b
1045771,某部代建项目工程总承包第三批（第2包）(西藏日喀则),0,4,西南分公司自然项目部,0001010000430005999b999d
1045753,某部代建项目工程总承包第三批（第2包）(甘肃兰州),0,4,西南分公司自然项目部,0001010000430005999b999d
1045773,某部代建项目工程总承包第三批（第2包）(西藏拉萨),0,4,西南分公司自然项目部,0001010000430005999b999d
1045757,和硕县2019年城市棚户区改造浩宇龙腾居小区新建实物安置房项目,0,4,西南分公司自然项目部,0001010000430005999b999d
1045774,某部代建项目工程总承包第三批（第2包）(西藏林芝),0,4,西南分公司自然项目部,0001010000430005999b999d
826393,云南省普通高中建设项目EPC总承包（标段一）（二）-昭阳区第一中学分校,0,NULL,西南分公司自然项目部,0001010000430005999b999d
816469,西藏博物馆改扩建项目土建工程施工,0,NULL,西南分公司自然项目部,0001010000430005999b999d
1045770,巴州库尔勒上库高新区食品农产品加工产教融合实训基地一标段—产教融合实训基地建设项目工程总承包,0,4,西南分公司自然项目部,0001010000430005999b999d
1045772,某部代建项目工程总承包第三批（第2包）(西藏山南),0,4,西南分公司自然项目部,0001010000430005999b999d
825603,云南省普通高中建设项目EPC总承包（标段一）（二）-昭阳区靖安新区高级中学,0,NULL,西南分公司自然项目部,0001010000430005999b999d
813431,天投国际商务中心二期项目-劳务,0,NULL,西南分公司自然项目部,0001010000430005999b999d
1045767,西藏日喀则和平机场常规备降场升级改造工程二标段 EPC 工程总承包,0,4,西南分公司自然项目部,0001010000430005999b999d
1073666,兴隆239路（科学城中路-创启路）施工,0,5,西南分公司自然项目部,0001010000430005999b999d
1045768,某部代建项目工程总承包第三批（第2包）(青海黄南),0,4,西南分公司自然项目部,0001010000430005999b999d
1045775,某部代建项目工程总承包第三批（第2包）(新疆乌鲁木齐、阿图什),0,4,西南分公司自然项目部,0001010000430005999b999d
1045761,某部代建项目工程总承包第三批（第2包）(四川甘孜),0,4,西南分公司自然项目部,0001010000430005999b999d
1045760,某部代建项目工程总承包第三批（第2包）(四川阿坝),0,4,西南分公司自然项目部,0001010000430005999b999d
826930,中电建能源谷一期项目一标段,0,NULL,中建一局集团第二建筑有限公司山东分公司,000101000043000299bf
1015614,芝罘区城区排水设施隐患排查整治工程,0,5,中建一局集团第二建筑有限公司山东分公司,000101000043000299bf
1014201,青岛国际院士港二期项目,0,NULL,中建一局集团第二建筑有限公司山东分公司,000101000043000299bf
100771,青岛国际院士研究院南延项目土石方整理项目,0,NULL,中建一局集团第二建筑有限公司山东分公司,000101000043000299bf
94514,博兴县城区城中村棚户区改造一期工程（一标段）,0,4,中建一局集团第二建筑有限公司山东分公司,000101000043000299bf
822699,博兴县城区城中村棚户区改造一期工程,0,NULL,中建一局集团第二建筑有限公司山东分公司,000101000043000299bf
1073503,新能源产业园建设项目一期(EPC)建设工程项目,0,2,中建一局集团第二建筑有限公司山东分公司,000101000043000299bf
1062499,上合示范区畜牧繁育养殖基地高品质肉牛种业育种扩繁群饲养中心,0,4,中建一局集团第二建筑有限公司山东分公司,000101000043000299bf
1068972,土默特右旗大顺煤矿矿区生态修复治理工程,0,4,中建一局集团第二建筑有限公司山东分公司,000101000043000299bf
1092062,沂水县南坦路大修工程,0,4,中建一局集团第二建筑有限公司山东分公司,000101000043000299bf
110316,青岛国际院士研究院南延项目（东地块）,0,4,中建一局集团第二建筑有限公司山东分公司,000101000043000299bf
89865,青岛国际院士港二期项目一标段,0,4,中建一局集团第二建筑有限公司山东分公司,000101000043000299bf
1067764,岚山区新能源产业基础综合配套项目一期,0,2,中建一局集团第二建筑有限公司山东分公司,000101000043000299bf
1041102,郡安里小区D区、E区项目工程,0,5,中建一局集团第二建筑有限公司山东分公司,000101000043000299bf
1015938,莱州市鼓楼街片区城市更新改造项目一期工程总承包,1,2,中建一局集团第二建筑有限公司山东分公司,000101000043000299bf
1015262,芝罘区美好社区创建-惠安小区项目,0,5,中建一局集团第二建筑有限公司山东分公司,000101000043000299bf
1084146,保障性租赁住房项目（青岛市虚拟现实产业园综合配套区（北区）项目二期,0,5,中建一局集团第二建筑有限公司山东分公司,000101000043000299bf
1044391,幸福新城配套中学工程总承包（EPC）,0,2,中建一局集团第二建筑有限公司山东分公司,000101000043000299bf
1015247,莱州市慢性病防治院新院区建设项目-工程总承包项目,0,2,中建一局集团第二建筑有限公司山东分公司,000101000043000299bf
1066196,S229 沂邳线沂水县武家洼至沂水沂南界段改建工程一标段,0,5,中建一局集团第二建筑有限公司山东分公司,000101000043000299bf
112638,青岛国际院士研究院南延项目,0,5,中建一局集团第二建筑有限公司山东分公司,000101000043000299bf
98556,青岛国际院士港二期项目一标段暂估价工程,0,NULL,中建一局集团第二建筑有限公司山东分公司,000101000043000299bf
84347,青岛国际院士港二期项目土石方整理工程一标段（C9地块）,0,NULL,中建一局集团第二建筑有限公司山东分公司,000101000043000299bf
1076244,山东星辉铜基新材料科技有限公司年产22万吨铜杆铜线项目,0,2,中建一局集团第二建筑有限公司山东分公司,000101000043000299bf
8849,兰州新区保税区综合楼项目部,0,2,中建一局集团第二建筑有限公司山东分公司,000101000043000299bf
17709,（2102010756）空港幸福里棚户区改造（三期）A区项目施工Ⅰ标段,0,NULL,中建一局集团第二建筑有限公司山东分公司,000101000043000299bf
35292,（2102010822）香河街道片区七里城中村棚户区改造安置项目,0,NULL,中建一局集团第二建筑有限公司山东分公司,000101000043000299bf
1017115,日照金属表面处理中心生态产业园项目二期EPC项目,0,NULL,中建一局集团第二建筑有限公司山东分公司,000101000043000299bf
1001435,一局二公司山东分公司,0,5,中建一局集团第二建筑有限公司山东分公司,000101000043000299bf
991050,日照金属表面处理中心生态产业园项目一期EPC项目,0,2,中建一局集团第二建筑有限公司山东分公司,000101000043000299bf
111633,中电建·能源谷一期项目一标段,0,5,中建一局集团第二建筑有限公司山东分公司,000101000043000299bf
1061076,鹰潭一八四医院基础设施综合整治工程,0,4,五公司江西分公司,0001010000430005999r
99192,南昌市公共停车场建设工程菊圃路停车场项目,1,2,五公司江西分公司,0001010000430005999r
79159,赣州经济技术开发区章江棚户区改造安居小区E6地块,0,NULL,五公司江西分公司,0001010000430005999r
1040554,江西省射击运动管理中心整体搬迁工程,0,4,五公司江西分公司,0001010000430005999r
79160,赣州经济技术开发区电子信息产业标准厂房建设项目,0,3,五公司江西分公司,0001010000430005999r
1003161,赣州经济技术开发区中恒富春园商住小区二标段（6#-13#、15#-17#、19#-23#、25#-33#、35#-37#号楼及地下室）,0,5,五公司江西分公司,0001010000430005999r
89607,南昌市公共停车场建设工程嘉业海棠湾停车场项目,1,2,五公司江西分公司,0001010000430005999r
1031071,县医共体龙头医院分宜县人民医院整体搬迁项目,0,5,五公司江西分公司,0001010000430005999r
80802,赣州新能源汽车科技城标准厂房一期建设工程项目,0,3,五公司江西分公司,0001010000430005999r
1061939,阳门村城中村改造项目(阳门德和家园),0,4,五公司江西分公司,0001010000430005999r
1043656,中国稀土集团总部及科创中心项目,0,5,五公司江西分公司,0001010000430005999r
68889,滨州工业园区北汽江森综合配套项目,0,NULL,五公司江西分公司,0001010000430005999r
1050690,高新区第六中学项目(工程总承包),0,5,五公司江西分公司,0001010000430005999r
83041,新力城一标段,0,2,五公司江西分公司,0001010000430005999r
1019271,赣州市人防疏散基地项目,0,5,五公司江西分公司,0001010000430005999r
1001691,万科联发四季光年,0,5,五公司江西分公司,0001010000430005999r
1000484,创新研究院一期新建项目科研楼与会议交流中心等新建工程,0,5,五公司江西分公司,0001010000430005999r
110718,恩施农产品加工园生活配套服务区（C区）室外电缆沟施工项目,0,4,五公司江西分公司,0001010000430005999r
80804,赣州经济技术开发区河坝陈屋棚户区改造安居社区项目,0,3,五公司江西分公司,0001010000430005999r
60493,恩施农产品加工园生活配套服务区（C区）,0,NULL,五公司江西分公司,0001010000430005999r
44848,饶商总部基地,0,NULL,五公司江西分公司,0001010000430005999r
15580,（11010500551）上饶万达广场工程,0,4,五公司江西分公司,0001010000430005999r
9983,（11010500591）上海新华联国际中心项目酒店工程,0,NULL,五公司江西分公司,0001010000430005999r
1060997,高新区第六中学项目（工程总承包）,0,4,五公司江西分公司,0001010000430005999r
1018684,德兴市主城区基础设施改造提升项目-静住路工程,0,5,五公司江西分公司,0001010000430005999r
1012354,中国科学院赣江创新研究院人才小区项目,0,5,五公司江西分公司,0001010000430005999r
100286,南昌市公共停车场建设工程双港公园停车场项目,1,2,五公司江西分公司,0001010000430005999r
5856,（11010500611）南京NO.2014G07地块项目I期工程,0,NULL,五公司江西分公司,0001010000430005999r
1044327,重庆医科大学附属儿童医院江西医院（二期）项目设计、采购、施工（EPC）,0,4,五公司江西分公司,0001010000430005999r
84160,南昌市公共停车场建设工程西客站停车场项目,1,4,五公司江西分公司,0001010000430005999r
89822,国泰公馆,0,4,五公司江西分公司,0001010000430005999r
89610,南昌市公共停车场建设工程孺子亭公园南门停车场项目,1,2,五公司江西分公司,0001010000430005999r
79161,赣州经济技术开发区杨边安居社区建筑项目,0,3,五公司江西分公司,0001010000430005999r
30594,上饶万力时代三标段,0,2,五公司江西分公司,0001010000430005999r
1086631,萍乡市人民医院病房提升改造项目-医疗综合住院楼6-21楼,0,5,五公司江西分公司,0001010000430005999r
992721,赣州经济技术开发区金凤梅园养老服务中心项目,0,NULL,五公司江西分公司,0001010000430005999r
100252,南昌市公共停车场建设工程豫章后街停车场项目,1,2,五公司江西分公司,0001010000430005999r
89611,南昌市公共停车场建设工程渊明北路停车场项目,1,2,五公司江西分公司,0001010000430005999r
89608,南昌市公共停车场建设工程闽江路停车场项目,1,2,五公司江西分公司,0001010000430005999r
1057991,南昌高新区阳门村城中村改造项目-阳门德和家园安置房工程(工程总承包),0,4,五公司江西分公司,0001010000430005999r
992927,《夜渡于都河》剧院和长征文化科技体验馆项目,0,5,五公司江西分公司,0001010000430005999r
89612,南昌市公共停车场建设工程中大路停车场项目,1,2,五公司江西分公司,0001010000430005999r
79157,赣州经济开发区章江棚户区改造安居小区E5地块,0,3,五公司江西分公司,0001010000430005999r
44599,滨州江森自控电子厂房项目部,0,NULL,五公司江西分公司,0001010000430005999r
1031070,东湖区医疗和公共卫生能力提升工程项目,0,5,五公司江西分公司,0001010000430005999r
97878,南昌市公共停车场建设工程榴云路停车场项目,1,2,五公司江西分公司,0001010000430005999r
9976,南京NO.2014G07地块项目II期工程,0,NULL,五公司江西分公司,0001010000430005999r
990998,赣州经济技术开发区凤凰居飞翔人才公寓二标段项目,0,5,五公司江西分公司,0001010000430005999r
100604,蒙城县2018-67号地块施工总承包工程,0,4,五公司安徽分公司,0001010000430005999s
97851,合肥泰康之家徽园养老社区建设项目（BH2018-07号地块）一期,0,4,五公司安徽分公司,0001010000430005999s
84019,科大讯飞股份有限公司产成品库及宿舍楼施工总承包项目,0,4,五公司安徽分公司,0001010000430005999s
30810,淮北万达广场项目,0,NULL,五公司安徽分公司,0001010000430005999s
28312,合肥京东方医院项目临时设施及土方工程,0,NULL,五公司安徽分公司,0001010000430005999s
6980,（21050800931）华邦蜀山里施工总承包工程,0,NULL,五公司安徽分公司,0001010000430005999s
1023606,高新区GX202106号地块项目二期暖通工程,0,11,五公司安徽分公司,0001010000430005999s
97226,成都京东方医院项目（一期）建设工程施工总承包,0,4,五公司安徽分公司,0001010000430005999s
3984,（2015030089）天津金地北辰淮河道项目示范区及一期一标段建筑安装总承包工程,0,NULL,五公司安徽分公司,0001010000430005999s
1020947,合肥滨湖新区BK202206号地块项目一期工程总承包,0,5,五公司安徽分公司,0001010000430005999s
1018339,高新区GX202106号地块一期暖通工程,0,11,五公司安徽分公司,0001010000430005999s
100375,马鞍山经济技术开发区科技创新产业园EPC总承包项目前期工程,0,4,五公司安徽分公司,0001010000430005999s
79172,年产1800台高端医疗影像设备及农产品智能分选设备生产基地项目,0,NULL,五公司安徽分公司,0001010000430005999s
26083,少荃湖名苑项目一期总承包工程,0,4,五公司安徽分公司,0001010000430005999s
17314,检测及配套中心（数字电视产业园配套LED封装厂项目）,0,NULL,五公司安徽分公司,0001010000430005999s
14972,（11010500501）阜阳万达广场,0,NULL,五公司安徽分公司,0001010000430005999s
1061081,郑州四六○医院基础设施综合整治工程,0,4,五公司安徽分公司,0001010000430005999s
1005285,生产基地及研发总部（一期项目）建设项目施工总承包,0,5,五公司安徽分公司,0001010000430005999s
100851,桐城中辰翰林苑一期总包工程,0,4,五公司安徽分公司,0001010000430005999s
96513,淮南富力城项目,0,4,五公司安徽分公司,0001010000430005999s
91685,大河城章一期,0,1,五公司安徽分公司,0001010000430005999s
26490,郑州华南城住宅一期二标段施工总承包工程项目部,0,NULL,五公司安徽分公司,0001010000430005999s
107126,合肥君正二期研发楼建设项目,0,4,五公司安徽分公司,0001010000430005999s
83488,清华大学附属中学郑东学校建设项目施工第2标段,0,4,五公司安徽分公司,0001010000430005999s
15601,（11010500561)郑州华南城9#区施工总承包项目部,0,NULL,五公司安徽分公司,0001010000430005999s
7984,（21050800951）安徽工程大学机电学院（新芜校区）图书馆、体育馆建设工程,0,NULL,五公司安徽分公司,0001010000430005999s
9982,合肥华南城一期精品交易1区,0,NULL,五公司安徽分公司,0001010000430005999s
1052884,钱山漾基地渔业绿色循环改造提升项目施工总承包,0,4,五公司安徽分公司,0001010000430005999s
1039951,安庆经开区产业基础设施提升项目四标段总承包工程,0,5,五公司安徽分公司,0001010000430005999s
1023931,科大讯飞 人工智能研发生产基地项目（一期）绿轴地库,0,5,五公司安徽分公司,0001010000430005999s
1020588,长三角医养结合区域中心（合肥庐江）项目（一期）主体工程,0,5,五公司安徽分公司,0001010000430005999s
91599,宜城市滨汉小区及周边市政道路建设项目,1,2,五公司安徽分公司,0001010000430005999s
89755,宿州富力城总承包工程,0,4,五公司安徽分公司,0001010000430005999s
84144,淮北富力相城府项目,0,4,五公司安徽分公司,0001010000430005999s
62781,郑州市中原新区白寨安置区项目北地块,0,NULL,五公司安徽分公司,0001010000430005999s
13989,（1101050045）合肥高速-时代城A地块,0,NULL,五公司安徽分公司,0001010000430005999s
1076145,合肥轨道蜀山区SS202409号地块工程总承包,0,5,五公司安徽分公司,0001010000430005999s
1001491,安徽信息工程学院（新芜校区）A9综合楼工程,0,5,五公司安徽分公司,0001010000430005999s
94646,蒙城县2018-66地块建设项目,0,4,五公司安徽分公司,0001010000430005999s
81343,郑州华南城第一小学设计采购施工总承包工程（EPC）,0,2,五公司安徽分公司,0001010000430005999s
28991,商丘建业壹号城邦B区施工总承包工程,0,2,五公司安徽分公司,0001010000430005999s
7881,（21050500902）芜湖新华联营销中心总承包工程,0,NULL,五公司安徽分公司,0001010000430005999s
6981,（21050800982）安庆吾悦广场商业区土建工程,0,NULL,五公司安徽分公司,0001010000430005999s
2972,（21050500901）芜湖新华联国际广场海洋公园商业街工程,0,NULL,五公司安徽分公司,0001010000430005999s
1004750,高新区GX202106号地块项目施工总承包一期工程施工总承包项目,0,NULL,五公司安徽分公司,0001010000430005999s
108168,阜阳大河城章地块五地块七项目,0,1,五公司安徽分公司,0001010000430005999s
26076,君正集成电路合肥基地一期项目工程,0,NULL,五公司安徽分公司,0001010000430005999s
10984,（21050800981）安庆吾悦华府一期,0,NULL,五公司安徽分公司,0001010000430005999s
7983,京东方（河北）移动显示技术有限公司二期项目,0,NULL,五公司安徽分公司,0001010000430005999s
24753,宣城万达广场,0,NULL,五公司安徽分公司,0001010000430005999s
1074046,合肥邮件处理中心二期土建工程施工总承包,0,5,五公司安徽分公司,0001010000430005999s
1057440,庐江县黄山路改造一期工程总承包,0,4,五公司安徽分公司,0001010000430005999s
26948,安徽工程大学机电学院（新芜校区）A3教学楼/A4实验楼工程,0,NULL,五公司安徽分公司,0001010000430005999s
1009043,科大讯飞人工智能研发生产基地（一期）1标段,0,5,五公司安徽分公司,0001010000430005999s
58259,合肥乾龙现代物流园一期10#、11#EPC总承包工程,0,NULL,五公司安徽分公司,0001010000430005999s
26077,肥西铂羽公馆项目,0,NULL,五公司安徽分公司,0001010000430005999s
10988,(1101050031)义乌世贸中心,0,NULL,五公司安徽分公司,0001010000430005999s
1102884,资源循环利用项目二阶段土建,0,5,五公司安徽分公司,0001010000430005999s
1005281,容知日新装备智能服务系列产品项目-工业研发BC楼施工总承包项目,0,5,五公司安徽分公司,0001010000430005999s
55510,铂羽公馆二标段建筑安装施工总承包工程,0,NULL,五公司安徽分公司,0001010000430005999s
1977,（1101050049）合肥华南城一期,0,NULL,五公司安徽分公司,0001010000430005999s
1100857,科大讯飞人工智能研发生产基地（一期）项目 A6 楼总承包工程,0,5,五公司安徽分公司,0001010000430005999s
89756,成都京东方医院项目临时设施及场平工程,0,4,五公司安徽分公司,0001010000430005999s
34262,合肥京东方医院项目,0,NULL,五公司安徽分公司,0001010000430005999s
10978,（21050100981）京东方B38研发中心项目,0,NULL,五公司安徽分公司,0001010000430005999s
4817,(21050800971)科大讯飞股份有限公司语音云大厦建设工程,0,NULL,五公司安徽分公司,0001010000430005999s
1062048,安徽山河药辅研发中心及生产基地项目,0,4,五公司安徽分公司,0001010000430005999s
1061080,开封一五五医院老院区基础设施综合整治工程,0,4,五公司安徽分公司,0001010000430005999s
1028470,安徽医学高等专科学校新桥校区产教融合实训基地项目EPC工程,0,5,五公司安徽分公司,0001010000430005999s
14969,阜阳颍泉万达广场施工项目,0,NULL,五公司安徽分公司,0001010000430005999s
11979,(1101050039)河南郑州华南城项目部,0,NULL,五公司安徽分公司,0001010000430005999s
3983,（11010500581）界首世纪华府工程,0,NULL,五公司安徽分公司,0001010000430005999s
1070499,容知日新工业设备智能运维巡检机器人研发项目,0,4,五公司安徽分公司,0001010000430005999s
1061082,信阳一五四医院基础设施综合整治工程,0,4,五公司安徽分公司,0001010000430005999s
820245,山大地纬软件股份有限公司章丘软件研发生产基地项目一期工程-劳务,0,NULL,一局六公司第十五大项目部,0001010000430007999d0016
89435,山大地纬软件研发生产基地,0,4,一局六公司第十五大项目部,0001010000430007999d0016
12633,(2106060008)台州三门君临海润城项目部,0,NULL,一局六公司第十五大项目部,0001010000430007999d0016
8641,(1101060042)南京中脉桥林产业园项目部,0,NULL,一局六公司第十五大项目部,0001010000430007999d0016
20718,晨星软件（深圳）有限公司办公室室内装修机电工程,0,NULL,中建一局集团第一建筑有限公司安装分公司,00010100004300080172
1021336,德州商务中心项目EPC综合机电工程专业分包工程,0,2,中建一局集团第一建筑有限公司安装分公司,00010100004300080172
16922,滁州苏宁广场安装工程,0,NULL,中建一局集团第一建筑有限公司安装分公司,00010100004300080172
100588,三星（中国）半导体12英寸闪存芯片二期项目第二阶段工程之 一般管道1区域（M07  PKG）,0,NULL,中建一局集团第一建筑有限公司安装分公司,00010100004300080172
80877,三星（中国）闪存二期项目东侧Support栋管道工程,0,4,中建一局集团第一建筑有限公司安装分公司,00010100004300080172
67726,铠嘉电脑配件有限公司一期B区机电一次侧第二阶段安装工程,0,NULL,中建一局集团第一建筑有限公司安装分公司,00010100004300080172
102833,京秦高速公路遵化至秦皇岛段A3标项目,0,3,中建一局集团京通路桥建设有限公司,0001010000430092
98240,国道307、207线阳泉市绕城改线工程,0,NULL,中建一局集团京通路桥建设有限公司,0001010000430092
110825,喀左县官大海足球场项目,0,4,中建一局集团京通路桥建设有限公司,0001010000430092
96686,3644-1新建库房附属配套工程,0,NULL,中建一局集团京通路桥建设有限公司,0001010000430092
84857,G341胶南至海晏公路加定（青甘界）至海晏（西海）段公路工程JX-2标,0,3,中建一局集团京通路桥建设有限公司,0001010000430092
819711,保利林语堂樾·和樾-劳务,0,NULL,五公司华北分公司自然项目部,0001010000430005999o999h
816417,天津滨海国际森林庄园项目-劳务,0,NULL,五公司华北分公司自然项目部,0001010000430005999o999h
823921,C3C4研发楼等2项,0,NULL,五公司华北分公司自然项目部,0001010000430005999o999h
818080,汇禧润福艺术家养老公寓-劳务,0,NULL,五公司华北分公司自然项目部,0001010000430005999o999h
814287,北京市长乐宝苑项目三期总承包-劳务,NULL,NULL,五公司华北分公司自然项目部,0001010000430005999o999h
1030754,石家庄财经学院新校区（卧龙校区）项目,0,4,五公司华北分公司自然项目部,0001010000430005999o999h
1030763,年产21万吨绿色农用化学品项目,0,4,五公司华北分公司自然项目部,0001010000430005999o999h
813448,正阳花园007地块项目（含地下车库）Ⅱ标段施工项目,0,NULL,五公司华北分公司自然项目部,0001010000430005999o999h
1058287,中建一局大兴物流园供水系统设备、设施改造施工工程,0,11,中建一局集团建筑构件有限公司,00010100004399ch999a
1058243,中建一局大兴物流园土建施工工程,0,11,中建一局集团建筑构件有限公司,00010100004399ch999a
1058288,中建一局大兴物流园库房及园区内消防设备、设施改造工程,0,11,中建一局集团建筑构件有限公司,00010100004399ch999a
1058286,中建一局大兴物流园老年公寓消防设备、设施改造工程,0,11,中建一局集团建筑构件有限公司,00010100004399ch999a
1058285,中建一局大兴物流园老年公寓供暖设施施工,0,11,中建一局集团建筑构件有限公司,00010100004399ch999a
1085425,“蓼河二期”项目精装修及配套工程,0,5,中建一局集团第三建筑有限公司山东分公司,000101000043000399af
62725,市南区建筑立面提升工程（湛山街道辖区）项目,0,5,中建一局集团第三建筑有限公司山东分公司,000101000043000399af
111064,海淀教科院实验小学项目,0,5,中建一局集团第三建筑有限公司山东分公司,000101000043000399af
54274,青岛市第八人民医院东院区地下工程建设项目土石方整理工程,0,5,中建一局集团第三建筑有限公司山东分公司,000101000043000399af
28471,青岛金茂智慧新城A5地块项目,0,5,中建一局集团第三建筑有限公司山东分公司,000101000043000399af
75261,北京西铁营0501-634/635/628地块施工总承包工程,0,5,中建一局集团第三建筑有限公司山东分公司,000101000043000399af
1025167,华芯半导体科技产业园项目一期工程项目,0,4,中建一局集团第三建筑有限公司山东分公司,000101000043000399af
1014410,杭钱塘工出【2021】32 号光环新网（杭州）数 字经济科创中心项目-土建施工总承包项目,0,5,中建一局集团第三建筑有限公司山东分公司,000101000043000399af
9675,常德万达广场项目,0,5,中建一局集团第三建筑有限公司山东分公司,000101000043000399af
1057928,教师进修学校附属实验学校北校区改扩建工程（1#教学楼等9项）项目,1,4,中建一局集团第三建筑有限公司山东分公司,000101000043000399af
96873,铁岭万达广场C区一期工程（A-4）土建,0,5,中建一局集团第三建筑有限公司山东分公司,000101000043000399af
1015864,中央储备粮泰安直属库有限公司宁阳分公司粮食仓储项目,0,5,中建一局集团第三建筑有限公司山东分公司,000101000043000399af
991089,青岛融创A-6-1地块,0,5,中建一局集团第三建筑有限公司山东分公司,000101000043000399af
110431,南部新城校场一路公交综合体建设工程,0,5,中建一局集团第三建筑有限公司山东分公司,000101000043000399af
107970,NO.2008G27地块中A地块项目,0,5,中建一局集团第三建筑有限公司山东分公司,000101000043000399af
10662,常德万达广场项目1,0,5,中建一局集团第三建筑有限公司山东分公司,000101000043000399af
1055204,教师进修学校附属实验学校北校区改扩建工程（1#教学楼等9项）项目总承包工程,0,4,中建一局集团第三建筑有限公司山东分公司,000101000043000399af
81500,青岛万达东方影都A-4-3住宅项目一期工程,0,5,中建一局集团第三建筑有限公司山东分公司,000101000043000399af
52203,美驰低碳建筑科技产业园,0,4,中建一局集团第三建筑有限公司山东分公司,000101000043000399af
8967,富华产业园项目,0,5,中建一局集团第三建筑有限公司山东分公司,000101000043000399af
1030384,济南市钢城区艾山街道城子坡片区城市更新项目市政配套工程一期总承包（EPC）,0,4,中建一局集团第三建筑有限公司山东分公司,000101000043000399af
1003157,鎏庄项目659及039地块土建拆改工程,0,5,中建一局集团第三建筑有限公司山东分公司,000101000043000399af
1002281,1#四星酒店、2#五星酒店、3#商业楼、11#商业楼、12#商业楼、地下车库、开闭所,0,5,中建一局集团第三建筑有限公司山东分公司,000101000043000399af
108023,洛阳路34号项目总承包工程,0,5,中建一局集团第三建筑有限公司山东分公司,000101000043000399af
97728,青岛金茂智慧新城A3地块项目（一期）,0,5,中建一局集团第三建筑有限公司山东分公司,000101000043000399af
93046,济北生命科技产业园生物医药基地B区及D区生命科技园综合服务中心建设项目,0,5,中建一局集团第三建筑有限公司山东分公司,000101000043000399af
82742,和达铭著项目,0,4,中建一局集团第三建筑有限公司山东分公司,000101000043000399af
65225,青岛金茂智慧新城A16地块项目,0,5,中建一局集团第三建筑有限公司山东分公司,000101000043000399af
14869,青岛连云港路66号国际航运中心项目,0,5,中建一局集团第三建筑有限公司山东分公司,000101000043000399af
1018373,裕龙岛炼化一体化项目（一期）公用工程供排水项目（公用9标段）,0,4,中建一局集团第三建筑有限公司山东分公司,000101000043000399af
82743,“华为科技物流小镇”1、2地块,0,4,中建一局集团第三建筑有限公司山东分公司,000101000043000399af
65222,青岛金茂智慧新城A11地块项目,0,5,中建一局集团第三建筑有限公司山东分公司,000101000043000399af
1003836,兰州中川国际机场三期扩建工程空管工程土建与安装工程,0,5,中建一局集团第三建筑有限公司山东分公司,000101000043000399af
92177,碧桂园天誉回迁项目,0,5,中建一局集团第三建筑有限公司山东分公司,000101000043000399af
107728,青岛金茂智慧新城A3地块项目（二期工程）,0,5,中建一局集团第三建筑有限公司山东分公司,000101000043000399af
1028536,济南市钢城区艾山街道城子坡片区城市更新项目艾山街道中心学校工程总承包（EPC）,0,4,中建一局集团第三建筑有限公司山东分公司,000101000043000399af
104850,铁岭万达广场C区二期工程（A-3）,0,5,中建一局集团第三建筑有限公司山东分公司,000101000043000399af
1072125,济南市大金污水处理厂及济南市水质净化四厂提标及设备更新改造工程,0,5,中建一局集团第三建筑有限公司山东分公司,000101000043000399af
1011003,裕龙岛炼化一体化项目（一期）公用12标段项目,0,5,中建一局集团第三建筑有限公司山东分公司,000101000043000399af
69946,北京金茂659地块及配套地块项目,0,5,中建一局集团第三建筑有限公司山东分公司,000101000043000399af
1016352,玉渊潭中学改扩建工程项目（北院新建地下室等12 项）,0,4,中建一局集团第三建筑有限公司山东分公司,000101000043000399af
89689,青岛金茂A3地块项目,0,5,中建一局集团第三建筑有限公司山东分公司,000101000043000399af
77753,长春海容酒店工程,0,4,中建一局集团第三建筑有限公司山东分公司,000101000043000399af
91754,北大资源文化双创园天竺园区项目,0,4,一局六公司第三大项目部,0001010000430007999d0006
94748,埃塞俄比亚驻华使馆翻建项目 （1#地下室等6项）,0,4,一局六公司第三大项目部,0001010000430007999d0006
12635,山东聊城项目部,0,5,一局六公司第三大项目部,0001010000430007999d0006
4534,保定汇博上谷大观项目部,0,NULL,一局六公司第三大项目部,0001010000430007999d0006
822432,埃塞俄比亚驻华使馆翻建项目（1#地下室等6项）,0,NULL,一局六公司第三大项目部,0001010000430007999d0006
11675,银川绿博园,0,NULL,一局六公司第五大项目部,0001010000430007999d0008
18206,(2106080002)银川八里桥项目,0,NULL,一局六公司第五大项目部,0001010000430007999d0008
30784,银川智慧园项目部,0,1,一局六公司第五大项目部,0001010000430007999d0008
4535,(1101060041)银川永泰城项目部,0,NULL,一局六公司第五大项目部,0001010000430007999d0008
667,(2106080001)西部吉运国际物流园,0,NULL,一局六公司第五大项目部,0001010000430007999d0008
22217,银川永泰城（4#地）三期项目,0,5,一局六公司第五大项目部,0001010000430007999d0008
13668,永泰城二期项目部,0,5,一局六公司第五大项目部,0001010000430007999d0008
104090,中加生态示范区二组团项目工程,0,4,一局六公司第六大项目部,0001010000430007999d0009
10661,(2106080003)天鹅湖小镇东区,0,NULL,一局六公司第六大项目部,0001010000430007999d0009
29079,深圳会展中心项目一期工程,0,4,深圳会展中心项目一期工程,0001010000430089
15216,济南中弘广场17#地块工程项目,0,NULL,一局国际工程公司第六大项目部,0001010000430003002500010007
1010511,襄阳市内环提速改造二期工程（内环北线东段）EPC 工程总承包项目,0,2,中建一局集团第三建筑有限公司湖北分公司,00010100004300030003
30684,钟祥市协企联盟产业园项目,0,1,中建一局集团第三建筑有限公司湖北分公司,00010100004300030003
826966,鹏宇·迎宾馆项目,NULL,NULL,中建一局集团第三建筑有限公司湖北分公司,00010100004300030003
4556,（1101030091）华为研发生产项目（一期）南区标段总承包工程,0,NULL,中建一局集团第三建筑有限公司湖北分公司,00010100004300030003
1006239,鹏宇东祥社区二期二标段项目,0,NULL,中建一局集团第三建筑有限公司湖北分公司,00010100004300030003
1003648,黄石市中医医院（市传染病医院）中医传承大楼项目,0,5,中建一局集团第三建筑有限公司湖北分公司,00010100004300030003
990908,鹏宇迎宾府项目二期,0,NULL,中建一局集团第三建筑有限公司湖北分公司,00010100004300030003
820031,新建居住项目（E5地块）（7#、9#、10#楼及地下室）施工工程-劳务,0,NULL,中建一局集团第三建筑有限公司湖北分公司,00010100004300030003
1389,(1201030005)武汉巴登城南连接道路,0,NULL,中建一局集团第三建筑有限公司湖北分公司,00010100004300030003
3747,(1201030006)武汉市轨道交通8号线宏图大道站土建预埋,0,NULL,中建一局集团第三建筑有限公司湖北分公司,00010100004300030003
4428,(1101030048)泛海国际SOHO城（宗地12）,0,4,中建一局集团第三建筑有限公司湖北分公司,00010100004300030003
1081985,江南楚韵度假区项目,0,5,中建一局集团第三建筑有限公司湖北分公司,00010100004300030003
1060447,莲花山人工智能产教融合创新中心项目EPC总承包,0,2,中建一局集团第三建筑有限公司湖北分公司,00010100004300030003
1032241,莲湖路、创业一路、创业二路、创业三路、创业四路、碧湖路延长线道路黑色化改造工程设计施工总承包（EPC）,0,2,中建一局集团第三建筑有限公司湖北分公司,00010100004300030003
1010912,应城市王桥路南延（横二路-横五路）,0,5,中建一局集团第三建筑有限公司湖北分公司,00010100004300030003
991195,驻马店鹏宇迎宾府项目二期,0,NULL,中建一局集团第三建筑有限公司湖北分公司,00010100004300030003
112771,水韵太极湾·蓝光雍锦汇DK-07地块,0,NULL,中建一局集团第三建筑有限公司湖北分公司,00010100004300030003
99548,鹏宇迎宾馆项目,0,5,中建一局集团第三建筑有限公司湖北分公司,00010100004300030003
824008,新沂市棋盘镇双新村、杨庄、城岗村、白草村农民集中居住区工程,NULL,NULL,中建一局集团第三建筑有限公司湖北分公司,00010100004300030003
7556,(1101030072)天喻数据安全产业园一期,0,NULL,中建一局集团第三建筑有限公司湖北分公司,00010100004300030003
4429,(1201030003)武汉轨道交通四号线二期一标,0,NULL,中建一局集团第三建筑有限公司湖北分公司,00010100004300030003
816283,美的•天铂湾二标-劳务,NULL,NULL,中建一局集团第三建筑有限公司湖北分公司,00010100004300030003
1067409,武汉泰然生物谷项目一期施工总承包工程,0,5,中建一局集团第三建筑有限公司湖北分公司,00010100004300030003
1040855,莲湖路、创业一路、创业二路、创业三路、创业四路、碧湖路延长线道路黑色化改造工程设计施工总承包(EPC),0,4,中建一局集团第三建筑有限公司湖北分公司,00010100004300030003
111403,水韵半岛项目,0,NULL,中建一局集团第三建筑有限公司湖北分公司,00010100004300030003
104187,黄石下陆万达广场项目,0,5,中建一局集团第三建筑有限公司湖北分公司,00010100004300030003
84469,郑州富力建业盛悦居项目,0,NULL,中建一局集团第三建筑有限公司湖北分公司,00010100004300030003
91889,驻马店市鹏宇迎宾府项目,0,5,中建一局集团第三建筑有限公司湖北分公司,00010100004300030003
45065,京东华中（武汉）电商产业园二期项目,0,NULL,中建一局集团第三建筑有限公司湖北分公司,00010100004300030003
1388,(1101030036)华润置地橡树湾一期,0,NULL,中建一局集团第三建筑有限公司湖北分公司,00010100004300030003
1076766,点军区五龙路与医院路交汇处西侧居住项目,0,5,中建一局集团第三建筑有限公司湖北分公司,00010100004300030003
1030426,梁湖良品特色农产品提质增效及仓储物流基础设施项目工程总承包（EPC）,0,4,中建一局集团第三建筑有限公司湖北分公司,00010100004300030003
97564,中农联∙鄂中农特产品电商物流商贸城一期1标段,0,NULL,中建一局集团第三建筑有限公司湖北分公司,00010100004300030003
91575,“蓝空南太子湖”一期项目（二标段）,0,NULL,中建一局集团第三建筑有限公司湖北分公司,00010100004300030003
90788,天鹅湖及周边水环境应急治理工程,0,NULL,中建一局集团第三建筑有限公司湖北分公司,00010100004300030003
1100869,中国电信芜湖集群江北园区大数据中心项目A6、B1、C4、D2土建工程施工,0,5,中建一局集团第三建筑有限公司湖北分公司,00010100004300030003
1075343,来凤县现代产业园及基础设施建设项目EPC工程总承包,0,2,中建一局集团第三建筑有限公司湖北分公司,00010100004300030003
1049054,华中智能飞行器产业基地及配套设施项目华中智能飞行器产业基地项目（一期）设计施工总承包（EPC）,0,2,中建一局集团第三建筑有限公司湖北分公司,00010100004300030003
1015340,青菱湖北路（青菱河路-白沙洲大道）道路排水工程,0,5,中建一局集团第三建筑有限公司湖北分公司,00010100004300030003
1005653,颐科中心,0,NULL,中建一局集团第三建筑有限公司湖北分公司,00010100004300030003
102829,鹏宇金悦府项目一标段,0,5,中建一局集团第三建筑有限公司湖北分公司,00010100004300030003
83218,武汉玺院主体总包工程,0,5,中建一局集团第三建筑有限公司湖北分公司,00010100004300030003
84899,“食品生产加工（二期）”面粉车间一，麸皮打包车间，3000T*21筒仓群卸粮大棚、机械楼、筒仓,0,NULL,中建一局集团第三建筑有限公司湖北分公司,00010100004300030003
825957,武汉地产集团丹水池K1地块项目二标段,0,NULL,中建一局集团第三建筑有限公司湖北分公司,00010100004300030003
817462,居住项目（绿城联投花山57号地块）G1-G8#楼、1#-5#配电房、垃圾房、地下室2,0,NULL,中建一局集团第三建筑有限公司湖北分公司,00010100004300030003
109618,东湖路蔡家咀地块商业综合体项目,0,5,中建一局集团第三建筑有限公司湖北分公司,00010100004300030003
825314,深国际•武汉蔡甸综合物流港项目,NULL,NULL,中建一局集团第三建筑有限公司湖北分公司,00010100004300030003
822800,确山县水韵太极湾蓝光雍锦汇DK-06项目,NULL,NULL,中建一局集团第三建筑有限公司湖北分公司,00010100004300030003
13428,(1101030051)汉口北国际商品交易中心FII区,0,NULL,中建一局集团第三建筑有限公司湖北分公司,00010100004300030003
1076384,坛山半岛片区道路工程设计施工总承包（EPC),0,2,中建一局集团第三建筑有限公司湖北分公司,00010100004300030003
1052798,董辅礽经济社会研究院观澜楼改造项目,0,5,中建一局集团第三建筑有限公司湖北分公司,00010100004300030003
1040475,开发区四中改扩建项目设计施工总承包（EPC）项目,0,4,中建一局集团第三建筑有限公司湖北分公司,00010100004300030003
1009675,楚天野三关康养综合体项目1#地块,0,5,中建一局集团第三建筑有限公司湖北分公司,00010100004300030003
870868,金陵天泉湖养老居住社区·翡翠园（二期南）,NULL,NULL,中建一局集团第三建筑有限公司湖北分公司,00010100004300030003
98943,水韵太极湾·蓝光雍锦汇DK-06地块,0,NULL,中建一局集团第三建筑有限公司湖北分公司,00010100004300030003
57179,河南（周口）小麦工业有限公司二期1500T/D小麦制粉加工项目,0,NULL,中建一局集团第三建筑有限公司湖北分公司,00010100004300030003
826616,黄石下陆万达广场项目-劳务,NULL,NULL,中建一局集团第三建筑有限公司湖北分公司,00010100004300030003
814764,益海（周口）小麦工业有限公司二期1500T/D小麦制粉加工项目-劳务,NULL,NULL,中建一局集团第三建筑有限公司湖北分公司,00010100004300030003
998334,潢川君子里项目,0,5,中建一局集团第三建筑有限公司湖北分公司,00010100004300030003
1065337,鄂州市梁子湖区刘河生态公墓项目（刘河生态陵园及配套设施建设项目一期）工程总承包（EPC）,0,2,中建一局集团第三建筑有限公司湖北分公司,00010100004300030003
1053703,方特文化科技创新示范园施工总承包二标段,0,5,中建一局集团第三建筑有限公司湖北分公司,00010100004300030003
1006346,二环线（二七小路-二七桥）工程,0,5,中建一局集团第三建筑有限公司湖北分公司,00010100004300030003
1003315,鲁山中影城市文化中心暨鲁山县广播电视总台,0,4,中建一局集团第三建筑有限公司湖北分公司,00010100004300030003
28125,华中科技大学转化研究院大楼,0,NULL,中建一局集团第三建筑有限公司湖北分公司,00010100004300030003
26060,建安街（白沙洲大道～南湖路）工程施工项目部,0,NULL,中建一局集团第三建筑有限公司湖北分公司,00010100004300030003
14158,大雄江汉城二期,0,NULL,中建一局集团第三建筑有限公司湖北分公司,00010100004300030003
821311,“蓝空南太子湖”一期项目（二标段）-劳务,0,NULL,中建一局集团第三建筑有限公司湖北分公司,00010100004300030003
1101566,长飞武汉科技园六期扩产项目F地块施工总承包工程,0,5,中建一局集团第三建筑有限公司湖北分公司,00010100004300030003
1004408,小鹏汽车武汉智能网联汽车智造基地道路及雨水管网工程总承包,0,NULL,中建一局集团第三建筑有限公司湖北分公司,00010100004300030003
997504,改性环保型胶粘剂及制动液迁建项目（三期）南区工程,0,NULL,中建一局集团第三建筑有限公司湖北分公司,00010100004300030003
16298,（1201030007）黄海路隧道一期一标项目,0,NULL,中建一局集团第三建筑有限公司湖北分公司,00010100004300030003
821101,食品生产加工（二期）”面粉车间一，麸皮打包车间，3000T*21筒仓群卸粮大棚、机械楼、筒仓项目-劳务,0,NULL,中建一局集团第三建筑有限公司湖北分公司,00010100004300030003
7664,华为武汉研发生产项目（一期）-北标段,0,NULL,中建一局集团第三建筑有限公司湖北分公司,00010100004300030003
1010348,长飞年产1000吨预制棒及2000万芯公里光纤扩产项目光纤扩产施工总承包,0,5,中建一局集团第三建筑有限公司湖北分公司,00010100004300030003
1003649,中影城市文化中心,0,2,中建一局集团第三建筑有限公司湖北分公司,00010100004300030003
994554,改性环保型胶粘剂及制动液仟建项目（三期）南区工程,0,NULL,中建一局集团第三建筑有限公司湖北分公司,00010100004300030003
106687,中部战区总医院营区道路翻新等4项工程,0,NULL,中建一局集团第三建筑有限公司湖北分公司,00010100004300030003
103601,宜昌三峡机场新建航站楼及游客服务中心,0,5,中建一局集团第三建筑有限公司湖北分公司,00010100004300030003
27071,荆门新能源汽车产业园建设项目焊装车间工程,0,NULL,中建一局集团第三建筑有限公司湖北分公司,00010100004300030003
16290,（1101030086）仙桃当代满庭春MOMA项目三期,0,5,中建一局集团第三建筑有限公司湖北分公司,00010100004300030003
1213,(1101030035)中国地质大学（武汉）图书馆改造,0,NULL,中建一局集团第三建筑有限公司湖北分公司,00010100004300030003
814446,京东华中（武汉）电商产业园二期工程-劳务,NULL,NULL,中建一局集团第三建筑有限公司湖北分公司,00010100004300030003
1082355,江南畈旅游度假区酒店项目,0,4,中建一局集团第三建筑有限公司湖北分公司,00010100004300030003
1056835,方特文化科技创新示范园二标段项目总承包工程,0,4,中建一局集团第三建筑有限公司湖北分公司,00010100004300030003
1021354,湖北幼儿师范高等专科学校现代服务综合实训中心项目总承包（EPC）,0,4,中建一局集团第三建筑有限公司湖北分公司,00010100004300030003
991780,水韵太极湾·蓝光雍锦汇DK-07地块项目,0,NULL,中建一局集团第三建筑有限公司湖北分公司,00010100004300030003
991556,新建商业设施、商务设施项目施工,0,5,中建一局集团第三建筑有限公司湖北分公司,00010100004300030003
104854,新建居住项目北地块,0,5,中建一局集团第三建筑有限公司湖北分公司,00010100004300030003
98976,三环线（东湖风景区段）声屏障整治项目,0,5,中建一局集团第三建筑有限公司湖北分公司,00010100004300030003
827092,宜昌三峡机场新建航站楼及游客服务中心-劳务,NULL,NULL,中建一局集团第三建筑有限公司湖北分公司,00010100004300030003
825687,东湖路蔡家咀地块商业综合体,0,NULL,中建一局集团第三建筑有限公司湖北分公司,00010100004300030003
820705,居住项目（武汉玺院）-劳务,NULL,NULL,中建一局集团第三建筑有限公司湖北分公司,00010100004300030003
1072960,襄城县100MWp屋顶分布式光伏发电项目工程总承包（EPC）项目,0,2,中建一局集团第三建筑有限公司湖北分公司,00010100004300030003
1052467,华中智能飞行器产业基地及配套设施项目华中智能飞行器产业基地项目（一期）设计施工总承包（EPC）项目,0,4,中建一局集团第三建筑有限公司湖北分公司,00010100004300030003
1031593,开发区四中改扩建项目设计施工总承包（EPC）,0,5,中建一局集团第三建筑有限公司湖北分公司,00010100004300030003
92270,新龙华庭西地块工程一标段,0,NULL,中建一局集团第三建筑有限公司湖北分公司,00010100004300030003
828674,鹏宇金悦府项目一标段-劳务,0,NULL,中建一局集团第三建筑有限公司湖北分公司,00010100004300030003
4328,(1101030056)汉口北国际商品交易中心G区二期土建工程,0,NULL,中建一局集团第三建筑有限公司湖北分公司,00010100004300030003
1069157,大军山科创产业园二期建设项目（一阶段）工程总承包（EPC）,0,2,中建一局集团第三建筑有限公司湖北分公司,00010100004300030003
993990,（居住项目）城投香恋项目工程施工总承包,0,NULL,中建一局集团第三建筑有限公司湖北分公司,00010100004300030003
993476,城投香恋工程施工总承包项目,0,5,中建一局集团第三建筑有限公司湖北分公司,00010100004300030003
992089,沙湖大道（秦风路～杨园南路）跨徐东大街立交工程,0,NULL,中建一局集团第三建筑有限公司湖北分公司,00010100004300030003
89982,武汉国际博览中心片区E5地块II标段项目,0,NULL,中建一局集团第三建筑有限公司湖北分公司,00010100004300030003
90379,解放大道（永泰路-循礼门）整治提升工程（含循礼门地下通道施工）第一标段,0,NULL,中建一局集团第三建筑有限公司湖北分公司,00010100004300030003
77774,绿城武汉花山项目,0,NULL,中建一局集团第三建筑有限公司湖北分公司,00010100004300030003
830416,新蔡水韵半岛施工总承包工程,0,NULL,中建一局集团第三建筑有限公司湖北分公司,00010100004300030003
30685,钟祥沈阳机床产业园,0,NULL,中建一局集团第三建筑有限公司湖北分公司,00010100004300030003
826203,东湖路蔡家咀地块商业综合体项目-劳务,NULL,NULL,中建一局集团第三建筑有限公司湖北分公司,00010100004300030003
821798,中农联.鄂中农特产品电商物流商贸城一期1标段-劳务,0,NULL,中建一局集团第三建筑有限公司湖北分公司,00010100004300030003
9654,（1101030077）武汉客厅艺术大厦工程,0,NULL,中建一局集团第三建筑有限公司湖北分公司,00010100004300030003
10698,（1101030092）深国际武汉现代综合物流港项目,0,5,中建一局集团第三建筑有限公司湖北分公司,00010100004300030003
4430,(1101030055)武汉客厅中国文化博览中心,0,NULL,中建一局集团第三建筑有限公司湖北分公司,00010100004300030003
1085450,湖北省鄂州市梁子湖区城市排水管网改造及排水闸站建设工程总承包（EPC）,0,2,中建一局集团第三建筑有限公司湖北分公司,00010100004300030003
1054304,董辅礽经济社会研究院观澜楼改造项目总承包工程,0,4,中建一局集团第三建筑有限公司湖北分公司,00010100004300030003
1014556,武汉市江汉区汉兴街道红光小区（示范区）项目总承包工程,0,5,中建一局集团第三建筑有限公司湖北分公司,00010100004300030003
1006241,绿城·武汉国博项目总包建安工程,0,NULL,中建一局集团第三建筑有限公司湖北分公司,00010100004300030003
101856,深国际武汉蔡甸综合物流港项目,0,5,中建一局集团第三建筑有限公司湖北分公司,00010100004300030003
79125,美的•天铂湾（二标）,0,NULL,中建一局集团第三建筑有限公司湖北分公司,00010100004300030003
65370,沈阳机床产业园A3、A4厂房,0,NULL,中建一局集团第三建筑有限公司湖北分公司,00010100004300030003
1070542,中建一局二公司社会服务部,0,4,中建一局集团第二建筑有限公司,0001010000430002
1014510,磐安天笑桃李春风项目,0,4,中建一局集团第二建筑有限公司,0001010000430002
108026,暗室工艺设备地基与基础,0,4,中建一局集团第二建筑有限公司,0001010000430002
24776,新翰崴运营中心项目部,0,4,中建一局集团第二建筑有限公司,0001010000430002
24421,山西天然气有限公司祁县液化调峰储备集散中心项目,0,NULL,中建一局集团第二建筑有限公司,0001010000430002
16389,E8-1地块三期戴姆勒研发中心改造工程,0,NULL,中建一局集团第二建筑有限公司,0001010000430002
14383,(1101020084)荣安广场B、D地块工程,0,NULL,中建一局集团第二建筑有限公司,0001010000430002
12129,（12010200195）沈北新区国际城配套路网工程-时空西街,0,NULL,中建一局集团第二建筑有限公司,0001010000430002
9974,(2102010653)首都医科大学临床科研楼,0,NULL,中建一局集团第二建筑有限公司,0001010000430002
7158,2013年直管楼房节能改造工程第五标段,0,NULL,中建一局集团第二建筑有限公司,0001010000430002
2966,(2102010557)天津悦海酒店及酒店式公寓一期,0,NULL,中建一局集团第二建筑有限公司,0001010000430002
2962,(1101020055)天津新冠制药二期综合楼,0,NULL,中建一局集团第二建筑有限公司,0001010000430002
2211,(2102010612)科研办公楼等4项工程,0,5,中建一局集团第二建筑有限公司,0001010000430002
2963,(1101020058)哈尔滨卷烟厂,0,NULL,中建一局集团第二建筑有限公司,0001010000430002
147,国海广场A座地下电梯厅改造工程,0,NULL,中建一局集团第二建筑有限公司,0001010000430002
2969,(2102010482)潮白河孔雀城1.2期,0,NULL,中建一局集团第二建筑有限公司,0001010000430002
112644,漳州市南江滨路PPP项目,0,5,中建一局集团第二建筑有限公司,0001010000430002
26816,（2102010806）盈辉中心4-7#研发厂房及地下车库工程,0,NULL,中建一局集团第二建筑有限公司,0001010000430002
10150,塔坛国际商贸城装饰装修工程17标段(二次),0,NULL,中建一局集团第二建筑有限公司,0001010000430002
2255,(1101020051)港中旅沈阳棋盘山欧陆旅游小镇二期2.5、2.6组团总承包工程,0,NULL,中建一局集团第二建筑有限公司,0001010000430002
3976,(2102010644)北京科大天工项目,0,NULL,中建一局集团第二建筑有限公司,0001010000430002
18358,中国机械设备工程股份有限公司总部综合楼抗拔桩工程,0,NULL,中建一局集团第二建筑有限公司,0001010000430002
13147,北京长乐宝苑二期,0,NULL,中建一局集团第二建筑有限公司,0001010000430002
14375,(2102010677)利星行（徐州）奔驰品牌中心,0,NULL,中建一局集团第二建筑有限公司,0001010000430002
15374,北京市外事学校北小楼综合改造工程施工总承包,0,NULL,中建一局集团第二建筑有限公司,0001010000430002
11251,哈尔滨卷烟厂二期项目,0,NULL,中建一局集团第二建筑有限公司,0001010000430002
8156,机械机关服务中心三义西里6号综合整治项目,0,NULL,中建一局集团第二建筑有限公司,0001010000430002
2970,(11010200352)新冠制药化学原料药物产业化项目,0,NULL,中建一局集团第二建筑有限公司,0001010000430002
1231,广西百色,1,NULL,中建一局集团第二建筑有限公司,0001010000430002
1023519,一局二公司莱州区域指挥部,0,4,中建一局集团第二建筑有限公司,0001010000430002
1014437,萧政储出（2019）14号地块.,0,4,中建一局集团第二建筑有限公司,0001010000430002
110964,西咸空港售楼部示范区土建工程,0,NULL,中建一局集团第二建筑有限公司,0001010000430002
25846,电子城股份创E 项目（吉乐店）三标段,0,NULL,中建一局集团第二建筑有限公司,0001010000430002
8586,公司总部战略招标,0,NULL,中建一局集团第二建筑有限公司,0001010000430002
3974,(2102010632)国锐广场项目3A号、3B号、5号楼集中空调（新风加风机盘管）系统工程,0,NULL,中建一局集团第二建筑有限公司,0001010000430002
1134,审计署东城区大洋宜宾31号院2号楼老旧小区综合整治项目,0,NULL,中建一局集团第二建筑有限公司,0001010000430002
3367,(1101020071)吉林松原东镇国际城,0,NULL,中建一局集团第二建筑有限公司,0001010000430002
4097,北京市第八中学分校培训食堂改造工程,0,NULL,中建一局集团第二建筑有限公司,0001010000430002
2965,(2102010480)北京石油化工学院综合实验楼,0,NULL,中建一局集团第二建筑有限公司,0001010000430002
1096798,中节能辛集200MW风电项目,0,2,中建一局集团第二建筑有限公司,0001010000430002
17375,北京科大天工大厦21层贵宾接待区装修工程,0,NULL,中建一局集团第二建筑有限公司,0001010000430002
16392,中汽京田搬迁新址装修改造工程,0,NULL,中建一局集团第二建筑有限公司,0001010000430002
11170,（12010200196）沈北新区国际城配套路网工程-时空东街,0,NULL,中建一局集团第二建筑有限公司,0001010000430002
11169,翠珍斋装修改造工程,0,NULL,中建一局集团第二建筑有限公司,0001010000430002
7157,(A1BC0102BA05)商务办公（朝阳门SOHO中心南区商业加建项目）,0,NULL,中建一局集团第二建筑有限公司,0001010000430002
10151,安全部西苑100号院老旧小区综合整治项目四标段,0,NULL,中建一局集团第二建筑有限公司,0001010000430002
7159,9号学生宿舍楼（北京铁路电气化学校新建9号学生宿舍楼项目）,0,NULL,中建一局集团第二建筑有限公司,0001010000430002
236,徐州苏宁悦城住宅项目,0,NULL,中建一局集团第二建筑有限公司,0001010000430002
1135,万寿路办公楼卫生间改造工程,0,NULL,中建一局集团第二建筑有限公司,0001010000430002
2251,（2102010764）科技交流工作站,0,NULL,中建一局集团第二建筑有限公司,0001010000430002
1083123,河北华电辛集 500MW（二期 200MW）风电项目,1,2,中建一局集团第二建筑有限公司,0001010000430002
1044347,青山绿能智能制造产研基地,0,2,中建一局集团第二建筑有限公司,0001010000430002
1005606,惠东工业园区半导体科技产业园建设项目临时建筑工程,0,4,中建一局集团第二建筑有限公司,0001010000430002
47413,（1101020133）宿州苏宁广场总承包工程,0,NULL,中建一局集团第二建筑有限公司,0001010000430002
22203,（2102010794）商业1#楼,0,NULL,中建一局集团第二建筑有限公司,0001010000430002
15490,（1101020083）鞍山苏宁生活广场,0,NULL,中建一局集团第二建筑有限公司,0001010000430002
16394,黄村西里小区阳台栏板修缮,0,NULL,中建一局集团第二建筑有限公司,0001010000430002
13148,（12010200192）沈北新区国际城配套路网工程-蒲田路,0,NULL,中建一局集团第二建筑有限公司,0001010000430002
2209,(2102010555)人民日报印务中心卷筒纸库工程二期,0,NULL,中建一局集团第二建筑有限公司,0001010000430002
3980,(2202010046)北京协和药厂搬迁改扩建（一期）室外工程,0,NULL,中建一局集团第二建筑有限公司,0001010000430002
811890,大沽北路131号（天津金融城38号地）,NULL,NULL,中建一局集团第二建筑有限公司,0001010000430002
1101444,赣州市章贡区沙石示范镇提升改造项目,1,2,中建一局集团第二建筑有限公司,0001010000430002
1099777,郑州市中原区三环外积水点改造项目,0,5,中建一局集团第二建筑有限公司,0001010000430002
1020966,新星花园三期精装修改扩建工程项目,0,5,中建一局集团第二建筑有限公司,0001010000430002
1018516,北京市密云区遥桥峪村改造项目,0,4,中建一局集团第二建筑有限公司,0001010000430002
94881,浦城县健康体检中心,0,2,中建一局集团第二建筑有限公司,0001010000430002
25264,漳州市南江滨路工程,0,3,中建一局集团第二建筑有限公司,0001010000430002
17377,(2202010049)苏家坨镇东路、镇中街、南一街道路及跨前沙涧沟桥梁工程一标段项目,0,5,中建一局集团第二建筑有限公司,0001010000430002
10865,(2102010658)北京工业职业技术学院图书馆科技楼,0,NULL,中建一局集团第二建筑有限公司,0001010000430002
10396,（2102010720）江阴怡江城三、四期,0,NULL,中建一局集团第二建筑有限公司,0001010000430002
8400,(2102010653)首都医科大学风雨操场新建工程,0,NULL,中建一局集团第二建筑有限公司,0001010000430002
2694,(2102010777)北京市公安局通州分局还建办公楼装修改造项目装修,0,NULL,中建一局集团第二建筑有限公司,0001010000430002
1233,哈尔滨卷烟厂二期,0,NULL,中建一局集团第二建筑有限公司,0001010000430002
3364,(2102010469)无锡市天一城C地块二期南区住宅总承包工程,0,5,中建一局集团第二建筑有限公司,0001010000430002
1014190,宝安工人文化宫,0,NULL,中建一局集团第二建筑有限公司,0001010000430002
95771,浦城县第一批公共设施建设项目设计采购施工（EPC）总承包,0,5,中建一局集团第二建筑有限公司,0001010000430002
16985,2012年直管楼房节能改造工程第五标段,0,NULL,中建一局集团第二建筑有限公司,0001010000430002
18955,（1101020088）幸福孔雀城（1.4期）,0,NULL,中建一局集团第二建筑有限公司,0001010000430002
14648,（12010200224）向塘镇丽湖北大道北延,0,1,中建一局集团第二建筑有限公司,0001010000430002
2250,(1101020073)佳木斯唐人中心,0,NULL,中建一局集团第二建筑有限公司,0001010000430002
2964,1#模具厂房等2项（精密模具研发与生产基地建设项目）,0,NULL,中建一局集团第二建筑有限公司,0001010000430002
3123,北京太阳宫区（太阳星城）B区C#楼加层加建工程,0,NULL,中建一局集团第二建筑有限公司,0001010000430002
813987,巩义市人民医院东区医院项目病房楼-劳务,NULL,NULL,中建一局集团第二建筑有限公司,0001010000430002
90386,研发设计实验大楼,0,5,中建一局集团第二建筑有限公司,0001010000430002
26168,（2102010800）南昌嘉捷鑫源一期工程项目部,0,NULL,中建一局集团第二建筑有限公司,0001010000430002
18357,夏各庄新城5B及1#地块项目,0,5,中建一局集团第二建筑有限公司,0001010000430002
13227,（2102010791)新型总装生产线建设项目-耐压分段制造车间,0,NULL,中建一局集团第二建筑有限公司,0001010000430002
822803,巩义市人民医院东区医院门急诊医技楼建设项目后续工程施工-劳务,0,NULL,中建一局集团第二建筑有限公司,0001010000430002
6143,山西省运城市高铁商务区站前路、学苑路道路工程及站前广场工程,0,NULL,中建一局集团第二建筑有限公司,0001010000430002
1138,(2202010052)江西大唐国际抚州发电有限责任公司2×1000MW机组新建工程厂外补给水管道及施工水源工程,0,5,中建一局集团第二建筑有限公司,0001010000430002
1077146,中航工业雷达所民用航空电子产业化建设项目新建1号民机科研综合大楼,0,2,中建一局集团第二建筑有限公司,0001010000430002
1014837,中建一局集团第二建筑有限公司（总部）,0,5,中建一局集团第二建筑有限公司,0001010000430002
8157,德龙庄园,0,NULL,中建一局集团第二建筑有限公司,0001010000430002
3979,(2102010530)苏州东山精密制造股份有限公司新建厂区工程,0,NULL,中建一局集团第二建筑有限公司,0001010000430002
30492,响水县市民服务中心,0,NULL,中建一局集团第二建筑有限公司,0001010000430002
16391,塔坛国际商贸城商业主楼室内装饰设计,0,NULL,中建一局集团第二建筑有限公司,0001010000430002
7637,沈阳孔雀城3.1期,0,NULL,中建一局集团第二建筑有限公司,0001010000430002
6144,(2202010026)采空棚户区石泉砖厂安置用房地块市政配套工程（规划四街、规划四路、五路、六路）,0,5,中建一局集团第二建筑有限公司,0001010000430002
3975,(2102010646)北京市公安局公安交通管理局三处驻地地源热泵工程,0,NULL,中建一局集团第二建筑有限公司,0001010000430002
1234,（2102010627）天津生态城科技园低碳体验中心工程,0,NULL,中建一局集团第二建筑有限公司,0001010000430002
1029595,阜新中医医院新建项目,0,4,中建一局集团第二建筑有限公司,0001010000430002
842321,大沽北路131号（天津金融城38号地）-劳务,NULL,NULL,中建一局集团第二建筑有限公司,0001010000430002
27949,（1201020030）南江滨路PPP项目部,0,NULL,中建一局集团第二建筑有限公司,0001010000430002
11246,(2102010659)渤海船舶产品研发中心,0,NULL,中建一局集团第二建筑有限公司,0001010000430002
19620,(2102010622)登封市民生医院搬迁扩建工程,0,NULL,中建一局集团第二建筑有限公司,0001010000430002
14136,（A1BC0102BA05)北京市第八中学分校校园文化建设工程,0,NULL,中建一局集团第二建筑有限公司,0001010000430002
12127,广西百色文化科技中心精装修工程,0,NULL,中建一局集团第二建筑有限公司,0001010000430002
8194,(2102010624)北京协和药厂搬迁改扩建工程（二期）,0,NULL,中建一局集团第二建筑有限公司,0001010000430002
7155,奥体南区开元国际广场5号地项目精装修工程,0,NULL,中建一局集团第二建筑有限公司,0001010000430002
7160,（11010200861）南昌县昌南体育中心,0,1,中建一局集团第二建筑有限公司,0001010000430002
10395,(2102010663)无锡宁泰华晨大厦,0,5,中建一局集团第二建筑有限公司,0001010000430002
6140,塔坛国际商贸城（19标段）,0,NULL,中建一局集团第二建筑有限公司,0001010000430002
3977,(2202010026)采空棚户区石泉厂安置用房地块市政配套工程（规划四街、规划四路、五路、六路）,0,NULL,中建一局集团第二建筑有限公司,0001010000430002
3978,(2102010636)中汽4S店,0,NULL,中建一局集团第二建筑有限公司,0001010000430002
2214,北京北箱信发印刷包装技改项目,0,5,中建一局集团第二建筑有限公司,0001010000430002
2252,(2102010625)天津生态城第三社区中心总承包工程,0,5,中建一局集团第二建筑有限公司,0001010000430002
813326,包河区淝河人家拆迁安置复建点施工-劳务,NULL,NULL,中建一局集团第二建筑有限公司,0001010000430002
1083130,河北辛集澳森特钢50MW风电绿电零碳示范项目,1,2,中建一局集团第二建筑有限公司,0001010000430002
17256,(1101020077)明望小区大象国际5栋办公楼,0,NULL,中建一局集团第二建筑有限公司,0001010000430002
11635,(2102010726)铂郡东方住宅建设项目工程,0,NULL,中建一局集团第二建筑有限公司,0001010000430002
17376,朝阳区中小学、幼儿园操场改造（维修）工程二标段,0,NULL,中建一局集团第二建筑有限公司,0001010000430002
14968,安全部西苑100号院老旧小区综合整治项目四标段,0,NULL,中建一局集团第二建筑有限公司,0001010000430002
13228,（2102010697）中医药大学良乡校区东院公共教学楼,0,NULL,中建一局集团第二建筑有限公司,0001010000430002
14137,济南欧亚大观商都工程,0,NULL,中建一局集团第二建筑有限公司,0001010000430002
9163,电子城IT产业园A4厂房配套市政道路及综合管线工程,0,5,中建一局集团第二建筑有限公司,0001010000430002
6223,(1101020080)沈阳孔雀城示范区,0,NULL,中建一局集团第二建筑有限公司,0001010000430002
3216,(1101020066)金泰·苹果乐园,0,5,中建一局集团第二建筑有限公司,0001010000430002
7405,丹东德丰时代广场项目部,0,NULL,中建一局集团第二建筑有限公司,0001010000430002
3173,(2102010637)朝阳常营十里堡（2011）项目（内部）,0,5,中建一局集团第二建筑有限公司,0001010000430002
3124,(2202010046)北京协和药厂搬迁改扩建室外工程项目,0,5,中建一局集团第二建筑有限公司,0001010000430002
2967,(2102010613)环氧胶胶粘剂及生产厂房等工程,0,NULL,中建一局集团第二建筑有限公司,0001010000430002
2207,(2102010645)A4工业厂房、A4厂房地下车库及坡道,0,5,中建一局集团第二建筑有限公司,0001010000430002
396,（2102010702）C919大型客机全机静力/疲劳试验室及配套设施,0,NULL,中建一局集团第二建筑有限公司,0001010000430002
1085490,佛山南海医院西侧商业地块项目施工总承包（颐康里大厦）,0,4,中建一局集团第二建筑有限公司,0001010000430002
58253,（2102010767）西安中航623所301号全机静力/疲劳综合试验厂房,0,5,中建一局集团第二建筑有限公司,0001010000430002
26169,（2102010799）南昌平安普德一期工程项目,0,NULL,中建一局集团第二建筑有限公司,0001010000430002
16740,延吉万达广场,0,4,中建一局集团第二建筑有限公司,0001010000430002
18470,中国运载火箭技术研究院201a号总装测试厂房,0,5,中建一局集团第二建筑有限公司,0001010000430002
12128,（11010200862）南昌县室内体育馆,0,NULL,中建一局集团第二建筑有限公司,0001010000430002
13146,北京市朝阳区国家税务局第五税务所综合业务办公用房维修改造,0,NULL,中建一局集团第二建筑有限公司,0001010000430002
10152,（12010200193）沈北新区国际城配套路网工程-纬十三路,0,5,中建一局集团第二建筑有限公司,0001010000430002
9160,基础设施改造-动物实验室改造工程项目,0,NULL,中建一局集团第二建筑有限公司,0001010000430002
3365,(2102010560)椿中岛机械(太仓)有限公司三期工程,0,5,中建一局集团第二建筑有限公司,0001010000430002
2454,(1101020047)中国检验检疫研究院综合科研楼,0,NULL,中建一局集团第二建筑有限公司,0001010000430002
3125,（12010200194）沈北新区国际城配套路网工程-纬七路,0,NULL,中建一局集团第二建筑有限公司,0001010000430002
1047232,苏州工业园区邻里中心东沙湖邻里中心土建工程,0,5,中建一局集团第二建筑有限公司,0001010000430002
27203,幸福孔雀城4.1期设备用房,0,NULL,中建一局集团第二建筑有限公司,0001010000430002
16390,北京市十三中分校翻扩建工程,0,NULL,中建一局集团第二建筑有限公司,0001010000430002
18381,2013年朝阳区直管公房抗震节能综合改造工程第二标段,0,NULL,中建一局集团第二建筑有限公司,0001010000430002
20056,北京京内各项目,1,5,中建一局集团第二建筑有限公司,0001010000430002
11868,（1101020057）中国少年儿童科技培训基地,0,NULL,中建一局集团第二建筑有限公司,0001010000430002
9410,兰州新区保税区综合楼,0,NULL,中建一局集团第二建筑有限公司,0001010000430002
7243,(1101020079)荣安广场J区商住楼及地下车库,0,NULL,中建一局集团第二建筑有限公司,0001010000430002
1136,(A1BC0102BA05)K3项目新增业务需求工程,0,NULL,中建一局集团第二建筑有限公司,0001010000430002
3587,幸福孔雀城4.1期施工总承包工程,0,NULL,中建一局集团第二建筑有限公司,0001010000430002
3366,夏各庄新城5B及1#地块项目21,0,5,中建一局集团第二建筑有限公司,0001010000430002
1080988,河北华电辛集500MW（一期200MW）风电项目,0,2,中建一局集团第二建筑有限公司,0001010000430002
112634,廊坊市麦洼家园项目4#地总承包工程,0,4,中建一局集团第二建筑有限公司,0001010000430002
51702,泸州市二环路（高新区A段）（高新区B段）PPP项目,0,NULL,中建一局集团第二建筑有限公司,0001010000430002
19409,(1101020037)92301部队营特建工程三标段,0,5,中建一局集团第二建筑有限公司,0001010000430002
18409,（2102010794）沈阳运通宝马汽车4s店项目,0,NULL,中建一局集团第二建筑有限公司,0001010000430002
12837,门头沟区永定镇苛罗坨等村三定三限安置房,0,NULL,中建一局集团第二建筑有限公司,0001010000430002
7409,（2102010721）北京市西城区鸭子桥路10号院3号楼、4号楼装修改造工程,0,NULL,中建一局集团第二建筑有限公司,0001010000430002
9161,西城区校舍安全工程第5标段（外国语实验学校及青年湖小学）项目,0,NULL,中建一局集团第二建筑有限公司,0001010000430002
9162,（12010200191）沈北新区国际城配套路网工程-盛京大街,0,NULL,中建一局集团第二建筑有限公司,0001010000430002
7156,中国人民银行机关事务管理局南口中水处理站工程,0,NULL,中建一局集团第二建筑有限公司,0001010000430002
6141,北京市第四中学国际部校区教学楼修缮工程,0,NULL,中建一局集团第二建筑有限公司,0001010000430002
2968,京津地区各项目,1,5,中建一局集团第二建筑有限公司,0001010000430002
2247,(1101020070)武警医学院新校区三标段,0,NULL,中建一局集团第二建筑有限公司,0001010000430002
2216,(2102010638)医药及生物工程自动化一车间等6项,0,5,中建一局集团第二建筑有限公司,0001010000430002
1041593,深圳市海洋新兴产业基地项目配套设施及健康驿站（一期）工程EPC总承包（二标段）,0,4,中建一局集团第二建筑有限公司华南分公司,00010100004300020057
1022052,翰林华庭集中商业（售楼处）施工总承包工程,0,1,中建一局集团第二建筑有限公司华南分公司,00010100004300020057
111377,太子湾泓玺大厦项目施工总承包工程,0,NULL,中建一局集团第二建筑有限公司华南分公司,00010100004300020057
109751,苍海项目半岛核心区道路工程EPC项目（天水路等8条道路）,0,NULL,中建一局集团第二建筑有限公司华南分公司,00010100004300020057
1099927,永乐路(下岭排路一现状水泰路)工程,0,1,中建一局集团第二建筑有限公司华南分公司,00010100004300020057
1021704,英纳能特种防护材料珠海产研生态基地建设项目（一期）,0,4,中建一局集团第二建筑有限公司华南分公司,00010100004300020057
28487,深圳国际会展中心,0,5,中建一局集团第二建筑有限公司华南分公司,00010100004300020057
1085928,景旺电子科技(珠海)有限公司高密度线路板 扩建项目施工总承包工程,0,2,中建一局集团第二建筑有限公司华南分公司,00010100004300020057
1062137,亚太食品产业园,0,4,中建一局集团第二建筑有限公司华南分公司,00010100004300020057
995461,大空港片区国际会展中心配套商业用地03-02地块(宗地号A222-0278）施工总承包工程,0,5,中建一局集团第二建筑有限公司华南分公司,00010100004300020057
96757,宝城34-2片区城市更新单元（东片区）施工总承包工程,0,NULL,中建一局集团第二建筑有限公司华南分公司,00010100004300020057
1015768,梅州市人民医院医学科学院管线迁移工程,0,NULL,中建一局集团第二建筑有限公司华南分公司,00010100004300020057
1003177,梅州市医学科学院大楼建设工程项目,0,5,中建一局集团第二建筑有限公司华南分公司,00010100004300020057
3212,(1101020062)百色市龙景区新建初中,0,5,中建一局集团第二建筑有限公司华南分公司,00010100004300020057
815373,横琴万象世界项目（一期）主体工程-劳务,NULL,NULL,中建一局集团第二建筑有限公司华南分公司,00010100004300020057
1027840,景嘉智能制造大厦项目土建总承包工程,0,NULL,中建一局集团第二建筑有限公司华南分公司,00010100004300020057
1021940,儋州市市级粮食储备库建设项目,0,5,中建一局集团第二建筑有限公司华南分公司,00010100004300020057
22201,翠微中里等社区环境整治工程,0,NULL,中建一局集团第二建筑有限公司华南分公司,00010100004300020057
2258,(2102010671)亦庄新城实业公司厂房,0,NULL,中建一局集团第二建筑有限公司华南分公司,00010100004300020057
1055011,深中通道沿线综合整治工程（EPC）,0,4,中建一局集团第二建筑有限公司华南分公司,00010100004300020057
1027903,虹海研发大楼城市更新单元项目主体工程,0,NULL,中建一局集团第二建筑有限公司华南分公司,00010100004300020057
1004371,和超高装超导腔项目施工总承包工程,0,5,中建一局集团第二建筑有限公司华南分公司,00010100004300020057
111378,太子湾望海大厦项目施工总承包工程,0,NULL,中建一局集团第二建筑有限公司华南分公司,00010100004300020057
90932,南头城小学拆除重建工程施工总承包工程,0,4,中建一局集团第二建筑有限公司华南分公司,00010100004300020057
82952,徐闻阳光海岸鼎龙天海湾项目,0,4,中建一局集团第二建筑有限公司华南分公司,00010100004300020057
817764,龙华区中心医院扩建工程-劳务,0,NULL,中建一局集团第二建筑有限公司华南分公司,00010100004300020057
1015290,南山医院改扩建（二期一段）医疗工艺及净化系统设备采购及安装I标段装饰装修工程,0,5,中建一局集团第二建筑有限公司华南分公司,00010100004300020057
1001577,申通（孝感）智慧物流电商产业园项目,0,NULL,中建一局集团第二建筑有限公司华南分公司,00010100004300020057
80751,南宁市教育局直属第一幼儿园项目工程总承包（EPC）,0,2,中建一局集团第二建筑有限公司华南分公司,00010100004300020057
22202,中国卫通怀来地球站项目一期工程,0,NULL,中建一局集团第二建筑有限公司华南分公司,00010100004300020057
1102949,新睿府主体工程项目,0,4,中建一局集团第二建筑有限公司华南分公司,00010100004300020057
1015897,会展湾里岸广场人行天桥工程,0,11,中建一局集团第二建筑有限公司华南分公司,00010100004300020057
102764,美丽之冠海峡国际旅游城1-3#地块总承包工程,0,NULL,中建一局集团第二建筑有限公司华南分公司,00010100004300020057
104885,融创华南区域湾区西岸公司湛江徐闻海悦假日花园项目一期总承包工程,0,4,中建一局集团第二建筑有限公司华南分公司,00010100004300020057
82030,中国卫通中星18号卫星Ka地面应用系统怀来信关站天线基础工程,0,NULL,中建一局集团第二建筑有限公司华南分公司,00010100004300020057
1374,厦门鼎丰国际广场,0,NULL,中建一局集团第二建筑有限公司华南分公司,00010100004300020057
238,(2102010784)华能北京热电厂新建燃气热电机组项目,0,4,中建一局集团第二建筑有限公司华南分公司,00010100004300020057
1024104,海灏生物创新港1-2#厂房及地下室施工总承包工程,0,4,中建一局集团第二建筑有限公司华南分公司,00010100004300020057
98983,深港科技创新合作区（B105-0042、B105-0119）地基基础工程,0,4,中建一局集团第二建筑有限公司华南分公司,00010100004300020057
65369,深圳书城龙华城,0,NULL,中建一局集团第二建筑有限公司华南分公司,00010100004300020057
46091,（1101020124）深圳特别合作区文体中心项目,0,5,中建一局集团第二建筑有限公司华南分公司,00010100004300020057
16813,鼓楼区江东软件城D04、D05地块,0,NULL,中建一局集团第二建筑有限公司华南分公司,00010100004300020057
2256,（2102010753）京台嘉苑项目部,0,NULL,中建一局集团第二建筑有限公司华南分公司,00010100004300020057
2257,(2102010634)卡森J座生产研发楼工程,0,NULL,中建一局集团第二建筑有限公司华南分公司,00010100004300020057
1099766,沙田镇体育北路、站前路项目,1,1,中建一局集团第二建筑有限公司华南分公司,00010100004300020057
1069788,颐康里大厦项目,0,5,中建一局集团第二建筑有限公司华南分公司,00010100004300020057
1002638,宝安区工人文化宫（工人〈职工〉服务中心）建设工程,0,NULL,中建一局集团第二建筑有限公司华南分公司,00010100004300020057
15842,三明万达广场,0,4,中建一局集团第二建筑有限公司华南分公司,00010100004300020057
820176,南头城小学拆除重建工程施工总承包工程-劳务,0,NULL,中建一局集团第二建筑有限公司华南分公司,00010100004300020057
3373,(1101020065)南京江东软件城ITO园区E06地块,0,NULL,中建一局集团第二建筑有限公司华南分公司,00010100004300020057
1072860,罗田洁净装修机电工程,0,5,中建一局集团第二建筑有限公司华南分公司,00010100004300020057
1054221,广交会展馆四期展馆扩建项目施工总承包登录厅机电专业分包工程,0,4,中建一局集团第二建筑有限公司华南分公司,00010100004300020057
1017676,马田南庄股份合作公司2009-61M-0003号非农建设用地开发建设项目,0,2,中建一局集团第二建筑有限公司华南分公司,00010100004300020057
1004509,福永街道凤凰学校地下停车场新建工程,0,NULL,中建一局集团第二建筑有限公司华南分公司,00010100004300020057
103204,澳中致远火炬创新园维修项目,0,4,中建一局集团第二建筑有限公司华南分公司,00010100004300020057
97182,中国卫通怀来地球站基础设施项目一期工程（主机房及配套工程）电缆隧道工程,0,4,中建一局集团第二建筑有限公司华南分公司,00010100004300020057
2249,(1101020069)中国卫星通信大厦,0,NULL,中建一局集团第二建筑有限公司华南分公司,00010100004300020057
815926,深汕特别合作区文体中心-劳务,0,NULL,中建一局集团第二建筑有限公司华南分公司,00010100004300020057
1060526,中山大学附属第五医院珠澳转化医学中心及珠澳转化医学研究院建设项目,0,5,中建一局集团第二建筑有限公司华南分公司,00010100004300020057
1053786,华南师范大学石牌校园产业大楼装修修缮工程,0,4,中建一局集团第二建筑有限公司华南分公司,00010100004300020057
1043083,罗田地块（A426-0467）项目设计采购施工总承包（EPC）第Ⅱ标段,0,2,中建一局集团第二建筑有限公司华南分公司,00010100004300020057
1024493,广西来宾市中冷农产品冷链物流园项目,0,5,中建一局集团第二建筑有限公司华南分公司,00010100004300020057
1013072,梅州市医学科学院大楼建设工程,0,NULL,中建一局集团第二建筑有限公司华南分公司,00010100004300020057
98377,深圳市眼科医院改造工程项目施工总承包工程,0,4,中建一局集团第二建筑有限公司华南分公司,00010100004300020057
65196,龙华新区中心医院扩建施工总承包工程,0,5,中建一局集团第二建筑有限公司华南分公司,00010100004300020057
30925,（1101020126）珠海横琴万象世界项目1期总承包工程,0,NULL,中建一局集团第二建筑有限公司华南分公司,00010100004300020057
814014,深圳国际会展中心（一期）施工总承包工程-劳务,NULL,NULL,中建一局集团第二建筑有限公司华南分公司,00010100004300020057
1072636,珠海景旺新建二期厂房建设项目土建总承包工程,0,5,中建一局集团第二建筑有限公司华南分公司,00010100004300020057
101102,国维中央广场一区项目（北区）工程,0,4,中建一局集团第二建筑有限公司华南分公司,00010100004300020057
14219,(2102010664)中航工业规划建设科研楼,0,NULL,中建一局集团第二建筑有限公司华南分公司,00010100004300020057
1068635,江门市高新区15号地“工改工”宗地项目勘察设计施工总承包项目,0,2,中建一局集团第二建筑有限公司华南分公司,00010100004300020057
30349,（1101020120）贵港市园博园棚户区改造项目（第一安置区北区）工程,0,NULL,中建一局集团第二建筑有限公司华南分公司,00010100004300020057
16379,（2102010650）中材6#先进复合材料厂房等12项,0,NULL,中建一局集团第二建筑有限公司华南分公司,00010100004300020057
819358,阳光海岸鼎龙天海湾一期住宅工程-劳务,0,NULL,中建一局集团第二建筑有限公司华南分公司,00010100004300020057
3374,(1101020059)南京江东软件城,0,NULL,中建一局集团第二建筑有限公司华南分公司,00010100004300020057
1083337,景旺电子科技(珠海)有限公司高密度线路板扩建项目桩基工程,0,5,中建一局集团第二建筑有限公司华南分公司,00010100004300020057
1082838,新桥街道新二社区土地整备利益统筹项目03-03地块地基与基础工程,0,5,中建一局集团第二建筑有限公司华南分公司,00010100004300020057
1065999,深圳中学深汕学校（九年一贯制）项目施工总承包,0,5,中建一局集团第二建筑有限公司华南分公司,00010100004300020057
992879,国维中央广场二区项目,0,4,中建一局集团第二建筑有限公司华南分公司,00010100004300020057
32051,校园环境整改项目,0,NULL,中建一局集团第二建筑有限公司华南分公司,00010100004300020057
1022189,北京大学深圳医院深汕医院项目施工总承包工程,1,1,中建一局集团第二建筑有限公司华南分公司,00010100004300020057
1013035,一局二公司广东分公司办公室装修项目,0,4,中建一局集团第二建筑有限公司华南分公司,00010100004300020057
90529,惠州市五矿·哈施塔特项目四期一区高层二标段总承包工程,0,4,中建一局集团第二建筑有限公司华南分公司,00010100004300020057
4161,(2102010667)技术支持中心等4项,0,NULL,中建一局集团第二建筑有限公司华南分公司,00010100004300020057
1065306,文旅·嘉信广场（A 座、B 座）项目,0,5,中建一局集团第二建筑有限公司西北分公司,000101000043000299be
20571,塔坛国际商贸城装饰装修工程,0,5,中建一局集团第二建筑有限公司西北分公司,000101000043000299be
20524,万寿路办公楼卫生间改造工程,0,NULL,中建一局集团第二建筑有限公司西北分公司,000101000043000299be
814043,国机集团西部研发中心,0,NULL,中建一局集团第二建筑有限公司西北分公司,000101000043000299be
1019580,紫阳县人民医院门诊医技楼建设项目施工,0,5,中建一局集团第二建筑有限公司西北分公司,000101000043000299be
1014716,天门市万林小学项目,0,NULL,中建一局集团第二建筑有限公司西北分公司,000101000043000299be
1010776,青海烟草物流中心建设项目工程施工总承包,0,5,中建一局集团第二建筑有限公司西北分公司,000101000043000299be
825958,西北工业大学长安校区军工素质教育实践中心建设项目-劳务,NULL,NULL,中建一局集团第二建筑有限公司西北分公司,000101000043000299be
821149,西宁市地下综合管廊建设工程二标段-劳务,NULL,NULL,中建一局集团第二建筑有限公司西北分公司,000101000043000299be
989638,西北工业大学长安校区海天苑大楼项目,0,5,中建一局集团第二建筑有限公司西北分公司,000101000043000299be
97703,西宁市地下综合管廊建设工程二标段,0,NULL,中建一局集团第二建筑有限公司西北分公司,000101000043000299be
20304,银川市地下综合管廊及配套基础设施PPP项目一标段,0,3,中建一局集团第二建筑有限公司西北分公司,000101000043000299be
18319,林肯公园,0,5,中建一局集团第二建筑有限公司西北分公司,000101000043000299be
814337,银川滨河恒意纤维新材料有限公司年产12万吨高性能差别化氨纶纤维项目（车间四及辅助设施）,0,NULL,中建一局集团第二建筑有限公司西北分公司,000101000043000299be
1010777,年产35万吨液体奶乳制品项目建筑工程施工总承包工程,0,5,中建一局集团第二建筑有限公司西北分公司,000101000043000299be
56917,西宁市宁大路道路综合提升改造及地下综合管廊建设工程,0,5,中建一局集团第二建筑有限公司西北分公司,000101000043000299be
1094361,2025年度共和盆地沙漠化防治及草原生态修复治理三江集团项目,0,5,中建一局集团第二建筑有限公司西北分公司,000101000043000299be
1063732,康县阳坝山泉水生产基地项目附属工程,0,5,中建一局集团第二建筑有限公司西北分公司,000101000043000299be
1014333,康县阳坝供水工程（一期）项目,0,5,中建一局集团第二建筑有限公司西北分公司,000101000043000299be
110770,内蒙古农业大学东、西校区学生公寓维修改造工程,0,5,中建一局集团第二建筑有限公司西北分公司,000101000043000299be
67852,西咸新区空港新城沣泾大道（南环路-福银高速）立交左转匝道工程,0,4,中建一局集团第二建筑有限公司西北分公司,000101000043000299be
11870,西宁市城市地下综合管廊建设工程二标段,0,4,中建一局集团第二建筑有限公司西北分公司,000101000043000299be
1065859,青海警官职业学院新校区 （涉藏州县警务技能人才教学实训 用房）建设项目,0,5,中建一局集团第二建筑有限公司西北分公司,000101000043000299be
2860,(2102010641)新一代运载火箭产业化基地项目—201a总装测试厂房工程,0,5,中建一局集团第二建筑有限公司西北分公司,000101000043000299be
100892,西宁市多巴污水处理厂项目,0,1,中建一局集团第二建筑有限公司西北分公司,000101000043000299be
25266,宁波中科绿色电力有限公司综合楼、办公楼及集控楼部分装饰装修工程,0,5,中建一局集团第二建筑有限公司西北分公司,000101000043000299be
99029,西宁市昆仑路快速化改造项目海湖路跨线桥工程,0,4,中建一局集团第二建筑有限公司西北分公司,000101000043000299be
91903,乐都区瞿昙镇徐家台小学建设项目,0,NULL,中建一局集团第二建筑有限公司西北分公司,000101000043000299be
50611,（1101020134）国机集团西部研发中心,0,5,中建一局集团第二建筑有限公司西北分公司,000101000043000299be
56890,西宁市地下综合管廊二期建设工程I标段,0,5,中建一局集团第二建筑有限公司西北分公司,000101000043000299be
25277,年产12万吨高性能差别化氨纶纤维项目（二期）项目部,0,4,中建一局集团第二建筑有限公司西北分公司,000101000043000299be
817718,申基金融广场项目1-5#楼新建工程、车库新建工程、园林景观小市政、15#楼及公寓楼精装修施工工程-劳务,NULL,NULL,中建一局集团第二建筑有限公司西北分公司,000101000043000299be
1092344,哈密市伊吾县新疆能源化工技工学校教学实训楼、宿舍楼建设项目一标段,0,5,中建一局集团第二建筑有限公司西北分公司,000101000043000299be
1010106,伊州区2022年老旧小区改造建设项目-东河西河片区,0,5,中建一局集团第二建筑有限公司西北分公司,000101000043000299be
1001123,京山农场项目核心区土建总承包工程,0,5,中建一局集团第二建筑有限公司西北分公司,000101000043000299be
1000194,山西中兵铸造有限公司有色金属铸造基地工程,0,5,中建一局集团第二建筑有限公司西北分公司,000101000043000299be
992233,西安宜家购物中心项目（一期）,0,5,中建一局集团第二建筑有限公司西北分公司,000101000043000299be
9855,（2102010665）宁河县潘庄示范小城镇农民安置房工程一期一标段,0,NULL,中建一局集团第二建筑有限公司西北分公司,000101000043000299be
991934,天门万林小学项目总承包工程,0,5,中建一局集团第二建筑有限公司西北分公司,000101000043000299be
109785,邯钢老区搬迁涉县场平项目土石方工程二标段,0,NULL,中建一局集团第二建筑有限公司西北分公司,000101000043000299be
1018108,申基金融广场项目15#楼加固施工工程,0,5,中建一局集团第二建筑有限公司西北分公司,000101000043000299be
1011746,青海烟草物流中心建设项目施工工程,0,NULL,中建一局集团第二建筑有限公司西北分公司,000101000043000299be
25953,兰州国际港务区物流信息中心（陆港联检中心）EPC总承包项目,0,NULL,中建一局集团第二建筑有限公司西北分公司,000101000043000299be
1076242,浙能武威2X1000MW调峰火电机组工程厂前区建筑工程,0,5,中建一局集团第二建筑有限公司西北分公司,000101000043000299be
1029459,山河阅,0,NULL,中建一局集团第二建筑有限公司西北分公司,000101000043000299be
112522,杨凌万达广场城市综合体项目,0,5,中建一局集团第二建筑有限公司西北分公司,000101000043000299be
1022362,阳坝山泉水生产基地项目施工（第一标段）,0,5,中建一局集团第二建筑有限公司西北分公司,000101000043000299be
96162,乐都区瞿昙镇徐家台小学附属工程建设项目,0,4,中建一局集团第二建筑有限公司西北分公司,000101000043000299be
81317,申基金融广场,0,2,中建一局集团第二建筑有限公司西北分公司,000101000043000299be
5478,（1101020110）年产12万吨高性能差别化氨纶纤维项目,0,4,中建一局集团第二建筑有限公司西北分公司,000101000043000299be
819213,西宁市地下综合管廊二期建设工程（Ⅰ标段）-劳务,0,NULL,中建一局集团第二建筑有限公司西北分公司,000101000043000299be
1063733,康县阳坝山泉水生产基地项目,0,4,中建一局集团第二建筑有限公司西北分公司,000101000043000299be
1006685,埃顿西安高端汽车零部件产业基地项目,0,5,中建一局集团第二建筑有限公司西北分公司,000101000043000299be
994500,西宁市地下综合管廊建设项目（二期）四号路北段,0,5,中建一局集团第二建筑有限公司西北分公司,000101000043000299be
101101,西北工业大学长安校区军工素质教育实践中心建设项目施工,0,4,中建一局集团第二建筑有限公司西北分公司,000101000043000299be
821297,西宁市宁大路道路综合提升改造及地下综合管廊建设工程-劳务,0,NULL,中建一局集团第二建筑有限公司西北分公司,000101000043000299be
1102512,巴里坤县朝阳路至规划路建设项目（施工）,0,5,中建一局集团第二建筑有限公司西北分公司,000101000043000299be
1085042,榆林黄河东线马镇引水清水园配套水厂及管线工程N2标段,0,5,中建一局集团第二建筑有限公司西北分公司,000101000043000299be
103908,银川滨河新区景城安置区建设项目E地块,0,4,中建一局集团第二建筑有限公司西北分公司,000101000043000299be
92490,海东市市政道路工程二标段（文教路）施工工程,0,NULL,中建一局集团第二建筑有限公司西北分公司,000101000043000299be
44755,瞿昙镇新镇区建迁项目,0,NULL,中建一局集团第二建筑有限公司西北分公司,000101000043000299be
825919,西宁市多巴污水处理厂项目-劳务,NULL,NULL,中建一局集团第二建筑有限公司西北分公司,000101000043000299be
815449,银川市地下综合管廊及配套基础设施PPP项目I标段,NULL,NULL,中建一局集团第二建筑有限公司西北分公司,000101000043000299be
813746,瞿昙镇新镇区建迁项目-劳务,NULL,NULL,中建一局集团第二建筑有限公司西北分公司,000101000043000299be
1001436,一局二公司陕西分公司,0,5,中建一局集团第二建筑有限公司西北分公司,000101000043000299be
11869,(2102010665)潘庄示范小城镇农民安置房项目一期工程,0,NULL,中建一局集团第二建筑有限公司西北分公司,000101000043000299be
96379,徐州机场迁建工程三标段工程施工,0,4,中建一局集团第二建筑有限公司第一事业部,000101000043000299bj
3714,(11010200756)即墨开发区蓝色公共服务大厅,0,NULL,中建一局集团第二建筑有限公司第一事业部,000101000043000299bj
3210,(2102010615)无锡苏宁置业太湖新城住宅项目,0,NULL,中建一局集团第二建筑有限公司第一事业部,000101000043000299bj
12728,(12010200164)即墨开发区核心区道路路网一期旺山路,0,NULL,中建一局集团第二建筑有限公司第一事业部,000101000043000299bj
992069,无锡数据湖产业园项目一期EPC工程总承包项目,1,2,中建一局集团第二建筑有限公司第一事业部,000101000043000299bj
65443,红星国际广场A地块商业购物中心项目,0,NULL,中建一局集团第二建筑有限公司第一事业部,000101000043000299bj
10754,(12010200167)即墨开发区成山卫路,0,NULL,中建一局集团第二建筑有限公司第一事业部,000101000043000299bj
30921,平舆县车舆文化博物馆,0,3,中建一局集团第二建筑有限公司第一事业部,000101000043000299bj
826498,测试测试项目,NULL,NULL,中建一局集团第二建筑有限公司第一事业部,000101000043000299bj
16258,即墨蓝色新区学校工程,0,1,中建一局集团第二建筑有限公司第一事业部,000101000043000299bj
820078,红星国际广场A地块商住小区商业购物中心-劳务,0,NULL,中建一局集团第二建筑有限公司第一事业部,000101000043000299bj
1232,(2102010654)苏州平江新城苏宁电器广场,0,NULL,中建一局集团第二建筑有限公司第一事业部,000101000043000299bj
1014253,玖龙废纸原料采购结算总部暨再生资源交易中心项目、海口玖龙项目,0,NULL,中建一局集团第二建筑有限公司第一事业部,000101000043000299bj
36412,（2102010820）易华录A区,0,NULL,中建一局集团第二建筑有限公司第一事业部,000101000043000299bj
825478,徐州机场迁建工程三标段工程,0,NULL,中建一局集团第二建筑有限公司第一事业部,000101000043000299bj
11744,(11010200751)即墨蓝色新区市民文化中心工程,0,NULL,中建一局集团第二建筑有限公司第一事业部,000101000043000299bj
11745,(12010200165)即墨开发区核心区道路路网一期龙泉湖公园,0,NULL,中建一局集团第二建筑有限公司第一事业部,000101000043000299bj
9854,即墨开发区宁海卫路,0,NULL,中建一局集团第二建筑有限公司第一事业部,000101000043000299bj
8852,即墨蓝色新区房建,1,NULL,中建一局集团第二建筑有限公司第一事业部,000101000043000299bj
3211,(1101020048)无锡苏宁广场,0,NULL,中建一局集团第二建筑有限公司第一事业部,000101000043000299bj
3209,(1101020056)无锡苏宁广场地上,0,NULL,中建一局集团第二建筑有限公司第一事业部,000101000043000299bj
823837,门头沟区永定镇岢罗坨、秋坡、石佛村06-1#~19#住宅楼等项目-劳务,0,NULL,中建一局集团第二建筑有限公司第一事业部,000101000043000299bj
7867,(11010200759)即墨蓝色新区实验学校工程,0,NULL,中建一局集团第二建筑有限公司第一事业部,000101000043000299bj
820501,招商莱顿小镇3#地块工程项目-劳务,0,NULL,中建一局集团第二建筑有限公司第一事业部,000101000043000299bj
8851,即墨开发区海宁卫路,0,NULL,中建一局集团第二建筑有限公司第一事业部,000101000043000299bj
1014245,鑫源一品小区1-9#楼住宅,0,NULL,中建一局集团第二建筑有限公司第一事业部,000101000043000299bj
92778,中加生态示范区四组团项目(临海新城08-05-44-01/02/03地块)施工总承包工程,0,NULL,中建一局集团第二建筑有限公司第一事业部,000101000043000299bj
10753,(12010200162)即墨开发区核心区道路路网一期龙山西路,0,NULL,中建一局集团第二建筑有限公司第一事业部,000101000043000299bj
7866,(11010200757)即墨开发区文化广场,0,NULL,中建一局集团第二建筑有限公司第一事业部,000101000043000299bj
17232,(12010200181)即墨开发区盟旺山公园,0,NULL,中建一局集团第二建筑有限公司第一事业部,000101000043000299bj
16256,(12010200161)即墨开发区核心区道路路网一期龙山路,0,NULL,中建一局集团第二建筑有限公司第一事业部,000101000043000299bj
3715,即墨蓝色新区,0,NULL,中建一局集团第二建筑有限公司第一事业部,000101000043000299bj
1014247,废纸替代原料技改项目玖龙纸业（重庆）项目,0,NULL,中建一局集团第二建筑有限公司第一事业部,000101000043000299bj
97685,中加生态示范区四组团项目(临海新城08-05-44-01地块、临海新城08-05-44-02地块、临海新城08-05-44-03地块）施工总承包工程,0,NULL,中建一局集团第二建筑有限公司第一事业部,000101000043000299bj
18233,即墨蓝色新区商业街,0,NULL,中建一局集团第二建筑有限公司第一事业部,000101000043000299bj
823821,徐州易华录淮海数据湖基础设施建设项目,0,NULL,中建一局集团第二建筑有限公司第一事业部,000101000043000299bj
7743,(11010200752)即墨蓝色新区会议会展中心工程,0,3,中建一局集团第二建筑有限公司第一事业部,000101000043000299bj
1023556,鹿邑县中心城区道路提升改造工程（2022年新区路网建设）项目,0,NULL,中建一局集团第二建筑有限公司第一事业部,000101000043000299bj
991156,中央团校教室宿舍等基础设施改造项目,0,NULL,中建一局集团第二建筑有限公司第一事业部,000101000043000299bj
14747,(12010200168)即墨开发区观海卫路,0,NULL,中建一局集团第二建筑有限公司第一事业部,000101000043000299bj
813549,年产10万台套智能交通配套设备项目B区-劳务,NULL,NULL,中建一局集团第二建筑有限公司第一事业部,000101000043000299bj
10864,即墨开发区鳌山卫路,0,NULL,中建一局集团第二建筑有限公司第一事业部,000101000043000299bj
10751,(11010200754)即墨蓝色新区市委党校项目,0,NULL,中建一局集团第二建筑有限公司第一事业部,000101000043000299bj
9752,(12010200161)即墨开发区核心区道路路网一期,1,NULL,中建一局集团第二建筑有限公司第一事业部,000101000043000299bj
3836,（1201020016）即墨省级经济开发区蓝色新区核心区道路路网工程,0,NULL,中建一局集团第二建筑有限公司第一事业部,000101000043000299bj
2248,（2102010706）包头苏宁广场,0,NULL,中建一局集团第二建筑有限公司第一事业部,000101000043000299bj
814352,平舆县中国车舆文化园-劳务,NULL,NULL,中建一局集团第二建筑有限公司第一事业部,000101000043000299bj
109549,年产10万台套智能交通配套设备项目B区装饰装修工程,0,1,中建一局集团第二建筑有限公司第一事业部,000101000043000299bj
109551,年产10万台套智能交通配套设备项目B区2#楼改扩建工程,0,5,中建一局集团第二建筑有限公司第一事业部,000101000043000299bj
11244,(2102010695)无锡苏宁置业太湖新城住宅D地块,0,NULL,中建一局集团第二建筑有限公司第一事业部,000101000043000299bj
821315,中加生态示范区四组团项目(临海新城08-05-44-01地块、临海新城08-05-44-02地块、临海新城08-05-44-03地块）施工总承包工程-劳务,NULL,NULL,中建一局集团第二建筑有限公司第一事业部,000101000043000299bj
864,即墨开发区灵山卫路,0,NULL,中建一局集团第二建筑有限公司第一事业部,000101000043000299bj
13226,（1101020108）天津易华录项目B区,0,NULL,中建一局集团第二建筑有限公司第一事业部,000101000043000299bj
10752,(12010200166)即墨开发区威海卫路,0,NULL,中建一局集团第二建筑有限公司第一事业部,000101000043000299bj
7745,(12010200163)即墨开发区核心区道路路网一期龙山东路,0,NULL,中建一局集团第二建筑有限公司第一事业部,000101000043000299bj
817428,门急诊医技病房综合楼（医疗用房）等8项（中国医学科学院整形外科医院改扩建工程（I期））-劳务,0,NULL,中建一局集团第二建筑有限公司第一事业部,000101000043000299bj
1014196,北京市昌平区2021年老旧小区综合整治工程——回龙观,0,NULL,中建一局集团第二建筑有限公司第一事业部,000101000043000299bj
16257,即墨蓝色新区市委党校项目,0,NULL,中建一局集团第二建筑有限公司第一事业部,000101000043000299bj
34245,包河区淝河人家拆迁安置复建点施工,0,5,中建一局集团第二建筑有限公司第一事业部,000101000043000299bj
15235,（1201020016A）即墨省级经济开发区蓝色新区核心区道路路网工程-靖海卫路,0,NULL,中建一局集团第二建筑有限公司第一事业部,000101000043000299bj
1075495,新能源产业园建设项目一期(EPC)建设工程项目（13号地块）,0,2,中建一局集团（山东）建设有限公司,000101000043000299bm
1018590,岙东路改扩建项目（一期）暂估价工程,1,5,中建一局集团（山东）建设有限公司,000101000043000299bm
1071340,岚山区新能源产业基础综合配套项目一期（钢结构）,0,11,中建一局集团（山东）建设有限公司,000101000043000299bm
1017447,双高路（白沙河大桥以东段）人行道增设工程,0,5,中建一局集团（山东）建设有限公司,000101000043000299bm
1082312,年产35万吨碳素新材料项目（一期）工程施工总承包项目,0,5,中建一局集团（山东）建设有限公司,000101000043000299bm
1056807,北京宁波宾馆改造提升项目,0,5,中建一局集团第二建筑有限公司北京分公司,000101000043000299c6
1003388,北京赛诺希德医疗科技有限公司血栓与止血产品生产及研发一体化项目,0,5,中建一局集团第二建筑有限公司北京分公司,000101000043000299c6
1003123,北京城市副中心绿心区域10kv外电源工程,0,NULL,中建一局集团第二建筑有限公司北京分公司,000101000043000299c6
998172,新建10号学生宿舍楼工程,0,5,中建一局集团第二建筑有限公司北京分公司,000101000043000299c6
992123,玖龙废纸原料采购结算暨再生资源交易中心项目,0,5,中建一局集团第二建筑有限公司北京分公司,000101000043000299c6
102801,中国人保（廊坊）金融大厦项目EPC工程总承包,1,2,中建一局集团第二建筑有限公司北京分公司,000101000043000299c6
18359,剧场及配套办公等2项（北京市文化中心）,0,NULL,中建一局集团第二建筑有限公司北京分公司,000101000043000299c6
1072888,北京市大兴区黄村七街DX00-0201-0248、0255地块R2二类居住用地、A334托幼用地项,0,0,中建一局集团第二建筑有限公司北京分公司,000101000043000299c6
1018251,大兴新城西片区起步区（八村安置房）北区DX00-0408-0003地块R2二类居住用地项目,0,4,中建一局集团第二建筑有限公司北京分公司,000101000043000299c6
995955,玖龙纸业（沈阳）有限公司年产 62 万吨制浆项目及 PM47 浆线配套污水工程,0,5,中建一局集团第二建筑有限公司北京分公司,000101000043000299c6
993448,高端石英制品产业化项目（研发检测楼等5项）,0,5,中建一局集团第二建筑有限公司北京分公司,000101000043000299c6
84462,开封复兴花园一期2#地块项目,0,5,中建一局集团第二建筑有限公司北京分公司,000101000043000299c6
65104,北京城市副中心职工周转房项目施工总承包（B2标段）,0,5,中建一局集团第二建筑有限公司北京分公司,000101000043000299c6
40943,（1101020127）北京市通州区潞城镇棚户区改造土地开发项目BCD区后北营东侧二期地块及西北角地块安置房项目施工总承包（四标段）,0,NULL,中建一局集团第二建筑有限公司北京分公司,000101000043000299c6
26689,（2102010798）门头沟区永定镇岢罗坨、秋坡、石佛村A、B、C地块土地一级开发项目（场地平整工程））,0,NULL,中建一局集团第二建筑有限公司北京分公司,000101000043000299c6
1030414,威县全民健身中心建设项目（EPC+O）,0,2,中建一局集团第二建筑有限公司北京分公司,000101000043000299c6
1024279,长春市传染病医院改建工程项目,0,5,中建一局集团第二建筑有限公司北京分公司,000101000043000299c6
1011589,平舆县中国车舆文化园西副楼一、三层和主楼第五层施工工程总承包项目,0,4,中建一局集团第二建筑有限公司北京分公司,000101000043000299c6
1006133,永乐西小区1-8号楼老旧小区综合改造项目（投资+施工总承包+运营一体化）,0,5,中建一局集团第二建筑有限公司北京分公司,000101000043000299c6
29004,(2102010810)朝阳区富兴东坝主体及配套工程,0,1,中建一局集团第二建筑有限公司北京分公司,000101000043000299c6
1101086,大兴瀛海项目,0,5,中建一局集团第二建筑有限公司北京分公司,000101000043000299c6
1083800,第二批央企在京老旧小区综合整治项目（标包二十三）（昌平区城北街道）,0,2,中建一局集团第二建筑有限公司北京分公司,000101000043000299c6
1082292,丽泽智能电网调控指挥中心项目-生态城,0,4,中建一局集团第二建筑有限公司北京分公司,000101000043000299c6
1072476,塔湾街地铁口项目工程施工总承包,0,5,中建一局集团第二建筑有限公司北京分公司,000101000043000299c6
1071153,大兴新城核心区DX00-0103-029-1U14供热用地项目,0,5,中建一局集团第二建筑有限公司北京分公司,000101000043000299c6
1006134,北京市昌平区 2021 年老旧小区综合整治工程——回龙观街道金达园、万龙社区（投资+施工总承包+运营一体化）,0,5,中建一局集团第二建筑有限公司北京分公司,000101000043000299c6
1005969,2021年大兴区清源街道老旧小区综合整治项目（枣园小区1-12、17-30、36-53号楼）（“投资+施工+运营”一体化）,0,5,中建一局集团第二建筑有限公司北京分公司,000101000043000299c6
996144,玖龙纸业（重庆）有限公司新建包装厂厂房配套项目变电站、管廊中转站土建工程,0,NULL,中建一局集团第二建筑有限公司北京分公司,000101000043000299c6
28626,天津金融城38号地(天津农商银行营业楼项目变更）,0,NULL,中建一局集团第二建筑有限公司北京分公司,000101000043000299c6
3112,机具租赁分公司,0,NULL,中建一局集团第二建筑有限公司北京分公司,000101000043000299c6
1050071,阜新市中医医院新建项目,0,4,中建一局集团第二建筑有限公司北京分公司,000101000043000299c6
1020877,科研教学楼（中国医学科学院整形外科医院改扩建工程（Ⅱ期））,0,4,中建一局集团第二建筑有限公司北京分公司,000101000043000299c6
1006594,大兴区龙河路14号院1、3、4、5、6号楼装饰装修工程,0,NULL,中建一局集团第二建筑有限公司北京分公司,000101000043000299c6
108066,生产厂房（生产车间建设项目）,0,4,中建一局集团第二建筑有限公司北京分公司,000101000043000299c6
98887,淮海数据湖基础设施建设项目,0,5,中建一局集团第二建筑有限公司北京分公司,000101000043000299c6
9975,机具租赁分公司(一),0,4,中建一局集团第二建筑有限公司北京分公司,000101000043000299c6
1066301,大兴新城西片区起步区（八村安置房）项目配套市政支路工程,0,4,中建一局集团第二建筑有限公司北京分公司,000101000043000299c6
1016690,国家电投通辽 2×350MW 智慧热电联产机组工程主厂房地基处理项目,0,4,中建一局集团第二建筑有限公司北京分公司,000101000043000299c6
111688,2019年中国联通河南郑州中原路综合楼改造工程项目,0,NULL,中建一局集团第二建筑有限公司北京分公司,000101000043000299c6
1073218,爱迪特牙科产业园建设项目,0,4,中建一局集团第二建筑有限公司北京分公司,000101000043000299c6
1067108,中粮油脂（长春）有限公司中粮油脂长春新建 60 万吨/年油 料加工项目筒仓、花生分级车间、粕库、危废及试剂库建 筑、机电安装工程,0,5,中建一局集团第二建筑有限公司北京分公司,000101000043000299c6
1051249,无锡数据湖产业园项目EPC工程总承包项目,1,2,中建一局集团第二建筑有限公司北京分公司,000101000043000299c6
1044392,石景山区苹果园街道海特花园西区老旧小区综合整治项目,0,4,中建一局集团第二建筑有限公司北京分公司,000101000043000299c6
1021188,中国联通河南郑州数据中心(中原基地）三期土建项目,0,5,中建一局集团第二建筑有限公司北京分公司,000101000043000299c6
109666,通州宋庄镇0301-1201地块F3其它类多功能用地项目（1#文创艺术办公楼等8项）二标段,0,4,中建一局集团第二建筑有限公司北京分公司,000101000043000299c6
90255,丰台区南苑乡槐房村和新宫村1404-657等地块二类居住及基础教育用地项目,0,NULL,中建一局集团第二建筑有限公司北京分公司,000101000043000299c6
996153,徐州市淮海数据湖机房建设项目一期,0,NULL,中建一局集团第二建筑有限公司北京分公司,000101000043000299c6
993451,数据湖产业园建设项目设计、施工及货物采购一体化,1,NULL,中建一局集团第二建筑有限公司北京分公司,000101000043000299c6
95676,鑫源一品,0,4,中建一局集团第二建筑有限公司北京分公司,000101000043000299c6
36729,（1101020116）丰台区南苑乡槐房村和新宫村1404-657等地块二类居住及基础教育用地（配建“公共租赁住房”）项目,0,4,中建一局集团第二建筑有限公司北京分公司,000101000043000299c6
1102613,储能Pack及装配集成生产线建设项目,0,5,中建一局集团第二建筑有限公司北京分公司,000101000043000299c6
1066614,阿拉善左旗通勤机场升级为支线机场工程项目附属配套工程施工,0,5,中建一局集团第二建筑有限公司北京分公司,000101000043000299c6
1020032,中关村电子城国际电子总部项目（1#楼等7项）,0,5,中建一局集团第二建筑有限公司北京分公司,000101000043000299c6
1003886,电子智能生产线新建项目,0,NULL,中建一局集团第二建筑有限公司北京分公司,000101000043000299c6
995958,废纸替代原料技改项目土建工程三标段,0,4,中建一局集团第二建筑有限公司北京分公司,000101000043000299c6
989464,文璟院,1,5,中建一局集团第二建筑有限公司北京分公司,000101000043000299c6
1094925,北京市大兴区采育镇DX15-0101-0067地块B4综合性商业金融服务业用地项目,0,5,中建一局集团第二建筑有限公司北京分公司,000101000043000299c6
1093433,第三批央企在京老旧小区综合整治项目（标包三百五十七）（朝阳区酒仙桥街道）工程总承包（EPC）项目,1,5,中建一局集团第二建筑有限公司北京分公司,000101000043000299c6
1023727,阜新市中医医院新建项目建筑工程总承包（EPC）,0,5,中建一局集团第二建筑有限公司北京分公司,000101000043000299c6
1020398,华能辽宁凌源市屋顶分布式光伏项目,0,5,中建一局集团第二建筑有限公司北京分公司,000101000043000299c6
994292,天津医疗器械数字化生产及供应链综合服务平台项目,0,1,中建一局集团第二建筑有限公司北京分公司,000101000043000299c6
1101655,第一批、第二批央企在京老旧小区综合整治项目（标包 七）（大兴区清源街）,0,2,中建一局集团第二建筑有限公司北京分公司,000101000043000299c6
1075317,牙科产业园,0,5,中建一局集团第二建筑有限公司北京分公司,000101000043000299c6
1065308,中国医学科学院整形外科医院实验室装修工程项目,0,11,中建一局集团第二建筑有限公司北京分公司,000101000043000299c6
1024270,鹿邑县中心城区道路提升改造工程（2022年新区路网建设）项目1标段EPC施工总承包项目,1,2,中建一局集团第二建筑有限公司北京分公司,000101000043000299c6
1022737,大兴航天精密光机电与先进信息技术产业园区建设项目（一期一阶段）9#（职工倒班用房）,0,4,中建一局集团第二建筑有限公司北京分公司,000101000043000299c6
1009314,石家庄高新区集中安置区棚户区改造项目G区（5#）EPC总承包,0,2,中建一局集团第二建筑有限公司北京分公司,000101000043000299c6
112615,通州区宋庄镇0301-1201地块F3其他类多功能用地项目,0,5,中建一局集团第二建筑有限公司北京分公司,000101000043000299c6
1074354,年产1000台套机场地面专用移动设备项目,0,5,中建一局集团第二建筑有限公司北京分公司,000101000043000299c6
1065407,本溪满族自治县2024年高标准农田建设项目（五标段）,0,5,中建一局集团第二建筑有限公司北京分公司,000101000043000299c6
1065096,柳河县2024年高标准农田建设项目-田块整治工程施工,0,5,中建一局集团第二建筑有限公司北京分公司,000101000043000299c6
1053675,39#楼外立面装修改造,0,5,中建一局集团第二建筑有限公司北京分公司,000101000043000299c6
1042520,崇礼区全民健身文体设施建设工程,0,2,中建一局集团第二建筑有限公司北京分公司,000101000043000299c6
1027087,厦门材料研究院配套住宅建设项目（二期）,0,4,中建一局集团第二建筑有限公司北京分公司,000101000043000299c6
1014186,宜家京津顾客配送中心项目,0,5,中建一局集团第二建筑有限公司北京分公司,000101000043000299c6
1008038,新吴区伯渎河生态环境治理项目二期工程江溪书屋EPC工程总承包,0,5,中建一局集团第二建筑有限公司北京分公司,000101000043000299c6
996283,木纤维替代废纸原料技术改造项目,0,NULL,中建一局集团第二建筑有限公司北京分公司,000101000043000299c6
991724,中国人民大学通州新校区北宿舍二期及食堂项目,0,4,中建一局集团第二建筑有限公司北京分公司,000101000043000299c6
107248,麦洼家园（地块三）项目,0,4,中建一局集团第二建筑有限公司北京分公司,000101000043000299c6
97285,北昆国际文化艺术中心项目,0,5,中建一局集团第二建筑有限公司北京分公司,000101000043000299c6
92926,平舆县與西湖公园北区景观提升工程建设项目,0,NULL,中建一局集团第二建筑有限公司北京分公司,000101000043000299c6
1062083,房山区区级和镇街级文化设施水毁修复工程,0,4,中建一局集团第二建筑有限公司北京分公司,000101000043000299c6
1049263,北京市房山区区级和镇街级文化设施水毁修复工程,0,5,中建一局集团第二建筑有限公司北京分公司,000101000043000299c6
1009588,北京大学附属小学肖家河分校改扩建工程,0,5,中建一局集团第二建筑有限公司北京分公司,000101000043000299c6
109982,光源里棚户区改造项目13#、14#、15#、16#住宅楼及地下车库（13#住宅楼等6项）,0,NULL,中建一局集团第二建筑有限公司北京分公司,000101000043000299c6
111128,和谐佳苑（开发区集中安置区）DK-03地块1#楼、3#楼、4#楼、8#楼建设项目,0,5,中建一局集团第二建筑有限公司北京分公司,000101000043000299c6
91207,芦东路（金星路-清源西路）电力工程（大兴新城芦东路（金星路-南六环）电力工程,0,11,中建一局集团第二建筑有限公司北京分公司,000101000043000299c6
92403,1#住宅楼等25项、9#商务办公楼等8项-1#地下车库二段（顺义区赵全营镇镇中心区E1-01、E2-01、E3-01等地块居住、商业（配建限价商品房）（原板桥一期））,0,5,中建一局集团第二建筑有限公司北京分公司,000101000043000299c6
71989,门急诊医技病房综合楼（医疗用房）等8项（中国医学科学院整形外科医院改扩建工程（Ⅰ期））,0,5,中建一局集团第二建筑有限公司北京分公司,000101000043000299c6
1084701,大兴区新机场高速（邢各庄段）安置房项目（六期）,0,5,中建一局集团第二建筑有限公司北京分公司,000101000043000299c6
1079407,年产60亿只新型药用密封弹性体生产基地建设项目,0,2,中建一局集团第二建筑有限公司北京分公司,000101000043000299c6
1072488,河北华电辛集50MW风电项目EPC总承包工程,1,2,中建一局集团第二建筑有限公司北京分公司,000101000043000299c6
1050665,沈阳市法库县边门街排水防涝改造工程施工,0,5,中建一局集团第二建筑有限公司北京分公司,000101000043000299c6
1023201,机具管理部,0,4,中建一局集团第二建筑有限公司北京分公司,000101000043000299c6
1013728,天津兴津武清080地块项目幼儿园拆改及精装修工程,0,4,中建一局集团第二建筑有限公司北京分公司,000101000043000299c6
1004597,光源里棚户区改造项目9#、10#、11#、12#住宅楼及地下车库（9#住宅楼等6项）,0,NULL,中建一局集团第二建筑有限公司北京分公司,000101000043000299c6
1003389,鼎创中心二期工程（2#研发厂房、3#研发厂房、地下车库一期）,0,5,中建一局集团第二建筑有限公司北京分公司,000101000043000299c6
997294,九号工程项目,0,NULL,中建一局集团第二建筑有限公司北京分公司,000101000043000299c6
996135,南菜园1-5巷棚户区改造项目安置房地块（南区）,0,5,中建一局集团第二建筑有限公司北京分公司,000101000043000299c6
995957,废纸替代原料技改项目土建工程二标段,0,4,中建一局集团第二建筑有限公司北京分公司,000101000043000299c6
112040,黑龙江省哈尔滨古铁市场钢铁产业园项目一期,0,NULL,中建一局集团第二建筑有限公司北京分公司,000101000043000299c6
90867,芦东路（金星路—清源西路）道路工程、给水工程、排水工程、芦东路（清源西路—枣园路）再生水工程（大兴新城芦东路（金星路—南六环）道路工程）,0,4,中建一局集团第二建筑有限公司北京分公司,000101000043000299c6
82397,崇礼区太子城冰雪小镇项目一期工程会展酒店组团工程,0,4,中建一局集团第二建筑有限公司北京分公司,000101000043000299c6
1093434,第三批央企在京老旧小区综合整治项目（标包二百八十六）（石景山区八宝山街道）工程总承包（EPC）项目,1,5,中建一局集团第二建筑有限公司北京分公司,000101000043000299c6
1017465,丽泽智能电网调控指挥中心项目（丽泽智能电网调控指挥中心项目）,0,NULL,中建一局集团第二建筑有限公司北京分公司,000101000043000299c6
1077782,北京科技大学雄安校区第二组团项目,0,5,中建一局集团第二建筑有限公司北京分公司,000101000043000299c6
1013759,大板发电公司 A、B 煤场全封闭工程 PC 总承包,0,5,中建一局集团第二建筑有限公司北京分公司,000101000043000299c6
1003891,大兴狼垡展示中心（1#地下车库等4项）,0,5,中建一局集团第二建筑有限公司北京分公司,000101000043000299c6
106935,潞河湾街（梧桐路~宋梁路）道路工程三标段,0,4,中建一局集团第二建筑有限公司北京分公司,000101000043000299c6
98863,门头沟区永定镇岢罗坨、秋坡、石佛村06-1#~19#住宅楼等项目,0,4,中建一局集团第二建筑有限公司北京分公司,000101000043000299c6
55749,通州区运河核心区II-07地块F3其他类多功能用地项目,0,5,中建一局集团第二建筑有限公司北京分公司,000101000043000299c6
1072195,海泰新能印尼2GW光伏电池和1GW光伏组件项目,0,5,中国建筑一局（集团）有限公司印尼公司,000101000043002599dm
98845,印尼中交雅园一期项目,0,5,中国建筑一局（集团）有限公司印尼公司,000101000043002599dm
1072197,Bogor仓储物流中心项目工程,0,5,中国建筑一局（集团）有限公司印尼公司,000101000043002599dm
1072196,印尼宝岛Teguwano厂区 B6（仓库）钢结构工程,0,5,中国建筑一局（集团）有限公司印尼公司,000101000043002599dm
1065663,龙岗区宝龙东地区04-10地块项目,0,4,中国建筑一局（集团）有限公司华南公司安居事业部,000101000043002599dq
1073274,华富北片区棚改项目I标段南地块施工总承包工程,0,5,中国建筑一局（集团）有限公司华南公司安居事业部,000101000043002599dq
1067474,松洲家园项目,0,4,中国建筑一局（集团）有限公司华南公司安居事业部,000101000043002599dq
1044304,宝安石岩东综合车场项目基坑支护、土石方及桩基础工程,0,4,中国建筑一局（集团）有限公司华南公司安居事业部,000101000043002599dq
1026789,龙华高峰水厂人才住房项目设计采购施工（EPC）工程,0,5,中国建筑一局（集团）有限公司华南公司安居事业部,000101000043002599dq
1049644,梅林公安街东侧地块项目,0,4,中国建筑一局（集团）有限公司华南公司安居事业部,000101000043002599dq
1064664,龙岗区宝龙东地区04-10地块项目施工总承包工程,0,4,中国建筑一局（集团）有限公司华南公司安居事业部,000101000043002599dq
1076383,龙辉花园棚户区改造项目施工总承包(西区),0,5,中国建筑一局（集团）有限公司华南公司安居事业部,000101000043002599dq
1090594,福田区梅林公安街地块警察公寓项目雨水箱涵迁改(加油站及碰口段)工程,0,5,中国建筑一局（集团）有限公司华南公司安居事业部,000101000043002599dq
1044305,深圳市坪山人才安居有限公司2023下半年基坑支护、土石方及桩基工程（批量招标）,0,4,中国建筑一局（集团）有限公司华南公司安居事业部,000101000043002599dq
1049535,福田区梅林公安街地块警察公寓项目雨水箱涵迁改工程,0,5,中国建筑一局（集团）有限公司华南公司安居事业部,000101000043002599dq
1014632,坪山沙湖应急隔离场所项目,0,2,中国建筑一局（集团）有限公司华南公司安居事业部,000101000043002599dq
100748,人才安居中芯国际11-2地块项目设计采购施工总承包工程（EPC）,0,4,中国建筑一局（集团）有限公司华南公司安居事业部,000101000043002599dq
1095704,船步街片区棚户区改造项目01-01地块施工总承包,0,5,中国建筑一局（集团）有限公司华南公司安居事业部,000101000043002599dq
1047048,华富北片区棚改项目Ⅱ标段设计采购施工总承包工程 (EPC),0,4,中国建筑一局（集团）有限公司华南公司安居事业部,000101000043002599dq
1000541,盐田区梅沙街道小梅沙片区城市更新单元03-01-2地块梅沙客厅施工总承包工程,0,5,中国建筑一局（集团）有限公司华南公司安居事业部,000101000043002599dq
81116,三联城市更新项目一期施工总承包工程,0,5,中国建筑一局（集团）有限公司华南公司安居事业部,000101000043002599dq
1066776,宝安区松岗街道中车基地上盖保障性住房项目,0,5,中国建筑一局（集团）有限公司华南公司安居事业部,000101000043002599dq
10660,(2106080004)唐山市路南大业里区域改造项目,0,NULL,一局六公司第十一大项目部,0001010000430007999d0003
816819,天富骏强科创新城项目-劳务,0,NULL,一局六公司第十一大项目部,0001010000430007999d0003
22219,五棵松冰上运动中心,0,NULL,一局六公司第十一大项目部,0001010000430007999d0003
83860,天富骏强科创新城项目,0,NULL,一局六公司第十一大项目部,0001010000430007999d0003
12634,(1101060036)昆山花桥一期住宅富隆花园,0,NULL,一局六公司第二大项目部,0001010000430007999d0005
665,(1101060039)上海临空1号公园项目,0,5,一局六公司第二大项目部,0001010000430007999d0005
